2026-08-24T22:40:31.3505663-05:00 [INFO] ============================================================
2026-08-24T22:40:31.3555651-05:00 [INFO] BrickTrackr Rebrickable full refresh starting
2026-08-24T22:40:31.3565638-05:00 [INFO] StartPhase=PHASE1
2026-08-24T22:40:31.3575632-05:00 [INFO] ImportRoot=L:\var\www\Brk.Trkr\brk.trkr-db\import
2026-08-24T22:40:31.3585633-05:00 [INFO] SnapshotDir=L:\var\www\Brk.Trkr\brk.trkr-db\import\runtime\snapshots\nightly_20260824_224016
2026-08-24T22:40:31.3585633-05:00 [INFO] ============================================================
2026-08-24T22:40:31.3665660-05:00 [PASS] Complete Rebrickable snapshot verified.
2026-08-24T22:40:31.3715660-05:00 [INFO] START PHASE1: import_rebrickable_phase1.py --work-dir L:\var\www\Brk.Trkr\brk.trkr-db\import\runtime\snapshots\nightly_20260824_224016
2026-08-24T22:40:32.1003589-05:00 [PHASE1] ===============================================================================
2026-08-24T22:40:32.1013588-05:00 [PHASE1]  BrickTrackr Rebrickable Import - Phase 1 v2.0.3
2026-08-24T22:40:32.1023615-05:00 [PHASE1] ===============================================================================
2026-08-24T22:40:32.1033589-05:00 [PHASE1] Work directory: L:\var\www\Brk.Trkr\brk.trkr-db\import\runtime\snapshots\nightly_20260824_224016
2026-08-24T22:40:32.1043580-05:00 [PHASE1] [+] Database import contract verified.
2026-08-24T22:40:32.1043580-05:00 [PHASE1] [+] Created source run: 01a03701-5f78-7b30-9132-0f9f89494a53
2026-08-24T22:40:32.1053619-05:00 [PHASE1] [+] themes: snapshot verified 496 rows, sha256=620ead9d1ce5f79eeddd13dbd6cc18b3c34717f594d6ca60180d8956b4eff253
2026-08-24T22:40:32.1063587-05:00 [PHASE1] [i] colors: ignoring additional source columns ('num_parts', 'num_sets', 'y1', 'y2')
2026-08-24T22:40:32.1063587-05:00 [PHASE1] [+] colors: snapshot verified 275 rows, sha256=9263b6b9e43446e9f8f40226c22f29bcc7cb97bb8dd7e66bb2c1fcc56b74e66f
2026-08-24T22:40:32.1073611-05:00 [PHASE1] [+] part_categories: snapshot verified 76 rows, sha256=45517dbe3f967d79d359018faf7a4e5869b7b907265b3aa0a97c3f5c077759bd
2026-08-24T22:40:32.1083591-05:00 [PHASE1] [+] All Phase-1 snapshot archives validated.
2026-08-24T22:40:32.1083591-05:00 [PHASE1] [*] Staging themes...
2026-08-24T22:40:32.1093617-05:00 [PHASE1] [+] themes: staged and validated 496 rows
2026-08-24T22:40:32.1103581-05:00 [PHASE1] [*] Staging colors...
2026-08-24T22:40:32.1103581-05:00 [PHASE1] [+] colors: staged and validated 275 rows
2026-08-24T22:40:32.1113613-05:00 [PHASE1] [*] Staging part_categories...
2026-08-24T22:40:32.1123613-05:00 [PHASE1] [+] part_categories: staged and validated 76 rows
2026-08-24T22:40:32.1133587-05:00 [PHASE1] ===============================================================================
2026-08-24T22:40:32.1143591-05:00 [PHASE1]  [PASS] Rebrickable Phase 1 staged successfully
2026-08-24T22:40:32.1143591-05:00 [PHASE1] ===============================================================================
2026-08-24T22:40:32.1153584-05:00 [PHASE1] Source run: 01a03701-5f78-7b30-9132-0f9f89494a53
2026-08-24T22:40:32.1163612-05:00 [PHASE1] Run status: VALIDATING
2026-08-24T22:40:32.1163612-05:00 [PHASE1] Canonical tables modified: NO
2026-08-24T22:40:32.1173616-05:00 [PHASE1] Next step: Phase 2 reference reconciliation
2026-08-24T22:40:32.1183595-05:00 [INFO] PHASE1 process exit code=0
2026-08-24T22:40:32.1203592-05:00 [PASS] PHASE1 completed
2026-08-24T22:40:32.1213588-05:00 [INFO] START PHASE2: import_rebrickable_phase2.py 
2026-08-24T22:40:32.6100609-05:00 [PHASE2] ==============================================================================
2026-08-24T22:40:32.6110604-05:00 [PHASE2]  BrickTrackr Rebrickable Import - Phase 2 v2.1.0
2026-08-24T22:40:32.6120605-05:00 [PHASE2] ==============================================================================
2026-08-24T22:40:32.6130603-05:00 [PHASE2] [+] Database contract verified for login 'bricktrackr_import'.
2026-08-24T22:40:32.6140601-05:00 [PHASE2] [*] Reconciling source run: 01a03701-5f78-7b30-9132-0f9f89494a53
2026-08-24T22:40:32.6140601-05:00 [PHASE2] [+] Reference reconciliation committed atomically.
2026-08-24T22:40:32.6150617-05:00 [PHASE2] {
2026-08-24T22:40:32.6160607-05:00 [PHASE2]   "phase": 2,
2026-08-24T22:40:32.6170600-05:00 [PHASE2]   "reconciled": {
2026-08-24T22:40:32.6180605-05:00 [PHASE2]     "colors": 275,
2026-08-24T22:40:32.6290605-05:00 [PHASE2]     "themes": 496,
2026-08-24T22:40:32.6290605-05:00 [PHASE2]     "part_categories": 76
2026-08-24T22:40:32.6300606-05:00 [PHASE2]   },
2026-08-24T22:40:32.6310601-05:00 [PHASE2]   "completed_at": "2026-08-25T03:40:32.334306+00:00",
2026-08-24T22:40:32.6310601-05:00 [PHASE2]   "source_run_id": "01a03701-5f78-7b30-9132-0f9f89494a53",
2026-08-24T22:40:32.6320605-05:00 [PHASE2]   "canonical_created": {
2026-08-24T22:40:32.6330603-05:00 [PHASE2]     "colors": 0,
2026-08-24T22:40:32.6340621-05:00 [PHASE2]     "themes": 0,
2026-08-24T22:40:32.6340621-05:00 [PHASE2]     "part_categories": 0
2026-08-24T22:40:32.6350620-05:00 [PHASE2]   }
2026-08-24T22:40:32.6360601-05:00 [PHASE2] }
2026-08-24T22:40:32.6360601-05:00 [PHASE2] ==============================================================================
2026-08-24T22:40:32.6370623-05:00 [PHASE2]  [PASS] Rebrickable Phase 2 completed successfully
2026-08-24T22:40:32.6380606-05:00 [PHASE2] ==============================================================================
2026-08-24T22:40:32.6380606-05:00 [INFO] PHASE2 process exit code=0
2026-08-24T22:40:32.6390606-05:00 [PASS] PHASE2 completed
2026-08-24T22:40:32.6400606-05:00 [INFO] START PHASE3A: import_rebrickable_phase3.py --work-dir L:\var\www\Brk.Trkr\brk.trkr-db\import\runtime\snapshots\nightly_20260824_224016
2026-08-24T22:40:32.7880595-05:00 [PHASE3A] [ENCODING] utf8_mode=0; stdout=utf-8; stderr=utf-8; preferred=cp1252; PGCLIENTENCODING=None
2026-08-24T22:40:36.3873697-05:00 [PHASE3A] ==============================================================================
2026-08-24T22:40:36.3883700-05:00 [PHASE3A]  BrickTrackr Rebrickable Import - Phase 3 Staging v3.0.3
2026-08-24T22:40:36.3893719-05:00 [PHASE3A] ==============================================================================
2026-08-24T22:40:36.3893719-05:00 [PHASE3A] [i] parts: preserving additional source columns ('part_material',)
2026-08-24T22:40:36.3903703-05:00 [PHASE3A] [+] parts: snapshot verified 64,347 rows, sha256=2afe3df8db15772da2862fc10f45fc7255b93df38e9fda21274f3e9e5b5051c3
2026-08-24T22:40:36.3913700-05:00 [PHASE3A] [+] sets: snapshot verified 28,117 rows, sha256=afeb179db785e830444644073fd5b6741418c4b99c794313238204a59bd109eb
2026-08-24T22:40:36.3923701-05:00 [PHASE3A] [+] minifigs: snapshot verified 17,162 rows, sha256=60ead450df9e6157012dbdca36186fc5c6ac9c114d10d7be2f6af38055ddf7d6
2026-08-24T22:40:36.3923701-05:00 [PHASE3A] [+] PostgreSQL client_encoding: UTF8
2026-08-24T22:40:36.3933688-05:00 [PHASE3A] [+] Database contract verified for login 'bricktrackr_import'.
2026-08-24T22:40:36.3943709-05:00 [PHASE3A] [*] Created source run: 01a03701-636b-72e5-a105-d24a38256c8a
2026-08-24T22:40:36.3953698-05:00 [PHASE3A] [+] parts: staged 64,347 rows.
2026-08-24T22:40:36.3953698-05:00 [PHASE3A] [+] sets: staged 28,117 rows.
2026-08-24T22:40:36.3963704-05:00 [PHASE3A] [+] minifigs: staged 17,162 rows.
2026-08-24T22:40:36.3973697-05:00 [PHASE3A] ==============================================================================
2026-08-24T22:40:36.3983703-05:00 [PHASE3A]  [PASS] Rebrickable Phase 3 staging completed successfully
2026-08-24T22:40:36.3983703-05:00 [PHASE3A]  Source run: 01a03701-636b-72e5-a105-d24a38256c8a
2026-08-24T22:40:36.3993699-05:00 [PHASE3A]  Next: run Phase 3 reconciliation
2026-08-24T22:40:36.4003703-05:00 [PHASE3A] ==============================================================================
2026-08-24T22:40:36.4083694-05:00 [INFO] PHASE3A process exit code=0
2026-08-24T22:40:36.4093677-05:00 [PASS] PHASE3A completed
2026-08-24T22:40:36.4797072-05:00 [INFO] PHASE3A source_run_id=01a03701-636b-72e5-a105-d24a38256c8a
2026-08-24T22:40:36.5257069-05:00 [INFO] START PHASE3B: reconcile_rebrickable_phase3_checkpointed.py --source-run-id 01a03701-636b-72e5-a105-d24a38256c8a
2026-08-24T22:40:36.8548676-05:00 [PHASE3B] ==============================================================================
2026-08-24T22:40:36.8558680-05:00 [PHASE3B]  BrickTrackr Rebrickable Phase 3B - Checkpointed Reconcile v3.2.2
2026-08-24T22:40:36.8568687-05:00 [PHASE3B] ==============================================================================
2026-08-24T22:40:36.8578704-05:00 [PHASE3B] [INFO] Mode:       RESUME
2026-08-24T22:40:36.8588677-05:00 [PHASE3B] [INFO] Source run: 01a03701-636b-72e5-a105-d24a38256c8a
2026-08-24T22:40:36.8588677-05:00 [PHASE3B] [INFO] Batch size: 5,000
2026-08-24T22:40:36.8598704-05:00 [PHASE3B] 
2026-08-24T22:40:36.8608707-05:00 [PHASE3B] [+] Checkpoint ledger ready: parts=64,347, sets=28,117, minifigures=17,162
2026-08-24T22:40:36.8618711-05:00 [PHASE3B] 
2026-08-24T22:40:36.8618711-05:00 [PHASE3B] -------------------------------------------------------------------------------
2026-08-24T22:40:36.8628682-05:00 [PHASE3B]  Durable Phase 3B checkpoint status
2026-08-24T22:40:36.8638685-05:00 [PHASE3B] -------------------------------------------------------------------------------
2026-08-24T22:40:36.8638685-05:00 [PHASE3B] 
2026-08-24T22:40:36.8648709-05:00 [PHASE3B] [1/6] VALIDATE_SOURCE_RUN
2026-08-24T22:40:36.8658676-05:00 [PHASE3B]       [1.1] RUN_CONTRACT             PENDING           0 / 1           0.0%  batches=0
2026-08-24T22:40:36.8658676-05:00 [PHASE3B]       [1.2] STAGED_COUNTS            PENDING           0 / 1           0.0%  batches=0
2026-08-24T22:40:36.8668686-05:00 [PHASE3B]       [1.3] REFERENCE_LINKS          PENDING           0 / 1           0.0%  batches=0
2026-08-24T22:40:36.8678696-05:00 [PHASE3B] 
2026-08-24T22:40:36.8678696-05:00 [PHASE3B] [2/6] RECONCILE_PARTS
2026-08-24T22:40:36.8688685-05:00 [PHASE3B]       [2.1] CATALOG_IDENTITIES       PENDING           0 / 64,347      0.0%  batches=0
2026-08-24T22:40:36.8698686-05:00 [PHASE3B]       [2.2] PART_ROWS                PENDING           0 / 64,347      0.0%  batches=0
2026-08-24T22:40:36.8698686-05:00 [PHASE3B]       [2.3] SOURCE_VALUES            PENDING           0 / 64,347      0.0%  batches=0
2026-08-24T22:40:36.8708688-05:00 [PHASE3B] 
2026-08-24T22:40:36.8718676-05:00 [PHASE3B] [3/6] RECONCILE_SETS
2026-08-24T22:40:36.8718676-05:00 [PHASE3B]       [3.1] CATALOG_IDENTITIES       PENDING           0 / 28,117      0.0%  batches=0
2026-08-24T22:40:36.8728686-05:00 [PHASE3B]       [3.2] SET_ROWS                 PENDING           0 / 28,117      0.0%  batches=0
2026-08-24T22:40:36.8758694-05:00 [PHASE3B]       [3.3] SOURCE_VALUES            PENDING           0 / 28,117      0.0%  batches=0
2026-08-24T22:40:36.8758694-05:00 [PHASE3B] 
2026-08-24T22:40:36.8768687-05:00 [PHASE3B] [4/6] RECONCILE_MINIFIGURES
2026-08-24T22:40:36.8778734-05:00 [PHASE3B]       [4.1] CATALOG_IDENTITIES       PENDING           0 / 17,162      0.0%  batches=0
2026-08-24T22:40:36.8778734-05:00 [PHASE3B]       [4.2] MINIFIGURE_ROWS          PENDING           0 / 17,162      0.0%  batches=0
2026-08-24T22:40:36.8788687-05:00 [PHASE3B]       [4.3] SOURCE_VALUES            PENDING           0 / 17,162      0.0%  batches=0
2026-08-24T22:40:36.8798681-05:00 [PHASE3B] 
2026-08-24T22:40:36.8798681-05:00 [PHASE3B] [5/6] SOURCE_PRESENCE
2026-08-24T22:40:36.8808687-05:00 [PHASE3B]       [5.1] PARTS                    PENDING           0 / 1           0.0%  batches=0
2026-08-24T22:40:36.8818683-05:00 [PHASE3B]       [5.2] SETS                     PENDING           0 / 1           0.0%  batches=0
2026-08-24T22:40:36.8828681-05:00 [PHASE3B]       [5.3] MINIFIGURES              PENDING           0 / 1           0.0%  batches=0
2026-08-24T22:40:36.8828681-05:00 [PHASE3B] 
2026-08-24T22:40:36.8838687-05:00 [PHASE3B] [6/6] FINALIZE_SOURCE_RUN
2026-08-24T22:40:36.8848682-05:00 [PHASE3B]       [6.1] VERIFY_COUNTS            PENDING           0 / 1           0.0%  batches=0
2026-08-24T22:40:36.8848682-05:00 [PHASE3B]       [6.2] COMPLETE_RUN             PENDING           0 / 1           0.0%  batches=0
2026-08-24T22:40:36.8858682-05:00 [PHASE3B] 
2026-08-24T22:40:36.8868686-05:00 [PHASE3B] [RUN] [1.1] VALIDATE_SOURCE_RUN / RUN_CONTRACT 0/1 (  0.0%) batch=1
2026-08-24T22:40:36.8878707-05:00 [PHASE3B] [OK ] [1.1] RUN_CONTRACT: 1/1 (100.0%) batches=1 elapsed=0.01s
2026-08-24T22:40:36.8878707-05:00 [PHASE3B] 
2026-08-24T22:40:36.8888683-05:00 [PHASE3B] -------------------------------------------------------------------------------
2026-08-24T22:40:36.8898681-05:00 [PHASE3B]  Durable Phase 3B checkpoint status
2026-08-24T22:40:36.8898681-05:00 [PHASE3B] -------------------------------------------------------------------------------
2026-08-24T22:40:36.8908685-05:00 [PHASE3B] 
2026-08-24T22:40:36.8918685-05:00 [PHASE3B] [1/6] VALIDATE_SOURCE_RUN
2026-08-24T22:40:36.8918685-05:00 [PHASE3B]       [1.1] RUN_CONTRACT             COMPLETED         1 / 1         100.0%  batches=1
2026-08-24T22:40:36.8928684-05:00 [PHASE3B]       [1.2] STAGED_COUNTS            PENDING           0 / 1           0.0%  batches=0
2026-08-24T22:40:36.8938713-05:00 [PHASE3B]       [1.3] REFERENCE_LINKS          PENDING           0 / 1           0.0%  batches=0
2026-08-24T22:40:36.8938713-05:00 [PHASE3B] 
2026-08-24T22:40:36.8948682-05:00 [PHASE3B] [2/6] RECONCILE_PARTS
2026-08-24T22:40:36.8958700-05:00 [PHASE3B]       [2.1] CATALOG_IDENTITIES       PENDING           0 / 64,347      0.0%  batches=0
2026-08-24T22:40:36.8958700-05:00 [PHASE3B]       [2.2] PART_ROWS                PENDING           0 / 64,347      0.0%  batches=0
2026-08-24T22:40:36.8968687-05:00 [PHASE3B]       [2.3] SOURCE_VALUES            PENDING           0 / 64,347      0.0%  batches=0
2026-08-24T22:40:36.8978685-05:00 [PHASE3B] 
2026-08-24T22:40:36.8978685-05:00 [PHASE3B] [3/6] RECONCILE_SETS
2026-08-24T22:40:36.8988679-05:00 [PHASE3B]       [3.1] CATALOG_IDENTITIES       PENDING           0 / 28,117      0.0%  batches=0
2026-08-24T22:40:36.8998678-05:00 [PHASE3B]       [3.2] SET_ROWS                 PENDING           0 / 28,117      0.0%  batches=0
2026-08-24T22:40:36.9008684-05:00 [PHASE3B]       [3.3] SOURCE_VALUES            PENDING           0 / 28,117      0.0%  batches=0
2026-08-24T22:40:36.9008684-05:00 [PHASE3B] 
2026-08-24T22:40:36.9018696-05:00 [PHASE3B] [4/6] RECONCILE_MINIFIGURES
2026-08-24T22:40:36.9028687-05:00 [PHASE3B]       [4.1] CATALOG_IDENTITIES       PENDING           0 / 17,162      0.0%  batches=0
2026-08-24T22:40:36.9028687-05:00 [PHASE3B]       [4.2] MINIFIGURE_ROWS          PENDING           0 / 17,162      0.0%  batches=0
2026-08-24T22:40:36.9038677-05:00 [PHASE3B]       [4.3] SOURCE_VALUES            PENDING           0 / 17,162      0.0%  batches=0
2026-08-24T22:40:36.9048673-05:00 [PHASE3B] 
2026-08-24T22:40:36.9048673-05:00 [PHASE3B] [5/6] SOURCE_PRESENCE
2026-08-24T22:40:36.9058677-05:00 [PHASE3B]       [5.1] PARTS                    PENDING           0 / 1           0.0%  batches=0
2026-08-24T22:40:36.9068681-05:00 [PHASE3B]       [5.2] SETS                     PENDING           0 / 1           0.0%  batches=0
2026-08-24T22:40:36.9078677-05:00 [PHASE3B]       [5.3] MINIFIGURES              PENDING           0 / 1           0.0%  batches=0
2026-08-24T22:40:36.9078677-05:00 [PHASE3B] 
2026-08-24T22:40:36.9088673-05:00 [PHASE3B] [6/6] FINALIZE_SOURCE_RUN
2026-08-24T22:40:36.9088673-05:00 [PHASE3B]       [6.1] VERIFY_COUNTS            PENDING           0 / 1           0.0%  batches=0
2026-08-24T22:40:36.9098683-05:00 [PHASE3B]       [6.2] COMPLETE_RUN             PENDING           0 / 1           0.0%  batches=0
2026-08-24T22:40:36.9108684-05:00 [PHASE3B] 
2026-08-24T22:40:36.9118673-05:00 [PHASE3B] [RUN] [1.2] VALIDATE_SOURCE_RUN / STAGED_COUNTS 0/1 (  0.0%) batch=1
2026-08-24T22:40:36.9118673-05:00 [PHASE3B] [OK ] [1.2] STAGED_COUNTS: 1/1 (100.0%) batches=1 elapsed=0.02s
2026-08-24T22:40:36.9128674-05:00 [PHASE3B] 
2026-08-24T22:40:36.9138687-05:00 [PHASE3B] -------------------------------------------------------------------------------
2026-08-24T22:40:36.9148681-05:00 [PHASE3B]  Durable Phase 3B checkpoint status
2026-08-24T22:40:36.9148681-05:00 [PHASE3B] -------------------------------------------------------------------------------
2026-08-24T22:40:36.9158684-05:00 [PHASE3B] 
2026-08-24T22:40:36.9168684-05:00 [PHASE3B] [1/6] VALIDATE_SOURCE_RUN
2026-08-24T22:40:36.9178677-05:00 [PHASE3B]       [1.1] RUN_CONTRACT             COMPLETED         1 / 1         100.0%  batches=1
2026-08-24T22:40:36.9178677-05:00 [PHASE3B]       [1.2] STAGED_COUNTS            COMPLETED         1 / 1         100.0%  batches=1
2026-08-24T22:40:36.9188677-05:00 [PHASE3B]       [1.3] REFERENCE_LINKS          PENDING           0 / 1           0.0%  batches=0
2026-08-24T22:40:36.9198680-05:00 [PHASE3B] 
2026-08-24T22:40:36.9198680-05:00 [PHASE3B] [2/6] RECONCILE_PARTS
2026-08-24T22:40:36.9208683-05:00 [PHASE3B]       [2.1] CATALOG_IDENTITIES       PENDING           0 / 64,347      0.0%  batches=0
2026-08-24T22:40:36.9218685-05:00 [PHASE3B]       [2.2] PART_ROWS                PENDING           0 / 64,347      0.0%  batches=0
2026-08-24T22:40:36.9228676-05:00 [PHASE3B]       [2.3] SOURCE_VALUES            PENDING           0 / 64,347      0.0%  batches=0
2026-08-24T22:40:36.9228676-05:00 [PHASE3B] 
2026-08-24T22:40:36.9238680-05:00 [PHASE3B] [3/6] RECONCILE_SETS
2026-08-24T22:40:36.9248679-05:00 [PHASE3B]       [3.1] CATALOG_IDENTITIES       PENDING           0 / 28,117      0.0%  batches=0
2026-08-24T22:40:36.9248679-05:00 [PHASE3B]       [3.2] SET_ROWS                 PENDING           0 / 28,117      0.0%  batches=0
2026-08-24T22:40:36.9258686-05:00 [PHASE3B]       [3.3] SOURCE_VALUES            PENDING           0 / 28,117      0.0%  batches=0
2026-08-24T22:40:36.9268679-05:00 [PHASE3B] 
2026-08-24T22:40:36.9278687-05:00 [PHASE3B] [4/6] RECONCILE_MINIFIGURES
2026-08-24T22:40:36.9288677-05:00 [PHASE3B]       [4.1] CATALOG_IDENTITIES       PENDING           0 / 17,162      0.0%  batches=0
2026-08-24T22:40:36.9288677-05:00 [PHASE3B]       [4.2] MINIFIGURE_ROWS          PENDING           0 / 17,162      0.0%  batches=0
2026-08-24T22:40:36.9298681-05:00 [PHASE3B]       [4.3] SOURCE_VALUES            PENDING           0 / 17,162      0.0%  batches=0
2026-08-24T22:40:36.9308689-05:00 [PHASE3B] 
2026-08-24T22:40:36.9318685-05:00 [PHASE3B] [5/6] SOURCE_PRESENCE
2026-08-24T22:40:36.9318685-05:00 [PHASE3B]       [5.1] PARTS                    PENDING           0 / 1           0.0%  batches=0
2026-08-24T22:40:36.9328684-05:00 [PHASE3B]       [5.2] SETS                     PENDING           0 / 1           0.0%  batches=0
2026-08-24T22:40:36.9338706-05:00 [PHASE3B]       [5.3] MINIFIGURES              PENDING           0 / 1           0.0%  batches=0
2026-08-24T22:40:36.9338706-05:00 [PHASE3B] 
2026-08-24T22:40:36.9348677-05:00 [PHASE3B] [6/6] FINALIZE_SOURCE_RUN
2026-08-24T22:40:36.9358684-05:00 [PHASE3B]       [6.1] VERIFY_COUNTS            PENDING           0 / 1           0.0%  batches=0
2026-08-24T22:40:36.9368688-05:00 [PHASE3B]       [6.2] COMPLETE_RUN             PENDING           0 / 1           0.0%  batches=0
2026-08-24T22:40:36.9378685-05:00 [PHASE3B] 
2026-08-24T22:40:36.9378685-05:00 [PHASE3B] [RUN] [1.3] VALIDATE_SOURCE_RUN / REFERENCE_LINKS 0/1 (  0.0%) batch=1
2026-08-24T22:40:36.9988686-05:00 [PHASE3B] [OK ] [1.3] REFERENCE_LINKS: 1/1 (100.0%) batches=1 elapsed=0.12s
2026-08-24T22:40:37.0008689-05:00 [PHASE3B] 
2026-08-24T22:40:37.0018688-05:00 [PHASE3B] -------------------------------------------------------------------------------
2026-08-24T22:40:37.0018688-05:00 [PHASE3B]  Durable Phase 3B checkpoint status
2026-08-24T22:40:37.0028709-05:00 [PHASE3B] -------------------------------------------------------------------------------
2026-08-24T22:40:37.0038684-05:00 [PHASE3B] 
2026-08-24T22:40:37.0048678-05:00 [PHASE3B] [1/6] VALIDATE_SOURCE_RUN
2026-08-24T22:40:37.0048678-05:00 [PHASE3B]       [1.1] RUN_CONTRACT             COMPLETED         1 / 1         100.0%  batches=1
2026-08-24T22:40:37.0058689-05:00 [PHASE3B]       [1.2] STAGED_COUNTS            COMPLETED         1 / 1         100.0%  batches=1
2026-08-24T22:40:37.0068688-05:00 [PHASE3B]       [1.3] REFERENCE_LINKS          COMPLETED         1 / 1         100.0%  batches=1
2026-08-24T22:40:37.0078677-05:00 [PHASE3B] 
2026-08-24T22:40:37.0078677-05:00 [PHASE3B] [2/6] RECONCILE_PARTS
2026-08-24T22:40:37.0088690-05:00 [PHASE3B]       [2.1] CATALOG_IDENTITIES       PENDING           0 / 64,347      0.0%  batches=0
2026-08-24T22:40:37.0098686-05:00 [PHASE3B]       [2.2] PART_ROWS                PENDING           0 / 64,347      0.0%  batches=0
2026-08-24T22:40:37.0108689-05:00 [PHASE3B]       [2.3] SOURCE_VALUES            PENDING           0 / 64,347      0.0%  batches=0
2026-08-24T22:40:37.0108689-05:00 [PHASE3B] 
2026-08-24T22:40:37.0118685-05:00 [PHASE3B] [3/6] RECONCILE_SETS
2026-08-24T22:40:37.0128687-05:00 [PHASE3B]       [3.1] CATALOG_IDENTITIES       PENDING           0 / 28,117      0.0%  batches=0
2026-08-24T22:40:37.0138677-05:00 [PHASE3B]       [3.2] SET_ROWS                 PENDING           0 / 28,117      0.0%  batches=0
2026-08-24T22:40:37.0138677-05:00 [PHASE3B]       [3.3] SOURCE_VALUES            PENDING           0 / 28,117      0.0%  batches=0
2026-08-24T22:40:37.0148676-05:00 [PHASE3B] 
2026-08-24T22:40:37.0158679-05:00 [PHASE3B] [4/6] RECONCILE_MINIFIGURES
2026-08-24T22:40:37.0168683-05:00 [PHASE3B]       [4.1] CATALOG_IDENTITIES       PENDING           0 / 17,162      0.0%  batches=0
2026-08-24T22:40:37.0178682-05:00 [PHASE3B]       [4.2] MINIFIGURE_ROWS          PENDING           0 / 17,162      0.0%  batches=0
2026-08-24T22:40:37.0178682-05:00 [PHASE3B]       [4.3] SOURCE_VALUES            PENDING           0 / 17,162      0.0%  batches=0
2026-08-24T22:40:37.0188695-05:00 [PHASE3B] 
2026-08-24T22:40:37.0198688-05:00 [PHASE3B] [5/6] SOURCE_PRESENCE
2026-08-24T22:40:37.0208677-05:00 [PHASE3B]       [5.1] PARTS                    PENDING           0 / 1           0.0%  batches=0
2026-08-24T22:40:37.0218676-05:00 [PHASE3B]       [5.2] SETS                     PENDING           0 / 1           0.0%  batches=0
2026-08-24T22:40:37.0228685-05:00 [PHASE3B]       [5.3] MINIFIGURES              PENDING           0 / 1           0.0%  batches=0
2026-08-24T22:40:37.0228685-05:00 [PHASE3B] 
2026-08-24T22:40:37.0238683-05:00 [PHASE3B] [6/6] FINALIZE_SOURCE_RUN
2026-08-24T22:40:37.0248676-05:00 [PHASE3B]       [6.1] VERIFY_COUNTS            PENDING           0 / 1           0.0%  batches=0
2026-08-24T22:40:37.0258683-05:00 [PHASE3B]       [6.2] COMPLETE_RUN             PENDING           0 / 1           0.0%  batches=0
2026-08-24T22:40:37.0268689-05:00 [PHASE3B] 
2026-08-24T22:40:37.0268689-05:00 [PHASE3B] [RUN] [2.1] RECONCILE_PARTS / CATALOG_IDENTITIES 0/64,347 (  0.0%) batch=1
2026-08-24T22:40:37.7947041-05:00 [PHASE3B] [OK ] [2.1] CATALOG_IDENTITIES: 5,000/64,347 (7.8%) batches=1 elapsed=0.80s
2026-08-24T22:40:37.7957028-05:00 [PHASE3B] [RUN] [2.1] RECONCILE_PARTS / CATALOG_IDENTITIES 5,000/64,347 (  7.8%) batch=2
2026-08-24T22:40:38.0556922-05:00 [PHASE3B] [OK ] [2.1] CATALOG_IDENTITIES: 10,000/64,347 (15.5%) batches=2 elapsed=0.26s
2026-08-24T22:40:38.0576927-05:00 [PHASE3B] [RUN] [2.1] RECONCILE_PARTS / CATALOG_IDENTITIES 10,000/64,347 ( 15.5%) batch=3
2026-08-24T22:40:38.2567456-05:00 [PHASE3B] [OK ] [2.1] CATALOG_IDENTITIES: 15,000/64,347 (23.3%) batches=3 elapsed=0.20s
2026-08-24T22:40:38.2587460-05:00 [PHASE3B] [RUN] [2.1] RECONCILE_PARTS / CATALOG_IDENTITIES 15,000/64,347 ( 23.3%) batch=4
2026-08-24T22:40:38.4854301-05:00 [PHASE3B] [OK ] [2.1] CATALOG_IDENTITIES: 20,000/64,347 (31.1%) batches=4 elapsed=0.23s
2026-08-24T22:40:38.4864276-05:00 [PHASE3B] [RUN] [2.1] RECONCILE_PARTS / CATALOG_IDENTITIES 20,000/64,347 ( 31.1%) batch=5
2026-08-24T22:40:38.6846197-05:00 [PHASE3B] [OK ] [2.1] CATALOG_IDENTITIES: 25,000/64,347 (38.9%) batches=5 elapsed=0.20s
2026-08-24T22:40:38.6856197-05:00 [PHASE3B] [RUN] [2.1] RECONCILE_PARTS / CATALOG_IDENTITIES 25,000/64,347 ( 38.9%) batch=6
2026-08-24T22:40:38.8850568-05:00 [PHASE3B] [OK ] [2.1] CATALOG_IDENTITIES: 30,000/64,347 (46.6%) batches=6 elapsed=0.20s
2026-08-24T22:40:38.8860577-05:00 [PHASE3B] [RUN] [2.1] RECONCILE_PARTS / CATALOG_IDENTITIES 30,000/64,347 ( 46.6%) batch=7
2026-08-24T22:40:39.1188131-05:00 [PHASE3B] [OK ] [2.1] CATALOG_IDENTITIES: 35,000/64,347 (54.4%) batches=7 elapsed=0.23s
2026-08-24T22:40:39.1198134-05:00 [PHASE3B] [RUN] [2.1] RECONCILE_PARTS / CATALOG_IDENTITIES 35,000/64,347 ( 54.4%) batch=8
2026-08-24T22:40:39.3443864-05:00 [PHASE3B] [OK ] [2.1] CATALOG_IDENTITIES: 40,000/64,347 (62.2%) batches=8 elapsed=0.22s
2026-08-24T22:40:39.3453889-05:00 [PHASE3B] [RUN] [2.1] RECONCILE_PARTS / CATALOG_IDENTITIES 40,000/64,347 ( 62.2%) batch=9
2026-08-24T22:40:39.5894233-05:00 [PHASE3B] [OK ] [2.1] CATALOG_IDENTITIES: 45,000/64,347 (69.9%) batches=9 elapsed=0.25s
2026-08-24T22:40:39.5914232-05:00 [PHASE3B] [RUN] [2.1] RECONCILE_PARTS / CATALOG_IDENTITIES 45,000/64,347 ( 69.9%) batch=10
2026-08-24T22:40:39.8081121-05:00 [PHASE3B] [OK ] [2.1] CATALOG_IDENTITIES: 50,000/64,347 (77.7%) batches=10 elapsed=0.22s
2026-08-24T22:40:39.8091126-05:00 [PHASE3B] [RUN] [2.1] RECONCILE_PARTS / CATALOG_IDENTITIES 50,000/64,347 ( 77.7%) batch=11
2026-08-24T22:40:40.0354682-05:00 [PHASE3B] [OK ] [2.1] CATALOG_IDENTITIES: 55,000/64,347 (85.5%) batches=11 elapsed=0.23s
2026-08-24T22:40:40.0374687-05:00 [PHASE3B] [RUN] [2.1] RECONCILE_PARTS / CATALOG_IDENTITIES 55,000/64,347 ( 85.5%) batch=12
2026-08-24T22:40:40.2375083-05:00 [PHASE3B] [OK ] [2.1] CATALOG_IDENTITIES: 60,000/64,347 (93.2%) batches=12 elapsed=0.20s
2026-08-24T22:40:40.2385077-05:00 [PHASE3B] [RUN] [2.1] RECONCILE_PARTS / CATALOG_IDENTITIES 60,000/64,347 ( 93.2%) batch=13
2026-08-24T22:40:40.4416148-05:00 [PHASE3B] [OK ] [2.1] CATALOG_IDENTITIES: 64,347/64,347 (100.0%) batches=13 elapsed=0.20s
2026-08-24T22:40:40.4426133-05:00 [PHASE3B] 
2026-08-24T22:40:40.4436140-05:00 [PHASE3B] -------------------------------------------------------------------------------
2026-08-24T22:40:40.4446133-05:00 [PHASE3B]  Durable Phase 3B checkpoint status
2026-08-24T22:40:40.4456130-05:00 [PHASE3B] -------------------------------------------------------------------------------
2026-08-24T22:40:40.4466149-05:00 [PHASE3B] 
2026-08-24T22:40:40.4546147-05:00 [PHASE3B] [1/6] VALIDATE_SOURCE_RUN
2026-08-24T22:40:40.4556151-05:00 [PHASE3B]       [1.1] RUN_CONTRACT             COMPLETED         1 / 1         100.0%  batches=1
2026-08-24T22:40:40.4566124-05:00 [PHASE3B]       [1.2] STAGED_COUNTS            COMPLETED         1 / 1         100.0%  batches=1
2026-08-24T22:40:40.4576132-05:00 [PHASE3B]       [1.3] REFERENCE_LINKS          COMPLETED         1 / 1         100.0%  batches=1
2026-08-24T22:40:40.4576132-05:00 [PHASE3B] 
2026-08-24T22:40:40.4586160-05:00 [PHASE3B] [2/6] RECONCILE_PARTS
2026-08-24T22:40:40.4596130-05:00 [PHASE3B]       [2.1] CATALOG_IDENTITIES       COMPLETED    64,347 / 64,347    100.0%  batches=13
2026-08-24T22:40:40.4596130-05:00 [PHASE3B]       [2.2] PART_ROWS                PENDING           0 / 64,347      0.0%  batches=0
2026-08-24T22:40:40.4606128-05:00 [PHASE3B]       [2.3] SOURCE_VALUES            PENDING           0 / 64,347      0.0%  batches=0
2026-08-24T22:40:40.4616135-05:00 [PHASE3B] 
2026-08-24T22:40:40.4616135-05:00 [PHASE3B] [3/6] RECONCILE_SETS
2026-08-24T22:40:40.4626161-05:00 [PHASE3B]       [3.1] CATALOG_IDENTITIES       PENDING           0 / 28,117      0.0%  batches=0
2026-08-24T22:40:40.4636148-05:00 [PHASE3B]       [3.2] SET_ROWS                 PENDING           0 / 28,117      0.0%  batches=0
2026-08-24T22:40:40.4636148-05:00 [PHASE3B]       [3.3] SOURCE_VALUES            PENDING           0 / 28,117      0.0%  batches=0
2026-08-24T22:40:40.4646125-05:00 [PHASE3B] 
2026-08-24T22:40:40.4656129-05:00 [PHASE3B] [4/6] RECONCILE_MINIFIGURES
2026-08-24T22:40:40.4656129-05:00 [PHASE3B]       [4.1] CATALOG_IDENTITIES       PENDING           0 / 17,162      0.0%  batches=0
2026-08-24T22:40:40.4666153-05:00 [PHASE3B]       [4.2] MINIFIGURE_ROWS          PENDING           0 / 17,162      0.0%  batches=0
2026-08-24T22:40:40.4676140-05:00 [PHASE3B]       [4.3] SOURCE_VALUES            PENDING           0 / 17,162      0.0%  batches=0
2026-08-24T22:40:40.4676140-05:00 [PHASE3B] 
2026-08-24T22:40:40.4686165-05:00 [PHASE3B] [5/6] SOURCE_PRESENCE
2026-08-24T22:40:40.4696135-05:00 [PHASE3B]       [5.1] PARTS                    PENDING           0 / 1           0.0%  batches=0
2026-08-24T22:40:40.4696135-05:00 [PHASE3B]       [5.2] SETS                     PENDING           0 / 1           0.0%  batches=0
2026-08-24T22:40:40.4706160-05:00 [PHASE3B]       [5.3] MINIFIGURES              PENDING           0 / 1           0.0%  batches=0
2026-08-24T22:40:40.4716132-05:00 [PHASE3B] 
2026-08-24T22:40:40.4726148-05:00 [PHASE3B] [6/6] FINALIZE_SOURCE_RUN
2026-08-24T22:40:40.4726148-05:00 [PHASE3B]       [6.1] VERIFY_COUNTS            PENDING           0 / 1           0.0%  batches=0
2026-08-24T22:40:40.4736137-05:00 [PHASE3B]       [6.2] COMPLETE_RUN             PENDING           0 / 1           0.0%  batches=0
2026-08-24T22:40:40.4746141-05:00 [PHASE3B] 
2026-08-24T22:40:40.4746141-05:00 [PHASE3B] [RUN] [2.2] RECONCILE_PARTS / PART_ROWS 0/64,347 (  0.0%) batch=1
2026-08-24T22:40:40.9236312-05:00 [PHASE3B] [OK ] [2.2] PART_ROWS: 5,000/64,347 (7.8%) batches=1 elapsed=0.48s
2026-08-24T22:40:40.9246309-05:00 [PHASE3B] [RUN] [2.2] RECONCILE_PARTS / PART_ROWS 5,000/64,347 (  7.8%) batch=2
2026-08-24T22:40:41.0736419-05:00 [PHASE3B] [OK ] [2.2] PART_ROWS: 10,000/64,347 (15.5%) batches=2 elapsed=0.15s
2026-08-24T22:40:41.0746420-05:00 [PHASE3B] [RUN] [2.2] RECONCILE_PARTS / PART_ROWS 10,000/64,347 ( 15.5%) batch=3
2026-08-24T22:40:41.2055384-05:00 [PHASE3B] [OK ] [2.2] PART_ROWS: 15,000/64,347 (23.3%) batches=3 elapsed=0.13s
2026-08-24T22:40:41.2065377-05:00 [PHASE3B] [RUN] [2.2] RECONCILE_PARTS / PART_ROWS 15,000/64,347 ( 23.3%) batch=4
2026-08-24T22:40:41.3416574-05:00 [PHASE3B] [OK ] [2.2] PART_ROWS: 20,000/64,347 (31.1%) batches=4 elapsed=0.14s
2026-08-24T22:40:41.3426561-05:00 [PHASE3B] [RUN] [2.2] RECONCILE_PARTS / PART_ROWS 20,000/64,347 ( 31.1%) batch=5
2026-08-24T22:40:41.4811108-05:00 [PHASE3B] [OK ] [2.2] PART_ROWS: 25,000/64,347 (38.9%) batches=5 elapsed=0.14s
2026-08-24T22:40:41.4831104-05:00 [PHASE3B] [RUN] [2.2] RECONCILE_PARTS / PART_ROWS 25,000/64,347 ( 38.9%) batch=6
2026-08-24T22:40:41.6331129-05:00 [PHASE3B] [OK ] [2.2] PART_ROWS: 30,000/64,347 (46.6%) batches=6 elapsed=0.15s
2026-08-24T22:40:41.6341125-05:00 [PHASE3B] [RUN] [2.2] RECONCILE_PARTS / PART_ROWS 30,000/64,347 ( 46.6%) batch=7
2026-08-24T22:40:41.8402879-05:00 [PHASE3B] [OK ] [2.2] PART_ROWS: 35,000/64,347 (54.4%) batches=7 elapsed=0.21s
2026-08-24T22:40:41.8412887-05:00 [PHASE3B] [RUN] [2.2] RECONCILE_PARTS / PART_ROWS 35,000/64,347 ( 54.4%) batch=8
2026-08-24T22:40:41.9883109-05:00 [PHASE3B] [OK ] [2.2] PART_ROWS: 40,000/64,347 (62.2%) batches=8 elapsed=0.15s
2026-08-24T22:40:41.9893110-05:00 [PHASE3B] [RUN] [2.2] RECONCILE_PARTS / PART_ROWS 40,000/64,347 ( 62.2%) batch=9
2026-08-24T22:40:42.1321656-05:00 [PHASE3B] [OK ] [2.2] PART_ROWS: 45,000/64,347 (69.9%) batches=9 elapsed=0.14s
2026-08-24T22:40:42.1341656-05:00 [PHASE3B] [RUN] [2.2] RECONCILE_PARTS / PART_ROWS 45,000/64,347 ( 69.9%) batch=10
2026-08-24T22:40:42.2658711-05:00 [PHASE3B] [OK ] [2.2] PART_ROWS: 50,000/64,347 (77.7%) batches=10 elapsed=0.13s
2026-08-24T22:40:42.2668700-05:00 [PHASE3B] [RUN] [2.2] RECONCILE_PARTS / PART_ROWS 50,000/64,347 ( 77.7%) batch=11
2026-08-24T22:40:42.8230576-05:00 [PHASE3B] [OK ] [2.2] PART_ROWS: 55,000/64,347 (85.5%) batches=11 elapsed=0.56s
2026-08-24T22:40:42.8240572-05:00 [PHASE3B] [RUN] [2.2] RECONCILE_PARTS / PART_ROWS 55,000/64,347 ( 85.5%) batch=12
2026-08-24T22:40:44.2010904-05:00 [PHASE3B] [OK ] [2.2] PART_ROWS: 60,000/64,347 (93.2%) batches=12 elapsed=1.38s
2026-08-24T22:40:44.2020907-05:00 [PHASE3B] [RUN] [2.2] RECONCILE_PARTS / PART_ROWS 60,000/64,347 ( 93.2%) batch=13
2026-08-24T22:40:44.3536796-05:00 [PHASE3B] [OK ] [2.2] PART_ROWS: 64,347/64,347 (100.0%) batches=13 elapsed=0.15s
2026-08-24T22:40:44.3546788-05:00 [PHASE3B] 
2026-08-24T22:40:44.3556809-05:00 [PHASE3B] -------------------------------------------------------------------------------
2026-08-24T22:40:44.3566808-05:00 [PHASE3B]  Durable Phase 3B checkpoint status
2026-08-24T22:40:44.3576807-05:00 [PHASE3B] -------------------------------------------------------------------------------
2026-08-24T22:40:44.3586796-05:00 [PHASE3B] 
2026-08-24T22:40:44.3586796-05:00 [PHASE3B] [1/6] VALIDATE_SOURCE_RUN
2026-08-24T22:40:44.3596787-05:00 [PHASE3B]       [1.1] RUN_CONTRACT             COMPLETED         1 / 1         100.0%  batches=1
2026-08-24T22:40:44.3606797-05:00 [PHASE3B]       [1.2] STAGED_COUNTS            COMPLETED         1 / 1         100.0%  batches=1
2026-08-24T22:40:44.3606797-05:00 [PHASE3B]       [1.3] REFERENCE_LINKS          COMPLETED         1 / 1         100.0%  batches=1
2026-08-24T22:40:44.3616786-05:00 [PHASE3B] 
2026-08-24T22:40:44.3626792-05:00 [PHASE3B] [2/6] RECONCILE_PARTS
2026-08-24T22:40:44.3626792-05:00 [PHASE3B]       [2.1] CATALOG_IDENTITIES       COMPLETED    64,347 / 64,347    100.0%  batches=13
2026-08-24T22:40:44.3636797-05:00 [PHASE3B]       [2.2] PART_ROWS                COMPLETED    64,347 / 64,347    100.0%  batches=13
2026-08-24T22:40:44.3646799-05:00 [PHASE3B]       [2.3] SOURCE_VALUES            PENDING           0 / 64,347      0.0%  batches=0
2026-08-24T22:40:44.3646799-05:00 [PHASE3B] 
2026-08-24T22:40:44.3656786-05:00 [PHASE3B] [3/6] RECONCILE_SETS
2026-08-24T22:40:44.3666809-05:00 [PHASE3B]       [3.1] CATALOG_IDENTITIES       PENDING           0 / 28,117      0.0%  batches=0
2026-08-24T22:40:44.3666809-05:00 [PHASE3B]       [3.2] SET_ROWS                 PENDING           0 / 28,117      0.0%  batches=0
2026-08-24T22:40:44.3676796-05:00 [PHASE3B]       [3.3] SOURCE_VALUES            PENDING           0 / 28,117      0.0%  batches=0
2026-08-24T22:40:44.3686797-05:00 [PHASE3B] 
2026-08-24T22:40:44.3686797-05:00 [PHASE3B] [4/6] RECONCILE_MINIFIGURES
2026-08-24T22:40:44.3696795-05:00 [PHASE3B]       [4.1] CATALOG_IDENTITIES       PENDING           0 / 17,162      0.0%  batches=0
2026-08-24T22:40:44.3716798-05:00 [PHASE3B]       [4.2] MINIFIGURE_ROWS          PENDING           0 / 17,162      0.0%  batches=0
2026-08-24T22:40:44.3726789-05:00 [PHASE3B]       [4.3] SOURCE_VALUES            PENDING           0 / 17,162      0.0%  batches=0
2026-08-24T22:40:44.3726789-05:00 [PHASE3B] 
2026-08-24T22:40:44.3736792-05:00 [PHASE3B] [5/6] SOURCE_PRESENCE
2026-08-24T22:40:44.3746807-05:00 [PHASE3B]       [5.1] PARTS                    PENDING           0 / 1           0.0%  batches=0
2026-08-24T22:40:44.3756791-05:00 [PHASE3B]       [5.2] SETS                     PENDING           0 / 1           0.0%  batches=0
2026-08-24T22:40:44.3756791-05:00 [PHASE3B]       [5.3] MINIFIGURES              PENDING           0 / 1           0.0%  batches=0
2026-08-24T22:40:44.3766793-05:00 [PHASE3B] 
2026-08-24T22:40:44.3776790-05:00 [PHASE3B] [6/6] FINALIZE_SOURCE_RUN
2026-08-24T22:40:44.3776790-05:00 [PHASE3B]       [6.1] VERIFY_COUNTS            PENDING           0 / 1           0.0%  batches=0
2026-08-24T22:40:44.3786834-05:00 [PHASE3B]       [6.2] COMPLETE_RUN             PENDING           0 / 1           0.0%  batches=0
2026-08-24T22:40:44.3796797-05:00 [PHASE3B] 
2026-08-24T22:40:44.3796797-05:00 [PHASE3B] [RUN] [2.3] RECONCILE_PARTS / SOURCE_VALUES 0/64,347 (  0.0%) batch=1
2026-08-24T22:40:46.0585970-05:00 [PHASE3B] [OK ] [2.3] SOURCE_VALUES: 5,000/64,347 (7.8%) batches=1 elapsed=1.70s
2026-08-24T22:40:46.0605937-05:00 [PHASE3B] [RUN] [2.3] RECONCILE_PARTS / SOURCE_VALUES 5,000/64,347 (  7.8%) batch=2
2026-08-24T22:40:46.6615426-05:00 [PHASE3B] [OK ] [2.3] SOURCE_VALUES: 10,000/64,347 (15.5%) batches=2 elapsed=0.60s
2026-08-24T22:40:46.6635446-05:00 [PHASE3B] [RUN] [2.3] RECONCILE_PARTS / SOURCE_VALUES 10,000/64,347 ( 15.5%) batch=3
2026-08-24T22:40:47.2813875-05:00 [PHASE3B] [OK ] [2.3] SOURCE_VALUES: 15,000/64,347 (23.3%) batches=3 elapsed=0.62s
2026-08-24T22:40:47.2823861-05:00 [PHASE3B] [RUN] [2.3] RECONCILE_PARTS / SOURCE_VALUES 15,000/64,347 ( 23.3%) batch=4
2026-08-24T22:40:47.8671793-05:00 [PHASE3B] [OK ] [2.3] SOURCE_VALUES: 20,000/64,347 (31.1%) batches=4 elapsed=0.59s
2026-08-24T22:40:47.8681794-05:00 [PHASE3B] [RUN] [2.3] RECONCILE_PARTS / SOURCE_VALUES 20,000/64,347 ( 31.1%) batch=5
2026-08-24T22:40:48.4141913-05:00 [PHASE3B] [OK ] [2.3] SOURCE_VALUES: 25,000/64,347 (38.9%) batches=5 elapsed=0.55s
2026-08-24T22:40:48.4151909-05:00 [PHASE3B] [RUN] [2.3] RECONCILE_PARTS / SOURCE_VALUES 25,000/64,347 ( 38.9%) batch=6
2026-08-24T22:40:49.1461519-05:00 [PHASE3B] [OK ] [2.3] SOURCE_VALUES: 30,000/64,347 (46.6%) batches=6 elapsed=0.73s
2026-08-24T22:40:49.1471520-05:00 [PHASE3B] [RUN] [2.3] RECONCILE_PARTS / SOURCE_VALUES 30,000/64,347 ( 46.6%) batch=7
2026-08-24T22:40:49.7690417-05:00 [PHASE3B] [OK ] [2.3] SOURCE_VALUES: 35,000/64,347 (54.4%) batches=7 elapsed=0.62s
2026-08-24T22:40:49.7700429-05:00 [PHASE3B] [RUN] [2.3] RECONCILE_PARTS / SOURCE_VALUES 35,000/64,347 ( 54.4%) batch=8
2026-08-24T22:40:50.3790435-05:00 [PHASE3B] [OK ] [2.3] SOURCE_VALUES: 40,000/64,347 (62.2%) batches=8 elapsed=0.61s
2026-08-24T22:40:50.3800437-05:00 [PHASE3B] [RUN] [2.3] RECONCILE_PARTS / SOURCE_VALUES 40,000/64,347 ( 62.2%) batch=9
2026-08-24T22:40:50.9755291-05:00 [PHASE3B] [OK ] [2.3] SOURCE_VALUES: 45,000/64,347 (69.9%) batches=9 elapsed=0.60s
2026-08-24T22:40:50.9765292-05:00 [PHASE3B] [RUN] [2.3] RECONCILE_PARTS / SOURCE_VALUES 45,000/64,347 ( 69.9%) batch=10
2026-08-24T22:40:51.7736019-05:00 [PHASE3B] [OK ] [2.3] SOURCE_VALUES: 50,000/64,347 (77.7%) batches=10 elapsed=0.80s
2026-08-24T22:40:51.7746007-05:00 [PHASE3B] [RUN] [2.3] RECONCILE_PARTS / SOURCE_VALUES 50,000/64,347 ( 77.7%) batch=11
2026-08-24T22:40:52.3309541-05:00 [PHASE3B] [OK ] [2.3] SOURCE_VALUES: 55,000/64,347 (85.5%) batches=11 elapsed=0.56s
2026-08-24T22:40:52.3329524-05:00 [PHASE3B] [RUN] [2.3] RECONCILE_PARTS / SOURCE_VALUES 55,000/64,347 ( 85.5%) batch=12
2026-08-24T22:40:53.1521421-05:00 [PHASE3B] [OK ] [2.3] SOURCE_VALUES: 60,000/64,347 (93.2%) batches=12 elapsed=0.82s
2026-08-24T22:40:53.1531458-05:00 [PHASE3B] [RUN] [2.3] RECONCILE_PARTS / SOURCE_VALUES 60,000/64,347 ( 93.2%) batch=13
2026-08-24T22:40:53.7176424-05:00 [PHASE3B] [OK ] [2.3] SOURCE_VALUES: 64,347/64,347 (100.0%) batches=13 elapsed=0.57s
2026-08-24T22:40:53.7186430-05:00 [PHASE3B] 
2026-08-24T22:40:53.7196411-05:00 [PHASE3B] -------------------------------------------------------------------------------
2026-08-24T22:40:53.7206419-05:00 [PHASE3B]  Durable Phase 3B checkpoint status
2026-08-24T22:40:53.7206419-05:00 [PHASE3B] -------------------------------------------------------------------------------
2026-08-24T22:40:53.7216424-05:00 [PHASE3B] 
2026-08-24T22:40:53.7226420-05:00 [PHASE3B] [1/6] VALIDATE_SOURCE_RUN
2026-08-24T22:40:53.7226420-05:00 [PHASE3B]       [1.1] RUN_CONTRACT             COMPLETED         1 / 1         100.0%  batches=1
2026-08-24T22:40:53.7236445-05:00 [PHASE3B]       [1.2] STAGED_COUNTS            COMPLETED         1 / 1         100.0%  batches=1
2026-08-24T22:40:53.7246419-05:00 [PHASE3B]       [1.3] REFERENCE_LINKS          COMPLETED         1 / 1         100.0%  batches=1
2026-08-24T22:40:53.7246419-05:00 [PHASE3B] 
2026-08-24T22:40:53.7256415-05:00 [PHASE3B] [2/6] RECONCILE_PARTS
2026-08-24T22:40:53.7266414-05:00 [PHASE3B]       [2.1] CATALOG_IDENTITIES       COMPLETED    64,347 / 64,347    100.0%  batches=13
2026-08-24T22:40:53.7266414-05:00 [PHASE3B]       [2.2] PART_ROWS                COMPLETED    64,347 / 64,347    100.0%  batches=13
2026-08-24T22:40:53.7276419-05:00 [PHASE3B]       [2.3] SOURCE_VALUES            COMPLETED    64,347 / 64,347    100.0%  batches=13
2026-08-24T22:40:53.7286414-05:00 [PHASE3B] 
2026-08-24T22:40:53.7296420-05:00 [PHASE3B] [3/6] RECONCILE_SETS
2026-08-24T22:40:53.7296420-05:00 [PHASE3B]       [3.1] CATALOG_IDENTITIES       PENDING           0 / 28,117      0.0%  batches=0
2026-08-24T22:40:53.7306424-05:00 [PHASE3B]       [3.2] SET_ROWS                 PENDING           0 / 28,117      0.0%  batches=0
2026-08-24T22:40:53.7316415-05:00 [PHASE3B]       [3.3] SOURCE_VALUES            PENDING           0 / 28,117      0.0%  batches=0
2026-08-24T22:40:53.7326415-05:00 [PHASE3B] 
2026-08-24T22:40:53.7326415-05:00 [PHASE3B] [4/6] RECONCILE_MINIFIGURES
2026-08-24T22:40:53.7336445-05:00 [PHASE3B]       [4.1] CATALOG_IDENTITIES       PENDING           0 / 17,162      0.0%  batches=0
2026-08-24T22:40:53.7346417-05:00 [PHASE3B]       [4.2] MINIFIGURE_ROWS          PENDING           0 / 17,162      0.0%  batches=0
2026-08-24T22:40:53.7346417-05:00 [PHASE3B]       [4.3] SOURCE_VALUES            PENDING           0 / 17,162      0.0%  batches=0
2026-08-24T22:40:53.7356406-05:00 [PHASE3B] 
2026-08-24T22:40:53.7366413-05:00 [PHASE3B] [5/6] SOURCE_PRESENCE
2026-08-24T22:40:53.7366413-05:00 [PHASE3B]       [5.1] PARTS                    PENDING           0 / 1           0.0%  batches=0
2026-08-24T22:40:53.7376403-05:00 [PHASE3B]       [5.2] SETS                     PENDING           0 / 1           0.0%  batches=0
2026-08-24T22:40:53.7386405-05:00 [PHASE3B]       [5.3] MINIFIGURES              PENDING           0 / 1           0.0%  batches=0
2026-08-24T22:40:53.7386405-05:00 [PHASE3B] 
2026-08-24T22:40:53.7396412-05:00 [PHASE3B] [6/6] FINALIZE_SOURCE_RUN
2026-08-24T22:40:53.7406402-05:00 [PHASE3B]       [6.1] VERIFY_COUNTS            PENDING           0 / 1           0.0%  batches=0
2026-08-24T22:40:53.7406402-05:00 [PHASE3B]       [6.2] COMPLETE_RUN             PENDING           0 / 1           0.0%  batches=0
2026-08-24T22:40:53.7416403-05:00 [PHASE3B] 
2026-08-24T22:40:53.7426408-05:00 [PHASE3B] [RUN] [3.1] RECONCILE_SETS / CATALOG_IDENTITIES 0/28,117 (  0.0%) batch=1
2026-08-24T22:40:54.2804911-05:00 [PHASE3B] [OK ] [3.1] CATALOG_IDENTITIES: 5,000/28,117 (17.8%) batches=1 elapsed=0.56s
2026-08-24T22:40:54.2814890-05:00 [PHASE3B] [RUN] [3.1] RECONCILE_SETS / CATALOG_IDENTITIES 5,000/28,117 ( 17.8%) batch=2
2026-08-24T22:40:54.4545750-05:00 [PHASE3B] [OK ] [3.1] CATALOG_IDENTITIES: 10,000/28,117 (35.6%) batches=2 elapsed=0.17s
2026-08-24T22:40:54.4555735-05:00 [PHASE3B] [RUN] [3.1] RECONCILE_SETS / CATALOG_IDENTITIES 10,000/28,117 ( 35.6%) batch=3
2026-08-24T22:40:54.5995721-05:00 [PHASE3B] [OK ] [3.1] CATALOG_IDENTITIES: 15,000/28,117 (53.3%) batches=3 elapsed=0.14s
2026-08-24T22:40:54.6015729-05:00 [PHASE3B] [RUN] [3.1] RECONCILE_SETS / CATALOG_IDENTITIES 15,000/28,117 ( 53.3%) batch=4
2026-08-24T22:40:54.7495734-05:00 [PHASE3B] [OK ] [3.1] CATALOG_IDENTITIES: 20,000/28,117 (71.1%) batches=4 elapsed=0.15s
2026-08-24T22:40:54.7505727-05:00 [PHASE3B] [RUN] [3.1] RECONCILE_SETS / CATALOG_IDENTITIES 20,000/28,117 ( 71.1%) batch=5
2026-08-24T22:40:54.9325610-05:00 [PHASE3B] [OK ] [3.1] CATALOG_IDENTITIES: 25,000/28,117 (88.9%) batches=5 elapsed=0.18s
2026-08-24T22:40:54.9335614-05:00 [PHASE3B] [RUN] [3.1] RECONCILE_SETS / CATALOG_IDENTITIES 25,000/28,117 ( 88.9%) batch=6
2026-08-24T22:40:55.0425611-05:00 [PHASE3B] [OK ] [3.1] CATALOG_IDENTITIES: 28,117/28,117 (100.0%) batches=6 elapsed=0.11s
2026-08-24T22:40:55.0435614-05:00 [PHASE3B] 
2026-08-24T22:40:55.0445601-05:00 [PHASE3B] -------------------------------------------------------------------------------
2026-08-24T22:40:55.0455601-05:00 [PHASE3B]  Durable Phase 3B checkpoint status
2026-08-24T22:40:55.0455601-05:00 [PHASE3B] -------------------------------------------------------------------------------
2026-08-24T22:40:55.0465615-05:00 [PHASE3B] 
2026-08-24T22:40:55.0475615-05:00 [PHASE3B] [1/6] VALIDATE_SOURCE_RUN
2026-08-24T22:40:55.0475615-05:00 [PHASE3B]       [1.1] RUN_CONTRACT             COMPLETED         1 / 1         100.0%  batches=1
2026-08-24T22:40:55.0485637-05:00 [PHASE3B]       [1.2] STAGED_COUNTS            COMPLETED         1 / 1         100.0%  batches=1
2026-08-24T22:40:55.0495610-05:00 [PHASE3B]       [1.3] REFERENCE_LINKS          COMPLETED         1 / 1         100.0%  batches=1
2026-08-24T22:40:55.0495610-05:00 [PHASE3B] 
2026-08-24T22:40:55.0505611-05:00 [PHASE3B] [2/6] RECONCILE_PARTS
2026-08-24T22:40:55.0515613-05:00 [PHASE3B]       [2.1] CATALOG_IDENTITIES       COMPLETED    64,347 / 64,347    100.0%  batches=13
2026-08-24T22:40:55.0525611-05:00 [PHASE3B]       [2.2] PART_ROWS                COMPLETED    64,347 / 64,347    100.0%  batches=13
2026-08-24T22:40:55.0525611-05:00 [PHASE3B]       [2.3] SOURCE_VALUES            COMPLETED    64,347 / 64,347    100.0%  batches=13
2026-08-24T22:40:55.0535606-05:00 [PHASE3B] 
2026-08-24T22:40:55.0545603-05:00 [PHASE3B] [3/6] RECONCILE_SETS
2026-08-24T22:40:55.0545603-05:00 [PHASE3B]       [3.1] CATALOG_IDENTITIES       COMPLETED    28,117 / 28,117    100.0%  batches=6
2026-08-24T22:40:55.0555614-05:00 [PHASE3B]       [3.2] SET_ROWS                 PENDING           0 / 28,117      0.0%  batches=0
2026-08-24T22:40:55.0565617-05:00 [PHASE3B]       [3.3] SOURCE_VALUES            PENDING           0 / 28,117      0.0%  batches=0
2026-08-24T22:40:55.0565617-05:00 [PHASE3B] 
2026-08-24T22:40:55.0575625-05:00 [PHASE3B] [4/6] RECONCILE_MINIFIGURES
2026-08-24T22:40:55.0585612-05:00 [PHASE3B]       [4.1] CATALOG_IDENTITIES       PENDING           0 / 17,162      0.0%  batches=0
2026-08-24T22:40:55.0585612-05:00 [PHASE3B]       [4.2] MINIFIGURE_ROWS          PENDING           0 / 17,162      0.0%  batches=0
2026-08-24T22:40:55.0595633-05:00 [PHASE3B]       [4.3] SOURCE_VALUES            PENDING           0 / 17,162      0.0%  batches=0
2026-08-24T22:40:55.0605628-05:00 [PHASE3B] 
2026-08-24T22:40:55.0615604-05:00 [PHASE3B] [5/6] SOURCE_PRESENCE
2026-08-24T22:40:55.0615604-05:00 [PHASE3B]       [5.1] PARTS                    PENDING           0 / 1           0.0%  batches=0
2026-08-24T22:40:55.0625613-05:00 [PHASE3B]       [5.2] SETS                     PENDING           0 / 1           0.0%  batches=0
2026-08-24T22:40:55.0635610-05:00 [PHASE3B]       [5.3] MINIFIGURES              PENDING           0 / 1           0.0%  batches=0
2026-08-24T22:40:55.0635610-05:00 [PHASE3B] 
2026-08-24T22:40:55.0645641-05:00 [PHASE3B] [6/6] FINALIZE_SOURCE_RUN
2026-08-24T22:40:55.0655613-05:00 [PHASE3B]       [6.1] VERIFY_COUNTS            PENDING           0 / 1           0.0%  batches=0
2026-08-24T22:40:55.0655613-05:00 [PHASE3B]       [6.2] COMPLETE_RUN             PENDING           0 / 1           0.0%  batches=0
2026-08-24T22:40:55.0665612-05:00 [PHASE3B] 
2026-08-24T22:40:55.0675621-05:00 [PHASE3B] [RUN] [3.2] RECONCILE_SETS / SET_ROWS 0/28,117 (  0.0%) batch=1
2026-08-24T22:40:55.2346842-05:00 [PHASE3B] [OK ] [3.2] SET_ROWS: 5,000/28,117 (17.8%) batches=1 elapsed=0.19s
2026-08-24T22:40:55.2356839-05:00 [PHASE3B] [RUN] [3.2] RECONCILE_SETS / SET_ROWS 5,000/28,117 ( 17.8%) batch=2
2026-08-24T22:40:55.3596844-05:00 [PHASE3B] [OK ] [3.2] SET_ROWS: 10,000/28,117 (35.6%) batches=2 elapsed=0.12s
2026-08-24T22:40:55.3606846-05:00 [PHASE3B] [RUN] [3.2] RECONCILE_SETS / SET_ROWS 10,000/28,117 ( 35.6%) batch=3
2026-08-24T22:40:55.4883724-05:00 [PHASE3B] [OK ] [3.2] SET_ROWS: 15,000/28,117 (53.3%) batches=3 elapsed=0.13s
2026-08-24T22:40:55.4893706-05:00 [PHASE3B] [RUN] [3.2] RECONCILE_SETS / SET_ROWS 15,000/28,117 ( 53.3%) batch=4
2026-08-24T22:40:55.6123702-05:00 [PHASE3B] [OK ] [3.2] SET_ROWS: 20,000/28,117 (71.1%) batches=4 elapsed=0.12s
2026-08-24T22:40:55.6133716-05:00 [PHASE3B] [RUN] [3.2] RECONCILE_SETS / SET_ROWS 20,000/28,117 ( 71.1%) batch=5
2026-08-24T22:40:55.7433857-05:00 [PHASE3B] [OK ] [3.2] SET_ROWS: 25,000/28,117 (88.9%) batches=5 elapsed=0.13s
2026-08-24T22:40:55.7443868-05:00 [PHASE3B] [RUN] [3.2] RECONCILE_SETS / SET_ROWS 25,000/28,117 ( 88.9%) batch=6
2026-08-24T22:40:55.8313861-05:00 [PHASE3B] [OK ] [3.2] SET_ROWS: 28,117/28,117 (100.0%) batches=6 elapsed=0.09s
2026-08-24T22:40:55.8323879-05:00 [PHASE3B] 
2026-08-24T22:40:55.8333856-05:00 [PHASE3B] -------------------------------------------------------------------------------
2026-08-24T22:40:55.8343898-05:00 [PHASE3B]  Durable Phase 3B checkpoint status
2026-08-24T22:40:55.8353870-05:00 [PHASE3B] -------------------------------------------------------------------------------
2026-08-24T22:40:55.8353870-05:00 [PHASE3B] 
2026-08-24T22:40:55.8363884-05:00 [PHASE3B] [1/6] VALIDATE_SOURCE_RUN
2026-08-24T22:40:55.8373883-05:00 [PHASE3B]       [1.1] RUN_CONTRACT             COMPLETED         1 / 1         100.0%  batches=1
2026-08-24T22:40:55.8373883-05:00 [PHASE3B]       [1.2] STAGED_COUNTS            COMPLETED         1 / 1         100.0%  batches=1
2026-08-24T22:40:55.8383857-05:00 [PHASE3B]       [1.3] REFERENCE_LINKS          COMPLETED         1 / 1         100.0%  batches=1
2026-08-24T22:40:55.8393890-05:00 [PHASE3B] 
2026-08-24T22:40:55.8403861-05:00 [PHASE3B] [2/6] RECONCILE_PARTS
2026-08-24T22:40:55.8403861-05:00 [PHASE3B]       [2.1] CATALOG_IDENTITIES       COMPLETED    64,347 / 64,347    100.0%  batches=13
2026-08-24T22:40:55.8413867-05:00 [PHASE3B]       [2.2] PART_ROWS                COMPLETED    64,347 / 64,347    100.0%  batches=13
2026-08-24T22:40:55.8423861-05:00 [PHASE3B]       [2.3] SOURCE_VALUES            COMPLETED    64,347 / 64,347    100.0%  batches=13
2026-08-24T22:40:55.8423861-05:00 [PHASE3B] 
2026-08-24T22:40:55.8433865-05:00 [PHASE3B] [3/6] RECONCILE_SETS
2026-08-24T22:40:55.8443866-05:00 [PHASE3B]       [3.1] CATALOG_IDENTITIES       COMPLETED    28,117 / 28,117    100.0%  batches=6
2026-08-24T22:40:55.8443866-05:00 [PHASE3B]       [3.2] SET_ROWS                 COMPLETED    28,117 / 28,117    100.0%  batches=6
2026-08-24T22:40:55.8453862-05:00 [PHASE3B]       [3.3] SOURCE_VALUES            PENDING           0 / 28,117      0.0%  batches=0
2026-08-24T22:40:55.8463864-05:00 [PHASE3B] 
2026-08-24T22:40:55.8463864-05:00 [PHASE3B] [4/6] RECONCILE_MINIFIGURES
2026-08-24T22:40:55.8473857-05:00 [PHASE3B]       [4.1] CATALOG_IDENTITIES       PENDING           0 / 17,162      0.0%  batches=0
2026-08-24T22:40:55.8483868-05:00 [PHASE3B]       [4.2] MINIFIGURE_ROWS          PENDING           0 / 17,162      0.0%  batches=0
2026-08-24T22:40:55.8483868-05:00 [PHASE3B]       [4.3] SOURCE_VALUES            PENDING           0 / 17,162      0.0%  batches=0
2026-08-24T22:40:55.8493865-05:00 [PHASE3B] 
2026-08-24T22:40:55.8503865-05:00 [PHASE3B] [5/6] SOURCE_PRESENCE
2026-08-24T22:40:55.8513874-05:00 [PHASE3B]       [5.1] PARTS                    PENDING           0 / 1           0.0%  batches=0
2026-08-24T22:40:55.8523891-05:00 [PHASE3B]       [5.2] SETS                     PENDING           0 / 1           0.0%  batches=0
2026-08-24T22:40:55.8533869-05:00 [PHASE3B]       [5.3] MINIFIGURES              PENDING           0 / 1           0.0%  batches=0
2026-08-24T22:40:55.8533869-05:00 [PHASE3B] 
2026-08-24T22:40:55.8543893-05:00 [PHASE3B] [6/6] FINALIZE_SOURCE_RUN
2026-08-24T22:40:55.8553892-05:00 [PHASE3B]       [6.1] VERIFY_COUNTS            PENDING           0 / 1           0.0%  batches=0
2026-08-24T22:40:55.8553892-05:00 [PHASE3B]       [6.2] COMPLETE_RUN             PENDING           0 / 1           0.0%  batches=0
2026-08-24T22:40:55.8563890-05:00 [PHASE3B] 
2026-08-24T22:40:55.8573864-05:00 [PHASE3B] [RUN] [3.3] RECONCILE_SETS / SOURCE_VALUES 0/28,117 (  0.0%) batch=1
2026-08-24T22:40:56.6456470-05:00 [PHASE3B] [OK ] [3.3] SOURCE_VALUES: 5,000/28,117 (17.8%) batches=1 elapsed=0.81s
2026-08-24T22:40:56.6466451-05:00 [PHASE3B] [RUN] [3.3] RECONCILE_SETS / SOURCE_VALUES 5,000/28,117 ( 17.8%) batch=2
2026-08-24T22:40:57.4848625-05:00 [PHASE3B] [OK ] [3.3] SOURCE_VALUES: 10,000/28,117 (35.6%) batches=2 elapsed=0.84s
2026-08-24T22:40:57.4858637-05:00 [PHASE3B] [RUN] [3.3] RECONCILE_SETS / SOURCE_VALUES 10,000/28,117 ( 35.6%) batch=3
2026-08-24T22:40:58.3809762-05:00 [PHASE3B] [OK ] [3.3] SOURCE_VALUES: 15,000/28,117 (53.3%) batches=3 elapsed=0.90s
2026-08-24T22:40:58.3819744-05:00 [PHASE3B] [RUN] [3.3] RECONCILE_SETS / SOURCE_VALUES 15,000/28,117 ( 53.3%) batch=4
2026-08-24T22:40:59.1595210-05:00 [PHASE3B] [OK ] [3.3] SOURCE_VALUES: 20,000/28,117 (71.1%) batches=4 elapsed=0.78s
2026-08-24T22:40:59.1605213-05:00 [PHASE3B] [RUN] [3.3] RECONCILE_SETS / SOURCE_VALUES 20,000/28,117 ( 71.1%) batch=5
2026-08-24T22:41:00.2574546-05:00 [PHASE3B] [OK ] [3.3] SOURCE_VALUES: 25,000/28,117 (88.9%) batches=5 elapsed=1.10s
2026-08-24T22:41:00.2584541-05:00 [PHASE3B] [RUN] [3.3] RECONCILE_SETS / SOURCE_VALUES 25,000/28,117 ( 88.9%) batch=6
2026-08-24T22:41:00.8624294-05:00 [PHASE3B] [OK ] [3.3] SOURCE_VALUES: 28,117/28,117 (100.0%) batches=6 elapsed=0.61s
2026-08-24T22:41:00.8634293-05:00 [PHASE3B] 
2026-08-24T22:41:00.8644295-05:00 [PHASE3B] -------------------------------------------------------------------------------
2026-08-24T22:41:00.8654333-05:00 [PHASE3B]  Durable Phase 3B checkpoint status
2026-08-24T22:41:00.8664303-05:00 [PHASE3B] -------------------------------------------------------------------------------
2026-08-24T22:41:00.8684291-05:00 [PHASE3B] 
2026-08-24T22:41:00.8694314-05:00 [PHASE3B] [1/6] VALIDATE_SOURCE_RUN
2026-08-24T22:41:00.8694314-05:00 [PHASE3B]       [1.1] RUN_CONTRACT             COMPLETED         1 / 1         100.0%  batches=1
2026-08-24T22:41:00.8704299-05:00 [PHASE3B]       [1.2] STAGED_COUNTS            COMPLETED         1 / 1         100.0%  batches=1
2026-08-24T22:41:00.8714296-05:00 [PHASE3B]       [1.3] REFERENCE_LINKS          COMPLETED         1 / 1         100.0%  batches=1
2026-08-24T22:41:00.8714296-05:00 [PHASE3B] 
2026-08-24T22:41:00.8724294-05:00 [PHASE3B] [2/6] RECONCILE_PARTS
2026-08-24T22:41:00.8734301-05:00 [PHASE3B]       [2.1] CATALOG_IDENTITIES       COMPLETED    64,347 / 64,347    100.0%  batches=13
2026-08-24T22:41:00.8744297-05:00 [PHASE3B]       [2.2] PART_ROWS                COMPLETED    64,347 / 64,347    100.0%  batches=13
2026-08-24T22:41:00.8744297-05:00 [PHASE3B]       [2.3] SOURCE_VALUES            COMPLETED    64,347 / 64,347    100.0%  batches=13
2026-08-24T22:41:00.8754298-05:00 [PHASE3B] 
2026-08-24T22:41:00.8764297-05:00 [PHASE3B] [3/6] RECONCILE_SETS
2026-08-24T22:41:00.8764297-05:00 [PHASE3B]       [3.1] CATALOG_IDENTITIES       COMPLETED    28,117 / 28,117    100.0%  batches=6
2026-08-24T22:41:00.8774303-05:00 [PHASE3B]       [3.2] SET_ROWS                 COMPLETED    28,117 / 28,117    100.0%  batches=6
2026-08-24T22:41:00.8784296-05:00 [PHASE3B]       [3.3] SOURCE_VALUES            COMPLETED    28,117 / 28,117    100.0%  batches=6
2026-08-24T22:41:00.8784296-05:00 [PHASE3B] 
2026-08-24T22:41:00.8794302-05:00 [PHASE3B] [4/6] RECONCILE_MINIFIGURES
2026-08-24T22:41:00.8804323-05:00 [PHASE3B]       [4.1] CATALOG_IDENTITIES       PENDING           0 / 17,162      0.0%  batches=0
2026-08-24T22:41:00.8804323-05:00 [PHASE3B]       [4.2] MINIFIGURE_ROWS          PENDING           0 / 17,162      0.0%  batches=0
2026-08-24T22:41:00.8814297-05:00 [PHASE3B]       [4.3] SOURCE_VALUES            PENDING           0 / 17,162      0.0%  batches=0
2026-08-24T22:41:00.8824302-05:00 [PHASE3B] 
2026-08-24T22:41:00.8824302-05:00 [PHASE3B] [5/6] SOURCE_PRESENCE
2026-08-24T22:41:00.8834297-05:00 [PHASE3B]       [5.1] PARTS                    PENDING           0 / 1           0.0%  batches=0
2026-08-24T22:41:00.8844302-05:00 [PHASE3B]       [5.2] SETS                     PENDING           0 / 1           0.0%  batches=0
2026-08-24T22:41:00.8854297-05:00 [PHASE3B]       [5.3] MINIFIGURES              PENDING           0 / 1           0.0%  batches=0
2026-08-24T22:41:00.8854297-05:00 [PHASE3B] 
2026-08-24T22:41:00.8864324-05:00 [PHASE3B] [6/6] FINALIZE_SOURCE_RUN
2026-08-24T22:41:00.8874296-05:00 [PHASE3B]       [6.1] VERIFY_COUNTS            PENDING           0 / 1           0.0%  batches=0
2026-08-24T22:41:00.8874296-05:00 [PHASE3B]       [6.2] COMPLETE_RUN             PENDING           0 / 1           0.0%  batches=0
2026-08-24T22:41:00.8884304-05:00 [PHASE3B] 
2026-08-24T22:41:00.8894302-05:00 [PHASE3B] [RUN] [4.1] RECONCILE_MINIFIGURES / CATALOG_IDENTITIES 0/17,162 (  0.0%) batch=1
2026-08-24T22:41:01.0644379-05:00 [PHASE3B] [OK ] [4.1] CATALOG_IDENTITIES: 5,000/17,162 (29.1%) batches=1 elapsed=0.20s
2026-08-24T22:41:01.0654387-05:00 [PHASE3B] [RUN] [4.1] RECONCILE_MINIFIGURES / CATALOG_IDENTITIES 5,000/17,162 ( 29.1%) batch=2
2026-08-24T22:41:01.2494432-05:00 [PHASE3B] [OK ] [4.1] CATALOG_IDENTITIES: 10,000/17,162 (58.3%) batches=2 elapsed=0.18s
2026-08-24T22:41:01.2504486-05:00 [PHASE3B] [RUN] [4.1] RECONCILE_MINIFIGURES / CATALOG_IDENTITIES 10,000/17,162 ( 58.3%) batch=3
2026-08-24T22:41:01.4509105-05:00 [PHASE3B] [OK ] [4.1] CATALOG_IDENTITIES: 15,000/17,162 (87.4%) batches=3 elapsed=0.20s
2026-08-24T22:41:01.4519101-05:00 [PHASE3B] [RUN] [4.1] RECONCILE_MINIFIGURES / CATALOG_IDENTITIES 15,000/17,162 ( 87.4%) batch=4
2026-08-24T22:41:01.6000191-05:00 [PHASE3B] [OK ] [4.1] CATALOG_IDENTITIES: 17,162/17,162 (100.0%) batches=4 elapsed=0.15s
2026-08-24T22:41:01.6010166-05:00 [PHASE3B] 
2026-08-24T22:41:01.6020180-05:00 [PHASE3B] -------------------------------------------------------------------------------
2026-08-24T22:41:01.6020180-05:00 [PHASE3B]  Durable Phase 3B checkpoint status
2026-08-24T22:41:01.6030191-05:00 [PHASE3B] -------------------------------------------------------------------------------
2026-08-24T22:41:01.6040162-05:00 [PHASE3B] 
2026-08-24T22:41:01.6040162-05:00 [PHASE3B] [1/6] VALIDATE_SOURCE_RUN
2026-08-24T22:41:01.6050181-05:00 [PHASE3B]       [1.1] RUN_CONTRACT             COMPLETED         1 / 1         100.0%  batches=1
2026-08-24T22:41:01.6060180-05:00 [PHASE3B]       [1.2] STAGED_COUNTS            COMPLETED         1 / 1         100.0%  batches=1
2026-08-24T22:41:01.6070184-05:00 [PHASE3B]       [1.3] REFERENCE_LINKS          COMPLETED         1 / 1         100.0%  batches=1
2026-08-24T22:41:01.6070184-05:00 [PHASE3B] 
2026-08-24T22:41:01.6080158-05:00 [PHASE3B] [2/6] RECONCILE_PARTS
2026-08-24T22:41:01.6090165-05:00 [PHASE3B]       [2.1] CATALOG_IDENTITIES       COMPLETED    64,347 / 64,347    100.0%  batches=13
2026-08-24T22:41:01.6090165-05:00 [PHASE3B]       [2.2] PART_ROWS                COMPLETED    64,347 / 64,347    100.0%  batches=13
2026-08-24T22:41:01.6100156-05:00 [PHASE3B]       [2.3] SOURCE_VALUES            COMPLETED    64,347 / 64,347    100.0%  batches=13
2026-08-24T22:41:01.6110152-05:00 [PHASE3B] 
2026-08-24T22:41:01.6120164-05:00 [PHASE3B] [3/6] RECONCILE_SETS
2026-08-24T22:41:01.6130165-05:00 [PHASE3B]       [3.1] CATALOG_IDENTITIES       COMPLETED    28,117 / 28,117    100.0%  batches=6
2026-08-24T22:41:01.6140166-05:00 [PHASE3B]       [3.2] SET_ROWS                 COMPLETED    28,117 / 28,117    100.0%  batches=6
2026-08-24T22:41:01.6140166-05:00 [PHASE3B]       [3.3] SOURCE_VALUES            COMPLETED    28,117 / 28,117    100.0%  batches=6
2026-08-24T22:41:01.6150161-05:00 [PHASE3B] 
2026-08-24T22:41:01.6160161-05:00 [PHASE3B] [4/6] RECONCILE_MINIFIGURES
2026-08-24T22:41:01.6160161-05:00 [PHASE3B]       [4.1] CATALOG_IDENTITIES       COMPLETED    17,162 / 17,162    100.0%  batches=4
2026-08-24T22:41:01.6170187-05:00 [PHASE3B]       [4.2] MINIFIGURE_ROWS          PENDING           0 / 17,162      0.0%  batches=0
2026-08-24T22:41:01.6180162-05:00 [PHASE3B]       [4.3] SOURCE_VALUES            PENDING           0 / 17,162      0.0%  batches=0
2026-08-24T22:41:01.6190159-05:00 [PHASE3B] 
2026-08-24T22:41:01.6190159-05:00 [PHASE3B] [5/6] SOURCE_PRESENCE
2026-08-24T22:41:01.6200154-05:00 [PHASE3B]       [5.1] PARTS                    PENDING           0 / 1           0.0%  batches=0
2026-08-24T22:41:01.6210162-05:00 [PHASE3B]       [5.2] SETS                     PENDING           0 / 1           0.0%  batches=0
2026-08-24T22:41:01.6210162-05:00 [PHASE3B]       [5.3] MINIFIGURES              PENDING           0 / 1           0.0%  batches=0
2026-08-24T22:41:01.6220168-05:00 [PHASE3B] 
2026-08-24T22:41:01.6230163-05:00 [PHASE3B] [6/6] FINALIZE_SOURCE_RUN
2026-08-24T22:41:01.6230163-05:00 [PHASE3B]       [6.1] VERIFY_COUNTS            PENDING           0 / 1           0.0%  batches=0
2026-08-24T22:41:01.6240160-05:00 [PHASE3B]       [6.2] COMPLETE_RUN             PENDING           0 / 1           0.0%  batches=0
2026-08-24T22:41:01.6250165-05:00 [PHASE3B] 
2026-08-24T22:41:01.6260187-05:00 [PHASE3B] [RUN] [4.2] RECONCILE_MINIFIGURES / MINIFIGURE_ROWS 0/17,162 (  0.0%) batch=1
2026-08-24T22:41:01.7270181-05:00 [PHASE3B] [OK ] [4.2] MINIFIGURE_ROWS: 5,000/17,162 (29.1%) batches=1 elapsed=0.13s
2026-08-24T22:41:01.7280159-05:00 [PHASE3B] [RUN] [4.2] RECONCILE_MINIFIGURES / MINIFIGURE_ROWS 5,000/17,162 ( 29.1%) batch=2
2026-08-24T22:41:01.8374233-05:00 [PHASE3B] [OK ] [4.2] MINIFIGURE_ROWS: 10,000/17,162 (58.3%) batches=2 elapsed=0.11s
2026-08-24T22:41:01.8384244-05:00 [PHASE3B] [RUN] [4.2] RECONCILE_MINIFIGURES / MINIFIGURE_ROWS 10,000/17,162 ( 58.3%) batch=3
2026-08-24T22:41:01.9634060-05:00 [PHASE3B] [OK ] [4.2] MINIFIGURE_ROWS: 15,000/17,162 (87.4%) batches=3 elapsed=0.13s
2026-08-24T22:41:01.9654043-05:00 [PHASE3B] [RUN] [4.2] RECONCILE_MINIFIGURES / MINIFIGURE_ROWS 15,000/17,162 ( 87.4%) batch=4
2026-08-24T22:41:02.0204045-05:00 [PHASE3B] [OK ] [4.2] MINIFIGURE_ROWS: 17,162/17,162 (100.0%) batches=4 elapsed=0.06s
2026-08-24T22:41:02.0214042-05:00 [PHASE3B] 
2026-08-24T22:41:02.0224038-05:00 [PHASE3B] -------------------------------------------------------------------------------
2026-08-24T22:41:02.0224038-05:00 [PHASE3B]  Durable Phase 3B checkpoint status
2026-08-24T22:41:02.0234043-05:00 [PHASE3B] -------------------------------------------------------------------------------
2026-08-24T22:41:02.0244038-05:00 [PHASE3B] 
2026-08-24T22:41:02.0254032-05:00 [PHASE3B] [1/6] VALIDATE_SOURCE_RUN
2026-08-24T22:41:02.0264042-05:00 [PHASE3B]       [1.1] RUN_CONTRACT             COMPLETED         1 / 1         100.0%  batches=1
2026-08-24T22:41:02.0264042-05:00 [PHASE3B]       [1.2] STAGED_COUNTS            COMPLETED         1 / 1         100.0%  batches=1
2026-08-24T22:41:02.0274038-05:00 [PHASE3B]       [1.3] REFERENCE_LINKS          COMPLETED         1 / 1         100.0%  batches=1
2026-08-24T22:41:02.0284037-05:00 [PHASE3B] 
2026-08-24T22:41:02.0284037-05:00 [PHASE3B] [2/6] RECONCILE_PARTS
2026-08-24T22:41:02.0294038-05:00 [PHASE3B]       [2.1] CATALOG_IDENTITIES       COMPLETED    64,347 / 64,347    100.0%  batches=13
2026-08-24T22:41:02.0304040-05:00 [PHASE3B]       [2.2] PART_ROWS                COMPLETED    64,347 / 64,347    100.0%  batches=13
2026-08-24T22:41:02.0304040-05:00 [PHASE3B]       [2.3] SOURCE_VALUES            COMPLETED    64,347 / 64,347    100.0%  batches=13
2026-08-24T22:41:02.0314036-05:00 [PHASE3B] 
2026-08-24T22:41:02.0324033-05:00 [PHASE3B] [3/6] RECONCILE_SETS
2026-08-24T22:41:02.0324033-05:00 [PHASE3B]       [3.1] CATALOG_IDENTITIES       COMPLETED    28,117 / 28,117    100.0%  batches=6
2026-08-24T22:41:02.0334042-05:00 [PHASE3B]       [3.2] SET_ROWS                 COMPLETED    28,117 / 28,117    100.0%  batches=6
2026-08-24T22:41:02.0344039-05:00 [PHASE3B]       [3.3] SOURCE_VALUES            COMPLETED    28,117 / 28,117    100.0%  batches=6
2026-08-24T22:41:02.0344039-05:00 [PHASE3B] 
2026-08-24T22:41:02.0354044-05:00 [PHASE3B] [4/6] RECONCILE_MINIFIGURES
2026-08-24T22:41:02.0364038-05:00 [PHASE3B]       [4.1] CATALOG_IDENTITIES       COMPLETED    17,162 / 17,162    100.0%  batches=4
2026-08-24T22:41:02.0364038-05:00 [PHASE3B]       [4.2] MINIFIGURE_ROWS          COMPLETED    17,162 / 17,162    100.0%  batches=4
2026-08-24T22:41:02.0374043-05:00 [PHASE3B]       [4.3] SOURCE_VALUES            PENDING           0 / 17,162      0.0%  batches=0
2026-08-24T22:41:02.0384042-05:00 [PHASE3B] 
2026-08-24T22:41:02.0394041-05:00 [PHASE3B] [5/6] SOURCE_PRESENCE
2026-08-24T22:41:02.0394041-05:00 [PHASE3B]       [5.1] PARTS                    PENDING           0 / 1           0.0%  batches=0
2026-08-24T22:41:02.0404046-05:00 [PHASE3B]       [5.2] SETS                     PENDING           0 / 1           0.0%  batches=0
2026-08-24T22:41:02.0414043-05:00 [PHASE3B]       [5.3] MINIFIGURES              PENDING           0 / 1           0.0%  batches=0
2026-08-24T22:41:02.0424028-05:00 [PHASE3B] 
2026-08-24T22:41:02.0424028-05:00 [PHASE3B] [6/6] FINALIZE_SOURCE_RUN
2026-08-24T22:41:02.0434026-05:00 [PHASE3B]       [6.1] VERIFY_COUNTS            PENDING           0 / 1           0.0%  batches=0
2026-08-24T22:41:02.0444030-05:00 [PHASE3B]       [6.2] COMPLETE_RUN             PENDING           0 / 1           0.0%  batches=0
2026-08-24T22:41:02.0444030-05:00 [PHASE3B] 
2026-08-24T22:41:02.0454029-05:00 [PHASE3B] [RUN] [4.3] RECONCILE_MINIFIGURES / SOURCE_VALUES 0/17,162 (  0.0%) batch=1
2026-08-24T22:41:02.8178086-05:00 [PHASE3B] [OK ] [4.3] SOURCE_VALUES: 5,000/17,162 (29.1%) batches=1 elapsed=0.80s
2026-08-24T22:41:02.8188116-05:00 [PHASE3B] [RUN] [4.3] RECONCILE_MINIFIGURES / SOURCE_VALUES 5,000/17,162 ( 29.1%) batch=2
2026-08-24T22:41:03.4192925-05:00 [PHASE3B] [OK ] [4.3] SOURCE_VALUES: 10,000/17,162 (58.3%) batches=2 elapsed=0.60s
2026-08-24T22:41:03.4202923-05:00 [PHASE3B] [RUN] [4.3] RECONCILE_MINIFIGURES / SOURCE_VALUES 10,000/17,162 ( 58.3%) batch=3
2026-08-24T22:41:04.1744116-05:00 [PHASE3B] [OK ] [4.3] SOURCE_VALUES: 15,000/17,162 (87.4%) batches=3 elapsed=0.75s
2026-08-24T22:41:04.1754119-05:00 [PHASE3B] [RUN] [4.3] RECONCILE_MINIFIGURES / SOURCE_VALUES 15,000/17,162 ( 87.4%) batch=4
2026-08-24T22:41:04.4950647-05:00 [PHASE3B] [OK ] [4.3] SOURCE_VALUES: 17,162/17,162 (100.0%) batches=4 elapsed=0.32s
2026-08-24T22:41:04.4960639-05:00 [PHASE3B] 
2026-08-24T22:41:04.4970640-05:00 [PHASE3B] -------------------------------------------------------------------------------
2026-08-24T22:41:04.4980651-05:00 [PHASE3B]  Durable Phase 3B checkpoint status
2026-08-24T22:41:04.4980651-05:00 [PHASE3B] -------------------------------------------------------------------------------
2026-08-24T22:41:04.4990666-05:00 [PHASE3B] 
2026-08-24T22:41:04.5000645-05:00 [PHASE3B] [1/6] VALIDATE_SOURCE_RUN
2026-08-24T22:41:04.5010638-05:00 [PHASE3B]       [1.1] RUN_CONTRACT             COMPLETED         1 / 1         100.0%  batches=1
2026-08-24T22:41:04.5010638-05:00 [PHASE3B]       [1.2] STAGED_COUNTS            COMPLETED         1 / 1         100.0%  batches=1
2026-08-24T22:41:04.5020669-05:00 [PHASE3B]       [1.3] REFERENCE_LINKS          COMPLETED         1 / 1         100.0%  batches=1
2026-08-24T22:41:04.5030636-05:00 [PHASE3B] 
2026-08-24T22:41:04.5040645-05:00 [PHASE3B] [2/6] RECONCILE_PARTS
2026-08-24T22:41:04.5040645-05:00 [PHASE3B]       [2.1] CATALOG_IDENTITIES       COMPLETED    64,347 / 64,347    100.0%  batches=13
2026-08-24T22:41:04.5050648-05:00 [PHASE3B]       [2.2] PART_ROWS                COMPLETED    64,347 / 64,347    100.0%  batches=13
2026-08-24T22:41:04.5060642-05:00 [PHASE3B]       [2.3] SOURCE_VALUES            COMPLETED    64,347 / 64,347    100.0%  batches=13
2026-08-24T22:41:04.5070643-05:00 [PHASE3B] 
2026-08-24T22:41:04.5070643-05:00 [PHASE3B] [3/6] RECONCILE_SETS
2026-08-24T22:41:04.5080641-05:00 [PHASE3B]       [3.1] CATALOG_IDENTITIES       COMPLETED    28,117 / 28,117    100.0%  batches=6
2026-08-24T22:41:04.5090643-05:00 [PHASE3B]       [3.2] SET_ROWS                 COMPLETED    28,117 / 28,117    100.0%  batches=6
2026-08-24T22:41:04.5090643-05:00 [PHASE3B]       [3.3] SOURCE_VALUES            COMPLETED    28,117 / 28,117    100.0%  batches=6
2026-08-24T22:41:04.5100647-05:00 [PHASE3B] 
2026-08-24T22:41:04.5110643-05:00 [PHASE3B] [4/6] RECONCILE_MINIFIGURES
2026-08-24T22:41:04.5116448-05:00 [PHASE3B]       [4.1] CATALOG_IDENTITIES       COMPLETED    17,162 / 17,162    100.0%  batches=4
2026-08-24T22:41:04.5121656-05:00 [PHASE3B]       [4.2] MINIFIGURE_ROWS          COMPLETED    17,162 / 17,162    100.0%  batches=4
2026-08-24T22:41:04.5131701-05:00 [PHASE3B]       [4.3] SOURCE_VALUES            COMPLETED    17,162 / 17,162    100.0%  batches=4
2026-08-24T22:41:04.5131701-05:00 [PHASE3B] 
2026-08-24T22:41:04.5141704-05:00 [PHASE3B] [5/6] SOURCE_PRESENCE
2026-08-24T22:41:04.5151691-05:00 [PHASE3B]       [5.1] PARTS                    PENDING           0 / 1           0.0%  batches=0
2026-08-24T22:41:04.5151691-05:00 [PHASE3B]       [5.2] SETS                     PENDING           0 / 1           0.0%  batches=0
2026-08-24T22:41:04.5161705-05:00 [PHASE3B]       [5.3] MINIFIGURES              PENDING           0 / 1           0.0%  batches=0
2026-08-24T22:41:04.5171695-05:00 [PHASE3B] 
2026-08-24T22:41:04.5171695-05:00 [PHASE3B] [6/6] FINALIZE_SOURCE_RUN
2026-08-24T22:41:04.5181703-05:00 [PHASE3B]       [6.1] VERIFY_COUNTS            PENDING           0 / 1           0.0%  batches=0
2026-08-24T22:41:04.5191700-05:00 [PHASE3B]       [6.2] COMPLETE_RUN             PENDING           0 / 1           0.0%  batches=0
2026-08-24T22:41:04.5201697-05:00 [PHASE3B] 
2026-08-24T22:41:04.5201697-05:00 [PHASE3B] [RUN] [5.1] SOURCE_PRESENCE / PARTS 0/1 (  0.0%) batch=1
2026-08-24T22:41:04.5871757-05:00 [PHASE3B] [OK ] [5.1] PARTS: 1/1 (100.0%) batches=1 elapsed=0.09s
2026-08-24T22:41:04.5881772-05:00 [PHASE3B] 
2026-08-24T22:41:04.5891762-05:00 [PHASE3B] -------------------------------------------------------------------------------
2026-08-24T22:41:04.5901762-05:00 [PHASE3B]  Durable Phase 3B checkpoint status
2026-08-24T22:41:04.5911758-05:00 [PHASE3B] -------------------------------------------------------------------------------
2026-08-24T22:41:04.5911758-05:00 [PHASE3B] 
2026-08-24T22:41:04.5921764-05:00 [PHASE3B] [1/6] VALIDATE_SOURCE_RUN
2026-08-24T22:41:04.5931762-05:00 [PHASE3B]       [1.1] RUN_CONTRACT             COMPLETED         1 / 1         100.0%  batches=1
2026-08-24T22:41:04.5931762-05:00 [PHASE3B]       [1.2] STAGED_COUNTS            COMPLETED         1 / 1         100.0%  batches=1
2026-08-24T22:41:04.5941767-05:00 [PHASE3B]       [1.3] REFERENCE_LINKS          COMPLETED         1 / 1         100.0%  batches=1
2026-08-24T22:41:04.5951757-05:00 [PHASE3B] 
2026-08-24T22:41:04.5951757-05:00 [PHASE3B] [2/6] RECONCILE_PARTS
2026-08-24T22:41:04.5961760-05:00 [PHASE3B]       [2.1] CATALOG_IDENTITIES       COMPLETED    64,347 / 64,347    100.0%  batches=13
2026-08-24T22:41:04.5971766-05:00 [PHASE3B]       [2.2] PART_ROWS                COMPLETED    64,347 / 64,347    100.0%  batches=13
2026-08-24T22:41:04.5971766-05:00 [PHASE3B]       [2.3] SOURCE_VALUES            COMPLETED    64,347 / 64,347    100.0%  batches=13
2026-08-24T22:41:04.5981763-05:00 [PHASE3B] 
2026-08-24T22:41:04.5991760-05:00 [PHASE3B] [3/6] RECONCILE_SETS
2026-08-24T22:41:04.6001764-05:00 [PHASE3B]       [3.1] CATALOG_IDENTITIES       COMPLETED    28,117 / 28,117    100.0%  batches=6
2026-08-24T22:41:04.6001764-05:00 [PHASE3B]       [3.2] SET_ROWS                 COMPLETED    28,117 / 28,117    100.0%  batches=6
2026-08-24T22:41:04.6011761-05:00 [PHASE3B]       [3.3] SOURCE_VALUES            COMPLETED    28,117 / 28,117    100.0%  batches=6
2026-08-24T22:41:04.6021762-05:00 [PHASE3B] 
2026-08-24T22:41:04.6021762-05:00 [PHASE3B] [4/6] RECONCILE_MINIFIGURES
2026-08-24T22:41:04.6031775-05:00 [PHASE3B]       [4.1] CATALOG_IDENTITIES       COMPLETED    17,162 / 17,162    100.0%  batches=4
2026-08-24T22:41:04.6041759-05:00 [PHASE3B]       [4.2] MINIFIGURE_ROWS          COMPLETED    17,162 / 17,162    100.0%  batches=4
2026-08-24T22:41:04.6041759-05:00 [PHASE3B]       [4.3] SOURCE_VALUES            COMPLETED    17,162 / 17,162    100.0%  batches=4
2026-08-24T22:41:04.6051767-05:00 [PHASE3B] 
2026-08-24T22:41:04.6061755-05:00 [PHASE3B] [5/6] SOURCE_PRESENCE
2026-08-24T22:41:04.6061755-05:00 [PHASE3B]       [5.1] PARTS                    COMPLETED         1 / 1         100.0%  batches=1
2026-08-24T22:41:04.6071766-05:00 [PHASE3B]       [5.2] SETS                     PENDING           0 / 1           0.0%  batches=0
2026-08-24T22:41:04.6081764-05:00 [PHASE3B]       [5.3] MINIFIGURES              PENDING           0 / 1           0.0%  batches=0
2026-08-24T22:41:04.6081764-05:00 [PHASE3B] 
2026-08-24T22:41:04.6091768-05:00 [PHASE3B] [6/6] FINALIZE_SOURCE_RUN
2026-08-24T22:41:04.6101758-05:00 [PHASE3B]       [6.1] VERIFY_COUNTS            PENDING           0 / 1           0.0%  batches=0
2026-08-24T22:41:04.6101758-05:00 [PHASE3B]       [6.2] COMPLETE_RUN             PENDING           0 / 1           0.0%  batches=0
2026-08-24T22:41:04.6111767-05:00 [PHASE3B] 
2026-08-24T22:41:04.6121756-05:00 [PHASE3B] [RUN] [5.2] SOURCE_PRESENCE / SETS 0/1 (  0.0%) batch=1
2026-08-24T22:41:04.6171822-05:00 [PHASE3B] [OK ] [5.2] SETS: 1/1 (100.0%) batches=1 elapsed=0.03s
2026-08-24T22:41:04.6181827-05:00 [PHASE3B] 
2026-08-24T22:41:04.6181827-05:00 [PHASE3B] -------------------------------------------------------------------------------
2026-08-24T22:41:04.6191825-05:00 [PHASE3B]  Durable Phase 3B checkpoint status
2026-08-24T22:41:04.6201820-05:00 [PHASE3B] -------------------------------------------------------------------------------
2026-08-24T22:41:04.6211814-05:00 [PHASE3B] 
2026-08-24T22:41:04.6221830-05:00 [PHASE3B] [1/6] VALIDATE_SOURCE_RUN
2026-08-24T22:41:04.6221830-05:00 [PHASE3B]       [1.1] RUN_CONTRACT             COMPLETED         1 / 1         100.0%  batches=1
2026-08-24T22:41:04.6231821-05:00 [PHASE3B]       [1.2] STAGED_COUNTS            COMPLETED         1 / 1         100.0%  batches=1
2026-08-24T22:41:04.6241824-05:00 [PHASE3B]       [1.3] REFERENCE_LINKS          COMPLETED         1 / 1         100.0%  batches=1
2026-08-24T22:41:04.6241824-05:00 [PHASE3B] 
2026-08-24T22:41:04.6251832-05:00 [PHASE3B] [2/6] RECONCILE_PARTS
2026-08-24T22:41:04.6261827-05:00 [PHASE3B]       [2.1] CATALOG_IDENTITIES       COMPLETED    64,347 / 64,347    100.0%  batches=13
2026-08-24T22:41:04.6271822-05:00 [PHASE3B]       [2.2] PART_ROWS                COMPLETED    64,347 / 64,347    100.0%  batches=13
2026-08-24T22:41:04.6281814-05:00 [PHASE3B]       [2.3] SOURCE_VALUES            COMPLETED    64,347 / 64,347    100.0%  batches=13
2026-08-24T22:41:04.6281814-05:00 [PHASE3B] 
2026-08-24T22:41:04.6291816-05:00 [PHASE3B] [3/6] RECONCILE_SETS
2026-08-24T22:41:04.6301825-05:00 [PHASE3B]       [3.1] CATALOG_IDENTITIES       COMPLETED    28,117 / 28,117    100.0%  batches=6
2026-08-24T22:41:04.6311827-05:00 [PHASE3B]       [3.2] SET_ROWS                 COMPLETED    28,117 / 28,117    100.0%  batches=6
2026-08-24T22:41:04.6311827-05:00 [PHASE3B]       [3.3] SOURCE_VALUES            COMPLETED    28,117 / 28,117    100.0%  batches=6
2026-08-24T22:41:04.6321826-05:00 [PHASE3B] 
2026-08-24T22:41:04.6331823-05:00 [PHASE3B] [4/6] RECONCILE_MINIFIGURES
2026-08-24T22:41:04.6331823-05:00 [PHASE3B]       [4.1] CATALOG_IDENTITIES       COMPLETED    17,162 / 17,162    100.0%  batches=4
2026-08-24T22:41:04.6341823-05:00 [PHASE3B]       [4.2] MINIFIGURE_ROWS          COMPLETED    17,162 / 17,162    100.0%  batches=4
2026-08-24T22:41:04.6351825-05:00 [PHASE3B]       [4.3] SOURCE_VALUES            COMPLETED    17,162 / 17,162    100.0%  batches=4
2026-08-24T22:41:04.6351825-05:00 [PHASE3B] 
2026-08-24T22:41:04.6361821-05:00 [PHASE3B] [5/6] SOURCE_PRESENCE
2026-08-24T22:41:04.6371828-05:00 [PHASE3B]       [5.1] PARTS                    COMPLETED         1 / 1         100.0%  batches=1
2026-08-24T22:41:04.6381818-05:00 [PHASE3B]       [5.2] SETS                     COMPLETED         1 / 1         100.0%  batches=1
2026-08-24T22:41:04.6381818-05:00 [PHASE3B]       [5.3] MINIFIGURES              PENDING           0 / 1           0.0%  batches=0
2026-08-24T22:41:04.6391831-05:00 [PHASE3B] 
2026-08-24T22:41:04.6401816-05:00 [PHASE3B] [6/6] FINALIZE_SOURCE_RUN
2026-08-24T22:41:04.6401816-05:00 [PHASE3B]       [6.1] VERIFY_COUNTS            PENDING           0 / 1           0.0%  batches=0
2026-08-24T22:41:04.6411823-05:00 [PHASE3B]       [6.2] COMPLETE_RUN             PENDING           0 / 1           0.0%  batches=0
2026-08-24T22:41:04.6421822-05:00 [PHASE3B] 
2026-08-24T22:41:04.6421822-05:00 [PHASE3B] [RUN] [5.3] SOURCE_PRESENCE / MINIFIGURES 0/1 (  0.0%) batch=1
2026-08-24T22:41:04.6431827-05:00 [PHASE3B] [OK ] [5.3] MINIFIGURES: 1/1 (100.0%) batches=1 elapsed=0.01s
2026-08-24T22:41:04.6441823-05:00 [PHASE3B] 
2026-08-24T22:41:04.6451825-05:00 [PHASE3B] -------------------------------------------------------------------------------
2026-08-24T22:41:04.6451825-05:00 [PHASE3B]  Durable Phase 3B checkpoint status
2026-08-24T22:41:04.6461825-05:00 [PHASE3B] -------------------------------------------------------------------------------
2026-08-24T22:41:04.6471828-05:00 [PHASE3B] 
2026-08-24T22:41:04.6471828-05:00 [PHASE3B] [1/6] VALIDATE_SOURCE_RUN
2026-08-24T22:41:04.6481820-05:00 [PHASE3B]       [1.1] RUN_CONTRACT             COMPLETED         1 / 1         100.0%  batches=1
2026-08-24T22:41:04.6491815-05:00 [PHASE3B]       [1.2] STAGED_COUNTS            COMPLETED         1 / 1         100.0%  batches=1
2026-08-24T22:41:04.6491815-05:00 [PHASE3B]       [1.3] REFERENCE_LINKS          COMPLETED         1 / 1         100.0%  batches=1
2026-08-24T22:41:04.6501823-05:00 [PHASE3B] 
2026-08-24T22:41:04.6511832-05:00 [PHASE3B] [2/6] RECONCILE_PARTS
2026-08-24T22:41:04.6511832-05:00 [PHASE3B]       [2.1] CATALOG_IDENTITIES       COMPLETED    64,347 / 64,347    100.0%  batches=13
2026-08-24T22:41:04.6521834-05:00 [PHASE3B]       [2.2] PART_ROWS                COMPLETED    64,347 / 64,347    100.0%  batches=13
2026-08-24T22:41:04.6531827-05:00 [PHASE3B]       [2.3] SOURCE_VALUES            COMPLETED    64,347 / 64,347    100.0%  batches=13
2026-08-24T22:41:04.6541828-05:00 [PHASE3B] 
2026-08-24T22:41:04.6551829-05:00 [PHASE3B] [3/6] RECONCILE_SETS
2026-08-24T22:41:04.6551829-05:00 [PHASE3B]       [3.1] CATALOG_IDENTITIES       COMPLETED    28,117 / 28,117    100.0%  batches=6
2026-08-24T22:41:04.6561821-05:00 [PHASE3B]       [3.2] SET_ROWS                 COMPLETED    28,117 / 28,117    100.0%  batches=6
2026-08-24T22:41:04.6571821-05:00 [PHASE3B]       [3.3] SOURCE_VALUES            COMPLETED    28,117 / 28,117    100.0%  batches=6
2026-08-24T22:41:04.6581837-05:00 [PHASE3B] 
2026-08-24T22:41:04.6581837-05:00 [PHASE3B] [4/6] RECONCILE_MINIFIGURES
2026-08-24T22:41:04.6591830-05:00 [PHASE3B]       [4.1] CATALOG_IDENTITIES       COMPLETED    17,162 / 17,162    100.0%  batches=4
2026-08-24T22:41:04.6601831-05:00 [PHASE3B]       [4.2] MINIFIGURE_ROWS          COMPLETED    17,162 / 17,162    100.0%  batches=4
2026-08-24T22:41:04.6601831-05:00 [PHASE3B]       [4.3] SOURCE_VALUES            COMPLETED    17,162 / 17,162    100.0%  batches=4
2026-08-24T22:41:04.6611840-05:00 [PHASE3B] 
2026-08-24T22:41:04.6621830-05:00 [PHASE3B] [5/6] SOURCE_PRESENCE
2026-08-24T22:41:04.6621830-05:00 [PHASE3B]       [5.1] PARTS                    COMPLETED         1 / 1         100.0%  batches=1
2026-08-24T22:41:04.6631823-05:00 [PHASE3B]       [5.2] SETS                     COMPLETED         1 / 1         100.0%  batches=1
2026-08-24T22:41:04.6641830-05:00 [PHASE3B]       [5.3] MINIFIGURES              COMPLETED         1 / 1         100.0%  batches=1
2026-08-24T22:41:04.6651823-05:00 [PHASE3B] 
2026-08-24T22:41:04.6651823-05:00 [PHASE3B] [6/6] FINALIZE_SOURCE_RUN
2026-08-24T22:41:04.6661828-05:00 [PHASE3B]       [6.1] VERIFY_COUNTS            PENDING           0 / 1           0.0%  batches=0
2026-08-24T22:41:04.6671821-05:00 [PHASE3B]       [6.2] COMPLETE_RUN             PENDING           0 / 1           0.0%  batches=0
2026-08-24T22:41:04.6671821-05:00 [PHASE3B] 
2026-08-24T22:41:04.6681834-05:00 [PHASE3B] [RUN] [6.1] FINALIZE_SOURCE_RUN / VERIFY_COUNTS 0/1 (  0.0%) batch=1
2026-08-24T22:41:04.6812392-05:00 [PHASE3B] [OK ] [6.1] VERIFY_COUNTS: 1/1 (100.0%) batches=1 elapsed=0.05s
2026-08-24T22:41:04.6822397-05:00 [PHASE3B] 
2026-08-24T22:41:04.6822397-05:00 [PHASE3B] -------------------------------------------------------------------------------
2026-08-24T22:41:04.6832401-05:00 [PHASE3B]  Durable Phase 3B checkpoint status
2026-08-24T22:41:04.6842427-05:00 [PHASE3B] -------------------------------------------------------------------------------
2026-08-24T22:41:04.6852395-05:00 [PHASE3B] 
2026-08-24T22:41:04.6852395-05:00 [PHASE3B] [1/6] VALIDATE_SOURCE_RUN
2026-08-24T22:41:04.6862416-05:00 [PHASE3B]       [1.1] RUN_CONTRACT             COMPLETED         1 / 1         100.0%  batches=1
2026-08-24T22:41:04.6872421-05:00 [PHASE3B]       [1.2] STAGED_COUNTS            COMPLETED         1 / 1         100.0%  batches=1
2026-08-24T22:41:04.6872421-05:00 [PHASE3B]       [1.3] REFERENCE_LINKS          COMPLETED         1 / 1         100.0%  batches=1
2026-08-24T22:41:04.6882404-05:00 [PHASE3B] 
2026-08-24T22:41:04.6892390-05:00 [PHASE3B] [2/6] RECONCILE_PARTS
2026-08-24T22:41:04.6892390-05:00 [PHASE3B]       [2.1] CATALOG_IDENTITIES       COMPLETED    64,347 / 64,347    100.0%  batches=13
2026-08-24T22:41:04.6902401-05:00 [PHASE3B]       [2.2] PART_ROWS                COMPLETED    64,347 / 64,347    100.0%  batches=13
2026-08-24T22:41:04.6912398-05:00 [PHASE3B]       [2.3] SOURCE_VALUES            COMPLETED    64,347 / 64,347    100.0%  batches=13
2026-08-24T22:41:04.6912398-05:00 [PHASE3B] 
2026-08-24T22:41:04.6922406-05:00 [PHASE3B] [3/6] RECONCILE_SETS
2026-08-24T22:41:04.6932398-05:00 [PHASE3B]       [3.1] CATALOG_IDENTITIES       COMPLETED    28,117 / 28,117    100.0%  batches=6
2026-08-24T22:41:04.6942427-05:00 [PHASE3B]       [3.2] SET_ROWS                 COMPLETED    28,117 / 28,117    100.0%  batches=6
2026-08-24T22:41:04.6952399-05:00 [PHASE3B]       [3.3] SOURCE_VALUES            COMPLETED    28,117 / 28,117    100.0%  batches=6
2026-08-24T22:41:04.6962401-05:00 [PHASE3B] 
2026-08-24T22:41:04.6962401-05:00 [PHASE3B] [4/6] RECONCILE_MINIFIGURES
2026-08-24T22:41:04.6972400-05:00 [PHASE3B]       [4.1] CATALOG_IDENTITIES       COMPLETED    17,162 / 17,162    100.0%  batches=4
2026-08-24T22:41:04.6982396-05:00 [PHASE3B]       [4.2] MINIFIGURE_ROWS          COMPLETED    17,162 / 17,162    100.0%  batches=4
2026-08-24T22:41:04.6992402-05:00 [PHASE3B]       [4.3] SOURCE_VALUES            COMPLETED    17,162 / 17,162    100.0%  batches=4
2026-08-24T22:41:04.6992402-05:00 [PHASE3B] 
2026-08-24T22:41:04.7002396-05:00 [PHASE3B] [5/6] SOURCE_PRESENCE
2026-08-24T22:41:04.7012404-05:00 [PHASE3B]       [5.1] PARTS                    COMPLETED         1 / 1         100.0%  batches=1
2026-08-24T22:41:04.7022401-05:00 [PHASE3B]       [5.2] SETS                     COMPLETED         1 / 1         100.0%  batches=1
2026-08-24T22:41:04.7022401-05:00 [PHASE3B]       [5.3] MINIFIGURES              COMPLETED         1 / 1         100.0%  batches=1
2026-08-24T22:41:04.7032431-05:00 [PHASE3B] 
2026-08-24T22:41:04.7042399-05:00 [PHASE3B] [6/6] FINALIZE_SOURCE_RUN
2026-08-24T22:41:04.7042399-05:00 [PHASE3B]       [6.1] VERIFY_COUNTS            COMPLETED         1 / 1         100.0%  batches=1
2026-08-24T22:41:04.7052398-05:00 [PHASE3B]       [6.2] COMPLETE_RUN             PENDING           0 / 1           0.0%  batches=0
2026-08-24T22:41:04.7062425-05:00 [PHASE3B] 
2026-08-24T22:41:04.7072397-05:00 [PHASE3B] [RUN] [6.2] FINALIZE_SOURCE_RUN / COMPLETE_RUN 0/1 (  0.0%) batch=1
2026-08-24T22:41:04.7072397-05:00 [PHASE3B] [OK ] [6.2] COMPLETE_RUN: 1/1 (100.0%) batches=1 elapsed=0.01s
2026-08-24T22:41:04.7082402-05:00 [PHASE3B] 
2026-08-24T22:41:04.7092391-05:00 [PHASE3B] -------------------------------------------------------------------------------
2026-08-24T22:41:04.7092391-05:00 [PHASE3B]  Durable Phase 3B checkpoint status
2026-08-24T22:41:04.7102427-05:00 [PHASE3B] -------------------------------------------------------------------------------
2026-08-24T22:41:04.7112396-05:00 [PHASE3B] 
2026-08-24T22:41:04.7122397-05:00 [PHASE3B] [1/6] VALIDATE_SOURCE_RUN
2026-08-24T22:41:04.7122397-05:00 [PHASE3B]       [1.1] RUN_CONTRACT             COMPLETED         1 / 1         100.0%  batches=1
2026-08-24T22:41:04.7132427-05:00 [PHASE3B]       [1.2] STAGED_COUNTS            COMPLETED         1 / 1         100.0%  batches=1
2026-08-24T22:41:04.7142396-05:00 [PHASE3B]       [1.3] REFERENCE_LINKS          COMPLETED         1 / 1         100.0%  batches=1
2026-08-24T22:41:04.7142396-05:00 [PHASE3B] 
2026-08-24T22:41:04.7152404-05:00 [PHASE3B] [2/6] RECONCILE_PARTS
2026-08-24T22:41:04.7162400-05:00 [PHASE3B]       [2.1] CATALOG_IDENTITIES       COMPLETED    64,347 / 64,347    100.0%  batches=13
2026-08-24T22:41:04.7172410-05:00 [PHASE3B]       [2.2] PART_ROWS                COMPLETED    64,347 / 64,347    100.0%  batches=13
2026-08-24T22:41:04.7172410-05:00 [PHASE3B]       [2.3] SOURCE_VALUES            COMPLETED    64,347 / 64,347    100.0%  batches=13
2026-08-24T22:41:04.7182424-05:00 [PHASE3B] 
2026-08-24T22:41:04.7192395-05:00 [PHASE3B] [3/6] RECONCILE_SETS
2026-08-24T22:41:04.7192395-05:00 [PHASE3B]       [3.1] CATALOG_IDENTITIES       COMPLETED    28,117 / 28,117    100.0%  batches=6
2026-08-24T22:41:04.7202409-05:00 [PHASE3B]       [3.2] SET_ROWS                 COMPLETED    28,117 / 28,117    100.0%  batches=6
2026-08-24T22:41:04.7212399-05:00 [PHASE3B]       [3.3] SOURCE_VALUES            COMPLETED    28,117 / 28,117    100.0%  batches=6
2026-08-24T22:41:04.7212399-05:00 [PHASE3B] 
2026-08-24T22:41:04.7222412-05:00 [PHASE3B] [4/6] RECONCILE_MINIFIGURES
2026-08-24T22:41:04.7232416-05:00 [PHASE3B]       [4.1] CATALOG_IDENTITIES       COMPLETED    17,162 / 17,162    100.0%  batches=4
2026-08-24T22:41:04.7242408-05:00 [PHASE3B]       [4.2] MINIFIGURE_ROWS          COMPLETED    17,162 / 17,162    100.0%  batches=4
2026-08-24T22:41:04.7242408-05:00 [PHASE3B]       [4.3] SOURCE_VALUES            COMPLETED    17,162 / 17,162    100.0%  batches=4
2026-08-24T22:41:04.7252421-05:00 [PHASE3B] 
2026-08-24T22:41:04.7262398-05:00 [PHASE3B] [5/6] SOURCE_PRESENCE
2026-08-24T22:41:04.7342396-05:00 [PHASE3B]       [5.1] PARTS                    COMPLETED         1 / 1         100.0%  batches=1
2026-08-24T22:41:04.7352425-05:00 [PHASE3B]       [5.2] SETS                     COMPLETED         1 / 1         100.0%  batches=1
2026-08-24T22:41:04.7362428-05:00 [PHASE3B]       [5.3] MINIFIGURES              COMPLETED         1 / 1         100.0%  batches=1
2026-08-24T22:41:04.7372409-05:00 [PHASE3B] 
2026-08-24T22:41:04.7372409-05:00 [PHASE3B] [6/6] FINALIZE_SOURCE_RUN
2026-08-24T22:41:04.7382395-05:00 [PHASE3B]       [6.1] VERIFY_COUNTS            COMPLETED         1 / 1         100.0%  batches=1
2026-08-24T22:41:04.7392414-05:00 [PHASE3B]       [6.2] COMPLETE_RUN             COMPLETED         1 / 1         100.0%  batches=1
2026-08-24T22:41:04.7402407-05:00 [PHASE3B] 
2026-08-24T22:41:04.7402407-05:00 [PHASE3B] 
2026-08-24T22:41:04.7412396-05:00 [PHASE3B] -------------------------------------------------------------------------------
2026-08-24T22:41:04.7422408-05:00 [PHASE3B]  Durable Phase 3B checkpoint status
2026-08-24T22:41:04.7422408-05:00 [PHASE3B] -------------------------------------------------------------------------------
2026-08-24T22:41:04.7432397-05:00 [PHASE3B] 
2026-08-24T22:41:04.7442401-05:00 [PHASE3B] [1/6] VALIDATE_SOURCE_RUN
2026-08-24T22:41:04.7442401-05:00 [PHASE3B]       [1.1] RUN_CONTRACT             COMPLETED         1 / 1         100.0%  batches=1
2026-08-24T22:41:04.7452402-05:00 [PHASE3B]       [1.2] STAGED_COUNTS            COMPLETED         1 / 1         100.0%  batches=1
2026-08-24T22:41:04.7462399-05:00 [PHASE3B]       [1.3] REFERENCE_LINKS          COMPLETED         1 / 1         100.0%  batches=1
2026-08-24T22:41:04.7462399-05:00 [PHASE3B] 
2026-08-24T22:41:04.7472396-05:00 [PHASE3B] [2/6] RECONCILE_PARTS
2026-08-24T22:41:04.7482399-05:00 [PHASE3B]       [2.1] CATALOG_IDENTITIES       COMPLETED    64,347 / 64,347    100.0%  batches=13
2026-08-24T22:41:04.7482399-05:00 [PHASE3B]       [2.2] PART_ROWS                COMPLETED    64,347 / 64,347    100.0%  batches=13
2026-08-24T22:41:04.7492396-05:00 [PHASE3B]       [2.3] SOURCE_VALUES            COMPLETED    64,347 / 64,347    100.0%  batches=13
2026-08-24T22:41:04.7502396-05:00 [PHASE3B] 
2026-08-24T22:41:04.7512400-05:00 [PHASE3B] [3/6] RECONCILE_SETS
2026-08-24T22:41:04.7512400-05:00 [PHASE3B]       [3.1] CATALOG_IDENTITIES       COMPLETED    28,117 / 28,117    100.0%  batches=6
2026-08-24T22:41:04.7522391-05:00 [PHASE3B]       [3.2] SET_ROWS                 COMPLETED    28,117 / 28,117    100.0%  batches=6
2026-08-24T22:41:04.7532396-05:00 [PHASE3B]       [3.3] SOURCE_VALUES            COMPLETED    28,117 / 28,117    100.0%  batches=6
2026-08-24T22:41:04.7532396-05:00 [PHASE3B] 
2026-08-24T22:41:04.7542401-05:00 [PHASE3B] [4/6] RECONCILE_MINIFIGURES
2026-08-24T22:41:04.7552396-05:00 [PHASE3B]       [4.1] CATALOG_IDENTITIES       COMPLETED    17,162 / 17,162    100.0%  batches=4
2026-08-24T22:41:04.7562395-05:00 [PHASE3B]       [4.2] MINIFIGURE_ROWS          COMPLETED    17,162 / 17,162    100.0%  batches=4
2026-08-24T22:41:04.7562395-05:00 [PHASE3B]       [4.3] SOURCE_VALUES            COMPLETED    17,162 / 17,162    100.0%  batches=4
2026-08-24T22:41:04.7572403-05:00 [PHASE3B] 
2026-08-24T22:41:04.7582401-05:00 [PHASE3B] [5/6] SOURCE_PRESENCE
2026-08-24T22:41:04.7592398-05:00 [PHASE3B]       [5.1] PARTS                    COMPLETED         1 / 1         100.0%  batches=1
2026-08-24T22:41:04.7602392-05:00 [PHASE3B]       [5.2] SETS                     COMPLETED         1 / 1         100.0%  batches=1
2026-08-24T22:41:04.7612394-05:00 [PHASE3B]       [5.3] MINIFIGURES              COMPLETED         1 / 1         100.0%  batches=1
2026-08-24T22:41:04.7622393-05:00 [PHASE3B] 
2026-08-24T22:41:04.7632436-05:00 [PHASE3B] [6/6] FINALIZE_SOURCE_RUN
2026-08-24T22:41:04.7642406-05:00 [PHASE3B]       [6.1] VERIFY_COUNTS            COMPLETED         1 / 1         100.0%  batches=1
2026-08-24T22:41:04.7642406-05:00 [PHASE3B]       [6.2] COMPLETE_RUN             COMPLETED         1 / 1         100.0%  batches=1
2026-08-24T22:41:04.7652391-05:00 [PHASE3B] 
2026-08-24T22:41:04.7662398-05:00 [PHASE3B] ==============================================================================
2026-08-24T22:41:04.7662398-05:00 [PHASE3B]  [PASS] Rebrickable Phase 3B checkpointed reconciliation completed
2026-08-24T22:41:04.7672403-05:00 [PHASE3B]  [INFO] Elapsed seconds: 28.00
2026-08-24T22:41:04.7682397-05:00 [PHASE3B] ==============================================================================
2026-08-24T22:41:04.7692427-05:00 [INFO] PHASE3B process exit code=0
2026-08-24T22:41:04.7692427-05:00 [PASS] PHASE3B completed
2026-08-24T22:41:04.8762397-05:00 [PASS] Lifecycle finalized source_run_id=01a03701-636b-72e5-a105-d24a38256c8a
2026-08-24T22:41:04.8772417-05:00 [INFO] START PHASE4A: import_rebrickable_phase4a_elements.py --file L:\var\www\Brk.Trkr\brk.trkr-db\import\runtime\snapshots\nightly_20260824_224016\elements.csv.gz
2026-08-24T22:41:05.5357234-05:00 [PHASE4A] ==============================================================================
2026-08-24T22:41:05.5367238-05:00 [PHASE4A]  BrickTrackr Rebrickable Phase 4A - Elements Staging v4.0.2
2026-08-24T22:41:05.5377242-05:00 [PHASE4A] ==============================================================================
2026-08-24T22:41:05.5387237-05:00 [PHASE4A] [INFO] File:       L:\var\www\Brk.Trkr\brk.trkr-db\import\runtime\snapshots\nightly_20260824_224016\elements.csv.gz
2026-08-24T22:41:05.5397232-05:00 [PHASE4A] [INFO] Batch size: 5,000
2026-08-24T22:41:05.5397232-05:00 [PHASE4A] [PASS] Header:      ['element_id', 'part_num', 'color_id', 'design_id']
2026-08-24T22:41:05.5407242-05:00 [PHASE4A] [PASS] SHA-256:     28e73e9348cf4eae48047dcbba496d6b71ca2d8848764fc11670d613282ccf32
2026-08-24T22:41:05.5417239-05:00 [PHASE4A] [PASS] Rows:        113,831
2026-08-24T22:41:05.5427232-05:00 [PHASE4A] [INFO] Duplicate element_id rows observed: 0
2026-08-24T22:41:05.5427232-05:00 [PHASE4A] [INFO] Duplicate element IDs are retained as source evidence; Phase 4B decides canonical history semantics.
2026-08-24T22:41:05.5437266-05:00 [PHASE4A] [RUN ] Source run: 01a03701-e142-7961-9268-884463726b14
2026-08-24T22:41:05.5447258-05:00 [PHASE4A] [STAGE] batch=  1     5,000/113,831 (  4.4%)
2026-08-24T22:41:05.7137229-05:00 [PHASE4A] [STAGE] batch=  2    10,000/113,831 (  8.8%)
2026-08-24T22:41:05.8777238-05:00 [PHASE4A] [STAGE] batch=  3    15,000/113,831 ( 13.2%)
2026-08-24T22:41:06.0407234-05:00 [PHASE4A] [STAGE] batch=  4    20,000/113,831 ( 17.6%)
2026-08-24T22:41:06.2037248-05:00 [PHASE4A] [STAGE] batch=  5    25,000/113,831 ( 22.0%)
2026-08-24T22:41:06.4129815-05:00 [PHASE4A] [STAGE] batch=  6    30,000/113,831 ( 26.4%)
2026-08-24T22:41:06.5806029-05:00 [PHASE4A] [STAGE] batch=  7    35,000/113,831 ( 30.7%)
2026-08-24T22:41:06.7766075-05:00 [PHASE4A] [STAGE] batch=  8    40,000/113,831 ( 35.1%)
2026-08-24T22:41:06.9516152-05:00 [PHASE4A] [STAGE] batch=  9    45,000/113,831 ( 39.5%)
2026-08-24T22:41:07.1258090-05:00 [PHASE4A] [STAGE] batch= 10    50,000/113,831 ( 43.9%)
2026-08-24T22:41:07.2900080-05:00 [PHASE4A] [STAGE] batch= 11    55,000/113,831 ( 48.3%)
2026-08-24T22:41:07.4720137-05:00 [PHASE4A] [STAGE] batch= 12    60,000/113,831 ( 52.7%)
2026-08-24T22:41:07.6834528-05:00 [PHASE4A] [STAGE] batch= 13    65,000/113,831 ( 57.1%)
2026-08-24T22:41:07.8640867-05:00 [PHASE4A] [STAGE] batch= 14    70,000/113,831 ( 61.5%)
2026-08-24T22:41:08.0432881-05:00 [PHASE4A] [STAGE] batch= 15    75,000/113,831 ( 65.9%)
2026-08-24T22:41:08.2172939-05:00 [PHASE4A] [STAGE] batch= 16    80,000/113,831 ( 70.3%)
2026-08-24T22:41:08.3982937-05:00 [PHASE4A] [STAGE] batch= 17    85,000/113,831 ( 74.7%)
2026-08-24T22:41:08.6004704-05:00 [PHASE4A] [STAGE] batch= 18    90,000/113,831 ( 79.1%)
2026-08-24T22:41:08.8014749-05:00 [PHASE4A] [STAGE] batch= 19    95,000/113,831 ( 83.5%)
2026-08-24T22:41:09.1058461-05:00 [PHASE4A] [STAGE] batch= 20   100,000/113,831 ( 87.8%)
2026-08-24T22:41:09.3016805-05:00 [PHASE4A] [STAGE] batch= 21   105,000/113,831 ( 92.2%)
2026-08-24T22:41:09.5209511-05:00 [PHASE4A] [STAGE] batch= 22   110,000/113,831 ( 96.6%)
2026-08-24T22:41:09.6561352-05:00 [PHASE4A] [STAGE] batch= 23   113,831/113,831 (100.0%)
2026-08-24T22:41:09.6771349-05:00 [PHASE4A] 
2026-08-24T22:41:09.6781350-05:00 [PHASE4A] ==============================================================================
2026-08-24T22:41:09.6791347-05:00 [PHASE4A]  [PASS] Rebrickable Phase 4A elements staging completed
2026-08-24T22:41:09.6801353-05:00 [PHASE4A]  [INFO] Source run: 01a03701-e142-7961-9268-884463726b14
2026-08-24T22:41:09.6811347-05:00 [PHASE4A]  [INFO] Rows:       113,831
2026-08-24T22:41:09.6821349-05:00 [PHASE4A]  [INFO] Elapsed:    4.64s
2026-08-24T22:41:09.6831343-05:00 [PHASE4A]  [INFO] Status:     VALIDATING
2026-08-24T22:41:09.6831343-05:00 [PHASE4A] ==============================================================================
2026-08-24T22:41:09.6841344-05:00 [PHASE4A] 
2026-08-24T22:41:09.6851348-05:00 [PHASE4A] [NEXT] Phase 4B may reconcile this source run. No canonical catalog DML was performed.
2026-08-24T22:41:09.6991344-05:00 [INFO] PHASE4A process exit code=0
2026-08-24T22:41:09.7011357-05:00 [PASS] PHASE4A completed
2026-08-24T22:41:09.7401354-05:00 [INFO] PHASE4A source_run_id=01a03701-e142-7961-9268-884463726b14
2026-08-24T22:41:09.7821341-05:00 [INFO] START PHASE4B: reconcile_rebrickable_phase4b_checkpointed.py --source-run-id 01a03701-e142-7961-9268-884463726b14
2026-08-24T22:41:10.4681362-05:00 [PHASE4B] ==============================================================================
2026-08-24T22:41:10.4701349-05:00 [PHASE4B]  BrickTrackr Rebrickable Phase 4B - Checkpointed Reconcile v4.1.0
2026-08-24T22:41:10.4711352-05:00 [PHASE4B] ==============================================================================
2026-08-24T22:41:10.4711352-05:00 [PHASE4B] [INFO] Mode:       RESUME
2026-08-24T22:41:10.4721351-05:00 [PHASE4B] [INFO] Source run: 01a03701-e142-7961-9268-884463726b14
2026-08-24T22:41:10.4731350-05:00 [PHASE4B] [INFO] Batch size: 5,000
2026-08-24T22:41:10.4751365-05:00 [PHASE4B] [+] Checkpoint ledger ready: rows=113,831
2026-08-24T22:41:10.4751365-05:00 [PHASE4B] 
2026-08-24T22:41:10.4761378-05:00 [PHASE4B] -------------------------------------------------------------------------------
2026-08-24T22:41:10.4771342-05:00 [PHASE4B]  Durable Phase 4B checkpoint status
2026-08-24T22:41:10.4771342-05:00 [PHASE4B] -------------------------------------------------------------------------------
2026-08-24T22:41:10.4781349-05:00 [PHASE4B] 
2026-08-24T22:41:10.4791350-05:00 [PHASE4B] [1/5] P4B_VALIDATE
2026-08-24T22:41:10.4801349-05:00 [PHASE4B]       [1.1] SOURCE_CONTRACT          PENDING           0 / 1           0.0% batches=0
2026-08-24T22:41:10.4801349-05:00 [PHASE4B]       [1.2] PART_REFERENCES          PENDING           0 / 1           0.0% batches=0
2026-08-24T22:41:10.4811385-05:00 [PHASE4B]       [1.3] COLOR_REFERENCES         PENDING           0 / 1           0.0% batches=0
2026-08-24T22:41:10.4821339-05:00 [PHASE4B]       [1.4] ELEMENT_IDENTIFIERS      PENDING           0 / 1           0.0% batches=0
2026-08-24T22:41:10.4821339-05:00 [PHASE4B] 
2026-08-24T22:41:10.4831350-05:00 [PHASE4B] [2/5] P4B_VARIANTS
2026-08-24T22:41:10.4841366-05:00 [PHASE4B]       [2.1] PART_COLOR_VARIANTS      PENDING           0 / 113,831     0.0% batches=0
2026-08-24T22:41:10.4841366-05:00 [PHASE4B] 
2026-08-24T22:41:10.4851370-05:00 [PHASE4B] [3/5] P4B_ELEMENTS
2026-08-24T22:41:10.4861348-05:00 [PHASE4B]       [3.1] LEGO_ELEMENTS            PENDING           0 / 113,831     0.0% batches=0
2026-08-24T22:41:10.4871377-05:00 [PHASE4B]       [3.2] EXTERNAL_IDENTIFIERS     PENDING           0 / 113,831     0.0% batches=0
2026-08-24T22:41:10.4871377-05:00 [PHASE4B] 
2026-08-24T22:41:10.4881346-05:00 [PHASE4B] [4/5] P4B_SOURCE_PRESENCE
2026-08-24T22:41:10.4891374-05:00 [PHASE4B]       [4.1] ELEMENTS                 PENDING           0 / 1           0.0% batches=0
2026-08-24T22:41:10.4891374-05:00 [PHASE4B] 
2026-08-24T22:41:10.4901348-05:00 [PHASE4B] [5/5] P4B_FINALIZE
2026-08-24T22:41:10.4911351-05:00 [PHASE4B]       [5.1] VERIFY_COUNTS            PENDING           0 / 1           0.0% batches=0
2026-08-24T22:41:10.4911351-05:00 [PHASE4B]       [5.2] COMPLETE_RUN             PENDING           0 / 1           0.0% batches=0
2026-08-24T22:41:10.4921373-05:00 [PHASE4B] 
2026-08-24T22:41:10.4931355-05:00 [PHASE4B] [RUN] [1.1] P4B_VALIDATE / SOURCE_CONTRACT 0/1 (  0.0%) batch=1
2026-08-24T22:41:10.4941340-05:00 [PHASE4B] [OK ] [1.1] SOURCE_CONTRACT: 1/1 (100.0%) batches=1 elapsed=0.01s
2026-08-24T22:41:10.4941340-05:00 [PHASE4B] 
2026-08-24T22:41:10.4951369-05:00 [PHASE4B] -------------------------------------------------------------------------------
2026-08-24T22:41:10.4961347-05:00 [PHASE4B]  Durable Phase 4B checkpoint status
2026-08-24T22:41:10.4971347-05:00 [PHASE4B] -------------------------------------------------------------------------------
2026-08-24T22:41:10.4971347-05:00 [PHASE4B] 
2026-08-24T22:41:10.4981350-05:00 [PHASE4B] [1/5] P4B_VALIDATE
2026-08-24T22:41:10.4991349-05:00 [PHASE4B]       [1.1] SOURCE_CONTRACT          COMPLETED         1 / 1         100.0% batches=1
2026-08-24T22:41:10.5001340-05:00 [PHASE4B]       [1.2] PART_REFERENCES          PENDING           0 / 1           0.0% batches=0
2026-08-24T22:41:10.5001340-05:00 [PHASE4B]       [1.3] COLOR_REFERENCES         PENDING           0 / 1           0.0% batches=0
2026-08-24T22:41:10.5011344-05:00 [PHASE4B]       [1.4] ELEMENT_IDENTIFIERS      PENDING           0 / 1           0.0% batches=0
2026-08-24T22:41:10.5021358-05:00 [PHASE4B] 
2026-08-24T22:41:10.5021358-05:00 [PHASE4B] [2/5] P4B_VARIANTS
2026-08-24T22:41:10.5031343-05:00 [PHASE4B]       [2.1] PART_COLOR_VARIANTS      PENDING           0 / 113,831     0.0% batches=0
2026-08-24T22:41:10.5041346-05:00 [PHASE4B] 
2026-08-24T22:41:10.5051353-05:00 [PHASE4B] [3/5] P4B_ELEMENTS
2026-08-24T22:41:10.5051353-05:00 [PHASE4B]       [3.1] LEGO_ELEMENTS            PENDING           0 / 113,831     0.0% batches=0
2026-08-24T22:41:10.5061344-05:00 [PHASE4B]       [3.2] EXTERNAL_IDENTIFIERS     PENDING           0 / 113,831     0.0% batches=0
2026-08-24T22:41:10.5071351-05:00 [PHASE4B] 
2026-08-24T22:41:10.5081347-05:00 [PHASE4B] [4/5] P4B_SOURCE_PRESENCE
2026-08-24T22:41:10.5081347-05:00 [PHASE4B]       [4.1] ELEMENTS                 PENDING           0 / 1           0.0% batches=0
2026-08-24T22:41:10.5091375-05:00 [PHASE4B] 
2026-08-24T22:41:10.5101348-05:00 [PHASE4B] [5/5] P4B_FINALIZE
2026-08-24T22:41:10.5111338-05:00 [PHASE4B]       [5.1] VERIFY_COUNTS            PENDING           0 / 1           0.0% batches=0
2026-08-24T22:41:10.5111338-05:00 [PHASE4B]       [5.2] COMPLETE_RUN             PENDING           0 / 1           0.0% batches=0
2026-08-24T22:41:10.5121375-05:00 [PHASE4B] 
2026-08-24T22:41:10.5131349-05:00 [PHASE4B] [RUN] [1.2] P4B_VALIDATE / PART_REFERENCES 0/1 (  0.0%) batch=1
2026-08-24T22:41:10.8862107-05:00 [PHASE4B] [OK ] [1.2] PART_REFERENCES: 1/1 (100.0%) batches=1 elapsed=0.41s
2026-08-24T22:41:10.8872103-05:00 [PHASE4B] 
2026-08-24T22:41:10.8882114-05:00 [PHASE4B] -------------------------------------------------------------------------------
2026-08-24T22:41:10.8892107-05:00 [PHASE4B]  Durable Phase 4B checkpoint status
2026-08-24T22:41:10.8902106-05:00 [PHASE4B] -------------------------------------------------------------------------------
2026-08-24T22:41:10.8902106-05:00 [PHASE4B] 
2026-08-24T22:41:10.8912109-05:00 [PHASE4B] [1/5] P4B_VALIDATE
2026-08-24T22:41:10.8922105-05:00 [PHASE4B]       [1.1] SOURCE_CONTRACT          COMPLETED         1 / 1         100.0% batches=1
2026-08-24T22:41:10.8922105-05:00 [PHASE4B]       [1.2] PART_REFERENCES          COMPLETED         1 / 1         100.0% batches=1
2026-08-24T22:41:10.8932127-05:00 [PHASE4B]       [1.3] COLOR_REFERENCES         PENDING           0 / 1           0.0% batches=0
2026-08-24T22:41:10.8942117-05:00 [PHASE4B]       [1.4] ELEMENT_IDENTIFIERS      PENDING           0 / 1           0.0% batches=0
2026-08-24T22:41:10.8942117-05:00 [PHASE4B] 
2026-08-24T22:41:10.8952108-05:00 [PHASE4B] [2/5] P4B_VARIANTS
2026-08-24T22:41:10.8962109-05:00 [PHASE4B]       [2.1] PART_COLOR_VARIANTS      PENDING           0 / 113,831     0.0% batches=0
2026-08-24T22:41:10.8972114-05:00 [PHASE4B] 
2026-08-24T22:41:10.8972114-05:00 [PHASE4B] [3/5] P4B_ELEMENTS
2026-08-24T22:41:10.8982106-05:00 [PHASE4B]       [3.1] LEGO_ELEMENTS            PENDING           0 / 113,831     0.0% batches=0
2026-08-24T22:41:10.8992108-05:00 [PHASE4B]       [3.2] EXTERNAL_IDENTIFIERS     PENDING           0 / 113,831     0.0% batches=0
2026-08-24T22:41:10.8992108-05:00 [PHASE4B] 
2026-08-24T22:41:10.9002118-05:00 [PHASE4B] [4/5] P4B_SOURCE_PRESENCE
2026-08-24T22:41:10.9012104-05:00 [PHASE4B]       [4.1] ELEMENTS                 PENDING           0 / 1           0.0% batches=0
2026-08-24T22:41:10.9012104-05:00 [PHASE4B] 
2026-08-24T22:41:10.9022111-05:00 [PHASE4B] [5/5] P4B_FINALIZE
2026-08-24T22:41:10.9032097-05:00 [PHASE4B]       [5.1] VERIFY_COUNTS            PENDING           0 / 1           0.0% batches=0
2026-08-24T22:41:10.9042110-05:00 [PHASE4B]       [5.2] COMPLETE_RUN             PENDING           0 / 1           0.0% batches=0
2026-08-24T22:41:10.9052118-05:00 [PHASE4B] 
2026-08-24T22:41:10.9062112-05:00 [PHASE4B] [RUN] [1.3] P4B_VALIDATE / COLOR_REFERENCES 0/1 (  0.0%) batch=1
2026-08-24T22:41:11.1212113-05:00 [PHASE4B] [OK ] [1.3] COLOR_REFERENCES: 1/1 (100.0%) batches=1 elapsed=0.23s
2026-08-24T22:41:11.1222116-05:00 [PHASE4B] 
2026-08-24T22:41:11.1232112-05:00 [PHASE4B] -------------------------------------------------------------------------------
2026-08-24T22:41:11.1242108-05:00 [PHASE4B]  Durable Phase 4B checkpoint status
2026-08-24T22:41:11.1242108-05:00 [PHASE4B] -------------------------------------------------------------------------------
2026-08-24T22:41:11.1252106-05:00 [PHASE4B] 
2026-08-24T22:41:11.1262106-05:00 [PHASE4B] [1/5] P4B_VALIDATE
2026-08-24T22:41:11.1272122-05:00 [PHASE4B]       [1.1] SOURCE_CONTRACT          COMPLETED         1 / 1         100.0% batches=1
2026-08-24T22:41:11.1272122-05:00 [PHASE4B]       [1.2] PART_REFERENCES          COMPLETED         1 / 1         100.0% batches=1
2026-08-24T22:41:11.1282102-05:00 [PHASE4B]       [1.3] COLOR_REFERENCES         COMPLETED         1 / 1         100.0% batches=1
2026-08-24T22:41:11.1292121-05:00 [PHASE4B]       [1.4] ELEMENT_IDENTIFIERS      PENDING           0 / 1           0.0% batches=0
2026-08-24T22:41:11.1292121-05:00 [PHASE4B] 
2026-08-24T22:41:11.1302101-05:00 [PHASE4B] [2/5] P4B_VARIANTS
2026-08-24T22:41:11.1312117-05:00 [PHASE4B]       [2.1] PART_COLOR_VARIANTS      PENDING           0 / 113,831     0.0% batches=0
2026-08-24T22:41:11.1312117-05:00 [PHASE4B] 
2026-08-24T22:41:11.1322098-05:00 [PHASE4B] [3/5] P4B_ELEMENTS
2026-08-24T22:41:11.1332101-05:00 [PHASE4B]       [3.1] LEGO_ELEMENTS            PENDING           0 / 113,831     0.0% batches=0
2026-08-24T22:41:11.1342114-05:00 [PHASE4B]       [3.2] EXTERNAL_IDENTIFIERS     PENDING           0 / 113,831     0.0% batches=0
2026-08-24T22:41:11.1342114-05:00 [PHASE4B] 
2026-08-24T22:41:11.1352104-05:00 [PHASE4B] [4/5] P4B_SOURCE_PRESENCE
2026-08-24T22:41:11.1362097-05:00 [PHASE4B]       [4.1] ELEMENTS                 PENDING           0 / 1           0.0% batches=0
2026-08-24T22:41:11.1362097-05:00 [PHASE4B] 
2026-08-24T22:41:11.1372097-05:00 [PHASE4B] [5/5] P4B_FINALIZE
2026-08-24T22:41:11.1382106-05:00 [PHASE4B]       [5.1] VERIFY_COUNTS            PENDING           0 / 1           0.0% batches=0
2026-08-24T22:41:11.1382106-05:00 [PHASE4B]       [5.2] COMPLETE_RUN             PENDING           0 / 1           0.0% batches=0
2026-08-24T22:41:11.1392098-05:00 [PHASE4B] 
2026-08-24T22:41:11.1402097-05:00 [PHASE4B] [RUN] [1.4] P4B_VALIDATE / ELEMENT_IDENTIFIERS 0/1 (  0.0%) batch=1
2026-08-24T22:41:11.2852107-05:00 [PHASE4B] [OK ] [1.4] ELEMENT_IDENTIFIERS: 1/1 (100.0%) batches=1 elapsed=0.16s
2026-08-24T22:41:11.2872101-05:00 [PHASE4B] 
2026-08-24T22:41:11.2882128-05:00 [PHASE4B] -------------------------------------------------------------------------------
2026-08-24T22:41:11.2882128-05:00 [PHASE4B]  Durable Phase 4B checkpoint status
2026-08-24T22:41:11.2892104-05:00 [PHASE4B] -------------------------------------------------------------------------------
2026-08-24T22:41:11.2902122-05:00 [PHASE4B] 
2026-08-24T22:41:11.2912104-05:00 [PHASE4B] [1/5] P4B_VALIDATE
2026-08-24T22:41:11.2912104-05:00 [PHASE4B]       [1.1] SOURCE_CONTRACT          COMPLETED         1 / 1         100.0% batches=1
2026-08-24T22:41:11.2922138-05:00 [PHASE4B]       [1.2] PART_REFERENCES          COMPLETED         1 / 1         100.0% batches=1
2026-08-24T22:41:11.2932115-05:00 [PHASE4B]       [1.3] COLOR_REFERENCES         COMPLETED         1 / 1         100.0% batches=1
2026-08-24T22:41:11.2942132-05:00 [PHASE4B]       [1.4] ELEMENT_IDENTIFIERS      COMPLETED         1 / 1         100.0% batches=1
2026-08-24T22:41:11.2942132-05:00 [PHASE4B] 
2026-08-24T22:41:11.2952104-05:00 [PHASE4B] [2/5] P4B_VARIANTS
2026-08-24T22:41:11.2962109-05:00 [PHASE4B]       [2.1] PART_COLOR_VARIANTS      PENDING           0 / 113,831     0.0% batches=0
2026-08-24T22:41:11.2962109-05:00 [PHASE4B] 
2026-08-24T22:41:11.2972104-05:00 [PHASE4B] [3/5] P4B_ELEMENTS
2026-08-24T22:41:11.2982113-05:00 [PHASE4B]       [3.1] LEGO_ELEMENTS            PENDING           0 / 113,831     0.0% batches=0
2026-08-24T22:41:11.2982113-05:00 [PHASE4B]       [3.2] EXTERNAL_IDENTIFIERS     PENDING           0 / 113,831     0.0% batches=0
2026-08-24T22:41:11.2992128-05:00 [PHASE4B] 
2026-08-24T22:41:11.3002103-05:00 [PHASE4B] [4/5] P4B_SOURCE_PRESENCE
2026-08-24T22:41:11.3012135-05:00 [PHASE4B]       [4.1] ELEMENTS                 PENDING           0 / 1           0.0% batches=0
2026-08-24T22:41:11.3012135-05:00 [PHASE4B] 
2026-08-24T22:41:11.3022107-05:00 [PHASE4B] [5/5] P4B_FINALIZE
2026-08-24T22:41:11.3032113-05:00 [PHASE4B]       [5.1] VERIFY_COUNTS            PENDING           0 / 1           0.0% batches=0
2026-08-24T22:41:11.3032113-05:00 [PHASE4B]       [5.2] COMPLETE_RUN             PENDING           0 / 1           0.0% batches=0
2026-08-24T22:41:11.3042101-05:00 [PHASE4B] 
2026-08-24T22:41:11.3052096-05:00 [PHASE4B] [RUN] [2.1] P4B_VARIANTS / PART_COLOR_VARIANTS 0/113,831 (  0.0%) batch=1
2026-08-24T22:41:12.1350266-05:00 [PHASE4B] [OK ] [2.1] PART_COLOR_VARIANTS: 5,000/113,831 (4.4%) batches=1 elapsed=0.85s
2026-08-24T22:41:12.1360257-05:00 [PHASE4B] [RUN] [2.1] P4B_VARIANTS / PART_COLOR_VARIANTS 5,000/113,831 (  4.4%) batch=2
2026-08-24T22:41:12.2010408-05:00 [PHASE4B] [OK ] [2.1] PART_COLOR_VARIANTS: 10,000/113,831 (8.8%) batches=2 elapsed=0.07s
2026-08-24T22:41:12.2020404-05:00 [PHASE4B] [RUN] [2.1] P4B_VARIANTS / PART_COLOR_VARIANTS 10,000/113,831 (  8.8%) batch=3
2026-08-24T22:41:12.2620370-05:00 [PHASE4B] [OK ] [2.1] PART_COLOR_VARIANTS: 15,000/113,831 (13.2%) batches=3 elapsed=0.06s
2026-08-24T22:41:12.2640376-05:00 [PHASE4B] [RUN] [2.1] P4B_VARIANTS / PART_COLOR_VARIANTS 15,000/113,831 ( 13.2%) batch=4
2026-08-24T22:41:12.3200393-05:00 [PHASE4B] [OK ] [2.1] PART_COLOR_VARIANTS: 20,000/113,831 (17.6%) batches=4 elapsed=0.06s
2026-08-24T22:41:12.3210380-05:00 [PHASE4B] [RUN] [2.1] P4B_VARIANTS / PART_COLOR_VARIANTS 20,000/113,831 ( 17.6%) batch=5
2026-08-24T22:41:12.3770377-05:00 [PHASE4B] [OK ] [2.1] PART_COLOR_VARIANTS: 25,000/113,831 (22.0%) batches=5 elapsed=0.06s
2026-08-24T22:41:12.3780386-05:00 [PHASE4B] [RUN] [2.1] P4B_VARIANTS / PART_COLOR_VARIANTS 25,000/113,831 ( 22.0%) batch=6
2026-08-24T22:41:12.4330394-05:00 [PHASE4B] [OK ] [2.1] PART_COLOR_VARIANTS: 30,000/113,831 (26.4%) batches=6 elapsed=0.06s
2026-08-24T22:41:12.4340377-05:00 [PHASE4B] [RUN] [2.1] P4B_VARIANTS / PART_COLOR_VARIANTS 30,000/113,831 ( 26.4%) batch=7
2026-08-24T22:41:12.4830369-05:00 [PHASE4B] [OK ] [2.1] PART_COLOR_VARIANTS: 35,000/113,831 (30.7%) batches=7 elapsed=0.05s
2026-08-24T22:41:12.4850374-05:00 [PHASE4B] [RUN] [2.1] P4B_VARIANTS / PART_COLOR_VARIANTS 35,000/113,831 ( 30.7%) batch=8
2026-08-24T22:41:12.5400396-05:00 [PHASE4B] [OK ] [2.1] PART_COLOR_VARIANTS: 40,000/113,831 (35.1%) batches=8 elapsed=0.06s
2026-08-24T22:41:12.5410427-05:00 [PHASE4B] [RUN] [2.1] P4B_VARIANTS / PART_COLOR_VARIANTS 40,000/113,831 ( 35.1%) batch=9
2026-08-24T22:41:12.5951575-05:00 [PHASE4B] [OK ] [2.1] PART_COLOR_VARIANTS: 45,000/113,831 (39.5%) batches=9 elapsed=0.05s
2026-08-24T22:41:12.5961561-05:00 [PHASE4B] [RUN] [2.1] P4B_VARIANTS / PART_COLOR_VARIANTS 45,000/113,831 ( 39.5%) batch=10
2026-08-24T22:41:12.6511537-05:00 [PHASE4B] [OK ] [2.1] PART_COLOR_VARIANTS: 50,000/113,831 (43.9%) batches=10 elapsed=0.06s
2026-08-24T22:41:12.6521566-05:00 [PHASE4B] [RUN] [2.1] P4B_VARIANTS / PART_COLOR_VARIANTS 50,000/113,831 ( 43.9%) batch=11
2026-08-24T22:41:12.7081555-05:00 [PHASE4B] [OK ] [2.1] PART_COLOR_VARIANTS: 55,000/113,831 (48.3%) batches=11 elapsed=0.06s
2026-08-24T22:41:12.7091544-05:00 [PHASE4B] [RUN] [2.1] P4B_VARIANTS / PART_COLOR_VARIANTS 55,000/113,831 ( 48.3%) batch=12
2026-08-24T22:41:12.7631536-05:00 [PHASE4B] [OK ] [2.1] PART_COLOR_VARIANTS: 60,000/113,831 (52.7%) batches=12 elapsed=0.06s
2026-08-24T22:41:12.7641545-05:00 [PHASE4B] [RUN] [2.1] P4B_VARIANTS / PART_COLOR_VARIANTS 60,000/113,831 ( 52.7%) batch=13
2026-08-24T22:41:12.8161552-05:00 [PHASE4B] [OK ] [2.1] PART_COLOR_VARIANTS: 65,000/113,831 (57.1%) batches=13 elapsed=0.05s
2026-08-24T22:41:12.8171556-05:00 [PHASE4B] [RUN] [2.1] P4B_VARIANTS / PART_COLOR_VARIANTS 65,000/113,831 ( 57.1%) batch=14
2026-08-24T22:41:12.8711553-05:00 [PHASE4B] [OK ] [2.1] PART_COLOR_VARIANTS: 70,000/113,831 (61.5%) batches=14 elapsed=0.05s
2026-08-24T22:41:12.8721558-05:00 [PHASE4B] [RUN] [2.1] P4B_VARIANTS / PART_COLOR_VARIANTS 70,000/113,831 ( 61.5%) batch=15
2026-08-24T22:41:12.9241547-05:00 [PHASE4B] [OK ] [2.1] PART_COLOR_VARIANTS: 75,000/113,831 (65.9%) batches=15 elapsed=0.05s
2026-08-24T22:41:12.9251560-05:00 [PHASE4B] [RUN] [2.1] P4B_VARIANTS / PART_COLOR_VARIANTS 75,000/113,831 ( 65.9%) batch=16
2026-08-24T22:41:12.9851539-05:00 [PHASE4B] [OK ] [2.1] PART_COLOR_VARIANTS: 80,000/113,831 (70.3%) batches=16 elapsed=0.06s
2026-08-24T22:41:12.9861538-05:00 [PHASE4B] [RUN] [2.1] P4B_VARIANTS / PART_COLOR_VARIANTS 80,000/113,831 ( 70.3%) batch=17
2026-08-24T22:41:13.0421532-05:00 [PHASE4B] [OK ] [2.1] PART_COLOR_VARIANTS: 85,000/113,831 (74.7%) batches=17 elapsed=0.06s
2026-08-24T22:41:13.0441548-05:00 [PHASE4B] [RUN] [2.1] P4B_VARIANTS / PART_COLOR_VARIANTS 85,000/113,831 ( 74.7%) batch=18
2026-08-24T22:41:13.1211704-05:00 [PHASE4B] [OK ] [2.1] PART_COLOR_VARIANTS: 90,000/113,831 (79.1%) batches=18 elapsed=0.08s
2026-08-24T22:41:13.1221701-05:00 [PHASE4B] [RUN] [2.1] P4B_VARIANTS / PART_COLOR_VARIANTS 90,000/113,831 ( 79.1%) batch=19
2026-08-24T22:41:13.1741692-05:00 [PHASE4B] [OK ] [2.1] PART_COLOR_VARIANTS: 95,000/113,831 (83.5%) batches=19 elapsed=0.05s
2026-08-24T22:41:13.1761698-05:00 [PHASE4B] [RUN] [2.1] P4B_VARIANTS / PART_COLOR_VARIANTS 95,000/113,831 ( 83.5%) batch=20
2026-08-24T22:41:13.2341686-05:00 [PHASE4B] [OK ] [2.1] PART_COLOR_VARIANTS: 100,000/113,831 (87.8%) batches=20 elapsed=0.06s
2026-08-24T22:41:13.2361700-05:00 [PHASE4B] [RUN] [2.1] P4B_VARIANTS / PART_COLOR_VARIANTS 100,000/113,831 ( 87.8%) batch=21
2026-08-24T22:41:13.2871702-05:00 [PHASE4B] [OK ] [2.1] PART_COLOR_VARIANTS: 105,000/113,831 (92.2%) batches=21 elapsed=0.05s
2026-08-24T22:41:13.2881672-05:00 [PHASE4B] [RUN] [2.1] P4B_VARIANTS / PART_COLOR_VARIANTS 105,000/113,831 ( 92.2%) batch=22
2026-08-24T22:41:13.3391697-05:00 [PHASE4B] [OK ] [2.1] PART_COLOR_VARIANTS: 110,000/113,831 (96.6%) batches=22 elapsed=0.05s
2026-08-24T22:41:13.3411713-05:00 [PHASE4B] [RUN] [2.1] P4B_VARIANTS / PART_COLOR_VARIANTS 110,000/113,831 ( 96.6%) batch=23
2026-08-24T22:41:13.3791698-05:00 [PHASE4B] [OK ] [2.1] PART_COLOR_VARIANTS: 113,831/113,831 (100.0%) batches=23 elapsed=0.04s
2026-08-24T22:41:13.3801680-05:00 [PHASE4B] 
2026-08-24T22:41:13.3811675-05:00 [PHASE4B] -------------------------------------------------------------------------------
2026-08-24T22:41:13.3821695-05:00 [PHASE4B]  Durable Phase 4B checkpoint status
2026-08-24T22:41:13.3831682-05:00 [PHASE4B] -------------------------------------------------------------------------------
2026-08-24T22:41:13.3831682-05:00 [PHASE4B] 
2026-08-24T22:41:13.3841677-05:00 [PHASE4B] [1/5] P4B_VALIDATE
2026-08-24T22:41:13.3851681-05:00 [PHASE4B]       [1.1] SOURCE_CONTRACT          COMPLETED         1 / 1         100.0% batches=1
2026-08-24T22:41:13.3861681-05:00 [PHASE4B]       [1.2] PART_REFERENCES          COMPLETED         1 / 1         100.0% batches=1
2026-08-24T22:41:13.3861681-05:00 [PHASE4B]       [1.3] COLOR_REFERENCES         COMPLETED         1 / 1         100.0% batches=1
2026-08-24T22:41:13.3871681-05:00 [PHASE4B]       [1.4] ELEMENT_IDENTIFIERS      COMPLETED         1 / 1         100.0% batches=1
2026-08-24T22:41:13.3881675-05:00 [PHASE4B] 
2026-08-24T22:41:13.3881675-05:00 [PHASE4B] [2/5] P4B_VARIANTS
2026-08-24T22:41:13.3891710-05:00 [PHASE4B]       [2.1] PART_COLOR_VARIANTS      COMPLETED   113,831 / 113,831   100.0% batches=23
2026-08-24T22:41:13.3901674-05:00 [PHASE4B] 
2026-08-24T22:41:13.3901674-05:00 [PHASE4B] [3/5] P4B_ELEMENTS
2026-08-24T22:41:13.3911708-05:00 [PHASE4B]       [3.1] LEGO_ELEMENTS            PENDING           0 / 113,831     0.0% batches=0
2026-08-24T22:41:13.3921699-05:00 [PHASE4B]       [3.2] EXTERNAL_IDENTIFIERS     PENDING           0 / 113,831     0.0% batches=0
2026-08-24T22:41:13.3921699-05:00 [PHASE4B] 
2026-08-24T22:41:13.3931681-05:00 [PHASE4B] [4/5] P4B_SOURCE_PRESENCE
2026-08-24T22:41:13.3941681-05:00 [PHASE4B]       [4.1] ELEMENTS                 PENDING           0 / 1           0.0% batches=0
2026-08-24T22:41:13.3941681-05:00 [PHASE4B] 
2026-08-24T22:41:13.3951678-05:00 [PHASE4B] [5/5] P4B_FINALIZE
2026-08-24T22:41:13.3961681-05:00 [PHASE4B]       [5.1] VERIFY_COUNTS            PENDING           0 / 1           0.0% batches=0
2026-08-24T22:41:13.3961681-05:00 [PHASE4B]       [5.2] COMPLETE_RUN             PENDING           0 / 1           0.0% batches=0
2026-08-24T22:41:13.3971676-05:00 [PHASE4B] 
2026-08-24T22:41:13.3981676-05:00 [PHASE4B] [RUN] [3.1] P4B_ELEMENTS / LEGO_ELEMENTS 0/113,831 (  0.0%) batch=1
2026-08-24T22:41:14.4768672-05:00 [PHASE4B] [OK ] [3.1] LEGO_ELEMENTS: 5,000/113,831 (4.4%) batches=1 elapsed=1.10s
2026-08-24T22:41:14.4788680-05:00 [PHASE4B] [RUN] [3.1] P4B_ELEMENTS / LEGO_ELEMENTS 5,000/113,831 (  4.4%) batch=2
2026-08-24T22:41:14.8178954-05:00 [PHASE4B] [OK ] [3.1] LEGO_ELEMENTS: 10,000/113,831 (8.8%) batches=2 elapsed=0.34s
2026-08-24T22:41:14.8188957-05:00 [PHASE4B] [RUN] [3.1] P4B_ELEMENTS / LEGO_ELEMENTS 10,000/113,831 (  8.8%) batch=3
2026-08-24T22:41:15.0528955-05:00 [PHASE4B] [OK ] [3.1] LEGO_ELEMENTS: 15,000/113,831 (13.2%) batches=3 elapsed=0.24s
2026-08-24T22:41:15.0538959-05:00 [PHASE4B] [RUN] [3.1] P4B_ELEMENTS / LEGO_ELEMENTS 15,000/113,831 ( 13.2%) batch=4
2026-08-24T22:41:15.2631434-05:00 [PHASE4B] [OK ] [3.1] LEGO_ELEMENTS: 20,000/113,831 (17.6%) batches=4 elapsed=0.21s
2026-08-24T22:41:15.2641440-05:00 [PHASE4B] [RUN] [3.1] P4B_ELEMENTS / LEGO_ELEMENTS 20,000/113,831 ( 17.6%) batch=5
2026-08-24T22:41:15.4814976-05:00 [PHASE4B] [OK ] [3.1] LEGO_ELEMENTS: 25,000/113,831 (22.0%) batches=5 elapsed=0.22s
2026-08-24T22:41:15.4824988-05:00 [PHASE4B] [RUN] [3.1] P4B_ELEMENTS / LEGO_ELEMENTS 25,000/113,831 ( 22.0%) batch=6
2026-08-24T22:41:15.7006210-05:00 [PHASE4B] [OK ] [3.1] LEGO_ELEMENTS: 30,000/113,831 (26.4%) batches=6 elapsed=0.22s
2026-08-24T22:41:15.7016200-05:00 [PHASE4B] [RUN] [3.1] P4B_ELEMENTS / LEGO_ELEMENTS 30,000/113,831 ( 26.4%) batch=7
2026-08-24T22:41:16.0296202-05:00 [PHASE4B] [OK ] [3.1] LEGO_ELEMENTS: 35,000/113,831 (30.7%) batches=7 elapsed=0.33s
2026-08-24T22:41:16.0306204-05:00 [PHASE4B] [RUN] [3.1] P4B_ELEMENTS / LEGO_ELEMENTS 35,000/113,831 ( 30.7%) batch=8
2026-08-24T22:41:16.2536203-05:00 [PHASE4B] [OK ] [3.1] LEGO_ELEMENTS: 40,000/113,831 (35.1%) batches=8 elapsed=0.22s
2026-08-24T22:41:16.2546208-05:00 [PHASE4B] [RUN] [3.1] P4B_ELEMENTS / LEGO_ELEMENTS 40,000/113,831 ( 35.1%) batch=9
2026-08-24T22:41:16.5306203-05:00 [PHASE4B] [OK ] [3.1] LEGO_ELEMENTS: 45,000/113,831 (39.5%) batches=9 elapsed=0.28s
2026-08-24T22:41:16.5316204-05:00 [PHASE4B] [RUN] [3.1] P4B_ELEMENTS / LEGO_ELEMENTS 45,000/113,831 ( 39.5%) batch=10
2026-08-24T22:41:16.7697342-05:00 [PHASE4B] [OK ] [3.1] LEGO_ELEMENTS: 50,000/113,831 (43.9%) batches=10 elapsed=0.24s
2026-08-24T22:41:16.7717321-05:00 [PHASE4B] [RUN] [3.1] P4B_ELEMENTS / LEGO_ELEMENTS 50,000/113,831 ( 43.9%) batch=11
2026-08-24T22:41:17.0213424-05:00 [PHASE4B] [OK ] [3.1] LEGO_ELEMENTS: 55,000/113,831 (48.3%) batches=11 elapsed=0.25s
2026-08-24T22:41:17.0223410-05:00 [PHASE4B] [RUN] [3.1] P4B_ELEMENTS / LEGO_ELEMENTS 55,000/113,831 ( 48.3%) batch=12
2026-08-24T22:41:17.3897802-05:00 [PHASE4B] [OK ] [3.1] LEGO_ELEMENTS: 60,000/113,831 (52.7%) batches=12 elapsed=0.37s
2026-08-24T22:41:17.3917810-05:00 [PHASE4B] [RUN] [3.1] P4B_ELEMENTS / LEGO_ELEMENTS 60,000/113,831 ( 52.7%) batch=13
2026-08-24T22:41:17.6138126-05:00 [PHASE4B] [OK ] [3.1] LEGO_ELEMENTS: 65,000/113,831 (57.1%) batches=13 elapsed=0.22s
2026-08-24T22:41:17.6158149-05:00 [PHASE4B] [RUN] [3.1] P4B_ELEMENTS / LEGO_ELEMENTS 65,000/113,831 ( 57.1%) batch=14
2026-08-24T22:41:17.8728424-05:00 [PHASE4B] [OK ] [3.1] LEGO_ELEMENTS: 70,000/113,831 (61.5%) batches=14 elapsed=0.26s
2026-08-24T22:41:17.8738438-05:00 [PHASE4B] [RUN] [3.1] P4B_ELEMENTS / LEGO_ELEMENTS 70,000/113,831 ( 61.5%) batch=15
2026-08-24T22:41:18.0490924-05:00 [PHASE4B] [OK ] [3.1] LEGO_ELEMENTS: 75,000/113,831 (65.9%) batches=15 elapsed=0.18s
2026-08-24T22:41:18.0510951-05:00 [PHASE4B] [RUN] [3.1] P4B_ELEMENTS / LEGO_ELEMENTS 75,000/113,831 ( 65.9%) batch=16
2026-08-24T22:41:18.2551276-05:00 [PHASE4B] [OK ] [3.1] LEGO_ELEMENTS: 80,000/113,831 (70.3%) batches=16 elapsed=0.21s
2026-08-24T22:41:18.2561274-05:00 [PHASE4B] [RUN] [3.1] P4B_ELEMENTS / LEGO_ELEMENTS 80,000/113,831 ( 70.3%) batch=17
2026-08-24T22:41:18.4624417-05:00 [PHASE4B] [OK ] [3.1] LEGO_ELEMENTS: 85,000/113,831 (74.7%) batches=17 elapsed=0.21s
2026-08-24T22:41:18.4634411-05:00 [PHASE4B] [RUN] [3.1] P4B_ELEMENTS / LEGO_ELEMENTS 85,000/113,831 ( 74.7%) batch=18
2026-08-24T22:41:18.9386641-05:00 [PHASE4B] [OK ] [3.1] LEGO_ELEMENTS: 90,000/113,831 (79.1%) batches=18 elapsed=0.48s
2026-08-24T22:41:18.9396625-05:00 [PHASE4B] [RUN] [3.1] P4B_ELEMENTS / LEGO_ELEMENTS 90,000/113,831 ( 79.1%) batch=19
2026-08-24T22:41:19.4666273-05:00 [PHASE4B] [OK ] [3.1] LEGO_ELEMENTS: 95,000/113,831 (83.5%) batches=19 elapsed=0.53s
2026-08-24T22:41:19.4686302-05:00 [PHASE4B] [RUN] [3.1] P4B_ELEMENTS / LEGO_ELEMENTS 95,000/113,831 ( 83.5%) batch=20
2026-08-24T22:41:19.7301012-05:00 [PHASE4B] [OK ] [3.1] LEGO_ELEMENTS: 100,000/113,831 (87.8%) batches=20 elapsed=0.26s
2026-08-24T22:41:19.7310994-05:00 [PHASE4B] [RUN] [3.1] P4B_ELEMENTS / LEGO_ELEMENTS 100,000/113,831 ( 87.8%) batch=21
2026-08-24T22:41:19.9736869-05:00 [PHASE4B] [OK ] [3.1] LEGO_ELEMENTS: 105,000/113,831 (92.2%) batches=21 elapsed=0.24s
2026-08-24T22:41:19.9746868-05:00 [PHASE4B] [RUN] [3.1] P4B_ELEMENTS / LEGO_ELEMENTS 105,000/113,831 ( 92.2%) batch=22
2026-08-24T22:41:20.1791211-05:00 [PHASE4B] [OK ] [3.1] LEGO_ELEMENTS: 110,000/113,831 (96.6%) batches=22 elapsed=0.20s
2026-08-24T22:41:20.1801216-05:00 [PHASE4B] [RUN] [3.1] P4B_ELEMENTS / LEGO_ELEMENTS 110,000/113,831 ( 96.6%) batch=23
2026-08-24T22:41:20.3513267-05:00 [PHASE4B] [OK ] [3.1] LEGO_ELEMENTS: 113,831/113,831 (100.0%) batches=23 elapsed=0.17s
2026-08-24T22:41:20.3523236-05:00 [PHASE4B] 
2026-08-24T22:41:20.3533227-05:00 [PHASE4B] -------------------------------------------------------------------------------
2026-08-24T22:41:20.3533227-05:00 [PHASE4B]  Durable Phase 4B checkpoint status
2026-08-24T22:41:20.3543264-05:00 [PHASE4B] -------------------------------------------------------------------------------
2026-08-24T22:41:20.3553226-05:00 [PHASE4B] 
2026-08-24T22:41:20.3553226-05:00 [PHASE4B] [1/5] P4B_VALIDATE
2026-08-24T22:41:20.3563237-05:00 [PHASE4B]       [1.1] SOURCE_CONTRACT          COMPLETED         1 / 1         100.0% batches=1
2026-08-24T22:41:20.3573258-05:00 [PHASE4B]       [1.2] PART_REFERENCES          COMPLETED         1 / 1         100.0% batches=1
2026-08-24T22:41:20.3583227-05:00 [PHASE4B]       [1.3] COLOR_REFERENCES         COMPLETED         1 / 1         100.0% batches=1
2026-08-24T22:41:20.3583227-05:00 [PHASE4B]       [1.4] ELEMENT_IDENTIFIERS      COMPLETED         1 / 1         100.0% batches=1
2026-08-24T22:41:20.3593236-05:00 [PHASE4B] 
2026-08-24T22:41:20.3603234-05:00 [PHASE4B] [2/5] P4B_VARIANTS
2026-08-24T22:41:20.3603234-05:00 [PHASE4B]       [2.1] PART_COLOR_VARIANTS      COMPLETED   113,831 / 113,831   100.0% batches=23
2026-08-24T22:41:20.3613237-05:00 [PHASE4B] 
2026-08-24T22:41:20.3623249-05:00 [PHASE4B] [3/5] P4B_ELEMENTS
2026-08-24T22:41:20.3633234-05:00 [PHASE4B]       [3.1] LEGO_ELEMENTS            COMPLETED   113,831 / 113,831   100.0% batches=23
2026-08-24T22:41:20.3633234-05:00 [PHASE4B]       [3.2] EXTERNAL_IDENTIFIERS     PENDING           0 / 113,831     0.0% batches=0
2026-08-24T22:41:20.3643235-05:00 [PHASE4B] 
2026-08-24T22:41:20.3653232-05:00 [PHASE4B] [4/5] P4B_SOURCE_PRESENCE
2026-08-24T22:41:20.3653232-05:00 [PHASE4B]       [4.1] ELEMENTS                 PENDING           0 / 1           0.0% batches=0
2026-08-24T22:41:20.3663264-05:00 [PHASE4B] 
2026-08-24T22:41:20.3673238-05:00 [PHASE4B] [5/5] P4B_FINALIZE
2026-08-24T22:41:20.3673238-05:00 [PHASE4B]       [5.1] VERIFY_COUNTS            PENDING           0 / 1           0.0% batches=0
2026-08-24T22:41:20.3683258-05:00 [PHASE4B]       [5.2] COMPLETE_RUN             PENDING           0 / 1           0.0% batches=0
2026-08-24T22:41:20.3693231-05:00 [PHASE4B] 
2026-08-24T22:41:20.3693231-05:00 [PHASE4B] [RUN] [3.2] P4B_ELEMENTS / EXTERNAL_IDENTIFIERS 0/113,831 (  0.0%) batch=1
2026-08-24T22:41:20.7576942-05:00 [PHASE4B] [OK ] [3.2] EXTERNAL_IDENTIFIERS: 5,000/113,831 (4.4%) batches=1 elapsed=0.41s
2026-08-24T22:41:20.7586953-05:00 [PHASE4B] [RUN] [3.2] P4B_ELEMENTS / EXTERNAL_IDENTIFIERS 5,000/113,831 (  4.4%) batch=2
2026-08-24T22:41:21.0198561-05:00 [PHASE4B] [OK ] [3.2] EXTERNAL_IDENTIFIERS: 10,000/113,831 (8.8%) batches=2 elapsed=0.26s
2026-08-24T22:41:21.0208568-05:00 [PHASE4B] [RUN] [3.2] P4B_ELEMENTS / EXTERNAL_IDENTIFIERS 10,000/113,831 (  8.8%) batch=3
2026-08-24T22:41:21.2532559-05:00 [PHASE4B] [OK ] [3.2] EXTERNAL_IDENTIFIERS: 15,000/113,831 (13.2%) batches=3 elapsed=0.23s
2026-08-24T22:41:21.2542555-05:00 [PHASE4B] [RUN] [3.2] P4B_ELEMENTS / EXTERNAL_IDENTIFIERS 15,000/113,831 ( 13.2%) batch=4
2026-08-24T22:41:21.5166489-05:00 [PHASE4B] [OK ] [3.2] EXTERNAL_IDENTIFIERS: 20,000/113,831 (17.6%) batches=4 elapsed=0.26s
2026-08-24T22:41:21.5186497-05:00 [PHASE4B] [RUN] [3.2] P4B_ELEMENTS / EXTERNAL_IDENTIFIERS 20,000/113,831 ( 17.6%) batch=5
2026-08-24T22:41:21.7495347-05:00 [PHASE4B] [OK ] [3.2] EXTERNAL_IDENTIFIERS: 25,000/113,831 (22.0%) batches=5 elapsed=0.23s
2026-08-24T22:41:21.7517369-05:00 [PHASE4B] [RUN] [3.2] P4B_ELEMENTS / EXTERNAL_IDENTIFIERS 25,000/113,831 ( 22.0%) batch=6
2026-08-24T22:41:21.9707583-05:00 [PHASE4B] [OK ] [3.2] EXTERNAL_IDENTIFIERS: 30,000/113,831 (26.4%) batches=6 elapsed=0.22s
2026-08-24T22:41:21.9717573-05:00 [PHASE4B] [RUN] [3.2] P4B_ELEMENTS / EXTERNAL_IDENTIFIERS 30,000/113,831 ( 26.4%) batch=7
2026-08-24T22:41:22.2213529-05:00 [PHASE4B] [OK ] [3.2] EXTERNAL_IDENTIFIERS: 35,000/113,831 (30.7%) batches=7 elapsed=0.25s
2026-08-24T22:41:22.2223535-05:00 [PHASE4B] [RUN] [3.2] P4B_ELEMENTS / EXTERNAL_IDENTIFIERS 35,000/113,831 ( 30.7%) batch=8
2026-08-24T22:41:22.4662481-05:00 [PHASE4B] [OK ] [3.2] EXTERNAL_IDENTIFIERS: 40,000/113,831 (35.1%) batches=8 elapsed=0.24s
2026-08-24T22:41:22.4672482-05:00 [PHASE4B] [RUN] [3.2] P4B_ELEMENTS / EXTERNAL_IDENTIFIERS 40,000/113,831 ( 35.1%) batch=9
2026-08-24T22:41:22.7739601-05:00 [PHASE4B] [OK ] [3.2] EXTERNAL_IDENTIFIERS: 45,000/113,831 (39.5%) batches=9 elapsed=0.31s
2026-08-24T22:41:22.7749594-05:00 [PHASE4B] [RUN] [3.2] P4B_ELEMENTS / EXTERNAL_IDENTIFIERS 45,000/113,831 ( 39.5%) batch=10
2026-08-24T22:41:22.9979619-05:00 [PHASE4B] [OK ] [3.2] EXTERNAL_IDENTIFIERS: 50,000/113,831 (43.9%) batches=10 elapsed=0.22s
2026-08-24T22:41:22.9989618-05:00 [PHASE4B] [RUN] [3.2] P4B_ELEMENTS / EXTERNAL_IDENTIFIERS 50,000/113,831 ( 43.9%) batch=11
2026-08-24T22:41:23.2298421-05:00 [PHASE4B] [OK ] [3.2] EXTERNAL_IDENTIFIERS: 55,000/113,831 (48.3%) batches=11 elapsed=0.23s
2026-08-24T22:41:23.2308421-05:00 [PHASE4B] [RUN] [3.2] P4B_ELEMENTS / EXTERNAL_IDENTIFIERS 55,000/113,831 ( 48.3%) batch=12
2026-08-24T22:41:23.4588422-05:00 [PHASE4B] [OK ] [3.2] EXTERNAL_IDENTIFIERS: 60,000/113,831 (52.7%) batches=12 elapsed=0.23s
2026-08-24T22:41:23.4598422-05:00 [PHASE4B] [RUN] [3.2] P4B_ELEMENTS / EXTERNAL_IDENTIFIERS 60,000/113,831 ( 52.7%) batch=13
2026-08-24T22:41:23.6838419-05:00 [PHASE4B] [OK ] [3.2] EXTERNAL_IDENTIFIERS: 65,000/113,831 (57.1%) batches=13 elapsed=0.22s
2026-08-24T22:41:23.6848422-05:00 [PHASE4B] [RUN] [3.2] P4B_ELEMENTS / EXTERNAL_IDENTIFIERS 65,000/113,831 ( 57.1%) batch=14
2026-08-24T22:41:23.9039533-05:00 [PHASE4B] [OK ] [3.2] EXTERNAL_IDENTIFIERS: 70,000/113,831 (61.5%) batches=14 elapsed=0.22s
2026-08-24T22:41:23.9059536-05:00 [PHASE4B] [RUN] [3.2] P4B_ELEMENTS / EXTERNAL_IDENTIFIERS 70,000/113,831 ( 61.5%) batch=15
2026-08-24T22:41:24.2798234-05:00 [PHASE4B] [OK ] [3.2] EXTERNAL_IDENTIFIERS: 75,000/113,831 (65.9%) batches=15 elapsed=0.37s
2026-08-24T22:41:24.2808273-05:00 [PHASE4B] [RUN] [3.2] P4B_ELEMENTS / EXTERNAL_IDENTIFIERS 75,000/113,831 ( 65.9%) batch=16
2026-08-24T22:41:24.5158333-05:00 [PHASE4B] [OK ] [3.2] EXTERNAL_IDENTIFIERS: 80,000/113,831 (70.3%) batches=16 elapsed=0.24s
2026-08-24T22:41:24.5168343-05:00 [PHASE4B] [RUN] [3.2] P4B_ELEMENTS / EXTERNAL_IDENTIFIERS 80,000/113,831 ( 70.3%) batch=17
2026-08-24T22:41:24.7498395-05:00 [PHASE4B] [OK ] [3.2] EXTERNAL_IDENTIFIERS: 85,000/113,831 (74.7%) batches=17 elapsed=0.23s
2026-08-24T22:41:24.7518448-05:00 [PHASE4B] [RUN] [3.2] P4B_ELEMENTS / EXTERNAL_IDENTIFIERS 85,000/113,831 ( 74.7%) batch=18
2026-08-24T22:41:24.9728395-05:00 [PHASE4B] [OK ] [3.2] EXTERNAL_IDENTIFIERS: 90,000/113,831 (79.1%) batches=18 elapsed=0.22s
2026-08-24T22:41:24.9738403-05:00 [PHASE4B] [RUN] [3.2] P4B_ELEMENTS / EXTERNAL_IDENTIFIERS 90,000/113,831 ( 79.1%) batch=19
2026-08-24T22:41:25.1908395-05:00 [PHASE4B] [OK ] [3.2] EXTERNAL_IDENTIFIERS: 95,000/113,831 (83.5%) batches=19 elapsed=0.22s
2026-08-24T22:41:25.1918398-05:00 [PHASE4B] [RUN] [3.2] P4B_ELEMENTS / EXTERNAL_IDENTIFIERS 95,000/113,831 ( 83.5%) batch=20
2026-08-24T22:41:25.4298451-05:00 [PHASE4B] [OK ] [3.2] EXTERNAL_IDENTIFIERS: 100,000/113,831 (87.8%) batches=20 elapsed=0.24s
2026-08-24T22:41:25.4308443-05:00 [PHASE4B] [RUN] [3.2] P4B_ELEMENTS / EXTERNAL_IDENTIFIERS 100,000/113,831 ( 87.8%) batch=21
2026-08-24T22:41:25.6642724-05:00 [PHASE4B] [OK ] [3.2] EXTERNAL_IDENTIFIERS: 105,000/113,831 (92.2%) batches=21 elapsed=0.23s
2026-08-24T22:41:25.6652725-05:00 [PHASE4B] [RUN] [3.2] P4B_ELEMENTS / EXTERNAL_IDENTIFIERS 105,000/113,831 ( 92.2%) batch=22
2026-08-24T22:41:25.9144374-05:00 [PHASE4B] [OK ] [3.2] EXTERNAL_IDENTIFIERS: 110,000/113,831 (96.6%) batches=22 elapsed=0.25s
2026-08-24T22:41:25.9154377-05:00 [PHASE4B] [RUN] [3.2] P4B_ELEMENTS / EXTERNAL_IDENTIFIERS 110,000/113,831 ( 96.6%) batch=23
2026-08-24T22:41:26.0944365-05:00 [PHASE4B] [OK ] [3.2] EXTERNAL_IDENTIFIERS: 113,831/113,831 (100.0%) batches=23 elapsed=0.18s
2026-08-24T22:41:26.0954394-05:00 [PHASE4B] 
2026-08-24T22:41:26.0964391-05:00 [PHASE4B] -------------------------------------------------------------------------------
2026-08-24T22:41:26.0974388-05:00 [PHASE4B]  Durable Phase 4B checkpoint status
2026-08-24T22:41:26.0984375-05:00 [PHASE4B] -------------------------------------------------------------------------------
2026-08-24T22:41:26.0994365-05:00 [PHASE4B] 
2026-08-24T22:41:26.0994365-05:00 [PHASE4B] [1/5] P4B_VALIDATE
2026-08-24T22:41:26.1004384-05:00 [PHASE4B]       [1.1] SOURCE_CONTRACT          COMPLETED         1 / 1         100.0% batches=1
2026-08-24T22:41:26.1014373-05:00 [PHASE4B]       [1.2] PART_REFERENCES          COMPLETED         1 / 1         100.0% batches=1
2026-08-24T22:41:26.1014373-05:00 [PHASE4B]       [1.3] COLOR_REFERENCES         COMPLETED         1 / 1         100.0% batches=1
2026-08-24T22:41:26.1024371-05:00 [PHASE4B]       [1.4] ELEMENT_IDENTIFIERS      COMPLETED         1 / 1         100.0% batches=1
2026-08-24T22:41:26.1034382-05:00 [PHASE4B] 
2026-08-24T22:41:26.1034382-05:00 [PHASE4B] [2/5] P4B_VARIANTS
2026-08-24T22:41:26.1044368-05:00 [PHASE4B]       [2.1] PART_COLOR_VARIANTS      COMPLETED   113,831 / 113,831   100.0% batches=23
2026-08-24T22:41:26.1054400-05:00 [PHASE4B] 
2026-08-24T22:41:26.1054400-05:00 [PHASE4B] [3/5] P4B_ELEMENTS
2026-08-24T22:41:26.1064398-05:00 [PHASE4B]       [3.1] LEGO_ELEMENTS            COMPLETED   113,831 / 113,831   100.0% batches=23
2026-08-24T22:41:26.1074366-05:00 [PHASE4B]       [3.2] EXTERNAL_IDENTIFIERS     COMPLETED   113,831 / 113,831   100.0% batches=23
2026-08-24T22:41:26.1074366-05:00 [PHASE4B] 
2026-08-24T22:41:26.1084371-05:00 [PHASE4B] [4/5] P4B_SOURCE_PRESENCE
2026-08-24T22:41:26.1094372-05:00 [PHASE4B]       [4.1] ELEMENTS                 PENDING           0 / 1           0.0% batches=0
2026-08-24T22:41:26.1104369-05:00 [PHASE4B] 
2026-08-24T22:41:26.1104369-05:00 [PHASE4B] [5/5] P4B_FINALIZE
2026-08-24T22:41:26.1114372-05:00 [PHASE4B]       [5.1] VERIFY_COUNTS            PENDING           0 / 1           0.0% batches=0
2026-08-24T22:41:26.1124369-05:00 [PHASE4B]       [5.2] COMPLETE_RUN             PENDING           0 / 1           0.0% batches=0
2026-08-24T22:41:26.1124369-05:00 [PHASE4B] 
2026-08-24T22:41:26.1134373-05:00 [PHASE4B] [RUN] [4.1] P4B_SOURCE_PRESENCE / ELEMENTS 0/1 (  0.0%) batch=1
2026-08-24T22:41:26.2640599-05:00 [PHASE4B] [OK ] [4.1] ELEMENTS: 1/1 (100.0%) batches=1 elapsed=0.17s
2026-08-24T22:41:26.2650589-05:00 [PHASE4B] 
2026-08-24T22:41:26.2650589-05:00 [PHASE4B] -------------------------------------------------------------------------------
2026-08-24T22:41:26.2660586-05:00 [PHASE4B]  Durable Phase 4B checkpoint status
2026-08-24T22:41:26.2670593-05:00 [PHASE4B] -------------------------------------------------------------------------------
2026-08-24T22:41:26.2680587-05:00 [PHASE4B] 
2026-08-24T22:41:26.2680587-05:00 [PHASE4B] [1/5] P4B_VALIDATE
2026-08-24T22:41:26.2690590-05:00 [PHASE4B]       [1.1] SOURCE_CONTRACT          COMPLETED         1 / 1         100.0% batches=1
2026-08-24T22:41:26.2700640-05:00 [PHASE4B]       [1.2] PART_REFERENCES          COMPLETED         1 / 1         100.0% batches=1
2026-08-24T22:41:26.2710602-05:00 [PHASE4B]       [1.3] COLOR_REFERENCES         COMPLETED         1 / 1         100.0% batches=1
2026-08-24T22:41:26.2720586-05:00 [PHASE4B]       [1.4] ELEMENT_IDENTIFIERS      COMPLETED         1 / 1         100.0% batches=1
2026-08-24T22:41:26.2720586-05:00 [PHASE4B] 
2026-08-24T22:41:26.2730597-05:00 [PHASE4B] [2/5] P4B_VARIANTS
2026-08-24T22:41:26.2740591-05:00 [PHASE4B]       [2.1] PART_COLOR_VARIANTS      COMPLETED   113,831 / 113,831   100.0% batches=23
2026-08-24T22:41:26.2740591-05:00 [PHASE4B] 
2026-08-24T22:41:26.2750595-05:00 [PHASE4B] [3/5] P4B_ELEMENTS
2026-08-24T22:41:26.2760585-05:00 [PHASE4B]       [3.1] LEGO_ELEMENTS            COMPLETED   113,831 / 113,831   100.0% batches=23
2026-08-24T22:41:26.2760585-05:00 [PHASE4B]       [3.2] EXTERNAL_IDENTIFIERS     COMPLETED   113,831 / 113,831   100.0% batches=23
2026-08-24T22:41:26.2770587-05:00 [PHASE4B] 
2026-08-24T22:41:26.2780593-05:00 [PHASE4B] [4/5] P4B_SOURCE_PRESENCE
2026-08-24T22:41:26.2780593-05:00 [PHASE4B]       [4.1] ELEMENTS                 COMPLETED         1 / 1         100.0% batches=1
2026-08-24T22:41:26.2790591-05:00 [PHASE4B] 
2026-08-24T22:41:26.2800586-05:00 [PHASE4B] [5/5] P4B_FINALIZE
2026-08-24T22:41:26.2800586-05:00 [PHASE4B]       [5.1] VERIFY_COUNTS            PENDING           0 / 1           0.0% batches=0
2026-08-24T22:41:26.2810587-05:00 [PHASE4B]       [5.2] COMPLETE_RUN             PENDING           0 / 1           0.0% batches=0
2026-08-24T22:41:26.2820601-05:00 [PHASE4B] 
2026-08-24T22:41:26.2820601-05:00 [PHASE4B] [RUN] [5.1] P4B_FINALIZE / VERIFY_COUNTS 0/1 (  0.0%) batch=1
2026-08-24T22:41:27.1469451-05:00 [PHASE4B] [OK ] [5.1] VERIFY_COUNTS: 1/1 (100.0%) batches=1 elapsed=0.88s
2026-08-24T22:41:27.1479451-05:00 [PHASE4B] 
2026-08-24T22:41:27.1489451-05:00 [PHASE4B] -------------------------------------------------------------------------------
2026-08-24T22:41:27.1489451-05:00 [PHASE4B]  Durable Phase 4B checkpoint status
2026-08-24T22:41:27.1499475-05:00 [PHASE4B] -------------------------------------------------------------------------------
2026-08-24T22:41:27.1509463-05:00 [PHASE4B] 
2026-08-24T22:41:27.1519457-05:00 [PHASE4B] [1/5] P4B_VALIDATE
2026-08-24T22:41:27.1519457-05:00 [PHASE4B]       [1.1] SOURCE_CONTRACT          COMPLETED         1 / 1         100.0% batches=1
2026-08-24T22:41:27.1529453-05:00 [PHASE4B]       [1.2] PART_REFERENCES          COMPLETED         1 / 1         100.0% batches=1
2026-08-24T22:41:27.1539457-05:00 [PHASE4B]       [1.3] COLOR_REFERENCES         COMPLETED         1 / 1         100.0% batches=1
2026-08-24T22:41:27.1539457-05:00 [PHASE4B]       [1.4] ELEMENT_IDENTIFIERS      COMPLETED         1 / 1         100.0% batches=1
2026-08-24T22:41:27.1549463-05:00 [PHASE4B] 
2026-08-24T22:41:27.1559457-05:00 [PHASE4B] [2/5] P4B_VARIANTS
2026-08-24T22:41:27.1569475-05:00 [PHASE4B]       [2.1] PART_COLOR_VARIANTS      COMPLETED   113,831 / 113,831   100.0% batches=23
2026-08-24T22:41:27.1569475-05:00 [PHASE4B] 
2026-08-24T22:41:27.1579460-05:00 [PHASE4B] [3/5] P4B_ELEMENTS
2026-08-24T22:41:27.1589462-05:00 [PHASE4B]       [3.1] LEGO_ELEMENTS            COMPLETED   113,831 / 113,831   100.0% batches=23
2026-08-24T22:41:27.1599463-05:00 [PHASE4B]       [3.2] EXTERNAL_IDENTIFIERS     COMPLETED   113,831 / 113,831   100.0% batches=23
2026-08-24T22:41:27.1599463-05:00 [PHASE4B] 
2026-08-24T22:41:27.1609461-05:00 [PHASE4B] [4/5] P4B_SOURCE_PRESENCE
2026-08-24T22:41:27.1609461-05:00 [PHASE4B]       [4.1] ELEMENTS                 COMPLETED         1 / 1         100.0% batches=1
2026-08-24T22:41:27.1619456-05:00 [PHASE4B] 
2026-08-24T22:41:27.1629467-05:00 [PHASE4B] [5/5] P4B_FINALIZE
2026-08-24T22:41:27.1639477-05:00 [PHASE4B]       [5.1] VERIFY_COUNTS            COMPLETED         1 / 1         100.0% batches=1
2026-08-24T22:41:27.1639477-05:00 [PHASE4B]       [5.2] COMPLETE_RUN             PENDING           0 / 1           0.0% batches=0
2026-08-24T22:41:27.1649457-05:00 [PHASE4B] 
2026-08-24T22:41:27.1659462-05:00 [PHASE4B] [RUN] [5.2] P4B_FINALIZE / COMPLETE_RUN 0/1 (  0.0%) batch=1
2026-08-24T22:41:27.1659462-05:00 [PHASE4B] [OK ] [5.2] COMPLETE_RUN: 1/1 (100.0%) batches=1 elapsed=0.01s
2026-08-24T22:41:27.1669466-05:00 [PHASE4B] 
2026-08-24T22:41:27.1679484-05:00 [PHASE4B] -------------------------------------------------------------------------------
2026-08-24T22:41:27.1679484-05:00 [PHASE4B]  Durable Phase 4B checkpoint status
2026-08-24T22:41:27.1689455-05:00 [PHASE4B] -------------------------------------------------------------------------------
2026-08-24T22:41:27.1699480-05:00 [PHASE4B] 
2026-08-24T22:41:27.1709456-05:00 [PHASE4B] [1/5] P4B_VALIDATE
2026-08-24T22:41:27.1709456-05:00 [PHASE4B]       [1.1] SOURCE_CONTRACT          COMPLETED         1 / 1         100.0% batches=1
2026-08-24T22:41:27.1719461-05:00 [PHASE4B]       [1.2] PART_REFERENCES          COMPLETED         1 / 1         100.0% batches=1
2026-08-24T22:41:27.1729464-05:00 [PHASE4B]       [1.3] COLOR_REFERENCES         COMPLETED         1 / 1         100.0% batches=1
2026-08-24T22:41:27.1739461-05:00 [PHASE4B]       [1.4] ELEMENT_IDENTIFIERS      COMPLETED         1 / 1         100.0% batches=1
2026-08-24T22:41:27.1739461-05:00 [PHASE4B] 
2026-08-24T22:41:27.1749461-05:00 [PHASE4B] [2/5] P4B_VARIANTS
2026-08-24T22:41:27.1759457-05:00 [PHASE4B]       [2.1] PART_COLOR_VARIANTS      COMPLETED   113,831 / 113,831   100.0% batches=23
2026-08-24T22:41:27.1769461-05:00 [PHASE4B] 
2026-08-24T22:41:27.1769461-05:00 [PHASE4B] [3/5] P4B_ELEMENTS
2026-08-24T22:41:27.1779457-05:00 [PHASE4B]       [3.1] LEGO_ELEMENTS            COMPLETED   113,831 / 113,831   100.0% batches=23
2026-08-24T22:41:27.1789453-05:00 [PHASE4B]       [3.2] EXTERNAL_IDENTIFIERS     COMPLETED   113,831 / 113,831   100.0% batches=23
2026-08-24T22:41:27.1789453-05:00 [PHASE4B] 
2026-08-24T22:41:27.1799454-05:00 [PHASE4B] [4/5] P4B_SOURCE_PRESENCE
2026-08-24T22:41:27.1809453-05:00 [PHASE4B]       [4.1] ELEMENTS                 COMPLETED         1 / 1         100.0% batches=1
2026-08-24T22:41:27.1809453-05:00 [PHASE4B] 
2026-08-24T22:41:27.1819453-05:00 [PHASE4B] [5/5] P4B_FINALIZE
2026-08-24T22:41:27.1829454-05:00 [PHASE4B]       [5.1] VERIFY_COUNTS            COMPLETED         1 / 1         100.0% batches=1
2026-08-24T22:41:27.1829454-05:00 [PHASE4B]       [5.2] COMPLETE_RUN             COMPLETED         1 / 1         100.0% batches=1
2026-08-24T22:41:27.1839453-05:00 [PHASE4B] 
2026-08-24T22:41:27.1849463-05:00 [PHASE4B] ==============================================================================
2026-08-24T22:41:27.1849463-05:00 [PHASE4B]  [PASS] Rebrickable Phase 4B checkpointed reconciliation completed
2026-08-24T22:41:27.1859455-05:00 [PHASE4B]  [INFO] Source run: 01a03701-e142-7961-9268-884463726b14
2026-08-24T22:41:27.1869455-05:00 [PHASE4B]  [INFO] Elapsed seconds: 17.20
2026-08-24T22:41:27.1879458-05:00 [PHASE4B] ==============================================================================
2026-08-24T22:41:27.1879458-05:00 [INFO] PHASE4B process exit code=0
2026-08-24T22:41:27.1889469-05:00 [PASS] PHASE4B completed
2026-08-24T22:41:27.2509476-05:00 [PASS] Lifecycle finalized source_run_id=01a03701-e142-7961-9268-884463726b14
2026-08-24T22:41:27.2529726-05:00 [INFO] START PHASE5A: import_rebrickable_phase5a_inventory.py --downloads-dir L:\var\www\Brk.Trkr\brk.trkr-db\import\runtime\snapshots\nightly_20260824_224016
2026-08-24T22:41:32.3593356-05:00 [PHASE5A] ==============================================================================
2026-08-24T22:41:32.3603379-05:00 [PHASE5A]  BrickTrackr Rebrickable Phase 5A - Inventory Staging v5.0.1
2026-08-24T22:41:32.3613361-05:00 [PHASE5A] ==============================================================================
2026-08-24T22:41:32.3613361-05:00 [PHASE5A] [INFO] Downloads:  L:\var\www\Brk.Trkr\brk.trkr-db\import\runtime\snapshots\nightly_20260824_224016
2026-08-24T22:41:32.3623371-05:00 [PHASE5A] [INFO] COPY batch: 50,000
2026-08-24T22:41:32.3633375-05:00 [PHASE5A] 
2026-08-24T22:41:32.3643374-05:00 [PHASE5A] [VALIDATE] Source contracts and cross-file inventory references
2026-08-24T22:41:32.3643374-05:00 [PHASE5A] [PASS] inventories          rows=    47,216 sha256=a5f9c085a32d6e433397502343425062fea3587cdb87d1b671e16d1f103d7deb
2026-08-24T22:41:32.3653384-05:00 [PHASE5A] [PASS] inventory_parts      rows= 1,551,229 sha256=35e550ab6e958a25b0fc3dbe7a5f5a4651b8b770f68e4881aefb44a0f9e0c8bd
2026-08-24T22:41:32.3663378-05:00 [PHASE5A] [PASS] inventory_sets       rows=     5,176 sha256=a260844f665f5fe64675184fc01a93f78488548e51fbd7b2cc9dfdd7b7e5798b
2026-08-24T22:41:32.3673373-05:00 [PHASE5A] [PASS] inventory_minifigs   rows=    25,738 sha256=805be4a494c16fc4277f27693c503e3d2b2cbc21847f483954b244bb05109670
2026-08-24T22:41:32.3673373-05:00 [PHASE5A] [PASS] Total source rows: 1,629,359
2026-08-24T22:41:32.3683368-05:00 [PHASE5A] 
2026-08-24T22:41:32.3693367-05:00 [PHASE5A] [RUN ] Source run: 01a03702-442c-7e82-a480-681cfead5f2a
2026-08-24T22:41:32.3693367-05:00 [PHASE5A] 
2026-08-24T22:41:32.3703370-05:00 [PHASE5A] [DATASET] inventories -> INVENTORY (47,216 rows)
2026-08-24T22:41:32.3713367-05:00 [PHASE5A] [STAGE] inventories          batch=  1     47,216/47,216 (100.0%)
2026-08-24T22:41:34.2321120-05:00 [PHASE5A] [PASS] inventories: 47,216 rows staged/validated
2026-08-24T22:41:34.2331124-05:00 [PHASE5A] 
2026-08-24T22:41:34.2341155-05:00 [PHASE5A] [DATASET] inventory_parts -> INVENTORY_PART (1,551,229 rows)
2026-08-24T22:41:34.2351136-05:00 [PHASE5A] [STAGE] inventory_parts      batch=  1     50,000/1,551,229 (  3.2%)
2026-08-24T22:41:36.4073606-05:00 [PHASE5A] [STAGE] inventory_parts      batch=  2    100,000/1,551,229 (  6.4%)
2026-08-24T22:41:37.9505011-05:00 [PHASE5A] [STAGE] inventory_parts      batch=  3    150,000/1,551,229 (  9.7%)
2026-08-24T22:41:44.0131174-05:00 [PHASE5A] [STAGE] inventory_parts      batch=  4    200,000/1,551,229 ( 12.9%)
2026-08-24T22:41:46.4373009-05:00 [PHASE5A] [STAGE] inventory_parts      batch=  5    250,000/1,551,229 ( 16.1%)
2026-08-24T22:41:47.9261686-05:00 [PHASE5A] [STAGE] inventory_parts      batch=  6    300,000/1,551,229 ( 19.3%)
2026-08-24T22:41:49.3180808-05:00 [PHASE5A] [STAGE] inventory_parts      batch=  7    350,000/1,551,229 ( 22.6%)
2026-08-24T22:41:50.8434087-05:00 [PHASE5A] [STAGE] inventory_parts      batch=  8    400,000/1,551,229 ( 25.8%)
2026-08-24T22:41:52.2083835-05:00 [PHASE5A] [STAGE] inventory_parts      batch=  9    450,000/1,551,229 ( 29.0%)
2026-08-24T22:41:53.6748862-05:00 [PHASE5A] [STAGE] inventory_parts      batch= 10    500,000/1,551,229 ( 32.2%)
2026-08-24T22:41:55.4285304-05:00 [PHASE5A] [STAGE] inventory_parts      batch= 11    550,000/1,551,229 ( 35.5%)
2026-08-24T22:41:56.8543204-05:00 [PHASE5A] [STAGE] inventory_parts      batch= 12    600,000/1,551,229 ( 38.7%)
2026-08-24T22:42:09.1129886-05:00 [PHASE5A] [STAGE] inventory_parts      batch= 13    650,000/1,551,229 ( 41.9%)
2026-08-24T22:42:26.2340366-05:00 [PHASE5A] [STAGE] inventory_parts      batch= 14    700,000/1,551,229 ( 45.1%)
2026-08-24T22:42:27.8018722-05:00 [PHASE5A] [STAGE] inventory_parts      batch= 15    750,000/1,551,229 ( 48.3%)
2026-08-24T22:42:29.8679562-05:00 [PHASE5A] [STAGE] inventory_parts      batch= 16    800,000/1,551,229 ( 51.6%)
2026-08-24T22:42:32.0072429-05:00 [PHASE5A] [STAGE] inventory_parts      batch= 17    850,000/1,551,229 ( 54.8%)
2026-08-24T22:42:33.5427596-05:00 [PHASE5A] [STAGE] inventory_parts      batch= 18    900,000/1,551,229 ( 58.0%)
2026-08-24T22:42:35.0628175-05:00 [PHASE5A] [STAGE] inventory_parts      batch= 19    950,000/1,551,229 ( 61.2%)
2026-08-24T22:42:36.4760307-05:00 [PHASE5A] [STAGE] inventory_parts      batch= 20  1,000,000/1,551,229 ( 64.5%)
2026-08-24T22:42:38.0760983-05:00 [PHASE5A] [STAGE] inventory_parts      batch= 21  1,050,000/1,551,229 ( 67.7%)
2026-08-24T22:42:39.6002371-05:00 [PHASE5A] [STAGE] inventory_parts      batch= 22  1,100,000/1,551,229 ( 70.9%)
2026-08-24T22:42:41.3963216-05:00 [PHASE5A] [STAGE] inventory_parts      batch= 23  1,150,000/1,551,229 ( 74.1%)
2026-08-24T22:42:43.1109689-05:00 [PHASE5A] [STAGE] inventory_parts      batch= 24  1,200,000/1,551,229 ( 77.4%)
2026-08-24T22:42:44.6961594-05:00 [PHASE5A] [STAGE] inventory_parts      batch= 25  1,250,000/1,551,229 ( 80.6%)
2026-08-24T22:42:54.6945254-05:00 [PHASE5A] [STAGE] inventory_parts      batch= 26  1,300,000/1,551,229 ( 83.8%)
2026-08-24T22:43:01.9440456-05:00 [PHASE5A] [STAGE] inventory_parts      batch= 27  1,350,000/1,551,229 ( 87.0%)
2026-08-24T22:43:04.3866658-05:00 [PHASE5A] [STAGE] inventory_parts      batch= 28  1,400,000/1,551,229 ( 90.3%)
2026-08-24T22:43:06.0752402-05:00 [PHASE5A] [STAGE] inventory_parts      batch= 29  1,450,000/1,551,229 ( 93.5%)
2026-08-24T22:43:07.5985352-05:00 [PHASE5A] [STAGE] inventory_parts      batch= 30  1,500,000/1,551,229 ( 96.7%)
2026-08-24T22:43:09.2231541-05:00 [PHASE5A] [STAGE] inventory_parts      batch= 31  1,550,000/1,551,229 ( 99.9%)
2026-08-24T22:43:09.3061539-05:00 [PHASE5A] [STAGE] inventory_parts      batch= 32  1,551,229/1,551,229 (100.0%)
2026-08-24T22:43:51.2958932-05:00 [PHASE5A] [PASS] inventory_parts: 1,551,229 rows staged/validated
2026-08-24T22:43:51.2968936-05:00 [PHASE5A] 
2026-08-24T22:43:51.2978949-05:00 [PHASE5A] [DATASET] inventory_sets -> INVENTORY_SET (5,176 rows)
2026-08-24T22:43:51.2988935-05:00 [PHASE5A] [STAGE] inventory_sets       batch=  1      5,176/5,176 (100.0%)
2026-08-24T22:44:03.7190927-05:00 [PHASE5A] [PASS] inventory_sets: 5,176 rows staged/validated
2026-08-24T22:44:03.7200942-05:00 [PHASE5A] 
2026-08-24T22:44:03.7210937-05:00 [PHASE5A] [DATASET] inventory_minifigs -> INVENTORY_MINIFIGURE (25,738 rows)
2026-08-24T22:44:03.7220941-05:00 [PHASE5A] [STAGE] inventory_minifigs   batch=  1     25,738/25,738 (100.0%)
2026-08-24T22:44:06.4049765-05:00 [PHASE5A] [PASS] inventory_minifigs: 25,738 rows staged/validated
2026-08-24T22:44:06.4059765-05:00 [PHASE5A] 
2026-08-24T22:44:06.4069750-05:00 [PHASE5A] ==============================================================================
2026-08-24T22:44:06.4079757-05:00 [PHASE5A]  [PASS] Rebrickable Phase 5A inventory staging completed
2026-08-24T22:44:06.4089744-05:00 [PHASE5A]  [INFO] Source run: 01a03702-442c-7e82-a480-681cfead5f2a
2026-08-24T22:44:06.4099742-05:00 [PHASE5A]  [INFO] Total rows: 1,629,359
2026-08-24T22:44:06.4109750-05:00 [PHASE5A]  [INFO] Elapsed seconds: 158.99
2026-08-24T22:44:06.4109750-05:00 [PHASE5A]  [INFO] Status: VALIDATING
2026-08-24T22:44:06.4119763-05:00 [PHASE5A] ==============================================================================
2026-08-24T22:44:06.4129750-05:00 [PHASE5A] 
2026-08-24T22:44:06.4139754-05:00 [PHASE5A] [NEXT] Phase 5B may reconcile this source run. No canonical definition/catalog DML was performed.
2026-08-24T22:44:06.4309739-05:00 [INFO] PHASE5A process exit code=0
2026-08-24T22:44:06.4319755-05:00 [PASS] PHASE5A completed
2026-08-24T22:44:06.5863223-05:00 [INFO] PHASE5A source_run_id=01a03702-442c-7e82-a480-681cfead5f2a
2026-08-24T22:44:06.8849096-05:00 [INFO] START PHASE5B: reconcile_rebrickable_phase5b_checkpointed.py --source-run-id 01a03702-442c-7e82-a480-681cfead5f2a
2026-08-24T22:44:07.9464778-05:00 [PHASE5B] ==============================================================================
2026-08-24T22:44:07.9474772-05:00 [PHASE5B]  BrickTrackr Rebrickable Phase 5B - Checkpointed Reconcile v5.1.2
2026-08-24T22:44:07.9484760-05:00 [PHASE5B] ==============================================================================
2026-08-24T22:44:07.9494756-05:00 [PHASE5B] [INFO] Mode:       RESUME
2026-08-24T22:44:07.9494756-05:00 [PHASE5B] [INFO] Source run: 01a03702-442c-7e82-a480-681cfead5f2a
2026-08-24T22:44:07.9504768-05:00 [PHASE5B] [INFO] Batch size: 5,000
2026-08-24T22:44:07.9514756-05:00 [PHASE5B] [+] Checkpoint ledger ready: inventories=47,216, parts=1,551,229, sets=5,176, minifigs=25,738
2026-08-24T22:44:07.9524772-05:00 [PHASE5B] 
2026-08-24T22:44:07.9534787-05:00 [PHASE5B] -------------------------------------------------------------------------------
2026-08-24T22:44:07.9534787-05:00 [PHASE5B]  Durable Phase 5B checkpoint status
2026-08-24T22:44:07.9544758-05:00 [PHASE5B] -------------------------------------------------------------------------------
2026-08-24T22:44:07.9554750-05:00 [PHASE5B] 
2026-08-24T22:44:07.9564761-05:00 [PHASE5B] [1/10] P5B_VALIDATE
2026-08-24T22:44:07.9574788-05:00 [PHASE5B]       [1.1] SOURCE_CONTRACT              PENDING            0 / 1            0.0% batches=0
2026-08-24T22:44:07.9584765-05:00 [PHASE5B]       [1.2] PARENT_CLASSIFICATION        PENDING            0 / 1            0.0% batches=0
2026-08-24T22:44:07.9584765-05:00 [PHASE5B]       [1.3] CATALOG_REFERENCES           PENDING            0 / 1            0.0% batches=0
2026-08-24T22:44:07.9594784-05:00 [PHASE5B]       [1.4] VERSION_KEYS                 PENDING            0 / 1            0.0% batches=0
2026-08-24T22:44:07.9604796-05:00 [PHASE5B] 
2026-08-24T22:44:07.9614754-05:00 [PHASE5B] [2/10] P5B_VARIANTS
2026-08-24T22:44:07.9624760-05:00 [PHASE5B]       [2.1] BASE_PART_COLOR_VARIANTS     PENDING            0 / 1,551,229    0.0% batches=0
2026-08-24T22:44:07.9624760-05:00 [PHASE5B] 
2026-08-24T22:44:07.9634762-05:00 [PHASE5B] [3/10] P5B_DEFINITIONS
2026-08-24T22:44:07.9644763-05:00 [PHASE5B]       [3.1] PARENT_DEFINITIONS           PENDING            0 / 47,216       0.0% batches=0
2026-08-24T22:44:07.9654766-05:00 [PHASE5B] 
2026-08-24T22:44:07.9664770-05:00 [PHASE5B] [4/10] P5B_VERSIONS
2026-08-24T22:44:07.9674756-05:00 [PHASE5B]       [4.1] SOURCE_VERSIONS              PENDING            0 / 47,216       0.0% batches=0
2026-08-24T22:44:07.9684766-05:00 [PHASE5B] 
2026-08-24T22:44:07.9694758-05:00 [PHASE5B] [5/10] P5B_SET_MEMBERS
2026-08-24T22:44:07.9694758-05:00 [PHASE5B]       [5.1] PARTS                        PENDING            0 / 1,551,229    0.0% batches=0
2026-08-24T22:44:07.9704750-05:00 [PHASE5B]       [5.2] SETS                         PENDING            0 / 5,176        0.0% batches=0
2026-08-24T22:44:07.9714795-05:00 [PHASE5B]       [5.3] MINIFIGURES                  PENDING            0 / 25,738       0.0% batches=0
2026-08-24T22:44:07.9724755-05:00 [PHASE5B] 
2026-08-24T22:44:07.9734753-05:00 [PHASE5B] [6/10] P5B_MINIFIG_MEMBERS
2026-08-24T22:44:07.9734753-05:00 [PHASE5B]       [6.1] PARTS                        PENDING            0 / 1,551,229    0.0% batches=0
2026-08-24T22:44:07.9744758-05:00 [PHASE5B] 
2026-08-24T22:44:07.9754759-05:00 [PHASE5B] [7/10] P5B_MINIFIG_ANCHORS
2026-08-24T22:44:07.9764759-05:00 [PHASE5B]       [7.1] COMPOSITIONS                 PENDING            0 / 47,216       0.0% batches=0
2026-08-24T22:44:07.9774755-05:00 [PHASE5B] 
2026-08-24T22:44:07.9784753-05:00 [PHASE5B] [8/10] P5B_FINALIZE_VERSIONS
2026-08-24T22:44:07.9794754-05:00 [PHASE5B]       [8.1] HASH_AND_FINALIZE            PENDING            0 / 47,216       0.0% batches=0
2026-08-24T22:44:07.9794754-05:00 [PHASE5B] 
2026-08-24T22:44:07.9804757-05:00 [PHASE5B] [9/10] P5B_AUTHORITY
2026-08-24T22:44:07.9814766-05:00 [PHASE5B]       [9.1] LATEST_SOURCE                PENDING            0 / 47,216       0.0% batches=0
2026-08-24T22:44:07.9824756-05:00 [PHASE5B] 
2026-08-24T22:44:07.9834755-05:00 [PHASE5B] [10/10] P5B_COMPLETE
2026-08-24T22:44:07.9834755-05:00 [PHASE5B]       [10.1] VERIFY                       PENDING            0 / 1            0.0% batches=0
2026-08-24T22:44:07.9844762-05:00 [PHASE5B]       [10.2] COMPLETE_RUN                 PENDING            0 / 1            0.0% batches=0
2026-08-24T22:44:07.9854755-05:00 [PHASE5B] 
2026-08-24T22:44:07.9864758-05:00 [PHASE5B] [RUN] [1.1] P5B_VALIDATE / SOURCE_CONTRACT 0/1 (  0.0%) batch=1
2026-08-24T22:44:07.9864758-05:00 [PHASE5B] [OK ] [1.1] SOURCE_CONTRACT: 1/1 (100.0%) batches=1 elapsed=0.01s
2026-08-24T22:44:07.9874756-05:00 [PHASE5B] 
2026-08-24T22:44:07.9884761-05:00 [PHASE5B] -------------------------------------------------------------------------------
2026-08-24T22:44:07.9894755-05:00 [PHASE5B]  Durable Phase 5B checkpoint status
2026-08-24T22:44:07.9894755-05:00 [PHASE5B] -------------------------------------------------------------------------------
2026-08-24T22:44:07.9904754-05:00 [PHASE5B] 
2026-08-24T22:44:07.9914755-05:00 [PHASE5B] [1/10] P5B_VALIDATE
2026-08-24T22:44:07.9924767-05:00 [PHASE5B]       [1.1] SOURCE_CONTRACT              COMPLETED          1 / 1          100.0% batches=1
2026-08-24T22:44:07.9934756-05:00 [PHASE5B]       [1.2] PARENT_CLASSIFICATION        PENDING            0 / 1            0.0% batches=0
2026-08-24T22:44:07.9934756-05:00 [PHASE5B]       [1.3] CATALOG_REFERENCES           PENDING            0 / 1            0.0% batches=0
2026-08-24T22:44:07.9944755-05:00 [PHASE5B]       [1.4] VERSION_KEYS                 PENDING            0 / 1            0.0% batches=0
2026-08-24T22:44:07.9954758-05:00 [PHASE5B] 
2026-08-24T22:44:07.9964756-05:00 [PHASE5B] [2/10] P5B_VARIANTS
2026-08-24T22:44:07.9964756-05:00 [PHASE5B]       [2.1] BASE_PART_COLOR_VARIANTS     PENDING            0 / 1,551,229    0.0% batches=0
2026-08-24T22:44:07.9974765-05:00 [PHASE5B] 
2026-08-24T22:44:07.9984763-05:00 [PHASE5B] [3/10] P5B_DEFINITIONS
2026-08-24T22:44:07.9994761-05:00 [PHASE5B]       [3.1] PARENT_DEFINITIONS           PENDING            0 / 47,216       0.0% batches=0
2026-08-24T22:44:07.9994761-05:00 [PHASE5B] 
2026-08-24T22:44:08.0004755-05:00 [PHASE5B] [4/10] P5B_VERSIONS
2026-08-24T22:44:08.0014753-05:00 [PHASE5B]       [4.1] SOURCE_VERSIONS              PENDING            0 / 47,216       0.0% batches=0
2026-08-24T22:44:08.0024756-05:00 [PHASE5B] 
2026-08-24T22:44:08.0034759-05:00 [PHASE5B] [5/10] P5B_SET_MEMBERS
2026-08-24T22:44:08.0034759-05:00 [PHASE5B]       [5.1] PARTS                        PENDING            0 / 1,551,229    0.0% batches=0
2026-08-24T22:44:08.0044762-05:00 [PHASE5B]       [5.2] SETS                         PENDING            0 / 5,176        0.0% batches=0
2026-08-24T22:44:08.0054761-05:00 [PHASE5B]       [5.3] MINIFIGURES                  PENDING            0 / 25,738       0.0% batches=0
2026-08-24T22:44:08.0054761-05:00 [PHASE5B] 
2026-08-24T22:44:08.0064758-05:00 [PHASE5B] [6/10] P5B_MINIFIG_MEMBERS
2026-08-24T22:44:08.0074781-05:00 [PHASE5B]       [6.1] PARTS                        PENDING            0 / 1,551,229    0.0% batches=0
2026-08-24T22:44:08.0084755-05:00 [PHASE5B] 
2026-08-24T22:44:08.0084755-05:00 [PHASE5B] [7/10] P5B_MINIFIG_ANCHORS
2026-08-24T22:44:08.0094753-05:00 [PHASE5B]       [7.1] COMPOSITIONS                 PENDING            0 / 47,216       0.0% batches=0
2026-08-24T22:44:08.0104754-05:00 [PHASE5B] 
2026-08-24T22:44:08.0114757-05:00 [PHASE5B] [8/10] P5B_FINALIZE_VERSIONS
2026-08-24T22:44:08.0124755-05:00 [PHASE5B]       [8.1] HASH_AND_FINALIZE            PENDING            0 / 47,216       0.0% batches=0
2026-08-24T22:44:08.0124755-05:00 [PHASE5B] 
2026-08-24T22:44:08.0134758-05:00 [PHASE5B] [9/10] P5B_AUTHORITY
2026-08-24T22:44:08.0144772-05:00 [PHASE5B]       [9.1] LATEST_SOURCE                PENDING            0 / 47,216       0.0% batches=0
2026-08-24T22:44:08.0154763-05:00 [PHASE5B] 
2026-08-24T22:44:08.0154763-05:00 [PHASE5B] [10/10] P5B_COMPLETE
2026-08-24T22:44:08.0164768-05:00 [PHASE5B]       [10.1] VERIFY                       PENDING            0 / 1            0.0% batches=0
2026-08-24T22:44:08.0174756-05:00 [PHASE5B]       [10.2] COMPLETE_RUN                 PENDING            0 / 1            0.0% batches=0
2026-08-24T22:44:08.0174756-05:00 [PHASE5B] 
2026-08-24T22:44:08.0184780-05:00 [PHASE5B] [RUN] [1.2] P5B_VALIDATE / PARENT_CLASSIFICATION 0/1 (  0.0%) batch=1
2026-08-24T22:44:08.2204749-05:00 [PHASE5B] [OK ] [1.2] PARENT_CLASSIFICATION: 1/1 (100.0%) batches=1 elapsed=0.26s
2026-08-24T22:44:08.2214763-05:00 [PHASE5B] 
2026-08-24T22:44:08.2224765-05:00 [PHASE5B] -------------------------------------------------------------------------------
2026-08-24T22:44:08.2234769-05:00 [PHASE5B]  Durable Phase 5B checkpoint status
2026-08-24T22:44:08.2244765-05:00 [PHASE5B] -------------------------------------------------------------------------------
2026-08-24T22:44:08.2254758-05:00 [PHASE5B] 
2026-08-24T22:44:08.2264785-05:00 [PHASE5B] [1/10] P5B_VALIDATE
2026-08-24T22:44:08.2274753-05:00 [PHASE5B]       [1.1] SOURCE_CONTRACT              COMPLETED          1 / 1          100.0% batches=1
2026-08-24T22:44:08.2274753-05:00 [PHASE5B]       [1.2] PARENT_CLASSIFICATION        COMPLETED          1 / 1          100.0% batches=1
2026-08-24T22:44:08.2294756-05:00 [PHASE5B]       [1.3] CATALOG_REFERENCES           PENDING            0 / 1            0.0% batches=0
2026-08-24T22:44:08.2304752-05:00 [PHASE5B]       [1.4] VERSION_KEYS                 PENDING            0 / 1            0.0% batches=0
2026-08-24T22:44:08.2304752-05:00 [PHASE5B] 
2026-08-24T22:44:08.2314757-05:00 [PHASE5B] [2/10] P5B_VARIANTS
2026-08-24T22:44:08.2324770-05:00 [PHASE5B]       [2.1] BASE_PART_COLOR_VARIANTS     PENDING            0 / 1,551,229    0.0% batches=0
2026-08-24T22:44:08.2334753-05:00 [PHASE5B] 
2026-08-24T22:44:08.2344763-05:00 [PHASE5B] [3/10] P5B_DEFINITIONS
2026-08-24T22:44:08.2354757-05:00 [PHASE5B]       [3.1] PARENT_DEFINITIONS           PENDING            0 / 47,216       0.0% batches=0
2026-08-24T22:44:08.2354757-05:00 [PHASE5B] 
2026-08-24T22:44:08.2364765-05:00 [PHASE5B] [4/10] P5B_VERSIONS
2026-08-24T22:44:08.2374756-05:00 [PHASE5B]       [4.1] SOURCE_VERSIONS              PENDING            0 / 47,216       0.0% batches=0
2026-08-24T22:44:08.2384756-05:00 [PHASE5B] 
2026-08-24T22:44:08.2384756-05:00 [PHASE5B] [5/10] P5B_SET_MEMBERS
2026-08-24T22:44:08.2394774-05:00 [PHASE5B]       [5.1] PARTS                        PENDING            0 / 1,551,229    0.0% batches=0
2026-08-24T22:44:08.2414773-05:00 [PHASE5B]       [5.2] SETS                         PENDING            0 / 5,176        0.0% batches=0
2026-08-24T22:44:08.2424755-05:00 [PHASE5B]       [5.3] MINIFIGURES                  PENDING            0 / 25,738       0.0% batches=0
2026-08-24T22:44:08.2434755-05:00 [PHASE5B] 
2026-08-24T22:44:08.2444755-05:00 [PHASE5B] [6/10] P5B_MINIFIG_MEMBERS
2026-08-24T22:44:08.2444755-05:00 [PHASE5B]       [6.1] PARTS                        PENDING            0 / 1,551,229    0.0% batches=0
2026-08-24T22:44:08.2454763-05:00 [PHASE5B] 
2026-08-24T22:44:08.2464754-05:00 [PHASE5B] [7/10] P5B_MINIFIG_ANCHORS
2026-08-24T22:44:08.2474761-05:00 [PHASE5B]       [7.1] COMPOSITIONS                 PENDING            0 / 47,216       0.0% batches=0
2026-08-24T22:44:08.2474761-05:00 [PHASE5B] 
2026-08-24T22:44:08.2484764-05:00 [PHASE5B] [8/10] P5B_FINALIZE_VERSIONS
2026-08-24T22:44:08.2494765-05:00 [PHASE5B]       [8.1] HASH_AND_FINALIZE            PENDING            0 / 47,216       0.0% batches=0
2026-08-24T22:44:08.2504756-05:00 [PHASE5B] 
2026-08-24T22:44:08.2514766-05:00 [PHASE5B] [9/10] P5B_AUTHORITY
2026-08-24T22:44:08.2514766-05:00 [PHASE5B]       [9.1] LATEST_SOURCE                PENDING            0 / 47,216       0.0% batches=0
2026-08-24T22:44:08.2524760-05:00 [PHASE5B] 
2026-08-24T22:44:08.2534755-05:00 [PHASE5B] [10/10] P5B_COMPLETE
2026-08-24T22:44:08.2544757-05:00 [PHASE5B]       [10.1] VERIFY                       PENDING            0 / 1            0.0% batches=0
2026-08-24T22:44:08.2544757-05:00 [PHASE5B]       [10.2] COMPLETE_RUN                 PENDING            0 / 1            0.0% batches=0
2026-08-24T22:44:08.2554779-05:00 [PHASE5B] 
2026-08-24T22:44:08.2564753-05:00 [PHASE5B] [RUN] [1.3] P5B_VALIDATE / CATALOG_REFERENCES 0/1 (  0.0%) batch=1
2026-08-24T22:44:22.4865270-05:00 [PHASE5B] [OK ] [1.3] CATALOG_REFERENCES: 1/1 (100.0%) batches=1 elapsed=14.27s
2026-08-24T22:44:22.4875263-05:00 [PHASE5B] 
2026-08-24T22:44:22.4885294-05:00 [PHASE5B] -------------------------------------------------------------------------------
2026-08-24T22:44:22.4895278-05:00 [PHASE5B]  Durable Phase 5B checkpoint status
2026-08-24T22:44:22.4905264-05:00 [PHASE5B] -------------------------------------------------------------------------------
2026-08-24T22:44:22.4915258-05:00 [PHASE5B] 
2026-08-24T22:44:22.4925260-05:00 [PHASE5B] [1/10] P5B_VALIDATE
2026-08-24T22:44:22.4935268-05:00 [PHASE5B]       [1.1] SOURCE_CONTRACT              COMPLETED          1 / 1          100.0% batches=1
2026-08-24T22:44:22.4945263-05:00 [PHASE5B]       [1.2] PARENT_CLASSIFICATION        COMPLETED          1 / 1          100.0% batches=1
2026-08-24T22:44:22.4945263-05:00 [PHASE5B]       [1.3] CATALOG_REFERENCES           COMPLETED          1 / 1          100.0% batches=1
2026-08-24T22:44:22.4955264-05:00 [PHASE5B]       [1.4] VERSION_KEYS                 PENDING            0 / 1            0.0% batches=0
2026-08-24T22:44:22.4965264-05:00 [PHASE5B] 
2026-08-24T22:44:22.4975259-05:00 [PHASE5B] [2/10] P5B_VARIANTS
2026-08-24T22:44:22.4985280-05:00 [PHASE5B]       [2.1] BASE_PART_COLOR_VARIANTS     PENDING            0 / 1,551,229    0.0% batches=0
2026-08-24T22:44:22.4985280-05:00 [PHASE5B] 
2026-08-24T22:44:22.4995267-05:00 [PHASE5B] [3/10] P5B_DEFINITIONS
2026-08-24T22:44:22.5005269-05:00 [PHASE5B]       [3.1] PARENT_DEFINITIONS           PENDING            0 / 47,216       0.0% batches=0
2026-08-24T22:44:22.5015264-05:00 [PHASE5B] 
2026-08-24T22:44:22.5025279-05:00 [PHASE5B] [4/10] P5B_VERSIONS
2026-08-24T22:44:22.5025279-05:00 [PHASE5B]       [4.1] SOURCE_VERSIONS              PENDING            0 / 47,216       0.0% batches=0
2026-08-24T22:44:22.5035288-05:00 [PHASE5B] 
2026-08-24T22:44:22.5045262-05:00 [PHASE5B] [5/10] P5B_SET_MEMBERS
2026-08-24T22:44:22.5055275-05:00 [PHASE5B]       [5.1] PARTS                        PENDING            0 / 1,551,229    0.0% batches=0
2026-08-24T22:44:22.5065267-05:00 [PHASE5B]       [5.2] SETS                         PENDING            0 / 5,176        0.0% batches=0
2026-08-24T22:44:22.5075261-05:00 [PHASE5B]       [5.3] MINIFIGURES                  PENDING            0 / 25,738       0.0% batches=0
2026-08-24T22:44:22.5075261-05:00 [PHASE5B] 
2026-08-24T22:44:22.5085265-05:00 [PHASE5B] [6/10] P5B_MINIFIG_MEMBERS
2026-08-24T22:44:22.5095279-05:00 [PHASE5B]       [6.1] PARTS                        PENDING            0 / 1,551,229    0.0% batches=0
2026-08-24T22:44:22.5105264-05:00 [PHASE5B] 
2026-08-24T22:44:22.5115255-05:00 [PHASE5B] [7/10] P5B_MINIFIG_ANCHORS
2026-08-24T22:44:22.5115255-05:00 [PHASE5B]       [7.1] COMPOSITIONS                 PENDING            0 / 47,216       0.0% batches=0
2026-08-24T22:44:22.5125277-05:00 [PHASE5B] 
2026-08-24T22:44:22.5135276-05:00 [PHASE5B] [8/10] P5B_FINALIZE_VERSIONS
2026-08-24T22:44:22.5145263-05:00 [PHASE5B]       [8.1] HASH_AND_FINALIZE            PENDING            0 / 47,216       0.0% batches=0
2026-08-24T22:44:22.5155264-05:00 [PHASE5B] 
2026-08-24T22:44:22.5155264-05:00 [PHASE5B] [9/10] P5B_AUTHORITY
2026-08-24T22:44:22.5165265-05:00 [PHASE5B]       [9.1] LATEST_SOURCE                PENDING            0 / 47,216       0.0% batches=0
2026-08-24T22:44:22.5175272-05:00 [PHASE5B] 
2026-08-24T22:44:22.5185270-05:00 [PHASE5B] [10/10] P5B_COMPLETE
2026-08-24T22:44:22.5195264-05:00 [PHASE5B]       [10.1] VERIFY                       PENDING            0 / 1            0.0% batches=0
2026-08-24T22:44:22.5205258-05:00 [PHASE5B]       [10.2] COMPLETE_RUN                 PENDING            0 / 1            0.0% batches=0
2026-08-24T22:44:22.5205258-05:00 [PHASE5B] 
2026-08-24T22:44:22.5215273-05:00 [PHASE5B] [RUN] [1.4] P5B_VALIDATE / VERSION_KEYS 0/1 (  0.0%) batch=1
2026-08-24T22:44:22.8665255-05:00 [PHASE5B] [OK ] [1.4] VERSION_KEYS: 1/1 (100.0%) batches=1 elapsed=0.38s
2026-08-24T22:44:22.8685269-05:00 [PHASE5B] 
2026-08-24T22:44:22.8695282-05:00 [PHASE5B] -------------------------------------------------------------------------------
2026-08-24T22:44:22.8705254-05:00 [PHASE5B]  Durable Phase 5B checkpoint status
2026-08-24T22:44:22.8705254-05:00 [PHASE5B] -------------------------------------------------------------------------------
2026-08-24T22:44:22.8715264-05:00 [PHASE5B] 
2026-08-24T22:44:22.8725262-05:00 [PHASE5B] [1/10] P5B_VALIDATE
2026-08-24T22:44:22.8735258-05:00 [PHASE5B]       [1.1] SOURCE_CONTRACT              COMPLETED          1 / 1          100.0% batches=1
2026-08-24T22:44:22.8745271-05:00 [PHASE5B]       [1.2] PARENT_CLASSIFICATION        COMPLETED          1 / 1          100.0% batches=1
2026-08-24T22:44:22.8745271-05:00 [PHASE5B]       [1.3] CATALOG_REFERENCES           COMPLETED          1 / 1          100.0% batches=1
2026-08-24T22:44:22.8755262-05:00 [PHASE5B]       [1.4] VERSION_KEYS                 COMPLETED          1 / 1          100.0% batches=1
2026-08-24T22:44:22.8765268-05:00 [PHASE5B] 
2026-08-24T22:44:22.8775260-05:00 [PHASE5B] [2/10] P5B_VARIANTS
2026-08-24T22:44:22.8785287-05:00 [PHASE5B]       [2.1] BASE_PART_COLOR_VARIANTS     PENDING            0 / 1,551,229    0.0% batches=0
2026-08-24T22:44:22.8795261-05:00 [PHASE5B] 
2026-08-24T22:44:22.8795261-05:00 [PHASE5B] [3/10] P5B_DEFINITIONS
2026-08-24T22:44:22.8805268-05:00 [PHASE5B]       [3.1] PARENT_DEFINITIONS           PENDING            0 / 47,216       0.0% batches=0
2026-08-24T22:44:22.8815273-05:00 [PHASE5B] 
2026-08-24T22:44:22.8825258-05:00 [PHASE5B] [4/10] P5B_VERSIONS
2026-08-24T22:44:22.8835264-05:00 [PHASE5B]       [4.1] SOURCE_VERSIONS              PENDING            0 / 47,216       0.0% batches=0
2026-08-24T22:44:22.8845263-05:00 [PHASE5B] 
2026-08-24T22:44:22.8845263-05:00 [PHASE5B] [5/10] P5B_SET_MEMBERS
2026-08-24T22:44:22.8855280-05:00 [PHASE5B]       [5.1] PARTS                        PENDING            0 / 1,551,229    0.0% batches=0
2026-08-24T22:44:22.8865258-05:00 [PHASE5B]       [5.2] SETS                         PENDING            0 / 5,176        0.0% batches=0
2026-08-24T22:44:22.8875262-05:00 [PHASE5B]       [5.3] MINIFIGURES                  PENDING            0 / 25,738       0.0% batches=0
2026-08-24T22:44:22.8885280-05:00 [PHASE5B] 
2026-08-24T22:44:22.8895277-05:00 [PHASE5B] [6/10] P5B_MINIFIG_MEMBERS
2026-08-24T22:44:22.8895277-05:00 [PHASE5B]       [6.1] PARTS                        PENDING            0 / 1,551,229    0.0% batches=0
2026-08-24T22:44:22.8905265-05:00 [PHASE5B] 
2026-08-24T22:44:22.8915278-05:00 [PHASE5B] [7/10] P5B_MINIFIG_ANCHORS
2026-08-24T22:44:22.8925265-05:00 [PHASE5B]       [7.1] COMPOSITIONS                 PENDING            0 / 47,216       0.0% batches=0
2026-08-24T22:44:22.8935262-05:00 [PHASE5B] 
2026-08-24T22:44:22.8945259-05:00 [PHASE5B] [8/10] P5B_FINALIZE_VERSIONS
2026-08-24T22:44:22.8945259-05:00 [PHASE5B]       [8.1] HASH_AND_FINALIZE            PENDING            0 / 47,216       0.0% batches=0
2026-08-24T22:44:22.8955270-05:00 [PHASE5B] 
2026-08-24T22:44:22.8965264-05:00 [PHASE5B] [9/10] P5B_AUTHORITY
2026-08-24T22:44:22.8975260-05:00 [PHASE5B]       [9.1] LATEST_SOURCE                PENDING            0 / 47,216       0.0% batches=0
2026-08-24T22:44:22.8975260-05:00 [PHASE5B] 
2026-08-24T22:44:22.8985260-05:00 [PHASE5B] [10/10] P5B_COMPLETE
2026-08-24T22:44:22.8995265-05:00 [PHASE5B]       [10.1] VERIFY                       PENDING            0 / 1            0.0% batches=0
2026-08-24T22:44:22.9005260-05:00 [PHASE5B]       [10.2] COMPLETE_RUN                 PENDING            0 / 1            0.0% batches=0
2026-08-24T22:44:22.9005260-05:00 [PHASE5B] 
2026-08-24T22:44:22.9015272-05:00 [PHASE5B] [RUN] [2.1] P5B_VARIANTS / BASE_PART_COLOR_VARIANTS 0/1,551,229 (  0.0%) batch=1
2026-08-24T22:45:19.7470645-05:00 [PHASE5B] [OK ] [2.1] BASE_PART_COLOR_VARIANTS: 5,000/1,551,229 (0.3%) batches=1 elapsed=56.88s
2026-08-24T22:45:19.7490642-05:00 [PHASE5B] [RUN] [2.1] P5B_VARIANTS / BASE_PART_COLOR_VARIANTS 5,000/1,551,229 (  0.3%) batch=2
2026-08-24T22:46:08.1645077-05:00 [PHASE5B] [OK ] [2.1] BASE_PART_COLOR_VARIANTS: 10,000/1,551,229 (0.6%) batches=2 elapsed=48.42s
2026-08-24T22:46:08.1665104-05:00 [PHASE5B] [RUN] [2.1] P5B_VARIANTS / BASE_PART_COLOR_VARIANTS 10,000/1,551,229 (  0.6%) batch=3
2026-08-24T22:46:56.6541930-05:00 [PHASE5B] [OK ] [2.1] BASE_PART_COLOR_VARIANTS: 15,000/1,551,229 (1.0%) batches=3 elapsed=48.49s
2026-08-24T22:46:56.6561936-05:00 [PHASE5B] [RUN] [2.1] P5B_VARIANTS / BASE_PART_COLOR_VARIANTS 15,000/1,551,229 (  1.0%) batch=4
2026-08-24T22:47:04.8975278-05:00 [PHASE5B] [OK ] [2.1] BASE_PART_COLOR_VARIANTS: 20,000/1,551,229 (1.3%) batches=4 elapsed=8.24s
2026-08-24T22:47:04.8985262-05:00 [PHASE5B] [RUN] [2.1] P5B_VARIANTS / BASE_PART_COLOR_VARIANTS 20,000/1,551,229 (  1.3%) batch=5
2026-08-24T22:47:12.9727757-05:00 [PHASE5B] [OK ] [2.1] BASE_PART_COLOR_VARIANTS: 25,000/1,551,229 (1.6%) batches=5 elapsed=8.07s
2026-08-24T22:47:12.9737756-05:00 [PHASE5B] [RUN] [2.1] P5B_VARIANTS / BASE_PART_COLOR_VARIANTS 25,000/1,551,229 (  1.6%) batch=6
2026-08-24T22:47:21.0406547-05:00 [PHASE5B] [OK ] [2.1] BASE_PART_COLOR_VARIANTS: 30,000/1,551,229 (1.9%) batches=6 elapsed=8.07s
2026-08-24T22:47:21.0416541-05:00 [PHASE5B] [RUN] [2.1] P5B_VARIANTS / BASE_PART_COLOR_VARIANTS 30,000/1,551,229 (  1.9%) batch=7
2026-08-24T22:47:29.2159220-05:00 [PHASE5B] [OK ] [2.1] BASE_PART_COLOR_VARIANTS: 35,000/1,551,229 (2.3%) batches=7 elapsed=8.18s
2026-08-24T22:47:29.2179206-05:00 [PHASE5B] [RUN] [2.1] P5B_VARIANTS / BASE_PART_COLOR_VARIANTS 35,000/1,551,229 (  2.3%) batch=8
2026-08-24T22:47:37.3026457-05:00 [PHASE5B] [OK ] [2.1] BASE_PART_COLOR_VARIANTS: 40,000/1,551,229 (2.6%) batches=8 elapsed=8.09s
2026-08-24T22:47:37.3036455-05:00 [PHASE5B] [RUN] [2.1] P5B_VARIANTS / BASE_PART_COLOR_VARIANTS 40,000/1,551,229 (  2.6%) batch=9
2026-08-24T22:47:45.3433578-05:00 [PHASE5B] [OK ] [2.1] BASE_PART_COLOR_VARIANTS: 45,000/1,551,229 (2.9%) batches=9 elapsed=8.04s
2026-08-24T22:47:45.3443580-05:00 [PHASE5B] [RUN] [2.1] P5B_VARIANTS / BASE_PART_COLOR_VARIANTS 45,000/1,551,229 (  2.9%) batch=10
2026-08-24T22:47:53.4196928-05:00 [PHASE5B] [OK ] [2.1] BASE_PART_COLOR_VARIANTS: 50,000/1,551,229 (3.2%) batches=10 elapsed=8.08s
2026-08-24T22:47:53.4206930-05:00 [PHASE5B] [RUN] [2.1] P5B_VARIANTS / BASE_PART_COLOR_VARIANTS 50,000/1,551,229 (  3.2%) batch=11
2026-08-24T22:48:01.7960165-05:00 [PHASE5B] [OK ] [2.1] BASE_PART_COLOR_VARIANTS: 55,000/1,551,229 (3.5%) batches=11 elapsed=8.38s
2026-08-24T22:48:01.7970215-05:00 [PHASE5B] [RUN] [2.1] P5B_VARIANTS / BASE_PART_COLOR_VARIANTS 55,000/1,551,229 (  3.5%) batch=12
2026-08-24T22:48:09.8923903-05:00 [PHASE5B] [OK ] [2.1] BASE_PART_COLOR_VARIANTS: 60,000/1,551,229 (3.9%) batches=12 elapsed=8.10s
2026-08-24T22:48:09.8933903-05:00 [PHASE5B] [RUN] [2.1] P5B_VARIANTS / BASE_PART_COLOR_VARIANTS 60,000/1,551,229 (  3.9%) batch=13
2026-08-24T22:48:17.9500626-05:00 [PHASE5B] [OK ] [2.1] BASE_PART_COLOR_VARIANTS: 65,000/1,551,229 (4.2%) batches=13 elapsed=8.06s
2026-08-24T22:48:17.9510633-05:00 [PHASE5B] [RUN] [2.1] P5B_VARIANTS / BASE_PART_COLOR_VARIANTS 65,000/1,551,229 (  4.2%) batch=14
2026-08-24T22:48:26.0397387-05:00 [PHASE5B] [OK ] [2.1] BASE_PART_COLOR_VARIANTS: 70,000/1,551,229 (4.5%) batches=14 elapsed=8.09s
2026-08-24T22:48:26.0417360-05:00 [PHASE5B] [RUN] [2.1] P5B_VARIANTS / BASE_PART_COLOR_VARIANTS 70,000/1,551,229 (  4.5%) batch=15
2026-08-24T22:48:34.3084183-05:00 [PHASE5B] [OK ] [2.1] BASE_PART_COLOR_VARIANTS: 75,000/1,551,229 (4.8%) batches=15 elapsed=8.27s
2026-08-24T22:48:34.3094183-05:00 [PHASE5B] [RUN] [2.1] P5B_VARIANTS / BASE_PART_COLOR_VARIANTS 75,000/1,551,229 (  4.8%) batch=16
2026-08-24T22:48:42.1464915-05:00 [PHASE5B] [OK ] [2.1] BASE_PART_COLOR_VARIANTS: 80,000/1,551,229 (5.2%) batches=16 elapsed=7.84s
2026-08-24T22:48:42.1474908-05:00 [PHASE5B] [RUN] [2.1] P5B_VARIANTS / BASE_PART_COLOR_VARIANTS 80,000/1,551,229 (  5.2%) batch=17
2026-08-24T22:48:50.0069934-05:00 [PHASE5B] [OK ] [2.1] BASE_PART_COLOR_VARIANTS: 85,000/1,551,229 (5.5%) batches=17 elapsed=7.86s
2026-08-24T22:48:50.0089948-05:00 [PHASE5B] [RUN] [2.1] P5B_VARIANTS / BASE_PART_COLOR_VARIANTS 85,000/1,551,229 (  5.5%) batch=18
2026-08-24T22:48:57.7704737-05:00 [PHASE5B] [OK ] [2.1] BASE_PART_COLOR_VARIANTS: 90,000/1,551,229 (5.8%) batches=18 elapsed=7.76s
2026-08-24T22:48:57.7724722-05:00 [PHASE5B] [RUN] [2.1] P5B_VARIANTS / BASE_PART_COLOR_VARIANTS 90,000/1,551,229 (  5.8%) batch=19
2026-08-24T22:49:05.6149314-05:00 [PHASE5B] [OK ] [2.1] BASE_PART_COLOR_VARIANTS: 95,000/1,551,229 (6.1%) batches=19 elapsed=7.84s
2026-08-24T22:49:05.6159323-05:00 [PHASE5B] [RUN] [2.1] P5B_VARIANTS / BASE_PART_COLOR_VARIANTS 95,000/1,551,229 (  6.1%) batch=20
2026-08-24T22:49:13.2637994-05:00 [PHASE5B] [OK ] [2.1] BASE_PART_COLOR_VARIANTS: 100,000/1,551,229 (6.4%) batches=20 elapsed=7.65s
2026-08-24T22:49:13.2648002-05:00 [PHASE5B] [RUN] [2.1] P5B_VARIANTS / BASE_PART_COLOR_VARIANTS 100,000/1,551,229 (  6.4%) batch=21
2026-08-24T22:49:20.9710541-05:00 [PHASE5B] [OK ] [2.1] BASE_PART_COLOR_VARIANTS: 105,000/1,551,229 (6.8%) batches=21 elapsed=7.71s
2026-08-24T22:49:20.9720551-05:00 [PHASE5B] [RUN] [2.1] P5B_VARIANTS / BASE_PART_COLOR_VARIANTS 105,000/1,551,229 (  6.8%) batch=22
2026-08-24T22:49:28.8211643-05:00 [PHASE5B] [OK ] [2.1] BASE_PART_COLOR_VARIANTS: 110,000/1,551,229 (7.1%) batches=22 elapsed=7.85s
2026-08-24T22:49:28.8221640-05:00 [PHASE5B] [RUN] [2.1] P5B_VARIANTS / BASE_PART_COLOR_VARIANTS 110,000/1,551,229 (  7.1%) batch=23
2026-08-24T22:49:36.5134218-05:00 [PHASE5B] [OK ] [2.1] BASE_PART_COLOR_VARIANTS: 115,000/1,551,229 (7.4%) batches=23 elapsed=7.69s
2026-08-24T22:49:36.5154107-05:00 [PHASE5B] [RUN] [2.1] P5B_VARIANTS / BASE_PART_COLOR_VARIANTS 115,000/1,551,229 (  7.4%) batch=24
2026-08-24T22:49:44.1454870-05:00 [PHASE5B] [OK ] [2.1] BASE_PART_COLOR_VARIANTS: 120,000/1,551,229 (7.7%) batches=24 elapsed=7.63s
2026-08-24T22:49:44.1474872-05:00 [PHASE5B] [RUN] [2.1] P5B_VARIANTS / BASE_PART_COLOR_VARIANTS 120,000/1,551,229 (  7.7%) batch=25
2026-08-24T22:49:51.7968938-05:00 [PHASE5B] [OK ] [2.1] BASE_PART_COLOR_VARIANTS: 125,000/1,551,229 (8.1%) batches=25 elapsed=7.65s
2026-08-24T22:49:51.7978935-05:00 [PHASE5B] [RUN] [2.1] P5B_VARIANTS / BASE_PART_COLOR_VARIANTS 125,000/1,551,229 (  8.1%) batch=26
2026-08-24T22:49:59.3422129-05:00 [PHASE5B] [OK ] [2.1] BASE_PART_COLOR_VARIANTS: 130,000/1,551,229 (8.4%) batches=26 elapsed=7.55s
2026-08-24T22:49:59.3432160-05:00 [PHASE5B] [RUN] [2.1] P5B_VARIANTS / BASE_PART_COLOR_VARIANTS 130,000/1,551,229 (  8.4%) batch=27
2026-08-24T22:50:06.9656928-05:00 [PHASE5B] [OK ] [2.1] BASE_PART_COLOR_VARIANTS: 135,000/1,551,229 (8.7%) batches=27 elapsed=7.62s
2026-08-24T22:50:06.9666912-05:00 [PHASE5B] [RUN] [2.1] P5B_VARIANTS / BASE_PART_COLOR_VARIANTS 135,000/1,551,229 (  8.7%) batch=28
2026-08-24T22:50:14.6155468-05:00 [PHASE5B] [OK ] [2.1] BASE_PART_COLOR_VARIANTS: 140,000/1,551,229 (9.0%) batches=28 elapsed=7.65s
2026-08-24T22:50:14.6165503-05:00 [PHASE5B] [RUN] [2.1] P5B_VARIANTS / BASE_PART_COLOR_VARIANTS 140,000/1,551,229 (  9.0%) batch=29
2026-08-24T22:50:22.1741075-05:00 [PHASE5B] [OK ] [2.1] BASE_PART_COLOR_VARIANTS: 145,000/1,551,229 (9.3%) batches=29 elapsed=7.56s
2026-08-24T22:50:22.1751078-05:00 [PHASE5B] [RUN] [2.1] P5B_VARIANTS / BASE_PART_COLOR_VARIANTS 145,000/1,551,229 (  9.3%) batch=30
2026-08-24T22:50:29.8284943-05:00 [PHASE5B] [OK ] [2.1] BASE_PART_COLOR_VARIANTS: 150,000/1,551,229 (9.7%) batches=30 elapsed=7.65s
2026-08-24T22:50:29.8294951-05:00 [PHASE5B] [RUN] [2.1] P5B_VARIANTS / BASE_PART_COLOR_VARIANTS 150,000/1,551,229 (  9.7%) batch=31
2026-08-24T22:50:37.3891696-05:00 [PHASE5B] [OK ] [2.1] BASE_PART_COLOR_VARIANTS: 155,000/1,551,229 (10.0%) batches=31 elapsed=7.56s
2026-08-24T22:50:37.3911695-05:00 [PHASE5B] [RUN] [2.1] P5B_VARIANTS / BASE_PART_COLOR_VARIANTS 155,000/1,551,229 ( 10.0%) batch=32
2026-08-24T22:50:44.9656763-05:00 [PHASE5B] [OK ] [2.1] BASE_PART_COLOR_VARIANTS: 160,000/1,551,229 (10.3%) batches=32 elapsed=7.58s
2026-08-24T22:50:44.9666771-05:00 [PHASE5B] [RUN] [2.1] P5B_VARIANTS / BASE_PART_COLOR_VARIANTS 160,000/1,551,229 ( 10.3%) batch=33
2026-08-24T22:50:52.4783344-05:00 [PHASE5B] [OK ] [2.1] BASE_PART_COLOR_VARIANTS: 165,000/1,551,229 (10.6%) batches=33 elapsed=7.51s
2026-08-24T22:50:52.4803348-05:00 [PHASE5B] [RUN] [2.1] P5B_VARIANTS / BASE_PART_COLOR_VARIANTS 165,000/1,551,229 ( 10.6%) batch=34
2026-08-24T22:50:59.9583758-05:00 [PHASE5B] [OK ] [2.1] BASE_PART_COLOR_VARIANTS: 170,000/1,551,229 (11.0%) batches=34 elapsed=7.48s
2026-08-24T22:50:59.9593766-05:00 [PHASE5B] [RUN] [2.1] P5B_VARIANTS / BASE_PART_COLOR_VARIANTS 170,000/1,551,229 ( 11.0%) batch=35
2026-08-24T22:51:07.4246881-05:00 [PHASE5B] [OK ] [2.1] BASE_PART_COLOR_VARIANTS: 175,000/1,551,229 (11.3%) batches=35 elapsed=7.47s
2026-08-24T22:51:07.4256885-05:00 [PHASE5B] [RUN] [2.1] P5B_VARIANTS / BASE_PART_COLOR_VARIANTS 175,000/1,551,229 ( 11.3%) batch=36
2026-08-24T22:51:14.9799695-05:00 [PHASE5B] [OK ] [2.1] BASE_PART_COLOR_VARIANTS: 180,000/1,551,229 (11.6%) batches=36 elapsed=7.56s
2026-08-24T22:51:14.9819715-05:00 [PHASE5B] [RUN] [2.1] P5B_VARIANTS / BASE_PART_COLOR_VARIANTS 180,000/1,551,229 ( 11.6%) batch=37
2026-08-24T22:51:22.2460242-05:00 [PHASE5B] [OK ] [2.1] BASE_PART_COLOR_VARIANTS: 185,000/1,551,229 (11.9%) batches=37 elapsed=7.26s
2026-08-24T22:51:22.2470239-05:00 [PHASE5B] [RUN] [2.1] P5B_VARIANTS / BASE_PART_COLOR_VARIANTS 185,000/1,551,229 ( 11.9%) batch=38
2026-08-24T22:51:29.5076726-05:00 [PHASE5B] [OK ] [2.1] BASE_PART_COLOR_VARIANTS: 190,000/1,551,229 (12.2%) batches=38 elapsed=7.26s
2026-08-24T22:51:29.5086753-05:00 [PHASE5B] [RUN] [2.1] P5B_VARIANTS / BASE_PART_COLOR_VARIANTS 190,000/1,551,229 ( 12.2%) batch=39
2026-08-24T22:51:36.8818827-05:00 [PHASE5B] [OK ] [2.1] BASE_PART_COLOR_VARIANTS: 195,000/1,551,229 (12.6%) batches=39 elapsed=7.37s
2026-08-24T22:51:36.8838847-05:00 [PHASE5B] [RUN] [2.1] P5B_VARIANTS / BASE_PART_COLOR_VARIANTS 195,000/1,551,229 ( 12.6%) batch=40
2026-08-24T22:51:44.2751122-05:00 [PHASE5B] [OK ] [2.1] BASE_PART_COLOR_VARIANTS: 200,000/1,551,229 (12.9%) batches=40 elapsed=7.39s
2026-08-24T22:51:44.2771139-05:00 [PHASE5B] [RUN] [2.1] P5B_VARIANTS / BASE_PART_COLOR_VARIANTS 200,000/1,551,229 ( 12.9%) batch=41
2026-08-24T22:51:51.6219033-05:00 [PHASE5B] [OK ] [2.1] BASE_PART_COLOR_VARIANTS: 205,000/1,551,229 (13.2%) batches=41 elapsed=7.35s
2026-08-24T22:51:51.6229011-05:00 [PHASE5B] [RUN] [2.1] P5B_VARIANTS / BASE_PART_COLOR_VARIANTS 205,000/1,551,229 ( 13.2%) batch=42
2026-08-24T22:51:58.9607852-05:00 [PHASE5B] [OK ] [2.1] BASE_PART_COLOR_VARIANTS: 210,000/1,551,229 (13.5%) batches=42 elapsed=7.34s
2026-08-24T22:51:58.9617870-05:00 [PHASE5B] [RUN] [2.1] P5B_VARIANTS / BASE_PART_COLOR_VARIANTS 210,000/1,551,229 ( 13.5%) batch=43
2026-08-24T22:52:06.2272453-05:00 [PHASE5B] [OK ] [2.1] BASE_PART_COLOR_VARIANTS: 215,000/1,551,229 (13.9%) batches=43 elapsed=7.27s
2026-08-24T22:52:06.2292484-05:00 [PHASE5B] [RUN] [2.1] P5B_VARIANTS / BASE_PART_COLOR_VARIANTS 215,000/1,551,229 ( 13.9%) batch=44
2026-08-24T22:52:13.4155757-05:00 [PHASE5B] [OK ] [2.1] BASE_PART_COLOR_VARIANTS: 220,000/1,551,229 (14.2%) batches=44 elapsed=7.19s
2026-08-24T22:52:13.4165734-05:00 [PHASE5B] [RUN] [2.1] P5B_VARIANTS / BASE_PART_COLOR_VARIANTS 220,000/1,551,229 ( 14.2%) batch=45
2026-08-24T22:52:20.6566362-05:00 [PHASE5B] [OK ] [2.1] BASE_PART_COLOR_VARIANTS: 225,000/1,551,229 (14.5%) batches=45 elapsed=7.24s
2026-08-24T22:52:20.6576355-05:00 [PHASE5B] [RUN] [2.1] P5B_VARIANTS / BASE_PART_COLOR_VARIANTS 225,000/1,551,229 ( 14.5%) batch=46
2026-08-24T22:52:27.7342579-05:00 [PHASE5B] [OK ] [2.1] BASE_PART_COLOR_VARIANTS: 230,000/1,551,229 (14.8%) batches=46 elapsed=7.08s
2026-08-24T22:52:27.7352587-05:00 [PHASE5B] [RUN] [2.1] P5B_VARIANTS / BASE_PART_COLOR_VARIANTS 230,000/1,551,229 ( 14.8%) batch=47
2026-08-24T22:52:35.0535786-05:00 [PHASE5B] [OK ] [2.1] BASE_PART_COLOR_VARIANTS: 235,000/1,551,229 (15.1%) batches=47 elapsed=7.32s
2026-08-24T22:52:35.0545775-05:00 [PHASE5B] [RUN] [2.1] P5B_VARIANTS / BASE_PART_COLOR_VARIANTS 235,000/1,551,229 ( 15.1%) batch=48
2026-08-24T22:52:42.2079325-05:00 [PHASE5B] [OK ] [2.1] BASE_PART_COLOR_VARIANTS: 240,000/1,551,229 (15.5%) batches=48 elapsed=7.15s
2026-08-24T22:52:42.2099327-05:00 [PHASE5B] [RUN] [2.1] P5B_VARIANTS / BASE_PART_COLOR_VARIANTS 240,000/1,551,229 ( 15.5%) batch=49
2026-08-24T22:52:49.3808756-05:00 [PHASE5B] [OK ] [2.1] BASE_PART_COLOR_VARIANTS: 245,000/1,551,229 (15.8%) batches=49 elapsed=7.17s
2026-08-24T22:52:49.3818750-05:00 [PHASE5B] [RUN] [2.1] P5B_VARIANTS / BASE_PART_COLOR_VARIANTS 245,000/1,551,229 ( 15.8%) batch=50
2026-08-24T22:52:56.4919323-05:00 [PHASE5B] [OK ] [2.1] BASE_PART_COLOR_VARIANTS: 250,000/1,551,229 (16.1%) batches=50 elapsed=7.11s
2026-08-24T22:52:56.4939307-05:00 [PHASE5B] [RUN] [2.1] P5B_VARIANTS / BASE_PART_COLOR_VARIANTS 250,000/1,551,229 ( 16.1%) batch=51
2026-08-24T22:53:03.6096138-05:00 [PHASE5B] [OK ] [2.1] BASE_PART_COLOR_VARIANTS: 255,000/1,551,229 (16.4%) batches=51 elapsed=7.12s
2026-08-24T22:53:03.6106138-05:00 [PHASE5B] [RUN] [2.1] P5B_VARIANTS / BASE_PART_COLOR_VARIANTS 255,000/1,551,229 ( 16.4%) batch=52
2026-08-24T22:53:10.7269483-05:00 [PHASE5B] [OK ] [2.1] BASE_PART_COLOR_VARIANTS: 260,000/1,551,229 (16.8%) batches=52 elapsed=7.12s
2026-08-24T22:53:10.7279488-05:00 [PHASE5B] [RUN] [2.1] P5B_VARIANTS / BASE_PART_COLOR_VARIANTS 260,000/1,551,229 ( 16.8%) batch=53
2026-08-24T22:53:17.8166191-05:00 [PHASE5B] [OK ] [2.1] BASE_PART_COLOR_VARIANTS: 265,000/1,551,229 (17.1%) batches=53 elapsed=7.09s
2026-08-24T22:53:17.8176184-05:00 [PHASE5B] [RUN] [2.1] P5B_VARIANTS / BASE_PART_COLOR_VARIANTS 265,000/1,551,229 ( 17.1%) batch=54
2026-08-24T22:53:24.8449748-05:00 [PHASE5B] [OK ] [2.1] BASE_PART_COLOR_VARIANTS: 270,000/1,551,229 (17.4%) batches=54 elapsed=7.03s
2026-08-24T22:53:24.8459668-05:00 [PHASE5B] [RUN] [2.1] P5B_VARIANTS / BASE_PART_COLOR_VARIANTS 270,000/1,551,229 ( 17.4%) batch=55
2026-08-24T22:53:31.8490510-05:00 [PHASE5B] [OK ] [2.1] BASE_PART_COLOR_VARIANTS: 275,000/1,551,229 (17.7%) batches=55 elapsed=7.00s
2026-08-24T22:53:31.8500535-05:00 [PHASE5B] [RUN] [2.1] P5B_VARIANTS / BASE_PART_COLOR_VARIANTS 275,000/1,551,229 ( 17.7%) batch=56
2026-08-24T22:53:38.7559578-05:00 [PHASE5B] [OK ] [2.1] BASE_PART_COLOR_VARIANTS: 280,000/1,551,229 (18.1%) batches=56 elapsed=6.91s
2026-08-24T22:53:38.7579580-05:00 [PHASE5B] [RUN] [2.1] P5B_VARIANTS / BASE_PART_COLOR_VARIANTS 280,000/1,551,229 ( 18.1%) batch=57
2026-08-24T22:53:45.6258116-05:00 [PHASE5B] [OK ] [2.1] BASE_PART_COLOR_VARIANTS: 285,000/1,551,229 (18.4%) batches=57 elapsed=6.87s
2026-08-24T22:53:45.6278141-05:00 [PHASE5B] [RUN] [2.1] P5B_VARIANTS / BASE_PART_COLOR_VARIANTS 285,000/1,551,229 ( 18.4%) batch=58
2026-08-24T22:53:52.4711214-05:00 [PHASE5B] [OK ] [2.1] BASE_PART_COLOR_VARIANTS: 290,000/1,551,229 (18.7%) batches=58 elapsed=6.85s
2026-08-24T22:53:52.4721238-05:00 [PHASE5B] [RUN] [2.1] P5B_VARIANTS / BASE_PART_COLOR_VARIANTS 290,000/1,551,229 ( 18.7%) batch=59
2026-08-24T22:53:59.3799790-05:00 [PHASE5B] [OK ] [2.1] BASE_PART_COLOR_VARIANTS: 295,000/1,551,229 (19.0%) batches=59 elapsed=6.91s
2026-08-24T22:53:59.3809803-05:00 [PHASE5B] [RUN] [2.1] P5B_VARIANTS / BASE_PART_COLOR_VARIANTS 295,000/1,551,229 ( 19.0%) batch=60
2026-08-24T22:54:06.2774884-05:00 [PHASE5B] [OK ] [2.1] BASE_PART_COLOR_VARIANTS: 300,000/1,551,229 (19.3%) batches=60 elapsed=6.90s
2026-08-24T22:54:06.2784882-05:00 [PHASE5B] [RUN] [2.1] P5B_VARIANTS / BASE_PART_COLOR_VARIANTS 300,000/1,551,229 ( 19.3%) batch=61
2026-08-24T22:54:13.1380921-05:00 [PHASE5B] [OK ] [2.1] BASE_PART_COLOR_VARIANTS: 305,000/1,551,229 (19.7%) batches=61 elapsed=6.86s
2026-08-24T22:54:13.1400921-05:00 [PHASE5B] [RUN] [2.1] P5B_VARIANTS / BASE_PART_COLOR_VARIANTS 305,000/1,551,229 ( 19.7%) batch=62
2026-08-24T22:54:19.9113660-05:00 [PHASE5B] [OK ] [2.1] BASE_PART_COLOR_VARIANTS: 310,000/1,551,229 (20.0%) batches=62 elapsed=6.77s
2026-08-24T22:54:19.9123643-05:00 [PHASE5B] [RUN] [2.1] P5B_VARIANTS / BASE_PART_COLOR_VARIANTS 310,000/1,551,229 ( 20.0%) batch=63
2026-08-24T22:54:26.6812196-05:00 [PHASE5B] [OK ] [2.1] BASE_PART_COLOR_VARIANTS: 315,000/1,551,229 (20.3%) batches=63 elapsed=6.77s
2026-08-24T22:54:26.6822213-05:00 [PHASE5B] [RUN] [2.1] P5B_VARIANTS / BASE_PART_COLOR_VARIANTS 315,000/1,551,229 ( 20.3%) batch=64
2026-08-24T22:54:33.4873311-05:00 [PHASE5B] [OK ] [2.1] BASE_PART_COLOR_VARIANTS: 320,000/1,551,229 (20.6%) batches=64 elapsed=6.81s
2026-08-24T22:54:33.4883323-05:00 [PHASE5B] [RUN] [2.1] P5B_VARIANTS / BASE_PART_COLOR_VARIANTS 320,000/1,551,229 ( 20.6%) batch=65
2026-08-24T22:54:40.2956486-05:00 [PHASE5B] [OK ] [2.1] BASE_PART_COLOR_VARIANTS: 325,000/1,551,229 (21.0%) batches=65 elapsed=6.81s
2026-08-24T22:54:40.2966486-05:00 [PHASE5B] [RUN] [2.1] P5B_VARIANTS / BASE_PART_COLOR_VARIANTS 325,000/1,551,229 ( 21.0%) batch=66
2026-08-24T22:54:47.0886452-05:00 [PHASE5B] [OK ] [2.1] BASE_PART_COLOR_VARIANTS: 330,000/1,551,229 (21.3%) batches=66 elapsed=6.79s
2026-08-24T22:54:47.0896480-05:00 [PHASE5B] [RUN] [2.1] P5B_VARIANTS / BASE_PART_COLOR_VARIANTS 330,000/1,551,229 ( 21.3%) batch=67
2026-08-24T22:54:53.8895047-05:00 [PHASE5B] [OK ] [2.1] BASE_PART_COLOR_VARIANTS: 335,000/1,551,229 (21.6%) batches=67 elapsed=6.80s
2026-08-24T22:54:53.8904981-05:00 [PHASE5B] [RUN] [2.1] P5B_VARIANTS / BASE_PART_COLOR_VARIANTS 335,000/1,551,229 ( 21.6%) batch=68
2026-08-24T22:55:00.7851785-05:00 [PHASE5B] [OK ] [2.1] BASE_PART_COLOR_VARIANTS: 340,000/1,551,229 (21.9%) batches=68 elapsed=6.90s
2026-08-24T22:55:00.7861788-05:00 [PHASE5B] [RUN] [2.1] P5B_VARIANTS / BASE_PART_COLOR_VARIANTS 340,000/1,551,229 ( 21.9%) batch=69
2026-08-24T22:55:08.1693559-05:00 [PHASE5B] [OK ] [2.1] BASE_PART_COLOR_VARIANTS: 345,000/1,551,229 (22.2%) batches=69 elapsed=7.38s
2026-08-24T22:55:08.1703561-05:00 [PHASE5B] [RUN] [2.1] P5B_VARIANTS / BASE_PART_COLOR_VARIANTS 345,000/1,551,229 ( 22.2%) batch=70
2026-08-24T22:55:14.9603318-05:00 [PHASE5B] [OK ] [2.1] BASE_PART_COLOR_VARIANTS: 350,000/1,551,229 (22.6%) batches=70 elapsed=6.79s
2026-08-24T22:55:14.9623311-05:00 [PHASE5B] [RUN] [2.1] P5B_VARIANTS / BASE_PART_COLOR_VARIANTS 350,000/1,551,229 ( 22.6%) batch=71
2026-08-24T22:55:21.6759380-05:00 [PHASE5B] [OK ] [2.1] BASE_PART_COLOR_VARIANTS: 355,000/1,551,229 (22.9%) batches=71 elapsed=6.72s
2026-08-24T22:55:21.6779370-05:00 [PHASE5B] [RUN] [2.1] P5B_VARIANTS / BASE_PART_COLOR_VARIANTS 355,000/1,551,229 ( 22.9%) batch=72
2026-08-24T22:55:28.3703582-05:00 [PHASE5B] [OK ] [2.1] BASE_PART_COLOR_VARIANTS: 360,000/1,551,229 (23.2%) batches=72 elapsed=6.69s
2026-08-24T22:55:28.3713584-05:00 [PHASE5B] [RUN] [2.1] P5B_VARIANTS / BASE_PART_COLOR_VARIANTS 360,000/1,551,229 ( 23.2%) batch=73
2026-08-24T22:55:35.5287418-05:00 [PHASE5B] [OK ] [2.1] BASE_PART_COLOR_VARIANTS: 365,000/1,551,229 (23.5%) batches=73 elapsed=7.16s
2026-08-24T22:55:35.5297428-05:00 [PHASE5B] [RUN] [2.1] P5B_VARIANTS / BASE_PART_COLOR_VARIANTS 365,000/1,551,229 ( 23.5%) batch=74
2026-08-24T22:55:42.2200770-05:00 [PHASE5B] [OK ] [2.1] BASE_PART_COLOR_VARIANTS: 370,000/1,551,229 (23.9%) batches=74 elapsed=6.69s
2026-08-24T22:55:42.2210765-05:00 [PHASE5B] [RUN] [2.1] P5B_VARIANTS / BASE_PART_COLOR_VARIANTS 370,000/1,551,229 ( 23.9%) batch=75
2026-08-24T22:55:48.7877757-05:00 [PHASE5B] [OK ] [2.1] BASE_PART_COLOR_VARIANTS: 375,000/1,551,229 (24.2%) batches=75 elapsed=6.57s
2026-08-24T22:55:48.7887753-05:00 [PHASE5B] [RUN] [2.1] P5B_VARIANTS / BASE_PART_COLOR_VARIANTS 375,000/1,551,229 ( 24.2%) batch=76
2026-08-24T22:55:55.3362668-05:00 [PHASE5B] [OK ] [2.1] BASE_PART_COLOR_VARIANTS: 380,000/1,551,229 (24.5%) batches=76 elapsed=6.55s
2026-08-24T22:55:55.3382674-05:00 [PHASE5B] [RUN] [2.1] P5B_VARIANTS / BASE_PART_COLOR_VARIANTS 380,000/1,551,229 ( 24.5%) batch=77
2026-08-24T22:56:01.7621394-05:00 [PHASE5B] [OK ] [2.1] BASE_PART_COLOR_VARIANTS: 385,000/1,551,229 (24.8%) batches=77 elapsed=6.43s
2026-08-24T22:56:01.7641397-05:00 [PHASE5B] [RUN] [2.1] P5B_VARIANTS / BASE_PART_COLOR_VARIANTS 385,000/1,551,229 ( 24.8%) batch=78
2026-08-24T22:56:08.2398775-05:00 [PHASE5B] [OK ] [2.1] BASE_PART_COLOR_VARIANTS: 390,000/1,551,229 (25.1%) batches=78 elapsed=6.48s
2026-08-24T22:56:08.2408781-05:00 [PHASE5B] [RUN] [2.1] P5B_VARIANTS / BASE_PART_COLOR_VARIANTS 390,000/1,551,229 ( 25.1%) batch=79
2026-08-24T22:56:14.7139058-05:00 [PHASE5B] [OK ] [2.1] BASE_PART_COLOR_VARIANTS: 395,000/1,551,229 (25.5%) batches=79 elapsed=6.47s
2026-08-24T22:56:14.7149073-05:00 [PHASE5B] [RUN] [2.1] P5B_VARIANTS / BASE_PART_COLOR_VARIANTS 395,000/1,551,229 ( 25.5%) batch=80
2026-08-24T22:56:21.1373005-05:00 [PHASE5B] [OK ] [2.1] BASE_PART_COLOR_VARIANTS: 400,000/1,551,229 (25.8%) batches=80 elapsed=6.42s
2026-08-24T22:56:21.1393031-05:00 [PHASE5B] [RUN] [2.1] P5B_VARIANTS / BASE_PART_COLOR_VARIANTS 400,000/1,551,229 ( 25.8%) batch=81
2026-08-24T22:56:27.4761485-05:00 [PHASE5B] [OK ] [2.1] BASE_PART_COLOR_VARIANTS: 405,000/1,551,229 (26.1%) batches=81 elapsed=6.34s
2026-08-24T22:56:27.4771485-05:00 [PHASE5B] [RUN] [2.1] P5B_VARIANTS / BASE_PART_COLOR_VARIANTS 405,000/1,551,229 ( 26.1%) batch=82
2026-08-24T22:56:33.8632123-05:00 [PHASE5B] [OK ] [2.1] BASE_PART_COLOR_VARIANTS: 410,000/1,551,229 (26.4%) batches=82 elapsed=6.39s
2026-08-24T22:56:33.8652146-05:00 [PHASE5B] [RUN] [2.1] P5B_VARIANTS / BASE_PART_COLOR_VARIANTS 410,000/1,551,229 ( 26.4%) batch=83
2026-08-24T22:56:40.2970655-05:00 [PHASE5B] [OK ] [2.1] BASE_PART_COLOR_VARIANTS: 415,000/1,551,229 (26.8%) batches=83 elapsed=6.43s
2026-08-24T22:56:40.2980659-05:00 [PHASE5B] [RUN] [2.1] P5B_VARIANTS / BASE_PART_COLOR_VARIANTS 415,000/1,551,229 ( 26.8%) batch=84
2026-08-24T22:56:46.6164562-05:00 [PHASE5B] [OK ] [2.1] BASE_PART_COLOR_VARIANTS: 420,000/1,551,229 (27.1%) batches=84 elapsed=6.32s
2026-08-24T22:56:46.6184552-05:00 [PHASE5B] [RUN] [2.1] P5B_VARIANTS / BASE_PART_COLOR_VARIANTS 420,000/1,551,229 ( 27.1%) batch=85
2026-08-24T22:56:52.9885335-05:00 [PHASE5B] [OK ] [2.1] BASE_PART_COLOR_VARIANTS: 425,000/1,551,229 (27.4%) batches=85 elapsed=6.37s
2026-08-24T22:56:52.9905344-05:00 [PHASE5B] [RUN] [2.1] P5B_VARIANTS / BASE_PART_COLOR_VARIANTS 425,000/1,551,229 ( 27.4%) batch=86
2026-08-24T22:56:59.3256395-05:00 [PHASE5B] [OK ] [2.1] BASE_PART_COLOR_VARIANTS: 430,000/1,551,229 (27.7%) batches=86 elapsed=6.34s
2026-08-24T22:56:59.3266419-05:00 [PHASE5B] [RUN] [2.1] P5B_VARIANTS / BASE_PART_COLOR_VARIANTS 430,000/1,551,229 ( 27.7%) batch=87
2026-08-24T22:57:05.5887665-05:00 [PHASE5B] [OK ] [2.1] BASE_PART_COLOR_VARIANTS: 435,000/1,551,229 (28.0%) batches=87 elapsed=6.26s
2026-08-24T22:57:05.5907643-05:00 [PHASE5B] [RUN] [2.1] P5B_VARIANTS / BASE_PART_COLOR_VARIANTS 435,000/1,551,229 ( 28.0%) batch=88
2026-08-24T22:57:11.9149532-05:00 [PHASE5B] [OK ] [2.1] BASE_PART_COLOR_VARIANTS: 440,000/1,551,229 (28.4%) batches=88 elapsed=6.33s
2026-08-24T22:57:11.9159524-05:00 [PHASE5B] [RUN] [2.1] P5B_VARIANTS / BASE_PART_COLOR_VARIANTS 440,000/1,551,229 ( 28.4%) batch=89
2026-08-24T22:57:18.0869292-05:00 [PHASE5B] [OK ] [2.1] BASE_PART_COLOR_VARIANTS: 445,000/1,551,229 (28.7%) batches=89 elapsed=6.17s
2026-08-24T22:57:18.0879297-05:00 [PHASE5B] [RUN] [2.1] P5B_VARIANTS / BASE_PART_COLOR_VARIANTS 445,000/1,551,229 ( 28.7%) batch=90
2026-08-24T22:57:24.2681992-05:00 [PHASE5B] [OK ] [2.1] BASE_PART_COLOR_VARIANTS: 450,000/1,551,229 (29.0%) batches=90 elapsed=6.18s
2026-08-24T22:57:24.2691998-05:00 [PHASE5B] [RUN] [2.1] P5B_VARIANTS / BASE_PART_COLOR_VARIANTS 450,000/1,551,229 ( 29.0%) batch=91
2026-08-24T22:57:30.3945623-05:00 [PHASE5B] [OK ] [2.1] BASE_PART_COLOR_VARIANTS: 455,000/1,551,229 (29.3%) batches=91 elapsed=6.13s
2026-08-24T22:57:30.3955609-05:00 [PHASE5B] [RUN] [2.1] P5B_VARIANTS / BASE_PART_COLOR_VARIANTS 455,000/1,551,229 ( 29.3%) batch=92
2026-08-24T22:57:36.4727434-05:00 [PHASE5B] [OK ] [2.1] BASE_PART_COLOR_VARIANTS: 460,000/1,551,229 (29.7%) batches=92 elapsed=6.08s
2026-08-24T22:57:36.4737413-05:00 [PHASE5B] [RUN] [2.1] P5B_VARIANTS / BASE_PART_COLOR_VARIANTS 460,000/1,551,229 ( 29.7%) batch=93
2026-08-24T22:57:42.6140743-05:00 [PHASE5B] [OK ] [2.1] BASE_PART_COLOR_VARIANTS: 465,000/1,551,229 (30.0%) batches=93 elapsed=6.14s
2026-08-24T22:57:42.6150759-05:00 [PHASE5B] [RUN] [2.1] P5B_VARIANTS / BASE_PART_COLOR_VARIANTS 465,000/1,551,229 ( 30.0%) batch=94
2026-08-24T22:57:48.5967435-05:00 [PHASE5B] [OK ] [2.1] BASE_PART_COLOR_VARIANTS: 470,000/1,551,229 (30.3%) batches=94 elapsed=5.98s
2026-08-24T22:57:48.5977442-05:00 [PHASE5B] [RUN] [2.1] P5B_VARIANTS / BASE_PART_COLOR_VARIANTS 470,000/1,551,229 ( 30.3%) batch=95
2026-08-24T22:57:54.5743305-05:00 [PHASE5B] [OK ] [2.1] BASE_PART_COLOR_VARIANTS: 475,000/1,551,229 (30.6%) batches=95 elapsed=5.98s
2026-08-24T22:57:54.5753305-05:00 [PHASE5B] [RUN] [2.1] P5B_VARIANTS / BASE_PART_COLOR_VARIANTS 475,000/1,551,229 ( 30.6%) batch=96
2026-08-24T22:58:00.6008610-05:00 [PHASE5B] [OK ] [2.1] BASE_PART_COLOR_VARIANTS: 480,000/1,551,229 (30.9%) batches=96 elapsed=6.03s
2026-08-24T22:58:00.6018610-05:00 [PHASE5B] [RUN] [2.1] P5B_VARIANTS / BASE_PART_COLOR_VARIANTS 480,000/1,551,229 ( 30.9%) batch=97
2026-08-24T22:58:06.5795247-05:00 [PHASE5B] [OK ] [2.1] BASE_PART_COLOR_VARIANTS: 485,000/1,551,229 (31.3%) batches=97 elapsed=5.98s
2026-08-24T22:58:06.5805260-05:00 [PHASE5B] [RUN] [2.1] P5B_VARIANTS / BASE_PART_COLOR_VARIANTS 485,000/1,551,229 ( 31.3%) batch=98
2026-08-24T22:58:12.6762222-05:00 [PHASE5B] [OK ] [2.1] BASE_PART_COLOR_VARIANTS: 490,000/1,551,229 (31.6%) batches=98 elapsed=6.10s
2026-08-24T22:58:12.6772210-05:00 [PHASE5B] [RUN] [2.1] P5B_VARIANTS / BASE_PART_COLOR_VARIANTS 490,000/1,551,229 ( 31.6%) batch=99
2026-08-24T22:58:18.7041457-05:00 [PHASE5B] [OK ] [2.1] BASE_PART_COLOR_VARIANTS: 495,000/1,551,229 (31.9%) batches=99 elapsed=6.03s
2026-08-24T22:58:18.7061467-05:00 [PHASE5B] [RUN] [2.1] P5B_VARIANTS / BASE_PART_COLOR_VARIANTS 495,000/1,551,229 ( 31.9%) batch=100
2026-08-24T22:58:24.6482514-05:00 [PHASE5B] [OK ] [2.1] BASE_PART_COLOR_VARIANTS: 500,000/1,551,229 (32.2%) batches=100 elapsed=5.94s
2026-08-24T22:58:24.6492522-05:00 [PHASE5B] [RUN] [2.1] P5B_VARIANTS / BASE_PART_COLOR_VARIANTS 500,000/1,551,229 ( 32.2%) batch=101
2026-08-24T22:58:30.6746545-05:00 [PHASE5B] [OK ] [2.1] BASE_PART_COLOR_VARIANTS: 505,000/1,551,229 (32.6%) batches=101 elapsed=6.03s
2026-08-24T22:58:30.6756554-05:00 [PHASE5B] [RUN] [2.1] P5B_VARIANTS / BASE_PART_COLOR_VARIANTS 505,000/1,551,229 ( 32.6%) batch=102
2026-08-24T22:58:36.6797042-05:00 [PHASE5B] [OK ] [2.1] BASE_PART_COLOR_VARIANTS: 510,000/1,551,229 (32.9%) batches=102 elapsed=6.01s
2026-08-24T22:58:36.6817070-05:00 [PHASE5B] [RUN] [2.1] P5B_VARIANTS / BASE_PART_COLOR_VARIANTS 510,000/1,551,229 ( 32.9%) batch=103
2026-08-24T22:58:42.6221573-05:00 [PHASE5B] [OK ] [2.1] BASE_PART_COLOR_VARIANTS: 515,000/1,551,229 (33.2%) batches=103 elapsed=5.94s
2026-08-24T22:58:42.6231577-05:00 [PHASE5B] [RUN] [2.1] P5B_VARIANTS / BASE_PART_COLOR_VARIANTS 515,000/1,551,229 ( 33.2%) batch=104
2026-08-24T22:58:48.5178775-05:00 [PHASE5B] [OK ] [2.1] BASE_PART_COLOR_VARIANTS: 520,000/1,551,229 (33.5%) batches=104 elapsed=5.90s
2026-08-24T22:58:48.5198774-05:00 [PHASE5B] [RUN] [2.1] P5B_VARIANTS / BASE_PART_COLOR_VARIANTS 520,000/1,551,229 ( 33.5%) batch=105
2026-08-24T22:58:54.3459078-05:00 [PHASE5B] [OK ] [2.1] BASE_PART_COLOR_VARIANTS: 525,000/1,551,229 (33.8%) batches=105 elapsed=5.83s
2026-08-24T22:58:54.3469080-05:00 [PHASE5B] [RUN] [2.1] P5B_VARIANTS / BASE_PART_COLOR_VARIANTS 525,000/1,551,229 ( 33.8%) batch=106
2026-08-24T22:59:00.0888070-05:00 [PHASE5B] [OK ] [2.1] BASE_PART_COLOR_VARIANTS: 530,000/1,551,229 (34.2%) batches=106 elapsed=5.74s
2026-08-24T22:59:00.0898063-05:00 [PHASE5B] [RUN] [2.1] P5B_VARIANTS / BASE_PART_COLOR_VARIANTS 530,000/1,551,229 ( 34.2%) batch=107
2026-08-24T22:59:05.8873931-05:00 [PHASE5B] [OK ] [2.1] BASE_PART_COLOR_VARIANTS: 535,000/1,551,229 (34.5%) batches=107 elapsed=5.80s
2026-08-24T22:59:05.8883932-05:00 [PHASE5B] [RUN] [2.1] P5B_VARIANTS / BASE_PART_COLOR_VARIANTS 535,000/1,551,229 ( 34.5%) batch=108
2026-08-24T22:59:11.7295902-05:00 [PHASE5B] [OK ] [2.1] BASE_PART_COLOR_VARIANTS: 540,000/1,551,229 (34.8%) batches=108 elapsed=5.84s
2026-08-24T22:59:11.7306401-05:00 [PHASE5B] [RUN] [2.1] P5B_VARIANTS / BASE_PART_COLOR_VARIANTS 540,000/1,551,229 ( 34.8%) batch=109
2026-08-24T22:59:17.4593381-05:00 [PHASE5B] [OK ] [2.1] BASE_PART_COLOR_VARIANTS: 545,000/1,551,229 (35.1%) batches=109 elapsed=5.73s
2026-08-24T22:59:17.4603402-05:00 [PHASE5B] [RUN] [2.1] P5B_VARIANTS / BASE_PART_COLOR_VARIANTS 545,000/1,551,229 ( 35.1%) batch=110
2026-08-24T22:59:23.1243083-05:00 [PHASE5B] [OK ] [2.1] BASE_PART_COLOR_VARIANTS: 550,000/1,551,229 (35.5%) batches=110 elapsed=5.66s
2026-08-24T22:59:23.1253082-05:00 [PHASE5B] [RUN] [2.1] P5B_VARIANTS / BASE_PART_COLOR_VARIANTS 550,000/1,551,229 ( 35.5%) batch=111
2026-08-24T22:59:28.8188780-05:00 [PHASE5B] [OK ] [2.1] BASE_PART_COLOR_VARIANTS: 555,000/1,551,229 (35.8%) batches=111 elapsed=5.69s
2026-08-24T22:59:28.8198757-05:00 [PHASE5B] [RUN] [2.1] P5B_VARIANTS / BASE_PART_COLOR_VARIANTS 555,000/1,551,229 ( 35.8%) batch=112
2026-08-24T22:59:34.4784321-05:00 [PHASE5B] [OK ] [2.1] BASE_PART_COLOR_VARIANTS: 560,000/1,551,229 (36.1%) batches=112 elapsed=5.66s
2026-08-24T22:59:34.4794321-05:00 [PHASE5B] [RUN] [2.1] P5B_VARIANTS / BASE_PART_COLOR_VARIANTS 560,000/1,551,229 ( 36.1%) batch=113
2026-08-24T22:59:40.1302080-05:00 [PHASE5B] [OK ] [2.1] BASE_PART_COLOR_VARIANTS: 565,000/1,551,229 (36.4%) batches=113 elapsed=5.65s
2026-08-24T22:59:40.1322077-05:00 [PHASE5B] [RUN] [2.1] P5B_VARIANTS / BASE_PART_COLOR_VARIANTS 565,000/1,551,229 ( 36.4%) batch=114
2026-08-24T22:59:45.8521229-05:00 [PHASE5B] [OK ] [2.1] BASE_PART_COLOR_VARIANTS: 570,000/1,551,229 (36.7%) batches=114 elapsed=5.72s
2026-08-24T22:59:45.8531228-05:00 [PHASE5B] [RUN] [2.1] P5B_VARIANTS / BASE_PART_COLOR_VARIANTS 570,000/1,551,229 ( 36.7%) batch=115
2026-08-24T22:59:51.4784593-05:00 [PHASE5B] [OK ] [2.1] BASE_PART_COLOR_VARIANTS: 575,000/1,551,229 (37.1%) batches=115 elapsed=5.63s
2026-08-24T22:59:51.4794590-05:00 [PHASE5B] [RUN] [2.1] P5B_VARIANTS / BASE_PART_COLOR_VARIANTS 575,000/1,551,229 ( 37.1%) batch=116
2026-08-24T22:59:57.0342361-05:00 [PHASE5B] [OK ] [2.1] BASE_PART_COLOR_VARIANTS: 580,000/1,551,229 (37.4%) batches=116 elapsed=5.56s
2026-08-24T22:59:57.0352354-05:00 [PHASE5B] [RUN] [2.1] P5B_VARIANTS / BASE_PART_COLOR_VARIANTS 580,000/1,551,229 ( 37.4%) batch=117
2026-08-24T23:00:02.5752248-05:00 [PHASE5B] [OK ] [2.1] BASE_PART_COLOR_VARIANTS: 585,000/1,551,229 (37.7%) batches=117 elapsed=5.54s
2026-08-24T23:00:02.5762235-05:00 [PHASE5B] [RUN] [2.1] P5B_VARIANTS / BASE_PART_COLOR_VARIANTS 585,000/1,551,229 ( 37.7%) batch=118
2026-08-24T23:00:08.0675503-05:00 [PHASE5B] [OK ] [2.1] BASE_PART_COLOR_VARIANTS: 590,000/1,551,229 (38.0%) batches=118 elapsed=5.49s
2026-08-24T23:00:08.0685506-05:00 [PHASE5B] [RUN] [2.1] P5B_VARIANTS / BASE_PART_COLOR_VARIANTS 590,000/1,551,229 ( 38.0%) batch=119
2026-08-24T23:00:13.6421703-05:00 [PHASE5B] [OK ] [2.1] BASE_PART_COLOR_VARIANTS: 595,000/1,551,229 (38.4%) batches=119 elapsed=5.57s
2026-08-24T23:00:13.6431670-05:00 [PHASE5B] [RUN] [2.1] P5B_VARIANTS / BASE_PART_COLOR_VARIANTS 595,000/1,551,229 ( 38.4%) batch=120
2026-08-24T23:00:19.1607623-05:00 [PHASE5B] [OK ] [2.1] BASE_PART_COLOR_VARIANTS: 600,000/1,551,229 (38.7%) batches=120 elapsed=5.52s
2026-08-24T23:00:19.1627617-05:00 [PHASE5B] [RUN] [2.1] P5B_VARIANTS / BASE_PART_COLOR_VARIANTS 600,000/1,551,229 ( 38.7%) batch=121
2026-08-24T23:00:24.6565637-05:00 [PHASE5B] [OK ] [2.1] BASE_PART_COLOR_VARIANTS: 605,000/1,551,229 (39.0%) batches=121 elapsed=5.49s
2026-08-24T23:00:24.6575644-05:00 [PHASE5B] [RUN] [2.1] P5B_VARIANTS / BASE_PART_COLOR_VARIANTS 605,000/1,551,229 ( 39.0%) batch=122
2026-08-24T23:00:30.1319951-05:00 [PHASE5B] [OK ] [2.1] BASE_PART_COLOR_VARIANTS: 610,000/1,551,229 (39.3%) batches=122 elapsed=5.48s
2026-08-24T23:00:30.1339945-05:00 [PHASE5B] [RUN] [2.1] P5B_VARIANTS / BASE_PART_COLOR_VARIANTS 610,000/1,551,229 ( 39.3%) batch=123
2026-08-24T23:00:35.5238684-05:00 [PHASE5B] [OK ] [2.1] BASE_PART_COLOR_VARIANTS: 615,000/1,551,229 (39.6%) batches=123 elapsed=5.39s
2026-08-24T23:00:35.5258693-05:00 [PHASE5B] [RUN] [2.1] P5B_VARIANTS / BASE_PART_COLOR_VARIANTS 615,000/1,551,229 ( 39.6%) batch=124
2026-08-24T23:00:40.8454386-05:00 [PHASE5B] [OK ] [2.1] BASE_PART_COLOR_VARIANTS: 620,000/1,551,229 (40.0%) batches=124 elapsed=5.32s
2026-08-24T23:00:40.8474423-05:00 [PHASE5B] [RUN] [2.1] P5B_VARIANTS / BASE_PART_COLOR_VARIANTS 620,000/1,551,229 ( 40.0%) batch=125
2026-08-24T23:00:46.3943293-05:00 [PHASE5B] [OK ] [2.1] BASE_PART_COLOR_VARIANTS: 625,000/1,551,229 (40.3%) batches=125 elapsed=5.55s
2026-08-24T23:00:46.3963311-05:00 [PHASE5B] [RUN] [2.1] P5B_VARIANTS / BASE_PART_COLOR_VARIANTS 625,000/1,551,229 ( 40.3%) batch=126
2026-08-24T23:00:51.8753448-05:00 [PHASE5B] [OK ] [2.1] BASE_PART_COLOR_VARIANTS: 630,000/1,551,229 (40.6%) batches=126 elapsed=5.48s
2026-08-24T23:00:51.8773472-05:00 [PHASE5B] [RUN] [2.1] P5B_VARIANTS / BASE_PART_COLOR_VARIANTS 630,000/1,551,229 ( 40.6%) batch=127
2026-08-24T23:00:57.1239085-05:00 [PHASE5B] [OK ] [2.1] BASE_PART_COLOR_VARIANTS: 635,000/1,551,229 (40.9%) batches=127 elapsed=5.25s
2026-08-24T23:00:57.1249085-05:00 [PHASE5B] [RUN] [2.1] P5B_VARIANTS / BASE_PART_COLOR_VARIANTS 635,000/1,551,229 ( 40.9%) batch=128
2026-08-24T23:01:02.4987891-05:00 [PHASE5B] [OK ] [2.1] BASE_PART_COLOR_VARIANTS: 640,000/1,551,229 (41.3%) batches=128 elapsed=5.37s
2026-08-24T23:01:02.4997894-05:00 [PHASE5B] [RUN] [2.1] P5B_VARIANTS / BASE_PART_COLOR_VARIANTS 640,000/1,551,229 ( 41.3%) batch=129
2026-08-24T23:01:07.7807642-05:00 [PHASE5B] [OK ] [2.1] BASE_PART_COLOR_VARIANTS: 645,000/1,551,229 (41.6%) batches=129 elapsed=5.28s
2026-08-24T23:01:07.7817643-05:00 [PHASE5B] [RUN] [2.1] P5B_VARIANTS / BASE_PART_COLOR_VARIANTS 645,000/1,551,229 ( 41.6%) batch=130
2026-08-24T23:01:12.8653778-05:00 [PHASE5B] [OK ] [2.1] BASE_PART_COLOR_VARIANTS: 650,000/1,551,229 (41.9%) batches=130 elapsed=5.08s
2026-08-24T23:01:12.8663759-05:00 [PHASE5B] [RUN] [2.1] P5B_VARIANTS / BASE_PART_COLOR_VARIANTS 650,000/1,551,229 ( 41.9%) batch=131
2026-08-24T23:01:17.9165732-05:00 [PHASE5B] [OK ] [2.1] BASE_PART_COLOR_VARIANTS: 655,000/1,551,229 (42.2%) batches=131 elapsed=5.05s
2026-08-24T23:01:17.9175719-05:00 [PHASE5B] [RUN] [2.1] P5B_VARIANTS / BASE_PART_COLOR_VARIANTS 655,000/1,551,229 ( 42.2%) batch=132
2026-08-24T23:01:22.9369797-05:00 [PHASE5B] [OK ] [2.1] BASE_PART_COLOR_VARIANTS: 660,000/1,551,229 (42.5%) batches=132 elapsed=5.02s
2026-08-24T23:01:22.9379821-05:00 [PHASE5B] [RUN] [2.1] P5B_VARIANTS / BASE_PART_COLOR_VARIANTS 660,000/1,551,229 ( 42.5%) batch=133
2026-08-24T23:01:27.9390178-05:00 [PHASE5B] [OK ] [2.1] BASE_PART_COLOR_VARIANTS: 665,000/1,551,229 (42.9%) batches=133 elapsed=5.00s
2026-08-24T23:01:27.9400181-05:00 [PHASE5B] [RUN] [2.1] P5B_VARIANTS / BASE_PART_COLOR_VARIANTS 665,000/1,551,229 ( 42.9%) batch=134
2026-08-24T23:01:33.0740564-05:00 [PHASE5B] [OK ] [2.1] BASE_PART_COLOR_VARIANTS: 670,000/1,551,229 (43.2%) batches=134 elapsed=5.14s
2026-08-24T23:01:33.0760565-05:00 [PHASE5B] [RUN] [2.1] P5B_VARIANTS / BASE_PART_COLOR_VARIANTS 670,000/1,551,229 ( 43.2%) batch=135
2026-08-24T23:01:38.0393668-05:00 [PHASE5B] [OK ] [2.1] BASE_PART_COLOR_VARIANTS: 675,000/1,551,229 (43.5%) batches=135 elapsed=4.96s
2026-08-24T23:01:38.0403670-05:00 [PHASE5B] [RUN] [2.1] P5B_VARIANTS / BASE_PART_COLOR_VARIANTS 675,000/1,551,229 ( 43.5%) batch=136
2026-08-24T23:01:42.9463552-05:00 [PHASE5B] [OK ] [2.1] BASE_PART_COLOR_VARIANTS: 680,000/1,551,229 (43.8%) batches=136 elapsed=4.91s
2026-08-24T23:01:42.9473543-05:00 [PHASE5B] [RUN] [2.1] P5B_VARIANTS / BASE_PART_COLOR_VARIANTS 680,000/1,551,229 ( 43.8%) batch=137
2026-08-24T23:01:48.0215106-05:00 [PHASE5B] [OK ] [2.1] BASE_PART_COLOR_VARIANTS: 685,000/1,551,229 (44.2%) batches=137 elapsed=5.08s
2026-08-24T23:01:48.0225075-05:00 [PHASE5B] [RUN] [2.1] P5B_VARIANTS / BASE_PART_COLOR_VARIANTS 685,000/1,551,229 ( 44.2%) batch=138
2026-08-24T23:01:52.9132260-05:00 [PHASE5B] [OK ] [2.1] BASE_PART_COLOR_VARIANTS: 690,000/1,551,229 (44.5%) batches=138 elapsed=4.89s
2026-08-24T23:01:52.9142283-05:00 [PHASE5B] [RUN] [2.1] P5B_VARIANTS / BASE_PART_COLOR_VARIANTS 690,000/1,551,229 ( 44.5%) batch=139
2026-08-24T23:01:57.7845970-05:00 [PHASE5B] [OK ] [2.1] BASE_PART_COLOR_VARIANTS: 695,000/1,551,229 (44.8%) batches=139 elapsed=4.87s
2026-08-24T23:01:57.7855983-05:00 [PHASE5B] [RUN] [2.1] P5B_VARIANTS / BASE_PART_COLOR_VARIANTS 695,000/1,551,229 ( 44.8%) batch=140
2026-08-24T23:02:02.6590713-05:00 [PHASE5B] [OK ] [2.1] BASE_PART_COLOR_VARIANTS: 700,000/1,551,229 (45.1%) batches=140 elapsed=4.87s
2026-08-24T23:02:02.6600604-05:00 [PHASE5B] [RUN] [2.1] P5B_VARIANTS / BASE_PART_COLOR_VARIANTS 700,000/1,551,229 ( 45.1%) batch=141
2026-08-24T23:02:07.5435246-05:00 [PHASE5B] [OK ] [2.1] BASE_PART_COLOR_VARIANTS: 705,000/1,551,229 (45.4%) batches=141 elapsed=4.88s
2026-08-24T23:02:07.5445246-05:00 [PHASE5B] [RUN] [2.1] P5B_VARIANTS / BASE_PART_COLOR_VARIANTS 705,000/1,551,229 ( 45.4%) batch=142
2026-08-24T23:02:12.5189684-05:00 [PHASE5B] [OK ] [2.1] BASE_PART_COLOR_VARIANTS: 710,000/1,551,229 (45.8%) batches=142 elapsed=4.98s
2026-08-24T23:02:12.5199659-05:00 [PHASE5B] [RUN] [2.1] P5B_VARIANTS / BASE_PART_COLOR_VARIANTS 710,000/1,551,229 ( 45.8%) batch=143
2026-08-24T23:02:17.4668019-05:00 [PHASE5B] [OK ] [2.1] BASE_PART_COLOR_VARIANTS: 715,000/1,551,229 (46.1%) batches=143 elapsed=4.95s
2026-08-24T23:02:17.4677997-05:00 [PHASE5B] [RUN] [2.1] P5B_VARIANTS / BASE_PART_COLOR_VARIANTS 715,000/1,551,229 ( 46.1%) batch=144
2026-08-24T23:02:22.3915726-05:00 [PHASE5B] [OK ] [2.1] BASE_PART_COLOR_VARIANTS: 720,000/1,551,229 (46.4%) batches=144 elapsed=4.92s
2026-08-24T23:02:22.3925745-05:00 [PHASE5B] [RUN] [2.1] P5B_VARIANTS / BASE_PART_COLOR_VARIANTS 720,000/1,551,229 ( 46.4%) batch=145
2026-08-24T23:02:27.2504100-05:00 [PHASE5B] [OK ] [2.1] BASE_PART_COLOR_VARIANTS: 725,000/1,551,229 (46.7%) batches=145 elapsed=4.86s
2026-08-24T23:02:27.2524108-05:00 [PHASE5B] [RUN] [2.1] P5B_VARIANTS / BASE_PART_COLOR_VARIANTS 725,000/1,551,229 ( 46.7%) batch=146
2026-08-24T23:02:32.1608816-05:00 [PHASE5B] [OK ] [2.1] BASE_PART_COLOR_VARIANTS: 730,000/1,551,229 (47.1%) batches=146 elapsed=4.91s
2026-08-24T23:02:32.1618815-05:00 [PHASE5B] [RUN] [2.1] P5B_VARIANTS / BASE_PART_COLOR_VARIANTS 730,000/1,551,229 ( 47.1%) batch=147
2026-08-24T23:02:37.0625029-05:00 [PHASE5B] [OK ] [2.1] BASE_PART_COLOR_VARIANTS: 735,000/1,551,229 (47.4%) batches=147 elapsed=4.90s
2026-08-24T23:02:37.0635018-05:00 [PHASE5B] [RUN] [2.1] P5B_VARIANTS / BASE_PART_COLOR_VARIANTS 735,000/1,551,229 ( 47.4%) batch=148
2026-08-24T23:02:41.7859232-05:00 [PHASE5B] [OK ] [2.1] BASE_PART_COLOR_VARIANTS: 740,000/1,551,229 (47.7%) batches=148 elapsed=4.72s
2026-08-24T23:02:41.7869245-05:00 [PHASE5B] [RUN] [2.1] P5B_VARIANTS / BASE_PART_COLOR_VARIANTS 740,000/1,551,229 ( 47.7%) batch=149
2026-08-24T23:02:46.6907461-05:00 [PHASE5B] [OK ] [2.1] BASE_PART_COLOR_VARIANTS: 745,000/1,551,229 (48.0%) batches=149 elapsed=4.90s
2026-08-24T23:02:46.6917458-05:00 [PHASE5B] [RUN] [2.1] P5B_VARIANTS / BASE_PART_COLOR_VARIANTS 745,000/1,551,229 ( 48.0%) batch=150
2026-08-24T23:02:51.5109800-05:00 [PHASE5B] [OK ] [2.1] BASE_PART_COLOR_VARIANTS: 750,000/1,551,229 (48.3%) batches=150 elapsed=4.82s
2026-08-24T23:02:51.5119794-05:00 [PHASE5B] [RUN] [2.1] P5B_VARIANTS / BASE_PART_COLOR_VARIANTS 750,000/1,551,229 ( 48.3%) batch=151
2026-08-24T23:02:56.1257714-05:00 [PHASE5B] [OK ] [2.1] BASE_PART_COLOR_VARIANTS: 755,000/1,551,229 (48.7%) batches=151 elapsed=4.61s
2026-08-24T23:02:56.1277723-05:00 [PHASE5B] [RUN] [2.1] P5B_VARIANTS / BASE_PART_COLOR_VARIANTS 755,000/1,551,229 ( 48.7%) batch=152
2026-08-24T23:03:00.7990972-05:00 [PHASE5B] [OK ] [2.1] BASE_PART_COLOR_VARIANTS: 760,000/1,551,229 (49.0%) batches=152 elapsed=4.67s
2026-08-24T23:03:00.8010922-05:00 [PHASE5B] [RUN] [2.1] P5B_VARIANTS / BASE_PART_COLOR_VARIANTS 760,000/1,551,229 ( 49.0%) batch=153
2026-08-24T23:03:05.4411665-05:00 [PHASE5B] [OK ] [2.1] BASE_PART_COLOR_VARIANTS: 765,000/1,551,229 (49.3%) batches=153 elapsed=4.64s
2026-08-24T23:03:05.4431688-05:00 [PHASE5B] [RUN] [2.1] P5B_VARIANTS / BASE_PART_COLOR_VARIANTS 765,000/1,551,229 ( 49.3%) batch=154
2026-08-24T23:03:10.0176195-05:00 [PHASE5B] [OK ] [2.1] BASE_PART_COLOR_VARIANTS: 770,000/1,551,229 (49.6%) batches=154 elapsed=4.58s
2026-08-24T23:03:10.0186188-05:00 [PHASE5B] [RUN] [2.1] P5B_VARIANTS / BASE_PART_COLOR_VARIANTS 770,000/1,551,229 ( 49.6%) batch=155
2026-08-24T23:03:14.7960118-05:00 [PHASE5B] [OK ] [2.1] BASE_PART_COLOR_VARIANTS: 775,000/1,551,229 (50.0%) batches=155 elapsed=4.78s
2026-08-24T23:03:14.7970126-05:00 [PHASE5B] [RUN] [2.1] P5B_VARIANTS / BASE_PART_COLOR_VARIANTS 775,000/1,551,229 ( 50.0%) batch=156
2026-08-24T23:03:19.4558608-05:00 [PHASE5B] [OK ] [2.1] BASE_PART_COLOR_VARIANTS: 780,000/1,551,229 (50.3%) batches=156 elapsed=4.66s
2026-08-24T23:03:19.4568615-05:00 [PHASE5B] [RUN] [2.1] P5B_VARIANTS / BASE_PART_COLOR_VARIANTS 780,000/1,551,229 ( 50.3%) batch=157
2026-08-24T23:03:23.9545671-05:00 [PHASE5B] [OK ] [2.1] BASE_PART_COLOR_VARIANTS: 785,000/1,551,229 (50.6%) batches=157 elapsed=4.50s
2026-08-24T23:03:23.9555669-05:00 [PHASE5B] [RUN] [2.1] P5B_VARIANTS / BASE_PART_COLOR_VARIANTS 785,000/1,551,229 ( 50.6%) batch=158
2026-08-24T23:03:28.3954041-05:00 [PHASE5B] [OK ] [2.1] BASE_PART_COLOR_VARIANTS: 790,000/1,551,229 (50.9%) batches=158 elapsed=4.44s
2026-08-24T23:03:28.3964040-05:00 [PHASE5B] [RUN] [2.1] P5B_VARIANTS / BASE_PART_COLOR_VARIANTS 790,000/1,551,229 ( 50.9%) batch=159
2026-08-24T23:03:32.9511735-05:00 [PHASE5B] [OK ] [2.1] BASE_PART_COLOR_VARIANTS: 795,000/1,551,229 (51.2%) batches=159 elapsed=4.56s
2026-08-24T23:03:32.9521744-05:00 [PHASE5B] [RUN] [2.1] P5B_VARIANTS / BASE_PART_COLOR_VARIANTS 795,000/1,551,229 ( 51.2%) batch=160
2026-08-24T23:03:37.3989949-05:00 [PHASE5B] [OK ] [2.1] BASE_PART_COLOR_VARIANTS: 800,000/1,551,229 (51.6%) batches=160 elapsed=4.45s
2026-08-24T23:03:37.3999964-05:00 [PHASE5B] [RUN] [2.1] P5B_VARIANTS / BASE_PART_COLOR_VARIANTS 800,000/1,551,229 ( 51.6%) batch=161
2026-08-24T23:03:41.8552069-05:00 [PHASE5B] [OK ] [2.1] BASE_PART_COLOR_VARIANTS: 805,000/1,551,229 (51.9%) batches=161 elapsed=4.46s
2026-08-24T23:03:41.8562072-05:00 [PHASE5B] [RUN] [2.1] P5B_VARIANTS / BASE_PART_COLOR_VARIANTS 805,000/1,551,229 ( 51.9%) batch=162
2026-08-24T23:03:46.3296518-05:00 [PHASE5B] [OK ] [2.1] BASE_PART_COLOR_VARIANTS: 810,000/1,551,229 (52.2%) batches=162 elapsed=4.47s
2026-08-24T23:03:46.3306533-05:00 [PHASE5B] [RUN] [2.1] P5B_VARIANTS / BASE_PART_COLOR_VARIANTS 810,000/1,551,229 ( 52.2%) batch=163
2026-08-24T23:03:50.9852093-05:00 [PHASE5B] [OK ] [2.1] BASE_PART_COLOR_VARIANTS: 815,000/1,551,229 (52.5%) batches=163 elapsed=4.66s
2026-08-24T23:03:50.9862098-05:00 [PHASE5B] [RUN] [2.1] P5B_VARIANTS / BASE_PART_COLOR_VARIANTS 815,000/1,551,229 ( 52.5%) batch=164
2026-08-24T23:03:55.5489907-05:00 [PHASE5B] [OK ] [2.1] BASE_PART_COLOR_VARIANTS: 820,000/1,551,229 (52.9%) batches=164 elapsed=4.56s
2026-08-24T23:03:55.5509914-05:00 [PHASE5B] [RUN] [2.1] P5B_VARIANTS / BASE_PART_COLOR_VARIANTS 820,000/1,551,229 ( 52.9%) batch=165
2026-08-24T23:03:59.9617059-05:00 [PHASE5B] [OK ] [2.1] BASE_PART_COLOR_VARIANTS: 825,000/1,551,229 (53.2%) batches=165 elapsed=4.41s
2026-08-24T23:03:59.9627073-05:00 [PHASE5B] [RUN] [2.1] P5B_VARIANTS / BASE_PART_COLOR_VARIANTS 825,000/1,551,229 ( 53.2%) batch=166
2026-08-24T23:04:04.2664791-05:00 [PHASE5B] [OK ] [2.1] BASE_PART_COLOR_VARIANTS: 830,000/1,551,229 (53.5%) batches=166 elapsed=4.31s
2026-08-24T23:04:04.2674787-05:00 [PHASE5B] [RUN] [2.1] P5B_VARIANTS / BASE_PART_COLOR_VARIANTS 830,000/1,551,229 ( 53.5%) batch=167
2026-08-24T23:04:08.5612458-05:00 [PHASE5B] [OK ] [2.1] BASE_PART_COLOR_VARIANTS: 835,000/1,551,229 (53.8%) batches=167 elapsed=4.29s
2026-08-24T23:04:08.5632431-05:00 [PHASE5B] [RUN] [2.1] P5B_VARIANTS / BASE_PART_COLOR_VARIANTS 835,000/1,551,229 ( 53.8%) batch=168
2026-08-24T23:04:12.8839712-05:00 [PHASE5B] [OK ] [2.1] BASE_PART_COLOR_VARIANTS: 840,000/1,551,229 (54.2%) batches=168 elapsed=4.32s
2026-08-24T23:04:12.8859714-05:00 [PHASE5B] [RUN] [2.1] P5B_VARIANTS / BASE_PART_COLOR_VARIANTS 840,000/1,551,229 ( 54.2%) batch=169
2026-08-24T23:04:17.1538112-05:00 [PHASE5B] [OK ] [2.1] BASE_PART_COLOR_VARIANTS: 845,000/1,551,229 (54.5%) batches=169 elapsed=4.27s
2026-08-24T23:04:17.1558149-05:00 [PHASE5B] [RUN] [2.1] P5B_VARIANTS / BASE_PART_COLOR_VARIANTS 845,000/1,551,229 ( 54.5%) batch=170
2026-08-24T23:04:21.3861626-05:00 [PHASE5B] [OK ] [2.1] BASE_PART_COLOR_VARIANTS: 850,000/1,551,229 (54.8%) batches=170 elapsed=4.23s
2026-08-24T23:04:21.3881639-05:00 [PHASE5B] [RUN] [2.1] P5B_VARIANTS / BASE_PART_COLOR_VARIANTS 850,000/1,551,229 ( 54.8%) batch=171
2026-08-24T23:04:25.6150545-05:00 [PHASE5B] [OK ] [2.1] BASE_PART_COLOR_VARIANTS: 855,000/1,551,229 (55.1%) batches=171 elapsed=4.23s
2026-08-24T23:04:25.6160548-05:00 [PHASE5B] [RUN] [2.1] P5B_VARIANTS / BASE_PART_COLOR_VARIANTS 855,000/1,551,229 ( 55.1%) batch=172
2026-08-24T23:04:29.8411683-05:00 [PHASE5B] [OK ] [2.1] BASE_PART_COLOR_VARIANTS: 860,000/1,551,229 (55.4%) batches=172 elapsed=4.23s
2026-08-24T23:04:29.8421582-05:00 [PHASE5B] [RUN] [2.1] P5B_VARIANTS / BASE_PART_COLOR_VARIANTS 860,000/1,551,229 ( 55.4%) batch=173
2026-08-24T23:04:34.1164820-05:00 [PHASE5B] [OK ] [2.1] BASE_PART_COLOR_VARIANTS: 865,000/1,551,229 (55.8%) batches=173 elapsed=4.27s
2026-08-24T23:04:34.1184820-05:00 [PHASE5B] [RUN] [2.1] P5B_VARIANTS / BASE_PART_COLOR_VARIANTS 865,000/1,551,229 ( 55.8%) batch=174
2026-08-24T23:04:38.2007942-05:00 [PHASE5B] [OK ] [2.1] BASE_PART_COLOR_VARIANTS: 870,000/1,551,229 (56.1%) batches=174 elapsed=4.08s
2026-08-24T23:04:38.2017926-05:00 [PHASE5B] [RUN] [2.1] P5B_VARIANTS / BASE_PART_COLOR_VARIANTS 870,000/1,551,229 ( 56.1%) batch=175
2026-08-24T23:04:42.3245158-05:00 [PHASE5B] [OK ] [2.1] BASE_PART_COLOR_VARIANTS: 875,000/1,551,229 (56.4%) batches=175 elapsed=4.12s
2026-08-24T23:04:42.3255162-05:00 [PHASE5B] [RUN] [2.1] P5B_VARIANTS / BASE_PART_COLOR_VARIANTS 875,000/1,551,229 ( 56.4%) batch=176
2026-08-24T23:04:46.4317198-05:00 [PHASE5B] [OK ] [2.1] BASE_PART_COLOR_VARIANTS: 880,000/1,551,229 (56.7%) batches=176 elapsed=4.11s
2026-08-24T23:04:46.4327189-05:00 [PHASE5B] [RUN] [2.1] P5B_VARIANTS / BASE_PART_COLOR_VARIANTS 880,000/1,551,229 ( 56.7%) batch=177
2026-08-24T23:04:50.5897155-05:00 [PHASE5B] [OK ] [2.1] BASE_PART_COLOR_VARIANTS: 885,000/1,551,229 (57.1%) batches=177 elapsed=4.16s
2026-08-24T23:04:50.5917163-05:00 [PHASE5B] [RUN] [2.1] P5B_VARIANTS / BASE_PART_COLOR_VARIANTS 885,000/1,551,229 ( 57.1%) batch=178
2026-08-24T23:04:54.6667445-05:00 [PHASE5B] [OK ] [2.1] BASE_PART_COLOR_VARIANTS: 890,000/1,551,229 (57.4%) batches=178 elapsed=4.08s
2026-08-24T23:04:54.6677458-05:00 [PHASE5B] [RUN] [2.1] P5B_VARIANTS / BASE_PART_COLOR_VARIANTS 890,000/1,551,229 ( 57.4%) batch=179
2026-08-24T23:04:58.6633431-05:00 [PHASE5B] [OK ] [2.1] BASE_PART_COLOR_VARIANTS: 895,000/1,551,229 (57.7%) batches=179 elapsed=4.00s
2026-08-24T23:04:58.6643429-05:00 [PHASE5B] [RUN] [2.1] P5B_VARIANTS / BASE_PART_COLOR_VARIANTS 895,000/1,551,229 ( 57.7%) batch=180
2026-08-24T23:05:02.6787178-05:00 [PHASE5B] [OK ] [2.1] BASE_PART_COLOR_VARIANTS: 900,000/1,551,229 (58.0%) batches=180 elapsed=4.01s
2026-08-24T23:05:02.6797174-05:00 [PHASE5B] [RUN] [2.1] P5B_VARIANTS / BASE_PART_COLOR_VARIANTS 900,000/1,551,229 ( 58.0%) batch=181
2026-08-24T23:05:06.5634896-05:00 [PHASE5B] [OK ] [2.1] BASE_PART_COLOR_VARIANTS: 905,000/1,551,229 (58.3%) batches=181 elapsed=3.88s
2026-08-24T23:05:06.5644878-05:00 [PHASE5B] [RUN] [2.1] P5B_VARIANTS / BASE_PART_COLOR_VARIANTS 905,000/1,551,229 ( 58.3%) batch=182
2026-08-24T23:05:10.6594141-05:00 [PHASE5B] [OK ] [2.1] BASE_PART_COLOR_VARIANTS: 910,000/1,551,229 (58.7%) batches=182 elapsed=4.10s
2026-08-24T23:05:10.6604158-05:00 [PHASE5B] [RUN] [2.1] P5B_VARIANTS / BASE_PART_COLOR_VARIANTS 910,000/1,551,229 ( 58.7%) batch=183
2026-08-24T23:05:14.6730574-05:00 [PHASE5B] [OK ] [2.1] BASE_PART_COLOR_VARIANTS: 915,000/1,551,229 (59.0%) batches=183 elapsed=4.01s
2026-08-24T23:05:14.6740556-05:00 [PHASE5B] [RUN] [2.1] P5B_VARIANTS / BASE_PART_COLOR_VARIANTS 915,000/1,551,229 ( 59.0%) batch=184
2026-08-24T23:05:18.6620189-05:00 [PHASE5B] [OK ] [2.1] BASE_PART_COLOR_VARIANTS: 920,000/1,551,229 (59.3%) batches=184 elapsed=3.99s
2026-08-24T23:05:18.6630184-05:00 [PHASE5B] [RUN] [2.1] P5B_VARIANTS / BASE_PART_COLOR_VARIANTS 920,000/1,551,229 ( 59.3%) batch=185
2026-08-24T23:05:22.6247781-05:00 [PHASE5B] [OK ] [2.1] BASE_PART_COLOR_VARIANTS: 925,000/1,551,229 (59.6%) batches=185 elapsed=3.96s
2026-08-24T23:05:22.6257775-05:00 [PHASE5B] [RUN] [2.1] P5B_VARIANTS / BASE_PART_COLOR_VARIANTS 925,000/1,551,229 ( 59.6%) batch=186
2026-08-24T23:05:26.6022097-05:00 [PHASE5B] [OK ] [2.1] BASE_PART_COLOR_VARIANTS: 930,000/1,551,229 (60.0%) batches=186 elapsed=3.98s
2026-08-24T23:05:26.6032097-05:00 [PHASE5B] [RUN] [2.1] P5B_VARIANTS / BASE_PART_COLOR_VARIANTS 930,000/1,551,229 ( 60.0%) batch=187
2026-08-24T23:05:30.4948552-05:00 [PHASE5B] [OK ] [2.1] BASE_PART_COLOR_VARIANTS: 935,000/1,551,229 (60.3%) batches=187 elapsed=3.89s
2026-08-24T23:05:30.4968566-05:00 [PHASE5B] [RUN] [2.1] P5B_VARIANTS / BASE_PART_COLOR_VARIANTS 935,000/1,551,229 ( 60.3%) batch=188
2026-08-24T23:05:34.3958667-05:00 [PHASE5B] [OK ] [2.1] BASE_PART_COLOR_VARIANTS: 940,000/1,551,229 (60.6%) batches=188 elapsed=3.90s
2026-08-24T23:05:34.3968681-05:00 [PHASE5B] [RUN] [2.1] P5B_VARIANTS / BASE_PART_COLOR_VARIANTS 940,000/1,551,229 ( 60.6%) batch=189
2026-08-24T23:05:38.1746593-05:00 [PHASE5B] [OK ] [2.1] BASE_PART_COLOR_VARIANTS: 945,000/1,551,229 (60.9%) batches=189 elapsed=3.78s
2026-08-24T23:05:38.1756589-05:00 [PHASE5B] [RUN] [2.1] P5B_VARIANTS / BASE_PART_COLOR_VARIANTS 945,000/1,551,229 ( 60.9%) batch=190
2026-08-24T23:05:41.9300655-05:00 [PHASE5B] [OK ] [2.1] BASE_PART_COLOR_VARIANTS: 950,000/1,551,229 (61.2%) batches=190 elapsed=3.76s
2026-08-24T23:05:41.9320630-05:00 [PHASE5B] [RUN] [2.1] P5B_VARIANTS / BASE_PART_COLOR_VARIANTS 950,000/1,551,229 ( 61.2%) batch=191
2026-08-24T23:05:45.5666263-05:00 [PHASE5B] [OK ] [2.1] BASE_PART_COLOR_VARIANTS: 955,000/1,551,229 (61.6%) batches=191 elapsed=3.64s
2026-08-24T23:05:45.5676255-05:00 [PHASE5B] [RUN] [2.1] P5B_VARIANTS / BASE_PART_COLOR_VARIANTS 955,000/1,551,229 ( 61.6%) batch=192
2026-08-24T23:05:49.3171514-05:00 [PHASE5B] [OK ] [2.1] BASE_PART_COLOR_VARIANTS: 960,000/1,551,229 (61.9%) batches=192 elapsed=3.75s
2026-08-24T23:05:49.3181503-05:00 [PHASE5B] [RUN] [2.1] P5B_VARIANTS / BASE_PART_COLOR_VARIANTS 960,000/1,551,229 ( 61.9%) batch=193
2026-08-24T23:05:53.0142674-05:00 [PHASE5B] [OK ] [2.1] BASE_PART_COLOR_VARIANTS: 965,000/1,551,229 (62.2%) batches=193 elapsed=3.70s
2026-08-24T23:05:53.0152669-05:00 [PHASE5B] [RUN] [2.1] P5B_VARIANTS / BASE_PART_COLOR_VARIANTS 965,000/1,551,229 ( 62.2%) batch=194
2026-08-24T23:05:56.6760393-05:00 [PHASE5B] [OK ] [2.1] BASE_PART_COLOR_VARIANTS: 970,000/1,551,229 (62.5%) batches=194 elapsed=3.66s
2026-08-24T23:05:56.6770374-05:00 [PHASE5B] [RUN] [2.1] P5B_VARIANTS / BASE_PART_COLOR_VARIANTS 970,000/1,551,229 ( 62.5%) batch=195
2026-08-24T23:06:00.2712181-05:00 [PHASE5B] [OK ] [2.1] BASE_PART_COLOR_VARIANTS: 975,000/1,551,229 (62.9%) batches=195 elapsed=3.59s
2026-08-24T23:06:00.2722213-05:00 [PHASE5B] [RUN] [2.1] P5B_VARIANTS / BASE_PART_COLOR_VARIANTS 975,000/1,551,229 ( 62.9%) batch=196
2026-08-24T23:06:03.8796080-05:00 [PHASE5B] [OK ] [2.1] BASE_PART_COLOR_VARIANTS: 980,000/1,551,229 (63.2%) batches=196 elapsed=3.61s
2026-08-24T23:06:03.8816095-05:00 [PHASE5B] [RUN] [2.1] P5B_VARIANTS / BASE_PART_COLOR_VARIANTS 980,000/1,551,229 ( 63.2%) batch=197
2026-08-24T23:06:07.4299521-05:00 [PHASE5B] [OK ] [2.1] BASE_PART_COLOR_VARIANTS: 985,000/1,551,229 (63.5%) batches=197 elapsed=3.55s
2026-08-24T23:06:07.4319531-05:00 [PHASE5B] [RUN] [2.1] P5B_VARIANTS / BASE_PART_COLOR_VARIANTS 985,000/1,551,229 ( 63.5%) batch=198
2026-08-24T23:06:10.9734309-05:00 [PHASE5B] [OK ] [2.1] BASE_PART_COLOR_VARIANTS: 990,000/1,551,229 (63.8%) batches=198 elapsed=3.54s
2026-08-24T23:06:10.9754312-05:00 [PHASE5B] [RUN] [2.1] P5B_VARIANTS / BASE_PART_COLOR_VARIANTS 990,000/1,551,229 ( 63.8%) batch=199
2026-08-24T23:06:14.5597306-05:00 [PHASE5B] [OK ] [2.1] BASE_PART_COLOR_VARIANTS: 995,000/1,551,229 (64.1%) batches=199 elapsed=3.59s
2026-08-24T23:06:14.5617304-05:00 [PHASE5B] [RUN] [2.1] P5B_VARIANTS / BASE_PART_COLOR_VARIANTS 995,000/1,551,229 ( 64.1%) batch=200
2026-08-24T23:06:18.1598407-05:00 [PHASE5B] [OK ] [2.1] BASE_PART_COLOR_VARIANTS: 1,000,000/1,551,229 (64.5%) batches=200 elapsed=3.60s
2026-08-24T23:06:18.1608415-05:00 [PHASE5B] [RUN] [2.1] P5B_VARIANTS / BASE_PART_COLOR_VARIANTS 1,000,000/1,551,229 ( 64.5%) batch=201
2026-08-24T23:06:21.6682001-05:00 [PHASE5B] [OK ] [2.1] BASE_PART_COLOR_VARIANTS: 1,005,000/1,551,229 (64.8%) batches=201 elapsed=3.51s
2026-08-24T23:06:21.6687218-05:00 [PHASE5B] [RUN] [2.1] P5B_VARIANTS / BASE_PART_COLOR_VARIANTS 1,005,000/1,551,229 ( 64.8%) batch=202
2026-08-24T23:06:25.1510829-05:00 [PHASE5B] [OK ] [2.1] BASE_PART_COLOR_VARIANTS: 1,010,000/1,551,229 (65.1%) batches=202 elapsed=3.48s
2026-08-24T23:06:25.1520840-05:00 [PHASE5B] [RUN] [2.1] P5B_VARIANTS / BASE_PART_COLOR_VARIANTS 1,010,000/1,551,229 ( 65.1%) batch=203
2026-08-24T23:06:28.6674045-05:00 [PHASE5B] [OK ] [2.1] BASE_PART_COLOR_VARIANTS: 1,015,000/1,551,229 (65.4%) batches=203 elapsed=3.52s
2026-08-24T23:06:28.6684045-05:00 [PHASE5B] [RUN] [2.1] P5B_VARIANTS / BASE_PART_COLOR_VARIANTS 1,015,000/1,551,229 ( 65.4%) batch=204
2026-08-24T23:06:32.1930398-05:00 [PHASE5B] [OK ] [2.1] BASE_PART_COLOR_VARIANTS: 1,020,000/1,551,229 (65.8%) batches=204 elapsed=3.53s
2026-08-24T23:06:32.1940391-05:00 [PHASE5B] [RUN] [2.1] P5B_VARIANTS / BASE_PART_COLOR_VARIANTS 1,020,000/1,551,229 ( 65.8%) batch=205
2026-08-24T23:06:35.6611322-05:00 [PHASE5B] [OK ] [2.1] BASE_PART_COLOR_VARIANTS: 1,025,000/1,551,229 (66.1%) batches=205 elapsed=3.47s
2026-08-24T23:06:35.6621341-05:00 [PHASE5B] [RUN] [2.1] P5B_VARIANTS / BASE_PART_COLOR_VARIANTS 1,025,000/1,551,229 ( 66.1%) batch=206
2026-08-24T23:06:39.1162407-05:00 [PHASE5B] [OK ] [2.1] BASE_PART_COLOR_VARIANTS: 1,030,000/1,551,229 (66.4%) batches=206 elapsed=3.45s
2026-08-24T23:06:39.1172398-05:00 [PHASE5B] [RUN] [2.1] P5B_VARIANTS / BASE_PART_COLOR_VARIANTS 1,030,000/1,551,229 ( 66.4%) batch=207
2026-08-24T23:06:42.5176773-05:00 [PHASE5B] [OK ] [2.1] BASE_PART_COLOR_VARIANTS: 1,035,000/1,551,229 (66.7%) batches=207 elapsed=3.40s
2026-08-24T23:06:42.5196781-05:00 [PHASE5B] [RUN] [2.1] P5B_VARIANTS / BASE_PART_COLOR_VARIANTS 1,035,000/1,551,229 ( 66.7%) batch=208
2026-08-24T23:06:45.9254444-05:00 [PHASE5B] [OK ] [2.1] BASE_PART_COLOR_VARIANTS: 1,040,000/1,551,229 (67.0%) batches=208 elapsed=3.41s
2026-08-24T23:06:45.9264435-05:00 [PHASE5B] [RUN] [2.1] P5B_VARIANTS / BASE_PART_COLOR_VARIANTS 1,040,000/1,551,229 ( 67.0%) batch=209
2026-08-24T23:06:49.5414957-05:00 [PHASE5B] [OK ] [2.1] BASE_PART_COLOR_VARIANTS: 1,045,000/1,551,229 (67.4%) batches=209 elapsed=3.62s
2026-08-24T23:06:49.5424967-05:00 [PHASE5B] [RUN] [2.1] P5B_VARIANTS / BASE_PART_COLOR_VARIANTS 1,045,000/1,551,229 ( 67.4%) batch=210
2026-08-24T23:06:52.8967915-05:00 [PHASE5B] [OK ] [2.1] BASE_PART_COLOR_VARIANTS: 1,050,000/1,551,229 (67.7%) batches=210 elapsed=3.35s
2026-08-24T23:06:52.8977905-05:00 [PHASE5B] [RUN] [2.1] P5B_VARIANTS / BASE_PART_COLOR_VARIANTS 1,050,000/1,551,229 ( 67.7%) batch=211
2026-08-24T23:06:56.0968752-05:00 [PHASE5B] [OK ] [2.1] BASE_PART_COLOR_VARIANTS: 1,055,000/1,551,229 (68.0%) batches=211 elapsed=3.20s
2026-08-24T23:06:56.0988764-05:00 [PHASE5B] [RUN] [2.1] P5B_VARIANTS / BASE_PART_COLOR_VARIANTS 1,055,000/1,551,229 ( 68.0%) batch=212
2026-08-24T23:06:59.3871289-05:00 [PHASE5B] [OK ] [2.1] BASE_PART_COLOR_VARIANTS: 1,060,000/1,551,229 (68.3%) batches=212 elapsed=3.29s
2026-08-24T23:06:59.3881297-05:00 [PHASE5B] [RUN] [2.1] P5B_VARIANTS / BASE_PART_COLOR_VARIANTS 1,060,000/1,551,229 ( 68.3%) batch=213
2026-08-24T23:07:02.6675402-05:00 [PHASE5B] [OK ] [2.1] BASE_PART_COLOR_VARIANTS: 1,065,000/1,551,229 (68.7%) batches=213 elapsed=3.28s
2026-08-24T23:07:02.6685395-05:00 [PHASE5B] [RUN] [2.1] P5B_VARIANTS / BASE_PART_COLOR_VARIANTS 1,065,000/1,551,229 ( 68.7%) batch=214
2026-08-24T23:07:05.8510797-05:00 [PHASE5B] [OK ] [2.1] BASE_PART_COLOR_VARIANTS: 1,070,000/1,551,229 (69.0%) batches=214 elapsed=3.18s
2026-08-24T23:07:05.8520771-05:00 [PHASE5B] [RUN] [2.1] P5B_VARIANTS / BASE_PART_COLOR_VARIANTS 1,070,000/1,551,229 ( 69.0%) batch=215
2026-08-24T23:07:08.9913684-05:00 [PHASE5B] [OK ] [2.1] BASE_PART_COLOR_VARIANTS: 1,075,000/1,551,229 (69.3%) batches=215 elapsed=3.14s
2026-08-24T23:07:08.9923675-05:00 [PHASE5B] [RUN] [2.1] P5B_VARIANTS / BASE_PART_COLOR_VARIANTS 1,075,000/1,551,229 ( 69.3%) batch=216
2026-08-24T23:07:12.3196767-05:00 [PHASE5B] [OK ] [2.1] BASE_PART_COLOR_VARIANTS: 1,080,000/1,551,229 (69.6%) batches=216 elapsed=3.33s
2026-08-24T23:07:12.3216782-05:00 [PHASE5B] [RUN] [2.1] P5B_VARIANTS / BASE_PART_COLOR_VARIANTS 1,080,000/1,551,229 ( 69.6%) batch=217
2026-08-24T23:07:15.5343727-05:00 [PHASE5B] [OK ] [2.1] BASE_PART_COLOR_VARIANTS: 1,085,000/1,551,229 (69.9%) batches=217 elapsed=3.21s
2026-08-24T23:07:15.5363752-05:00 [PHASE5B] [RUN] [2.1] P5B_VARIANTS / BASE_PART_COLOR_VARIANTS 1,085,000/1,551,229 ( 69.9%) batch=218
2026-08-24T23:07:18.6281044-05:00 [PHASE5B] [OK ] [2.1] BASE_PART_COLOR_VARIANTS: 1,090,000/1,551,229 (70.3%) batches=218 elapsed=3.09s
2026-08-24T23:07:18.6301045-05:00 [PHASE5B] [RUN] [2.1] P5B_VARIANTS / BASE_PART_COLOR_VARIANTS 1,090,000/1,551,229 ( 70.3%) batch=219
2026-08-24T23:07:21.7167858-05:00 [PHASE5B] [OK ] [2.1] BASE_PART_COLOR_VARIANTS: 1,095,000/1,551,229 (70.6%) batches=219 elapsed=3.09s
2026-08-24T23:07:21.7177891-05:00 [PHASE5B] [RUN] [2.1] P5B_VARIANTS / BASE_PART_COLOR_VARIANTS 1,095,000/1,551,229 ( 70.6%) batch=220
2026-08-24T23:07:24.7333810-05:00 [PHASE5B] [OK ] [2.1] BASE_PART_COLOR_VARIANTS: 1,100,000/1,551,229 (70.9%) batches=220 elapsed=3.02s
2026-08-24T23:07:24.7343826-05:00 [PHASE5B] [RUN] [2.1] P5B_VARIANTS / BASE_PART_COLOR_VARIANTS 1,100,000/1,551,229 ( 70.9%) batch=221
2026-08-24T23:07:27.8137389-05:00 [PHASE5B] [OK ] [2.1] BASE_PART_COLOR_VARIANTS: 1,105,000/1,551,229 (71.2%) batches=221 elapsed=3.08s
2026-08-24T23:07:27.8147378-05:00 [PHASE5B] [RUN] [2.1] P5B_VARIANTS / BASE_PART_COLOR_VARIANTS 1,105,000/1,551,229 ( 71.2%) batch=222
2026-08-24T23:07:30.8040335-05:00 [PHASE5B] [OK ] [2.1] BASE_PART_COLOR_VARIANTS: 1,110,000/1,551,229 (71.6%) batches=222 elapsed=2.99s
2026-08-24T23:07:30.8060327-05:00 [PHASE5B] [RUN] [2.1] P5B_VARIANTS / BASE_PART_COLOR_VARIANTS 1,110,000/1,551,229 ( 71.6%) batch=223
2026-08-24T23:07:33.8224925-05:00 [PHASE5B] [OK ] [2.1] BASE_PART_COLOR_VARIANTS: 1,115,000/1,551,229 (71.9%) batches=223 elapsed=3.02s
2026-08-24T23:07:33.8234910-05:00 [PHASE5B] [RUN] [2.1] P5B_VARIANTS / BASE_PART_COLOR_VARIANTS 1,115,000/1,551,229 ( 71.9%) batch=224
2026-08-24T23:07:36.7491170-05:00 [PHASE5B] [OK ] [2.1] BASE_PART_COLOR_VARIANTS: 1,120,000/1,551,229 (72.2%) batches=224 elapsed=2.93s
2026-08-24T23:07:36.7501161-05:00 [PHASE5B] [RUN] [2.1] P5B_VARIANTS / BASE_PART_COLOR_VARIANTS 1,120,000/1,551,229 ( 72.2%) batch=225
2026-08-24T23:07:39.6704534-05:00 [PHASE5B] [OK ] [2.1] BASE_PART_COLOR_VARIANTS: 1,125,000/1,551,229 (72.5%) batches=225 elapsed=2.92s
2026-08-24T23:07:39.6724533-05:00 [PHASE5B] [RUN] [2.1] P5B_VARIANTS / BASE_PART_COLOR_VARIANTS 1,125,000/1,551,229 ( 72.5%) batch=226
2026-08-24T23:07:42.5251143-05:00 [PHASE5B] [OK ] [2.1] BASE_PART_COLOR_VARIANTS: 1,130,000/1,551,229 (72.8%) batches=226 elapsed=2.85s
2026-08-24T23:07:42.5261140-05:00 [PHASE5B] [RUN] [2.1] P5B_VARIANTS / BASE_PART_COLOR_VARIANTS 1,130,000/1,551,229 ( 72.8%) batch=227
2026-08-24T23:07:45.3923757-05:00 [PHASE5B] [OK ] [2.1] BASE_PART_COLOR_VARIANTS: 1,135,000/1,551,229 (73.2%) batches=227 elapsed=2.87s
2026-08-24T23:07:45.3943782-05:00 [PHASE5B] [RUN] [2.1] P5B_VARIANTS / BASE_PART_COLOR_VARIANTS 1,135,000/1,551,229 ( 73.2%) batch=228
2026-08-24T23:07:48.3309537-05:00 [PHASE5B] [OK ] [2.1] BASE_PART_COLOR_VARIANTS: 1,140,000/1,551,229 (73.5%) batches=228 elapsed=2.94s
2026-08-24T23:07:48.3329532-05:00 [PHASE5B] [RUN] [2.1] P5B_VARIANTS / BASE_PART_COLOR_VARIANTS 1,140,000/1,551,229 ( 73.5%) batch=229
2026-08-24T23:07:51.1881860-05:00 [PHASE5B] [OK ] [2.1] BASE_PART_COLOR_VARIANTS: 1,145,000/1,551,229 (73.8%) batches=229 elapsed=2.86s
2026-08-24T23:07:51.1901851-05:00 [PHASE5B] [RUN] [2.1] P5B_VARIANTS / BASE_PART_COLOR_VARIANTS 1,145,000/1,551,229 ( 73.8%) batch=230
2026-08-24T23:07:54.0766430-05:00 [PHASE5B] [OK ] [2.1] BASE_PART_COLOR_VARIANTS: 1,150,000/1,551,229 (74.1%) batches=230 elapsed=2.89s
2026-08-24T23:07:54.0776432-05:00 [PHASE5B] [RUN] [2.1] P5B_VARIANTS / BASE_PART_COLOR_VARIANTS 1,150,000/1,551,229 ( 74.1%) batch=231
2026-08-24T23:07:56.8732724-05:00 [PHASE5B] [OK ] [2.1] BASE_PART_COLOR_VARIANTS: 1,155,000/1,551,229 (74.5%) batches=231 elapsed=2.80s
2026-08-24T23:07:56.8752726-05:00 [PHASE5B] [RUN] [2.1] P5B_VARIANTS / BASE_PART_COLOR_VARIANTS 1,155,000/1,551,229 ( 74.5%) batch=232
2026-08-24T23:07:59.6909832-05:00 [PHASE5B] [OK ] [2.1] BASE_PART_COLOR_VARIANTS: 1,160,000/1,551,229 (74.8%) batches=232 elapsed=2.82s
2026-08-24T23:07:59.6919839-05:00 [PHASE5B] [RUN] [2.1] P5B_VARIANTS / BASE_PART_COLOR_VARIANTS 1,160,000/1,551,229 ( 74.8%) batch=233
2026-08-24T23:08:02.5219655-05:00 [PHASE5B] [OK ] [2.1] BASE_PART_COLOR_VARIANTS: 1,165,000/1,551,229 (75.1%) batches=233 elapsed=2.83s
2026-08-24T23:08:02.5239644-05:00 [PHASE5B] [RUN] [2.1] P5B_VARIANTS / BASE_PART_COLOR_VARIANTS 1,165,000/1,551,229 ( 75.1%) batch=234
2026-08-24T23:08:05.3349740-05:00 [PHASE5B] [OK ] [2.1] BASE_PART_COLOR_VARIANTS: 1,170,000/1,551,229 (75.4%) batches=234 elapsed=2.81s
2026-08-24T23:08:05.3359741-05:00 [PHASE5B] [RUN] [2.1] P5B_VARIANTS / BASE_PART_COLOR_VARIANTS 1,170,000/1,551,229 ( 75.4%) batch=235
2026-08-24T23:08:08.1057175-05:00 [PHASE5B] [OK ] [2.1] BASE_PART_COLOR_VARIANTS: 1,175,000/1,551,229 (75.7%) batches=235 elapsed=2.77s
2026-08-24T23:08:08.1067162-05:00 [PHASE5B] [RUN] [2.1] P5B_VARIANTS / BASE_PART_COLOR_VARIANTS 1,175,000/1,551,229 ( 75.7%) batch=236
2026-08-24T23:08:10.7942234-05:00 [PHASE5B] [OK ] [2.1] BASE_PART_COLOR_VARIANTS: 1,180,000/1,551,229 (76.1%) batches=236 elapsed=2.69s
2026-08-24T23:08:10.7952233-05:00 [PHASE5B] [RUN] [2.1] P5B_VARIANTS / BASE_PART_COLOR_VARIANTS 1,180,000/1,551,229 ( 76.1%) batch=237
2026-08-24T23:08:13.4393100-05:00 [PHASE5B] [OK ] [2.1] BASE_PART_COLOR_VARIANTS: 1,185,000/1,551,229 (76.4%) batches=237 elapsed=2.64s
2026-08-24T23:08:13.4403106-05:00 [PHASE5B] [RUN] [2.1] P5B_VARIANTS / BASE_PART_COLOR_VARIANTS 1,185,000/1,551,229 ( 76.4%) batch=238
2026-08-24T23:08:16.0556557-05:00 [PHASE5B] [OK ] [2.1] BASE_PART_COLOR_VARIANTS: 1,190,000/1,551,229 (76.7%) batches=238 elapsed=2.62s
2026-08-24T23:08:16.0576548-05:00 [PHASE5B] [RUN] [2.1] P5B_VARIANTS / BASE_PART_COLOR_VARIANTS 1,190,000/1,551,229 ( 76.7%) batch=239
2026-08-24T23:08:18.6888765-05:00 [PHASE5B] [OK ] [2.1] BASE_PART_COLOR_VARIANTS: 1,195,000/1,551,229 (77.0%) batches=239 elapsed=2.63s
2026-08-24T23:08:18.6908752-05:00 [PHASE5B] [RUN] [2.1] P5B_VARIANTS / BASE_PART_COLOR_VARIANTS 1,195,000/1,551,229 ( 77.0%) batch=240
2026-08-24T23:08:21.2462046-05:00 [PHASE5B] [OK ] [2.1] BASE_PART_COLOR_VARIANTS: 1,200,000/1,551,229 (77.4%) batches=240 elapsed=2.56s
2026-08-24T23:08:21.2472037-05:00 [PHASE5B] [RUN] [2.1] P5B_VARIANTS / BASE_PART_COLOR_VARIANTS 1,200,000/1,551,229 ( 77.4%) batch=241
2026-08-24T23:08:23.7487660-05:00 [PHASE5B] [OK ] [2.1] BASE_PART_COLOR_VARIANTS: 1,205,000/1,551,229 (77.7%) batches=241 elapsed=2.50s
2026-08-24T23:08:23.7497664-05:00 [PHASE5B] [RUN] [2.1] P5B_VARIANTS / BASE_PART_COLOR_VARIANTS 1,205,000/1,551,229 ( 77.7%) batch=242
2026-08-24T23:08:26.2670166-05:00 [PHASE5B] [OK ] [2.1] BASE_PART_COLOR_VARIANTS: 1,210,000/1,551,229 (78.0%) batches=242 elapsed=2.52s
2026-08-24T23:08:26.2680170-05:00 [PHASE5B] [RUN] [2.1] P5B_VARIANTS / BASE_PART_COLOR_VARIANTS 1,210,000/1,551,229 ( 78.0%) batch=243
2026-08-24T23:08:28.7834300-05:00 [PHASE5B] [OK ] [2.1] BASE_PART_COLOR_VARIANTS: 1,215,000/1,551,229 (78.3%) batches=243 elapsed=2.52s
2026-08-24T23:08:28.7844305-05:00 [PHASE5B] [RUN] [2.1] P5B_VARIANTS / BASE_PART_COLOR_VARIANTS 1,215,000/1,551,229 ( 78.3%) batch=244
2026-08-24T23:08:31.2766303-05:00 [PHASE5B] [OK ] [2.1] BASE_PART_COLOR_VARIANTS: 1,220,000/1,551,229 (78.6%) batches=244 elapsed=2.49s
2026-08-24T23:08:31.2776297-05:00 [PHASE5B] [RUN] [2.1] P5B_VARIANTS / BASE_PART_COLOR_VARIANTS 1,220,000/1,551,229 ( 78.6%) batch=245
2026-08-24T23:08:33.7920103-05:00 [PHASE5B] [OK ] [2.1] BASE_PART_COLOR_VARIANTS: 1,225,000/1,551,229 (79.0%) batches=245 elapsed=2.52s
2026-08-24T23:08:33.7940108-05:00 [PHASE5B] [RUN] [2.1] P5B_VARIANTS / BASE_PART_COLOR_VARIANTS 1,225,000/1,551,229 ( 79.0%) batch=246
2026-08-24T23:08:36.2271516-05:00 [PHASE5B] [OK ] [2.1] BASE_PART_COLOR_VARIANTS: 1,230,000/1,551,229 (79.3%) batches=246 elapsed=2.43s
2026-08-24T23:08:36.2291501-05:00 [PHASE5B] [RUN] [2.1] P5B_VARIANTS / BASE_PART_COLOR_VARIANTS 1,230,000/1,551,229 ( 79.3%) batch=247
2026-08-24T23:08:38.6327920-05:00 [PHASE5B] [OK ] [2.1] BASE_PART_COLOR_VARIANTS: 1,235,000/1,551,229 (79.6%) batches=247 elapsed=2.41s
2026-08-24T23:08:38.6337932-05:00 [PHASE5B] [RUN] [2.1] P5B_VARIANTS / BASE_PART_COLOR_VARIANTS 1,235,000/1,551,229 ( 79.6%) batch=248
2026-08-24T23:08:41.0181105-05:00 [PHASE5B] [OK ] [2.1] BASE_PART_COLOR_VARIANTS: 1,240,000/1,551,229 (79.9%) batches=248 elapsed=2.38s
2026-08-24T23:08:41.0191102-05:00 [PHASE5B] [RUN] [2.1] P5B_VARIANTS / BASE_PART_COLOR_VARIANTS 1,240,000/1,551,229 ( 79.9%) batch=249
2026-08-24T23:08:43.3987453-05:00 [PHASE5B] [OK ] [2.1] BASE_PART_COLOR_VARIANTS: 1,245,000/1,551,229 (80.3%) batches=249 elapsed=2.38s
2026-08-24T23:08:43.3997460-05:00 [PHASE5B] [RUN] [2.1] P5B_VARIANTS / BASE_PART_COLOR_VARIANTS 1,245,000/1,551,229 ( 80.3%) batch=250
2026-08-24T23:08:45.7369564-05:00 [PHASE5B] [OK ] [2.1] BASE_PART_COLOR_VARIANTS: 1,250,000/1,551,229 (80.6%) batches=250 elapsed=2.34s
2026-08-24T23:08:45.7379549-05:00 [PHASE5B] [RUN] [2.1] P5B_VARIANTS / BASE_PART_COLOR_VARIANTS 1,250,000/1,551,229 ( 80.6%) batch=251
2026-08-24T23:08:48.0188660-05:00 [PHASE5B] [OK ] [2.1] BASE_PART_COLOR_VARIANTS: 1,255,000/1,551,229 (80.9%) batches=251 elapsed=2.28s
2026-08-24T23:08:48.0198686-05:00 [PHASE5B] [RUN] [2.1] P5B_VARIANTS / BASE_PART_COLOR_VARIANTS 1,255,000/1,551,229 ( 80.9%) batch=252
2026-08-24T23:08:50.2878533-05:00 [PHASE5B] [OK ] [2.1] BASE_PART_COLOR_VARIANTS: 1,260,000/1,551,229 (81.2%) batches=252 elapsed=2.27s
2026-08-24T23:08:50.2898499-05:00 [PHASE5B] [RUN] [2.1] P5B_VARIANTS / BASE_PART_COLOR_VARIANTS 1,260,000/1,551,229 ( 81.2%) batch=253
2026-08-24T23:08:52.5730823-05:00 [PHASE5B] [OK ] [2.1] BASE_PART_COLOR_VARIANTS: 1,265,000/1,551,229 (81.5%) batches=253 elapsed=2.28s
2026-08-24T23:08:52.5750807-05:00 [PHASE5B] [RUN] [2.1] P5B_VARIANTS / BASE_PART_COLOR_VARIANTS 1,265,000/1,551,229 ( 81.5%) batch=254
2026-08-24T23:08:54.8562625-05:00 [PHASE5B] [OK ] [2.1] BASE_PART_COLOR_VARIANTS: 1,270,000/1,551,229 (81.9%) batches=254 elapsed=2.28s
2026-08-24T23:08:54.8572621-05:00 [PHASE5B] [RUN] [2.1] P5B_VARIANTS / BASE_PART_COLOR_VARIANTS 1,270,000/1,551,229 ( 81.9%) batch=255
2026-08-24T23:08:57.0588393-05:00 [PHASE5B] [OK ] [2.1] BASE_PART_COLOR_VARIANTS: 1,275,000/1,551,229 (82.2%) batches=255 elapsed=2.20s
2026-08-24T23:08:57.0598398-05:00 [PHASE5B] [RUN] [2.1] P5B_VARIANTS / BASE_PART_COLOR_VARIANTS 1,275,000/1,551,229 ( 82.2%) batch=256
2026-08-24T23:08:59.2606498-05:00 [PHASE5B] [OK ] [2.1] BASE_PART_COLOR_VARIANTS: 1,280,000/1,551,229 (82.5%) batches=256 elapsed=2.20s
2026-08-24T23:08:59.2616507-05:00 [PHASE5B] [RUN] [2.1] P5B_VARIANTS / BASE_PART_COLOR_VARIANTS 1,280,000/1,551,229 ( 82.5%) batch=257
2026-08-24T23:09:01.4648577-05:00 [PHASE5B] [OK ] [2.1] BASE_PART_COLOR_VARIANTS: 1,285,000/1,551,229 (82.8%) batches=257 elapsed=2.20s
2026-08-24T23:09:01.4658488-05:00 [PHASE5B] [RUN] [2.1] P5B_VARIANTS / BASE_PART_COLOR_VARIANTS 1,285,000/1,551,229 ( 82.8%) batch=258
2026-08-24T23:09:03.6234094-05:00 [PHASE5B] [OK ] [2.1] BASE_PART_COLOR_VARIANTS: 1,290,000/1,551,229 (83.2%) batches=258 elapsed=2.16s
2026-08-24T23:09:03.6244104-05:00 [PHASE5B] [RUN] [2.1] P5B_VARIANTS / BASE_PART_COLOR_VARIANTS 1,290,000/1,551,229 ( 83.2%) batch=259
2026-08-24T23:09:05.7520408-05:00 [PHASE5B] [OK ] [2.1] BASE_PART_COLOR_VARIANTS: 1,295,000/1,551,229 (83.5%) batches=259 elapsed=2.13s
2026-08-24T23:09:05.7530401-05:00 [PHASE5B] [RUN] [2.1] P5B_VARIANTS / BASE_PART_COLOR_VARIANTS 1,295,000/1,551,229 ( 83.5%) batch=260
2026-08-24T23:09:07.8272525-05:00 [PHASE5B] [OK ] [2.1] BASE_PART_COLOR_VARIANTS: 1,300,000/1,551,229 (83.8%) batches=260 elapsed=2.08s
2026-08-24T23:09:07.8282526-05:00 [PHASE5B] [RUN] [2.1] P5B_VARIANTS / BASE_PART_COLOR_VARIANTS 1,300,000/1,551,229 ( 83.8%) batch=261
2026-08-24T23:09:09.9194913-05:00 [PHASE5B] [OK ] [2.1] BASE_PART_COLOR_VARIANTS: 1,305,000/1,551,229 (84.1%) batches=261 elapsed=2.09s
2026-08-24T23:09:09.9204913-05:00 [PHASE5B] [RUN] [2.1] P5B_VARIANTS / BASE_PART_COLOR_VARIANTS 1,305,000/1,551,229 ( 84.1%) batch=262
2026-08-24T23:09:12.0372166-05:00 [PHASE5B] [OK ] [2.1] BASE_PART_COLOR_VARIANTS: 1,310,000/1,551,229 (84.4%) batches=262 elapsed=2.12s
2026-08-24T23:09:12.0392147-05:00 [PHASE5B] [RUN] [2.1] P5B_VARIANTS / BASE_PART_COLOR_VARIANTS 1,310,000/1,551,229 ( 84.4%) batch=263
2026-08-24T23:09:14.0627574-05:00 [PHASE5B] [OK ] [2.1] BASE_PART_COLOR_VARIANTS: 1,315,000/1,551,229 (84.8%) batches=263 elapsed=2.02s
2026-08-24T23:09:14.0637594-05:00 [PHASE5B] [RUN] [2.1] P5B_VARIANTS / BASE_PART_COLOR_VARIANTS 1,315,000/1,551,229 ( 84.8%) batch=264
2026-08-24T23:09:16.0979941-05:00 [PHASE5B] [OK ] [2.1] BASE_PART_COLOR_VARIANTS: 1,320,000/1,551,229 (85.1%) batches=264 elapsed=2.04s
2026-08-24T23:09:16.0989971-05:00 [PHASE5B] [RUN] [2.1] P5B_VARIANTS / BASE_PART_COLOR_VARIANTS 1,320,000/1,551,229 ( 85.1%) batch=265
2026-08-24T23:09:18.0591894-05:00 [PHASE5B] [OK ] [2.1] BASE_PART_COLOR_VARIANTS: 1,325,000/1,551,229 (85.4%) batches=265 elapsed=1.96s
2026-08-24T23:09:18.0601904-05:00 [PHASE5B] [RUN] [2.1] P5B_VARIANTS / BASE_PART_COLOR_VARIANTS 1,325,000/1,551,229 ( 85.4%) batch=266
2026-08-24T23:09:19.9943907-05:00 [PHASE5B] [OK ] [2.1] BASE_PART_COLOR_VARIANTS: 1,330,000/1,551,229 (85.7%) batches=266 elapsed=1.94s
2026-08-24T23:09:19.9963908-05:00 [PHASE5B] [RUN] [2.1] P5B_VARIANTS / BASE_PART_COLOR_VARIANTS 1,330,000/1,551,229 ( 85.7%) batch=267
2026-08-24T23:09:21.9120497-05:00 [PHASE5B] [OK ] [2.1] BASE_PART_COLOR_VARIANTS: 1,335,000/1,551,229 (86.1%) batches=267 elapsed=1.92s
2026-08-24T23:09:21.9130524-05:00 [PHASE5B] [RUN] [2.1] P5B_VARIANTS / BASE_PART_COLOR_VARIANTS 1,335,000/1,551,229 ( 86.1%) batch=268
2026-08-24T23:09:23.8165237-05:00 [PHASE5B] [OK ] [2.1] BASE_PART_COLOR_VARIANTS: 1,340,000/1,551,229 (86.4%) batches=268 elapsed=1.90s
2026-08-24T23:09:23.8175239-05:00 [PHASE5B] [RUN] [2.1] P5B_VARIANTS / BASE_PART_COLOR_VARIANTS 1,340,000/1,551,229 ( 86.4%) batch=269
2026-08-24T23:09:25.7227830-05:00 [PHASE5B] [OK ] [2.1] BASE_PART_COLOR_VARIANTS: 1,345,000/1,551,229 (86.7%) batches=269 elapsed=1.91s
2026-08-24T23:09:25.7237810-05:00 [PHASE5B] [RUN] [2.1] P5B_VARIANTS / BASE_PART_COLOR_VARIANTS 1,345,000/1,551,229 ( 86.7%) batch=270
2026-08-24T23:09:27.6099820-05:00 [PHASE5B] [OK ] [2.1] BASE_PART_COLOR_VARIANTS: 1,350,000/1,551,229 (87.0%) batches=270 elapsed=1.89s
2026-08-24T23:09:27.6109832-05:00 [PHASE5B] [RUN] [2.1] P5B_VARIANTS / BASE_PART_COLOR_VARIANTS 1,350,000/1,551,229 ( 87.0%) batch=271
2026-08-24T23:09:29.4524059-05:00 [PHASE5B] [OK ] [2.1] BASE_PART_COLOR_VARIANTS: 1,355,000/1,551,229 (87.4%) batches=271 elapsed=1.84s
2026-08-24T23:09:29.4534071-05:00 [PHASE5B] [RUN] [2.1] P5B_VARIANTS / BASE_PART_COLOR_VARIANTS 1,355,000/1,551,229 ( 87.4%) batch=272
2026-08-24T23:09:31.3115449-05:00 [PHASE5B] [OK ] [2.1] BASE_PART_COLOR_VARIANTS: 1,360,000/1,551,229 (87.7%) batches=272 elapsed=1.86s
2026-08-24T23:09:31.3127641-05:00 [PHASE5B] [RUN] [2.1] P5B_VARIANTS / BASE_PART_COLOR_VARIANTS 1,360,000/1,551,229 ( 87.7%) batch=273
2026-08-24T23:09:33.1117827-05:00 [PHASE5B] [OK ] [2.1] BASE_PART_COLOR_VARIANTS: 1,365,000/1,551,229 (88.0%) batches=273 elapsed=1.80s
2026-08-24T23:09:33.1127833-05:00 [PHASE5B] [RUN] [2.1] P5B_VARIANTS / BASE_PART_COLOR_VARIANTS 1,365,000/1,551,229 ( 88.0%) batch=274
2026-08-24T23:09:34.8729617-05:00 [PHASE5B] [OK ] [2.1] BASE_PART_COLOR_VARIANTS: 1,370,000/1,551,229 (88.3%) batches=274 elapsed=1.76s
2026-08-24T23:09:34.8739621-05:00 [PHASE5B] [RUN] [2.1] P5B_VARIANTS / BASE_PART_COLOR_VARIANTS 1,370,000/1,551,229 ( 88.3%) batch=275
2026-08-24T23:09:36.6007466-05:00 [PHASE5B] [OK ] [2.1] BASE_PART_COLOR_VARIANTS: 1,375,000/1,551,229 (88.6%) batches=275 elapsed=1.73s
2026-08-24T23:09:36.6017441-05:00 [PHASE5B] [RUN] [2.1] P5B_VARIANTS / BASE_PART_COLOR_VARIANTS 1,375,000/1,551,229 ( 88.6%) batch=276
2026-08-24T23:09:38.3100407-05:00 [PHASE5B] [OK ] [2.1] BASE_PART_COLOR_VARIANTS: 1,380,000/1,551,229 (89.0%) batches=276 elapsed=1.71s
2026-08-24T23:09:38.3120426-05:00 [PHASE5B] [RUN] [2.1] P5B_VARIANTS / BASE_PART_COLOR_VARIANTS 1,380,000/1,551,229 ( 89.0%) batch=277
2026-08-24T23:09:39.9943607-05:00 [PHASE5B] [OK ] [2.1] BASE_PART_COLOR_VARIANTS: 1,385,000/1,551,229 (89.3%) batches=277 elapsed=1.68s
2026-08-24T23:09:39.9953611-05:00 [PHASE5B] [RUN] [2.1] P5B_VARIANTS / BASE_PART_COLOR_VARIANTS 1,385,000/1,551,229 ( 89.3%) batch=278
2026-08-24T23:09:41.6507133-05:00 [PHASE5B] [OK ] [2.1] BASE_PART_COLOR_VARIANTS: 1,390,000/1,551,229 (89.6%) batches=278 elapsed=1.66s
2026-08-24T23:09:41.6517114-05:00 [PHASE5B] [RUN] [2.1] P5B_VARIANTS / BASE_PART_COLOR_VARIANTS 1,390,000/1,551,229 ( 89.6%) batch=279
2026-08-24T23:09:43.2757605-05:00 [PHASE5B] [OK ] [2.1] BASE_PART_COLOR_VARIANTS: 1,395,000/1,551,229 (89.9%) batches=279 elapsed=1.62s
2026-08-24T23:09:43.2767605-05:00 [PHASE5B] [RUN] [2.1] P5B_VARIANTS / BASE_PART_COLOR_VARIANTS 1,395,000/1,551,229 ( 89.9%) batch=280
2026-08-24T23:09:44.8973616-05:00 [PHASE5B] [OK ] [2.1] BASE_PART_COLOR_VARIANTS: 1,400,000/1,551,229 (90.3%) batches=280 elapsed=1.62s
2026-08-24T23:09:44.8993625-05:00 [PHASE5B] [RUN] [2.1] P5B_VARIANTS / BASE_PART_COLOR_VARIANTS 1,400,000/1,551,229 ( 90.3%) batch=281
2026-08-24T23:09:46.4828403-05:00 [PHASE5B] [OK ] [2.1] BASE_PART_COLOR_VARIANTS: 1,405,000/1,551,229 (90.6%) batches=281 elapsed=1.58s
2026-08-24T23:09:46.4838404-05:00 [PHASE5B] [RUN] [2.1] P5B_VARIANTS / BASE_PART_COLOR_VARIANTS 1,405,000/1,551,229 ( 90.6%) batch=282
2026-08-24T23:09:48.0473562-05:00 [PHASE5B] [OK ] [2.1] BASE_PART_COLOR_VARIANTS: 1,410,000/1,551,229 (90.9%) batches=282 elapsed=1.56s
2026-08-24T23:09:48.0483579-05:00 [PHASE5B] [RUN] [2.1] P5B_VARIANTS / BASE_PART_COLOR_VARIANTS 1,410,000/1,551,229 ( 90.9%) batch=283
2026-08-24T23:09:49.5824349-05:00 [PHASE5B] [OK ] [2.1] BASE_PART_COLOR_VARIANTS: 1,415,000/1,551,229 (91.2%) batches=283 elapsed=1.53s
2026-08-24T23:09:49.5834351-05:00 [PHASE5B] [RUN] [2.1] P5B_VARIANTS / BASE_PART_COLOR_VARIANTS 1,415,000/1,551,229 ( 91.2%) batch=284
2026-08-24T23:09:51.1011146-05:00 [PHASE5B] [OK ] [2.1] BASE_PART_COLOR_VARIANTS: 1,420,000/1,551,229 (91.5%) batches=284 elapsed=1.52s
2026-08-24T23:09:51.1021168-05:00 [PHASE5B] [RUN] [2.1] P5B_VARIANTS / BASE_PART_COLOR_VARIANTS 1,420,000/1,551,229 ( 91.5%) batch=285
2026-08-24T23:09:52.5842168-05:00 [PHASE5B] [OK ] [2.1] BASE_PART_COLOR_VARIANTS: 1,425,000/1,551,229 (91.9%) batches=285 elapsed=1.48s
2026-08-24T23:09:52.5852170-05:00 [PHASE5B] [RUN] [2.1] P5B_VARIANTS / BASE_PART_COLOR_VARIANTS 1,425,000/1,551,229 ( 91.9%) batch=286
2026-08-24T23:09:54.0617677-05:00 [PHASE5B] [OK ] [2.1] BASE_PART_COLOR_VARIANTS: 1,430,000/1,551,229 (92.2%) batches=286 elapsed=1.48s
2026-08-24T23:09:54.0637682-05:00 [PHASE5B] [RUN] [2.1] P5B_VARIANTS / BASE_PART_COLOR_VARIANTS 1,430,000/1,551,229 ( 92.2%) batch=287
2026-08-24T23:09:55.5438772-05:00 [PHASE5B] [OK ] [2.1] BASE_PART_COLOR_VARIANTS: 1,435,000/1,551,229 (92.5%) batches=287 elapsed=1.48s
2026-08-24T23:09:55.5458786-05:00 [PHASE5B] [RUN] [2.1] P5B_VARIANTS / BASE_PART_COLOR_VARIANTS 1,435,000/1,551,229 ( 92.5%) batch=288
2026-08-24T23:09:56.9481077-05:00 [PHASE5B] [OK ] [2.1] BASE_PART_COLOR_VARIANTS: 1,440,000/1,551,229 (92.8%) batches=288 elapsed=1.40s
2026-08-24T23:09:56.9491070-05:00 [PHASE5B] [RUN] [2.1] P5B_VARIANTS / BASE_PART_COLOR_VARIANTS 1,440,000/1,551,229 ( 92.8%) batch=289
2026-08-24T23:09:58.3192001-05:00 [PHASE5B] [OK ] [2.1] BASE_PART_COLOR_VARIANTS: 1,445,000/1,551,229 (93.2%) batches=289 elapsed=1.37s
2026-08-24T23:09:58.3202022-05:00 [PHASE5B] [RUN] [2.1] P5B_VARIANTS / BASE_PART_COLOR_VARIANTS 1,445,000/1,551,229 ( 93.2%) batch=290
2026-08-24T23:09:59.7077400-05:00 [PHASE5B] [OK ] [2.1] BASE_PART_COLOR_VARIANTS: 1,450,000/1,551,229 (93.5%) batches=290 elapsed=1.39s
2026-08-24T23:09:59.7087425-05:00 [PHASE5B] [RUN] [2.1] P5B_VARIANTS / BASE_PART_COLOR_VARIANTS 1,450,000/1,551,229 ( 93.5%) batch=291
2026-08-24T23:10:01.0727684-05:00 [PHASE5B] [OK ] [2.1] BASE_PART_COLOR_VARIANTS: 1,455,000/1,551,229 (93.8%) batches=291 elapsed=1.36s
2026-08-24T23:10:01.0737687-05:00 [PHASE5B] [RUN] [2.1] P5B_VARIANTS / BASE_PART_COLOR_VARIANTS 1,455,000/1,551,229 ( 93.8%) batch=292
2026-08-24T23:10:02.4069462-05:00 [PHASE5B] [OK ] [2.1] BASE_PART_COLOR_VARIANTS: 1,460,000/1,551,229 (94.1%) batches=292 elapsed=1.33s
2026-08-24T23:10:02.4079468-05:00 [PHASE5B] [RUN] [2.1] P5B_VARIANTS / BASE_PART_COLOR_VARIANTS 1,460,000/1,551,229 ( 94.1%) batch=293
2026-08-24T23:10:03.7084234-05:00 [PHASE5B] [OK ] [2.1] BASE_PART_COLOR_VARIANTS: 1,465,000/1,551,229 (94.4%) batches=293 elapsed=1.30s
2026-08-24T23:10:03.7094228-05:00 [PHASE5B] [RUN] [2.1] P5B_VARIANTS / BASE_PART_COLOR_VARIANTS 1,465,000/1,551,229 ( 94.4%) batch=294
2026-08-24T23:10:04.9845796-05:00 [PHASE5B] [OK ] [2.1] BASE_PART_COLOR_VARIANTS: 1,470,000/1,551,229 (94.8%) batches=294 elapsed=1.28s
2026-08-24T23:10:04.9855819-05:00 [PHASE5B] [RUN] [2.1] P5B_VARIANTS / BASE_PART_COLOR_VARIANTS 1,470,000/1,551,229 ( 94.8%) batch=295
2026-08-24T23:10:06.2186946-05:00 [PHASE5B] [OK ] [2.1] BASE_PART_COLOR_VARIANTS: 1,475,000/1,551,229 (95.1%) batches=295 elapsed=1.23s
2026-08-24T23:10:06.2196964-05:00 [PHASE5B] [RUN] [2.1] P5B_VARIANTS / BASE_PART_COLOR_VARIANTS 1,475,000/1,551,229 ( 95.1%) batch=296
2026-08-24T23:10:07.4238001-05:00 [PHASE5B] [OK ] [2.1] BASE_PART_COLOR_VARIANTS: 1,480,000/1,551,229 (95.4%) batches=296 elapsed=1.20s
2026-08-24T23:10:07.4247999-05:00 [PHASE5B] [RUN] [2.1] P5B_VARIANTS / BASE_PART_COLOR_VARIANTS 1,480,000/1,551,229 ( 95.4%) batch=297
2026-08-24T23:10:08.6232191-05:00 [PHASE5B] [OK ] [2.1] BASE_PART_COLOR_VARIANTS: 1,485,000/1,551,229 (95.7%) batches=297 elapsed=1.20s
2026-08-24T23:10:08.6242186-05:00 [PHASE5B] [RUN] [2.1] P5B_VARIANTS / BASE_PART_COLOR_VARIANTS 1,485,000/1,551,229 ( 95.7%) batch=298
2026-08-24T23:10:12.5906105-05:00 [PHASE5B] [OK ] [2.1] BASE_PART_COLOR_VARIANTS: 1,490,000/1,551,229 (96.1%) batches=298 elapsed=3.97s
2026-08-24T23:10:12.5916133-05:00 [PHASE5B] [RUN] [2.1] P5B_VARIANTS / BASE_PART_COLOR_VARIANTS 1,490,000/1,551,229 ( 96.1%) batch=299
2026-08-24T23:10:16.2291697-05:00 [PHASE5B] [OK ] [2.1] BASE_PART_COLOR_VARIANTS: 1,495,000/1,551,229 (96.4%) batches=299 elapsed=3.64s
2026-08-24T23:10:16.2301690-05:00 [PHASE5B] [RUN] [2.1] P5B_VARIANTS / BASE_PART_COLOR_VARIANTS 1,495,000/1,551,229 ( 96.4%) batch=300
2026-08-24T23:10:19.5394941-05:00 [PHASE5B] [OK ] [2.1] BASE_PART_COLOR_VARIANTS: 1,500,000/1,551,229 (96.7%) batches=300 elapsed=3.31s
2026-08-24T23:10:19.5404910-05:00 [PHASE5B] [RUN] [2.1] P5B_VARIANTS / BASE_PART_COLOR_VARIANTS 1,500,000/1,551,229 ( 96.7%) batch=301
2026-08-24T23:10:22.6202547-05:00 [PHASE5B] [OK ] [2.1] BASE_PART_COLOR_VARIANTS: 1,505,000/1,551,229 (97.0%) batches=301 elapsed=3.08s
2026-08-24T23:10:22.6212529-05:00 [PHASE5B] [RUN] [2.1] P5B_VARIANTS / BASE_PART_COLOR_VARIANTS 1,505,000/1,551,229 ( 97.0%) batch=302
2026-08-24T23:10:25.4739279-05:00 [PHASE5B] [OK ] [2.1] BASE_PART_COLOR_VARIANTS: 1,510,000/1,551,229 (97.3%) batches=302 elapsed=2.85s
2026-08-24T23:10:25.4759279-05:00 [PHASE5B] [RUN] [2.1] P5B_VARIANTS / BASE_PART_COLOR_VARIANTS 1,510,000/1,551,229 ( 97.3%) batch=303
2026-08-24T23:10:28.2005497-05:00 [PHASE5B] [OK ] [2.1] BASE_PART_COLOR_VARIANTS: 1,515,000/1,551,229 (97.7%) batches=303 elapsed=2.73s
2026-08-24T23:10:28.2015494-05:00 [PHASE5B] [RUN] [2.1] P5B_VARIANTS / BASE_PART_COLOR_VARIANTS 1,515,000/1,551,229 ( 97.7%) batch=304
2026-08-24T23:10:30.6802403-05:00 [PHASE5B] [OK ] [2.1] BASE_PART_COLOR_VARIANTS: 1,520,000/1,551,229 (98.0%) batches=304 elapsed=2.48s
2026-08-24T23:10:30.6812404-05:00 [PHASE5B] [RUN] [2.1] P5B_VARIANTS / BASE_PART_COLOR_VARIANTS 1,520,000/1,551,229 ( 98.0%) batch=305
2026-08-24T23:10:32.8822826-05:00 [PHASE5B] [OK ] [2.1] BASE_PART_COLOR_VARIANTS: 1,525,000/1,551,229 (98.3%) batches=305 elapsed=2.20s
2026-08-24T23:10:32.8832819-05:00 [PHASE5B] [RUN] [2.1] P5B_VARIANTS / BASE_PART_COLOR_VARIANTS 1,525,000/1,551,229 ( 98.3%) batch=306
2026-08-24T23:10:34.8285307-05:00 [PHASE5B] [OK ] [2.1] BASE_PART_COLOR_VARIANTS: 1,530,000/1,551,229 (98.6%) batches=306 elapsed=1.95s
2026-08-24T23:10:34.8295294-05:00 [PHASE5B] [RUN] [2.1] P5B_VARIANTS / BASE_PART_COLOR_VARIANTS 1,530,000/1,551,229 ( 98.6%) batch=307
2026-08-24T23:10:36.4211506-05:00 [PHASE5B] [OK ] [2.1] BASE_PART_COLOR_VARIANTS: 1,535,000/1,551,229 (99.0%) batches=307 elapsed=1.59s
2026-08-24T23:10:36.4231516-05:00 [PHASE5B] [RUN] [2.1] P5B_VARIANTS / BASE_PART_COLOR_VARIANTS 1,535,000/1,551,229 ( 99.0%) batch=308
2026-08-24T23:10:37.8332664-05:00 [PHASE5B] [OK ] [2.1] BASE_PART_COLOR_VARIANTS: 1,540,000/1,551,229 (99.3%) batches=308 elapsed=1.41s
2026-08-24T23:10:37.8342661-05:00 [PHASE5B] [RUN] [2.1] P5B_VARIANTS / BASE_PART_COLOR_VARIANTS 1,540,000/1,551,229 ( 99.3%) batch=309
2026-08-24T23:10:39.0638139-05:00 [PHASE5B] [OK ] [2.1] BASE_PART_COLOR_VARIANTS: 1,545,000/1,551,229 (99.6%) batches=309 elapsed=1.23s
2026-08-24T23:10:39.0658207-05:00 [PHASE5B] [RUN] [2.1] P5B_VARIANTS / BASE_PART_COLOR_VARIANTS 1,545,000/1,551,229 ( 99.6%) batch=310
2026-08-24T23:10:40.1339547-05:00 [PHASE5B] [OK ] [2.1] BASE_PART_COLOR_VARIANTS: 1,550,000/1,551,229 (99.9%) batches=310 elapsed=1.07s
2026-08-24T23:10:40.1349555-05:00 [PHASE5B] [RUN] [2.1] P5B_VARIANTS / BASE_PART_COLOR_VARIANTS 1,550,000/1,551,229 ( 99.9%) batch=311
2026-08-24T23:10:40.2109523-05:00 [PHASE5B] [OK ] [2.1] BASE_PART_COLOR_VARIANTS: 1,551,229/1,551,229 (100.0%) batches=311 elapsed=0.08s
2026-08-24T23:10:40.2119523-05:00 [PHASE5B] 
2026-08-24T23:10:40.2129525-05:00 [PHASE5B] -------------------------------------------------------------------------------
2026-08-24T23:10:40.2139521-05:00 [PHASE5B]  Durable Phase 5B checkpoint status
2026-08-24T23:10:40.2149509-05:00 [PHASE5B] -------------------------------------------------------------------------------
2026-08-24T23:10:40.2149509-05:00 [PHASE5B] 
2026-08-24T23:10:40.2159514-05:00 [PHASE5B] [1/10] P5B_VALIDATE
2026-08-24T23:10:40.2169519-05:00 [PHASE5B]       [1.1] SOURCE_CONTRACT              COMPLETED          1 / 1          100.0% batches=1
2026-08-24T23:10:40.2179521-05:00 [PHASE5B]       [1.2] PARENT_CLASSIFICATION        COMPLETED          1 / 1          100.0% batches=1
2026-08-24T23:10:40.2179521-05:00 [PHASE5B]       [1.3] CATALOG_REFERENCES           COMPLETED          1 / 1          100.0% batches=1
2026-08-24T23:10:40.2189516-05:00 [PHASE5B]       [1.4] VERSION_KEYS                 COMPLETED          1 / 1          100.0% batches=1
2026-08-24T23:10:40.2189516-05:00 [PHASE5B] 
2026-08-24T23:10:40.2199518-05:00 [PHASE5B] [2/10] P5B_VARIANTS
2026-08-24T23:10:40.2209537-05:00 [PHASE5B]       [2.1] BASE_PART_COLOR_VARIANTS     COMPLETED  1,551,229 / 1,551,229  100.0% batches=311
2026-08-24T23:10:40.2209537-05:00 [PHASE5B] 
2026-08-24T23:10:40.2219516-05:00 [PHASE5B] [3/10] P5B_DEFINITIONS
2026-08-24T23:10:40.2229512-05:00 [PHASE5B]       [3.1] PARENT_DEFINITIONS           PENDING            0 / 47,216       0.0% batches=0
2026-08-24T23:10:40.2229512-05:00 [PHASE5B] 
2026-08-24T23:10:40.2239515-05:00 [PHASE5B] [4/10] P5B_VERSIONS
2026-08-24T23:10:40.2249540-05:00 [PHASE5B]       [4.1] SOURCE_VERSIONS              PENDING            0 / 47,216       0.0% batches=0
2026-08-24T23:10:40.2249540-05:00 [PHASE5B] 
2026-08-24T23:10:40.2259516-05:00 [PHASE5B] [5/10] P5B_SET_MEMBERS
2026-08-24T23:10:40.2269512-05:00 [PHASE5B]       [5.1] PARTS                        PENDING            0 / 1,551,229    0.0% batches=0
2026-08-24T23:10:40.2269512-05:00 [PHASE5B]       [5.2] SETS                         PENDING            0 / 5,176        0.0% batches=0
2026-08-24T23:10:40.2279521-05:00 [PHASE5B]       [5.3] MINIFIGURES                  PENDING            0 / 25,738       0.0% batches=0
2026-08-24T23:10:40.2289512-05:00 [PHASE5B] 
2026-08-24T23:10:40.2289512-05:00 [PHASE5B] [6/10] P5B_MINIFIG_MEMBERS
2026-08-24T23:10:40.2299509-05:00 [PHASE5B]       [6.1] PARTS                        PENDING            0 / 1,551,229    0.0% batches=0
2026-08-24T23:10:40.2309509-05:00 [PHASE5B] 
2026-08-24T23:10:40.2309509-05:00 [PHASE5B] [7/10] P5B_MINIFIG_ANCHORS
2026-08-24T23:10:40.2319520-05:00 [PHASE5B]       [7.1] COMPOSITIONS                 PENDING            0 / 47,216       0.0% batches=0
2026-08-24T23:10:40.2329517-05:00 [PHASE5B] 
2026-08-24T23:10:40.2339515-05:00 [PHASE5B] [8/10] P5B_FINALIZE_VERSIONS
2026-08-24T23:10:40.2349510-05:00 [PHASE5B]       [8.1] HASH_AND_FINALIZE            PENDING            0 / 47,216       0.0% batches=0
2026-08-24T23:10:40.2359507-05:00 [PHASE5B] 
2026-08-24T23:10:40.2359507-05:00 [PHASE5B] [9/10] P5B_AUTHORITY
2026-08-24T23:10:40.2369521-05:00 [PHASE5B]       [9.1] LATEST_SOURCE                PENDING            0 / 47,216       0.0% batches=0
2026-08-24T23:10:40.2379518-05:00 [PHASE5B] 
2026-08-24T23:10:40.2379518-05:00 [PHASE5B] [10/10] P5B_COMPLETE
2026-08-24T23:10:40.2389519-05:00 [PHASE5B]       [10.1] VERIFY                       PENDING            0 / 1            0.0% batches=0
2026-08-24T23:10:40.2399516-05:00 [PHASE5B]       [10.2] COMPLETE_RUN                 PENDING            0 / 1            0.0% batches=0
2026-08-24T23:10:40.2399516-05:00 [PHASE5B] 
2026-08-24T23:10:40.2409514-05:00 [PHASE5B] [RUN] [3.1] P5B_DEFINITIONS / PARENT_DEFINITIONS 0/47,216 (  0.0%) batch=1
2026-08-24T23:10:40.4794314-05:00 [PHASE5B] [OK ] [3.1] PARENT_DEFINITIONS: 5,000/47,216 (10.6%) batches=1 elapsed=0.27s
2026-08-24T23:10:40.4804323-05:00 [PHASE5B] [RUN] [3.1] P5B_DEFINITIONS / PARENT_DEFINITIONS 5,000/47,216 ( 10.6%) batch=2
2026-08-24T23:10:40.6344308-05:00 [PHASE5B] [OK ] [3.1] PARENT_DEFINITIONS: 10,000/47,216 (21.2%) batches=2 elapsed=0.16s
2026-08-24T23:10:40.6364324-05:00 [PHASE5B] [RUN] [3.1] P5B_DEFINITIONS / PARENT_DEFINITIONS 10,000/47,216 ( 21.2%) batch=3
2026-08-24T23:10:40.7734312-05:00 [PHASE5B] [OK ] [3.1] PARENT_DEFINITIONS: 15,000/47,216 (31.8%) batches=3 elapsed=0.14s
2026-08-24T23:10:40.7754322-05:00 [PHASE5B] [RUN] [3.1] P5B_DEFINITIONS / PARENT_DEFINITIONS 15,000/47,216 ( 31.8%) batch=4
2026-08-24T23:10:40.9144317-05:00 [PHASE5B] [OK ] [3.1] PARENT_DEFINITIONS: 20,000/47,216 (42.4%) batches=4 elapsed=0.14s
2026-08-24T23:10:40.9154347-05:00 [PHASE5B] [RUN] [3.1] P5B_DEFINITIONS / PARENT_DEFINITIONS 20,000/47,216 ( 42.4%) batch=5
2026-08-24T23:10:41.0230485-05:00 [PHASE5B] [OK ] [3.1] PARENT_DEFINITIONS: 25,000/47,216 (52.9%) batches=5 elapsed=0.11s
2026-08-24T23:10:41.0245952-05:00 [PHASE5B] [RUN] [3.1] P5B_DEFINITIONS / PARENT_DEFINITIONS 25,000/47,216 ( 52.9%) batch=6
2026-08-24T23:10:41.1133971-05:00 [PHASE5B] [OK ] [3.1] PARENT_DEFINITIONS: 30,000/47,216 (63.5%) batches=6 elapsed=0.09s
2026-08-24T23:10:41.1143977-05:00 [PHASE5B] [RUN] [3.1] P5B_DEFINITIONS / PARENT_DEFINITIONS 30,000/47,216 ( 63.5%) batch=7
2026-08-24T23:10:41.1934068-05:00 [PHASE5B] [OK ] [3.1] PARENT_DEFINITIONS: 35,000/47,216 (74.1%) batches=7 elapsed=0.08s
2026-08-24T23:10:41.1954084-05:00 [PHASE5B] [RUN] [3.1] P5B_DEFINITIONS / PARENT_DEFINITIONS 35,000/47,216 ( 74.1%) batch=8
2026-08-24T23:10:41.2624084-05:00 [PHASE5B] [OK ] [3.1] PARENT_DEFINITIONS: 40,000/47,216 (84.7%) batches=8 elapsed=0.07s
2026-08-24T23:10:41.2644072-05:00 [PHASE5B] [RUN] [3.1] P5B_DEFINITIONS / PARENT_DEFINITIONS 40,000/47,216 ( 84.7%) batch=9
2026-08-24T23:10:41.3204182-05:00 [PHASE5B] [OK ] [3.1] PARENT_DEFINITIONS: 45,000/47,216 (95.3%) batches=9 elapsed=0.06s
2026-08-24T23:10:41.3214218-05:00 [PHASE5B] [RUN] [3.1] P5B_DEFINITIONS / PARENT_DEFINITIONS 45,000/47,216 ( 95.3%) batch=10
2026-08-24T23:10:41.3693775-05:00 [PHASE5B] [OK ] [3.1] PARENT_DEFINITIONS: 47,214/47,216 (100.0%) batches=10 elapsed=0.05s
2026-08-24T23:10:41.3703778-05:00 [PHASE5B] [RUN] [3.1] P5B_DEFINITIONS / PARENT_DEFINITIONS 47,214/47,216 (100.0%) batch=11
2026-08-24T23:10:41.3763780-05:00 [PHASE5B] [OK ] [3.1] PARENT_DEFINITIONS: 47,216/47,216 (100.0%) batches=10 elapsed=0.01s
2026-08-24T23:10:41.3763780-05:00 [PHASE5B] 
2026-08-24T23:10:41.3773779-05:00 [PHASE5B] -------------------------------------------------------------------------------
2026-08-24T23:10:41.3783778-05:00 [PHASE5B]  Durable Phase 5B checkpoint status
2026-08-24T23:10:41.3783778-05:00 [PHASE5B] -------------------------------------------------------------------------------
2026-08-24T23:10:41.3793776-05:00 [PHASE5B] 
2026-08-24T23:10:41.3803808-05:00 [PHASE5B] [1/10] P5B_VALIDATE
2026-08-24T23:10:41.3813776-05:00 [PHASE5B]       [1.1] SOURCE_CONTRACT              COMPLETED          1 / 1          100.0% batches=1
2026-08-24T23:10:41.3823772-05:00 [PHASE5B]       [1.2] PARENT_CLASSIFICATION        COMPLETED          1 / 1          100.0% batches=1
2026-08-24T23:10:41.3823772-05:00 [PHASE5B]       [1.3] CATALOG_REFERENCES           COMPLETED          1 / 1          100.0% batches=1
2026-08-24T23:10:41.3833790-05:00 [PHASE5B]       [1.4] VERSION_KEYS                 COMPLETED          1 / 1          100.0% batches=1
2026-08-24T23:10:41.3843777-05:00 [PHASE5B] 
2026-08-24T23:10:41.3843777-05:00 [PHASE5B] [2/10] P5B_VARIANTS
2026-08-24T23:10:41.3853782-05:00 [PHASE5B]       [2.1] BASE_PART_COLOR_VARIANTS     COMPLETED  1,551,229 / 1,551,229  100.0% batches=311
2026-08-24T23:10:41.3863781-05:00 [PHASE5B] 
2026-08-24T23:10:41.3863781-05:00 [PHASE5B] [3/10] P5B_DEFINITIONS
2026-08-24T23:10:41.3873778-05:00 [PHASE5B]       [3.1] PARENT_DEFINITIONS           COMPLETED     47,216 / 47,216     100.0% batches=10
2026-08-24T23:10:41.3883787-05:00 [PHASE5B] 
2026-08-24T23:10:41.3883787-05:00 [PHASE5B] [4/10] P5B_VERSIONS
2026-08-24T23:10:41.3893778-05:00 [PHASE5B]       [4.1] SOURCE_VERSIONS              PENDING            0 / 47,216       0.0% batches=0
2026-08-24T23:10:41.3903782-05:00 [PHASE5B] 
2026-08-24T23:10:41.3903782-05:00 [PHASE5B] [5/10] P5B_SET_MEMBERS
2026-08-24T23:10:41.3913781-05:00 [PHASE5B]       [5.1] PARTS                        PENDING            0 / 1,551,229    0.0% batches=0
2026-08-24T23:10:41.3923774-05:00 [PHASE5B]       [5.2] SETS                         PENDING            0 / 5,176        0.0% batches=0
2026-08-24T23:10:41.3923774-05:00 [PHASE5B]       [5.3] MINIFIGURES                  PENDING            0 / 25,738       0.0% batches=0
2026-08-24T23:10:41.3933785-05:00 [PHASE5B] 
2026-08-24T23:10:41.3943803-05:00 [PHASE5B] [6/10] P5B_MINIFIG_MEMBERS
2026-08-24T23:10:41.3943803-05:00 [PHASE5B]       [6.1] PARTS                        PENDING            0 / 1,551,229    0.0% batches=0
2026-08-24T23:10:41.3953796-05:00 [PHASE5B] 
2026-08-24T23:10:41.3963774-05:00 [PHASE5B] [7/10] P5B_MINIFIG_ANCHORS
2026-08-24T23:10:41.3963774-05:00 [PHASE5B]       [7.1] COMPOSITIONS                 PENDING            0 / 47,216       0.0% batches=0
2026-08-24T23:10:41.3973781-05:00 [PHASE5B] 
2026-08-24T23:10:41.3983769-05:00 [PHASE5B] [8/10] P5B_FINALIZE_VERSIONS
2026-08-24T23:10:41.3983769-05:00 [PHASE5B]       [8.1] HASH_AND_FINALIZE            PENDING            0 / 47,216       0.0% batches=0
2026-08-24T23:10:41.3993778-05:00 [PHASE5B] 
2026-08-24T23:10:41.4003770-05:00 [PHASE5B] [9/10] P5B_AUTHORITY
2026-08-24T23:10:41.4003770-05:00 [PHASE5B]       [9.1] LATEST_SOURCE                PENDING            0 / 47,216       0.0% batches=0
2026-08-24T23:10:41.4013780-05:00 [PHASE5B] 
2026-08-24T23:10:41.4023785-05:00 [PHASE5B] [10/10] P5B_COMPLETE
2026-08-24T23:10:41.4023785-05:00 [PHASE5B]       [10.1] VERIFY                       PENDING            0 / 1            0.0% batches=0
2026-08-24T23:10:41.4033784-05:00 [PHASE5B]       [10.2] COMPLETE_RUN                 PENDING            0 / 1            0.0% batches=0
2026-08-24T23:10:41.4043783-05:00 [PHASE5B] 
2026-08-24T23:10:41.4043783-05:00 [PHASE5B] [RUN] [4.1] P5B_VERSIONS / SOURCE_VERSIONS 0/47,216 (  0.0%) batch=1
2026-08-24T23:10:45.1854813-05:00 [PHASE5B] [OK ] [4.1] SOURCE_VERSIONS: 5,000/47,216 (10.6%) batches=1 elapsed=3.81s
2026-08-24T23:10:45.1864805-05:00 [PHASE5B] [RUN] [4.1] P5B_VERSIONS / SOURCE_VERSIONS 5,000/47,216 ( 10.6%) batch=2
2026-08-24T23:10:48.0165650-05:00 [PHASE5B] [OK ] [4.1] SOURCE_VERSIONS: 10,000/47,216 (21.2%) batches=2 elapsed=2.83s
2026-08-24T23:10:48.0175620-05:00 [PHASE5B] [RUN] [4.1] P5B_VERSIONS / SOURCE_VERSIONS 10,000/47,216 ( 21.2%) batch=3
2026-08-24T23:10:50.9575620-05:00 [PHASE5B] [OK ] [4.1] SOURCE_VERSIONS: 15,000/47,216 (31.8%) batches=3 elapsed=2.94s
2026-08-24T23:10:50.9585649-05:00 [PHASE5B] [RUN] [4.1] P5B_VERSIONS / SOURCE_VERSIONS 15,000/47,216 ( 31.8%) batch=4
2026-08-24T23:10:51.9135820-05:00 [PHASE5B] [OK ] [4.1] SOURCE_VERSIONS: 20,000/47,216 (42.4%) batches=4 elapsed=0.96s
2026-08-24T23:10:51.9145820-05:00 [PHASE5B] [RUN] [4.1] P5B_VERSIONS / SOURCE_VERSIONS 20,000/47,216 ( 42.4%) batch=5
2026-08-24T23:10:52.8556846-05:00 [PHASE5B] [OK ] [4.1] SOURCE_VERSIONS: 25,000/47,216 (52.9%) batches=5 elapsed=0.94s
2026-08-24T23:10:52.8566848-05:00 [PHASE5B] [RUN] [4.1] P5B_VERSIONS / SOURCE_VERSIONS 25,000/47,216 ( 52.9%) batch=6
2026-08-24T23:10:54.3613240-05:00 [PHASE5B] [OK ] [4.1] SOURCE_VERSIONS: 30,000/47,216 (63.5%) batches=6 elapsed=1.51s
2026-08-24T23:10:54.3623224-05:00 [PHASE5B] [RUN] [4.1] P5B_VERSIONS / SOURCE_VERSIONS 30,000/47,216 ( 63.5%) batch=7
2026-08-24T23:10:56.3811976-05:00 [PHASE5B] [OK ] [4.1] SOURCE_VERSIONS: 35,000/47,216 (74.1%) batches=7 elapsed=2.02s
2026-08-24T23:10:56.3821968-05:00 [PHASE5B] [RUN] [4.1] P5B_VERSIONS / SOURCE_VERSIONS 35,000/47,216 ( 74.1%) batch=8
2026-08-24T23:10:58.4827859-05:00 [PHASE5B] [OK ] [4.1] SOURCE_VERSIONS: 40,000/47,216 (84.7%) batches=8 elapsed=2.10s
2026-08-24T23:10:58.4837894-05:00 [PHASE5B] [RUN] [4.1] P5B_VERSIONS / SOURCE_VERSIONS 40,000/47,216 ( 84.7%) batch=9
2026-08-24T23:11:00.7470719-05:00 [PHASE5B] [OK ] [4.1] SOURCE_VERSIONS: 45,000/47,216 (95.3%) batches=9 elapsed=2.26s
2026-08-24T23:11:00.7480713-05:00 [PHASE5B] [RUN] [4.1] P5B_VERSIONS / SOURCE_VERSIONS 45,000/47,216 ( 95.3%) batch=10
2026-08-24T23:11:01.3762730-05:00 [PHASE5B] [OK ] [4.1] SOURCE_VERSIONS: 47,214/47,216 (100.0%) batches=10 elapsed=0.63s
2026-08-24T23:11:01.3772734-05:00 [PHASE5B] [RUN] [4.1] P5B_VERSIONS / SOURCE_VERSIONS 47,214/47,216 (100.0%) batch=11
2026-08-24T23:11:01.3832727-05:00 [PHASE5B] [OK ] [4.1] SOURCE_VERSIONS: 47,216/47,216 (100.0%) batches=10 elapsed=0.01s
2026-08-24T23:11:01.3842719-05:00 [PHASE5B] 
2026-08-24T23:11:01.3852714-05:00 [PHASE5B] -------------------------------------------------------------------------------
2026-08-24T23:11:01.3862743-05:00 [PHASE5B]  Durable Phase 5B checkpoint status
2026-08-24T23:11:01.3872742-05:00 [PHASE5B] -------------------------------------------------------------------------------
2026-08-24T23:11:01.3882747-05:00 [PHASE5B] 
2026-08-24T23:11:01.3882747-05:00 [PHASE5B] [1/10] P5B_VALIDATE
2026-08-24T23:11:01.3892739-05:00 [PHASE5B]       [1.1] SOURCE_CONTRACT              COMPLETED          1 / 1          100.0% batches=1
2026-08-24T23:11:01.3902736-05:00 [PHASE5B]       [1.2] PARENT_CLASSIFICATION        COMPLETED          1 / 1          100.0% batches=1
2026-08-24T23:11:01.3912739-05:00 [PHASE5B]       [1.3] CATALOG_REFERENCES           COMPLETED          1 / 1          100.0% batches=1
2026-08-24T23:11:01.3912739-05:00 [PHASE5B]       [1.4] VERSION_KEYS                 COMPLETED          1 / 1          100.0% batches=1
2026-08-24T23:11:01.3922737-05:00 [PHASE5B] 
2026-08-24T23:11:01.3932719-05:00 [PHASE5B] [2/10] P5B_VARIANTS
2026-08-24T23:11:01.3942738-05:00 [PHASE5B]       [2.1] BASE_PART_COLOR_VARIANTS     COMPLETED  1,551,229 / 1,551,229  100.0% batches=311
2026-08-24T23:11:01.3952743-05:00 [PHASE5B] 
2026-08-24T23:11:01.3952743-05:00 [PHASE5B] [3/10] P5B_DEFINITIONS
2026-08-24T23:11:01.3962737-05:00 [PHASE5B]       [3.1] PARENT_DEFINITIONS           COMPLETED     47,216 / 47,216     100.0% batches=10
2026-08-24T23:11:01.3972724-05:00 [PHASE5B] 
2026-08-24T23:11:01.3982733-05:00 [PHASE5B] [4/10] P5B_VERSIONS
2026-08-24T23:11:01.3992745-05:00 [PHASE5B]       [4.1] SOURCE_VERSIONS              COMPLETED     47,216 / 47,216     100.0% batches=10
2026-08-24T23:11:01.3992745-05:00 [PHASE5B] 
2026-08-24T23:11:01.4002738-05:00 [PHASE5B] [5/10] P5B_SET_MEMBERS
2026-08-24T23:11:01.4012742-05:00 [PHASE5B]       [5.1] PARTS                        PENDING            0 / 1,551,229    0.0% batches=0
2026-08-24T23:11:01.4022738-05:00 [PHASE5B]       [5.2] SETS                         PENDING            0 / 5,176        0.0% batches=0
2026-08-24T23:11:01.4032743-05:00 [PHASE5B]       [5.3] MINIFIGURES                  PENDING            0 / 25,738       0.0% batches=0
2026-08-24T23:11:01.4042724-05:00 [PHASE5B] 
2026-08-24T23:11:01.4042724-05:00 [PHASE5B] [6/10] P5B_MINIFIG_MEMBERS
2026-08-24T23:11:01.4052730-05:00 [PHASE5B]       [6.1] PARTS                        PENDING            0 / 1,551,229    0.0% batches=0
2026-08-24T23:11:01.4062725-05:00 [PHASE5B] 
2026-08-24T23:11:01.4072735-05:00 [PHASE5B] [7/10] P5B_MINIFIG_ANCHORS
2026-08-24T23:11:01.4082749-05:00 [PHASE5B]       [7.1] COMPOSITIONS                 PENDING            0 / 47,216       0.0% batches=0
2026-08-24T23:11:01.4092731-05:00 [PHASE5B] 
2026-08-24T23:11:01.4092731-05:00 [PHASE5B] [8/10] P5B_FINALIZE_VERSIONS
2026-08-24T23:11:01.4102726-05:00 [PHASE5B]       [8.1] HASH_AND_FINALIZE            PENDING            0 / 47,216       0.0% batches=0
2026-08-24T23:11:01.4112718-05:00 [PHASE5B] 
2026-08-24T23:11:01.4122720-05:00 [PHASE5B] [9/10] P5B_AUTHORITY
2026-08-24T23:11:01.4132724-05:00 [PHASE5B]       [9.1] LATEST_SOURCE                PENDING            0 / 47,216       0.0% batches=0
2026-08-24T23:11:01.4132724-05:00 [PHASE5B] 
2026-08-24T23:11:01.4142716-05:00 [PHASE5B] [10/10] P5B_COMPLETE
2026-08-24T23:11:01.4152712-05:00 [PHASE5B]       [10.1] VERIFY                       PENDING            0 / 1            0.0% batches=0
2026-08-24T23:11:01.4162735-05:00 [PHASE5B]       [10.2] COMPLETE_RUN                 PENDING            0 / 1            0.0% batches=0
2026-08-24T23:11:01.4172747-05:00 [PHASE5B] 
2026-08-24T23:11:01.4172747-05:00 [PHASE5B] [RUN] [5.1] P5B_SET_MEMBERS / PARTS 0/1,551,229 (  0.0%) batch=1
2026-08-24T23:11:01.4282726-05:00 [PHASE5B] [OK ] [5.1] PARTS: 5,000/1,551,229 (0.3%) batches=1 elapsed=0.04s
2026-08-24T23:11:01.4302713-05:00 [PHASE5B] [RUN] [5.1] P5B_SET_MEMBERS / PARTS 5,000/1,551,229 (  0.3%) batch=2
2026-08-24T23:11:01.4542732-05:00 [PHASE5B] [OK ] [5.1] PARTS: 10,000/1,551,229 (0.6%) batches=2 elapsed=0.03s
2026-08-24T23:11:01.4552734-05:00 [PHASE5B] [RUN] [5.1] P5B_SET_MEMBERS / PARTS 10,000/1,551,229 (  0.6%) batch=3
2026-08-24T23:11:01.4892744-05:00 [PHASE5B] [OK ] [5.1] PARTS: 15,000/1,551,229 (1.0%) batches=3 elapsed=0.03s
2026-08-24T23:11:01.4902731-05:00 [PHASE5B] [RUN] [5.1] P5B_SET_MEMBERS / PARTS 15,000/1,551,229 (  1.0%) batch=4
2026-08-24T23:11:01.5172721-05:00 [PHASE5B] [OK ] [5.1] PARTS: 20,000/1,551,229 (1.3%) batches=4 elapsed=0.03s
2026-08-24T23:11:01.5182746-05:00 [PHASE5B] [RUN] [5.1] P5B_SET_MEMBERS / PARTS 20,000/1,551,229 (  1.3%) batch=5
2026-08-24T23:11:01.5432717-05:00 [PHASE5B] [OK ] [5.1] PARTS: 25,000/1,551,229 (1.6%) batches=5 elapsed=0.03s
2026-08-24T23:11:01.5442724-05:00 [PHASE5B] [RUN] [5.1] P5B_SET_MEMBERS / PARTS 25,000/1,551,229 (  1.6%) batch=6
2026-08-24T23:11:01.5732738-05:00 [PHASE5B] [OK ] [5.1] PARTS: 30,000/1,551,229 (1.9%) batches=6 elapsed=0.03s
2026-08-24T23:11:01.5742744-05:00 [PHASE5B] [RUN] [5.1] P5B_SET_MEMBERS / PARTS 30,000/1,551,229 (  1.9%) batch=7
2026-08-24T23:11:01.5972716-05:00 [PHASE5B] [OK ] [5.1] PARTS: 35,000/1,551,229 (2.3%) batches=7 elapsed=0.02s
2026-08-24T23:11:01.5992734-05:00 [PHASE5B] [RUN] [5.1] P5B_SET_MEMBERS / PARTS 35,000/1,551,229 (  2.3%) batch=8
2026-08-24T23:11:01.6212742-05:00 [PHASE5B] [OK ] [5.1] PARTS: 40,000/1,551,229 (2.6%) batches=8 elapsed=0.02s
2026-08-24T23:11:01.6222736-05:00 [PHASE5B] [RUN] [5.1] P5B_SET_MEMBERS / PARTS 40,000/1,551,229 (  2.6%) batch=9
2026-08-24T23:11:01.6452722-05:00 [PHASE5B] [OK ] [5.1] PARTS: 45,000/1,551,229 (2.9%) batches=9 elapsed=0.02s
2026-08-24T23:11:01.6462830-05:00 [PHASE5B] [RUN] [5.1] P5B_SET_MEMBERS / PARTS 45,000/1,551,229 (  2.9%) batch=10
2026-08-24T23:11:01.6702742-05:00 [PHASE5B] [OK ] [5.1] PARTS: 50,000/1,551,229 (3.2%) batches=10 elapsed=0.02s
2026-08-24T23:11:01.6722718-05:00 [PHASE5B] [RUN] [5.1] P5B_SET_MEMBERS / PARTS 50,000/1,551,229 (  3.2%) batch=11
2026-08-24T23:11:01.6942716-05:00 [PHASE5B] [OK ] [5.1] PARTS: 55,000/1,551,229 (3.5%) batches=11 elapsed=0.02s
2026-08-24T23:11:01.6952722-05:00 [PHASE5B] [RUN] [5.1] P5B_SET_MEMBERS / PARTS 55,000/1,551,229 (  3.5%) batch=12
2026-08-24T23:11:01.7162714-05:00 [PHASE5B] [OK ] [5.1] PARTS: 60,000/1,551,229 (3.9%) batches=12 elapsed=0.02s
2026-08-24T23:11:01.7172728-05:00 [PHASE5B] [RUN] [5.1] P5B_SET_MEMBERS / PARTS 60,000/1,551,229 (  3.9%) batch=13
2026-08-24T23:11:01.7392735-05:00 [PHASE5B] [OK ] [5.1] PARTS: 65,000/1,551,229 (4.2%) batches=13 elapsed=0.02s
2026-08-24T23:11:01.7402718-05:00 [PHASE5B] [RUN] [5.1] P5B_SET_MEMBERS / PARTS 65,000/1,551,229 (  4.2%) batch=14
2026-08-24T23:11:01.7622716-05:00 [PHASE5B] [OK ] [5.1] PARTS: 70,000/1,551,229 (4.5%) batches=14 elapsed=0.02s
2026-08-24T23:11:01.7632734-05:00 [PHASE5B] [RUN] [5.1] P5B_SET_MEMBERS / PARTS 70,000/1,551,229 (  4.5%) batch=15
2026-08-24T23:11:01.7852770-05:00 [PHASE5B] [OK ] [5.1] PARTS: 75,000/1,551,229 (4.8%) batches=15 elapsed=0.02s
2026-08-24T23:11:01.7862758-05:00 [PHASE5B] [RUN] [5.1] P5B_SET_MEMBERS / PARTS 75,000/1,551,229 (  4.8%) batch=16
2026-08-24T23:11:01.8097851-05:00 [PHASE5B] [OK ] [5.1] PARTS: 80,000/1,551,229 (5.2%) batches=16 elapsed=0.02s
2026-08-24T23:11:01.8107837-05:00 [PHASE5B] [RUN] [5.1] P5B_SET_MEMBERS / PARTS 80,000/1,551,229 (  5.2%) batch=17
2026-08-24T23:11:01.8322933-05:00 [PHASE5B] [OK ] [5.1] PARTS: 85,000/1,551,229 (5.5%) batches=17 elapsed=0.02s
2026-08-24T23:11:01.8332947-05:00 [PHASE5B] [RUN] [5.1] P5B_SET_MEMBERS / PARTS 85,000/1,551,229 (  5.5%) batch=18
2026-08-24T23:11:01.8562935-05:00 [PHASE5B] [OK ] [5.1] PARTS: 90,000/1,551,229 (5.8%) batches=18 elapsed=0.02s
2026-08-24T23:11:01.8572914-05:00 [PHASE5B] [RUN] [5.1] P5B_SET_MEMBERS / PARTS 90,000/1,551,229 (  5.8%) batch=19
2026-08-24T23:11:01.8792925-05:00 [PHASE5B] [OK ] [5.1] PARTS: 95,000/1,551,229 (6.1%) batches=19 elapsed=0.02s
2026-08-24T23:11:01.8812929-05:00 [PHASE5B] [RUN] [5.1] P5B_SET_MEMBERS / PARTS 95,000/1,551,229 (  6.1%) batch=20
2026-08-24T23:11:01.9032942-05:00 [PHASE5B] [OK ] [5.1] PARTS: 100,000/1,551,229 (6.4%) batches=20 elapsed=0.02s
2026-08-24T23:11:01.9042922-05:00 [PHASE5B] [RUN] [5.1] P5B_SET_MEMBERS / PARTS 100,000/1,551,229 (  6.4%) batch=21
2026-08-24T23:11:01.9262925-05:00 [PHASE5B] [OK ] [5.1] PARTS: 105,000/1,551,229 (6.8%) batches=21 elapsed=0.02s
2026-08-24T23:11:01.9272927-05:00 [PHASE5B] [RUN] [5.1] P5B_SET_MEMBERS / PARTS 105,000/1,551,229 (  6.8%) batch=22
2026-08-24T23:11:01.9512946-05:00 [PHASE5B] [OK ] [5.1] PARTS: 110,000/1,551,229 (7.1%) batches=22 elapsed=0.02s
2026-08-24T23:11:01.9532922-05:00 [PHASE5B] [RUN] [5.1] P5B_SET_MEMBERS / PARTS 110,000/1,551,229 (  7.1%) batch=23
2026-08-24T23:11:01.9752931-05:00 [PHASE5B] [OK ] [5.1] PARTS: 115,000/1,551,229 (7.4%) batches=23 elapsed=0.02s
2026-08-24T23:11:01.9762935-05:00 [PHASE5B] [RUN] [5.1] P5B_SET_MEMBERS / PARTS 115,000/1,551,229 (  7.4%) batch=24
2026-08-24T23:11:01.9992954-05:00 [PHASE5B] [OK ] [5.1] PARTS: 120,000/1,551,229 (7.7%) batches=24 elapsed=0.02s
2026-08-24T23:11:02.0002931-05:00 [PHASE5B] [RUN] [5.1] P5B_SET_MEMBERS / PARTS 120,000/1,551,229 (  7.7%) batch=25
2026-08-24T23:11:02.0232923-05:00 [PHASE5B] [OK ] [5.1] PARTS: 125,000/1,551,229 (8.1%) batches=25 elapsed=0.02s
2026-08-24T23:11:02.0252952-05:00 [PHASE5B] [RUN] [5.1] P5B_SET_MEMBERS / PARTS 125,000/1,551,229 (  8.1%) batch=26
2026-08-24T23:11:02.0532940-05:00 [PHASE5B] [OK ] [5.1] PARTS: 130,000/1,551,229 (8.4%) batches=26 elapsed=0.03s
2026-08-24T23:11:02.0542941-05:00 [PHASE5B] [RUN] [5.1] P5B_SET_MEMBERS / PARTS 130,000/1,551,229 (  8.4%) batch=27
2026-08-24T23:11:02.0822918-05:00 [PHASE5B] [OK ] [5.1] PARTS: 135,000/1,551,229 (8.7%) batches=27 elapsed=0.03s
2026-08-24T23:11:02.0832914-05:00 [PHASE5B] [RUN] [5.1] P5B_SET_MEMBERS / PARTS 135,000/1,551,229 (  8.7%) batch=28
2026-08-24T23:11:02.1072929-05:00 [PHASE5B] [OK ] [5.1] PARTS: 140,000/1,551,229 (9.0%) batches=28 elapsed=0.02s
2026-08-24T23:11:02.1082950-05:00 [PHASE5B] [RUN] [5.1] P5B_SET_MEMBERS / PARTS 140,000/1,551,229 (  9.0%) batch=29
2026-08-24T23:11:02.1312921-05:00 [PHASE5B] [OK ] [5.1] PARTS: 145,000/1,551,229 (9.3%) batches=29 elapsed=0.02s
2026-08-24T23:11:02.1322950-05:00 [PHASE5B] [RUN] [5.1] P5B_SET_MEMBERS / PARTS 145,000/1,551,229 (  9.3%) batch=30
2026-08-24T23:11:02.1572935-05:00 [PHASE5B] [OK ] [5.1] PARTS: 150,000/1,551,229 (9.7%) batches=30 elapsed=0.03s
2026-08-24T23:11:02.1582919-05:00 [PHASE5B] [RUN] [5.1] P5B_SET_MEMBERS / PARTS 150,000/1,551,229 (  9.7%) batch=31
2026-08-24T23:11:02.1802928-05:00 [PHASE5B] [OK ] [5.1] PARTS: 155,000/1,551,229 (10.0%) batches=31 elapsed=0.02s
2026-08-24T23:11:02.1822922-05:00 [PHASE5B] [RUN] [5.1] P5B_SET_MEMBERS / PARTS 155,000/1,551,229 ( 10.0%) batch=32
2026-08-24T23:11:02.2042915-05:00 [PHASE5B] [OK ] [5.1] PARTS: 160,000/1,551,229 (10.3%) batches=32 elapsed=0.02s
2026-08-24T23:11:02.2052913-05:00 [PHASE5B] [RUN] [5.1] P5B_SET_MEMBERS / PARTS 160,000/1,551,229 ( 10.3%) batch=33
2026-08-24T23:11:02.2284285-05:00 [PHASE5B] [OK ] [5.1] PARTS: 165,000/1,551,229 (10.6%) batches=33 elapsed=0.02s
2026-08-24T23:11:02.2294263-05:00 [PHASE5B] [RUN] [5.1] P5B_SET_MEMBERS / PARTS 165,000/1,551,229 ( 10.6%) batch=34
2026-08-24T23:11:02.2514263-05:00 [PHASE5B] [OK ] [5.1] PARTS: 170,000/1,551,229 (11.0%) batches=34 elapsed=0.02s
2026-08-24T23:11:02.2524280-05:00 [PHASE5B] [RUN] [5.1] P5B_SET_MEMBERS / PARTS 170,000/1,551,229 ( 11.0%) batch=35
2026-08-24T23:11:02.2734279-05:00 [PHASE5B] [OK ] [5.1] PARTS: 175,000/1,551,229 (11.3%) batches=35 elapsed=0.02s
2026-08-24T23:11:02.2754264-05:00 [PHASE5B] [RUN] [5.1] P5B_SET_MEMBERS / PARTS 175,000/1,551,229 ( 11.3%) batch=36
2026-08-24T23:11:02.2974281-05:00 [PHASE5B] [OK ] [5.1] PARTS: 180,000/1,551,229 (11.6%) batches=36 elapsed=0.02s
2026-08-24T23:11:02.2994273-05:00 [PHASE5B] [RUN] [5.1] P5B_SET_MEMBERS / PARTS 180,000/1,551,229 ( 11.6%) batch=37
2026-08-24T23:11:02.3214286-05:00 [PHASE5B] [OK ] [5.1] PARTS: 185,000/1,551,229 (11.9%) batches=37 elapsed=0.02s
2026-08-24T23:11:02.3234287-05:00 [PHASE5B] [RUN] [5.1] P5B_SET_MEMBERS / PARTS 185,000/1,551,229 ( 11.9%) batch=38
2026-08-24T23:11:02.3444257-05:00 [PHASE5B] [OK ] [5.1] PARTS: 190,000/1,551,229 (12.2%) batches=38 elapsed=0.02s
2026-08-24T23:11:02.3464277-05:00 [PHASE5B] [RUN] [5.1] P5B_SET_MEMBERS / PARTS 190,000/1,551,229 ( 12.2%) batch=39
2026-08-24T23:11:02.3664277-05:00 [PHASE5B] [OK ] [5.1] PARTS: 195,000/1,551,229 (12.6%) batches=39 elapsed=0.02s
2026-08-24T23:11:02.3684286-05:00 [PHASE5B] [RUN] [5.1] P5B_SET_MEMBERS / PARTS 195,000/1,551,229 ( 12.6%) batch=40
2026-08-24T23:11:02.3904285-05:00 [PHASE5B] [OK ] [5.1] PARTS: 200,000/1,551,229 (12.9%) batches=40 elapsed=0.02s
2026-08-24T23:11:02.3924303-05:00 [PHASE5B] [RUN] [5.1] P5B_SET_MEMBERS / PARTS 200,000/1,551,229 ( 12.9%) batch=41
2026-08-24T23:11:02.4144279-05:00 [PHASE5B] [OK ] [5.1] PARTS: 205,000/1,551,229 (13.2%) batches=41 elapsed=0.02s
2026-08-24T23:11:02.4154260-05:00 [PHASE5B] [RUN] [5.1] P5B_SET_MEMBERS / PARTS 205,000/1,551,229 ( 13.2%) batch=42
2026-08-24T23:11:02.4374261-05:00 [PHASE5B] [OK ] [5.1] PARTS: 210,000/1,551,229 (13.5%) batches=42 elapsed=0.02s
2026-08-24T23:11:02.4384292-05:00 [PHASE5B] [RUN] [5.1] P5B_SET_MEMBERS / PARTS 210,000/1,551,229 ( 13.5%) batch=43
2026-08-24T23:11:02.4614254-05:00 [PHASE5B] [OK ] [5.1] PARTS: 215,000/1,551,229 (13.9%) batches=43 elapsed=0.02s
2026-08-24T23:11:02.4624257-05:00 [PHASE5B] [RUN] [5.1] P5B_SET_MEMBERS / PARTS 215,000/1,551,229 ( 13.9%) batch=44
2026-08-24T23:11:02.4844285-05:00 [PHASE5B] [OK ] [5.1] PARTS: 220,000/1,551,229 (14.2%) batches=44 elapsed=0.02s
2026-08-24T23:11:02.4854275-05:00 [PHASE5B] [RUN] [5.1] P5B_SET_MEMBERS / PARTS 220,000/1,551,229 ( 14.2%) batch=45
2026-08-24T23:11:02.5084261-05:00 [PHASE5B] [OK ] [5.1] PARTS: 225,000/1,551,229 (14.5%) batches=45 elapsed=0.02s
2026-08-24T23:11:02.5094261-05:00 [PHASE5B] [RUN] [5.1] P5B_SET_MEMBERS / PARTS 225,000/1,551,229 ( 14.5%) batch=46
2026-08-24T23:11:02.5324287-05:00 [PHASE5B] [OK ] [5.1] PARTS: 230,000/1,551,229 (14.8%) batches=46 elapsed=0.02s
2026-08-24T23:11:02.5334262-05:00 [PHASE5B] [RUN] [5.1] P5B_SET_MEMBERS / PARTS 230,000/1,551,229 ( 14.8%) batch=47
2026-08-24T23:11:02.5554263-05:00 [PHASE5B] [OK ] [5.1] PARTS: 235,000/1,551,229 (15.1%) batches=47 elapsed=0.02s
2026-08-24T23:11:02.5564260-05:00 [PHASE5B] [RUN] [5.1] P5B_SET_MEMBERS / PARTS 235,000/1,551,229 ( 15.1%) batch=48
2026-08-24T23:11:02.5784271-05:00 [PHASE5B] [OK ] [5.1] PARTS: 240,000/1,551,229 (15.5%) batches=48 elapsed=0.02s
2026-08-24T23:11:02.5794256-05:00 [PHASE5B] [RUN] [5.1] P5B_SET_MEMBERS / PARTS 240,000/1,551,229 ( 15.5%) batch=49
2026-08-24T23:11:02.6034259-05:00 [PHASE5B] [OK ] [5.1] PARTS: 245,000/1,551,229 (15.8%) batches=49 elapsed=0.02s
2026-08-24T23:11:02.6054287-05:00 [PHASE5B] [RUN] [5.1] P5B_SET_MEMBERS / PARTS 245,000/1,551,229 ( 15.8%) batch=50
2026-08-24T23:11:02.6264280-05:00 [PHASE5B] [OK ] [5.1] PARTS: 250,000/1,551,229 (16.1%) batches=50 elapsed=0.02s
2026-08-24T23:11:02.6284260-05:00 [PHASE5B] [RUN] [5.1] P5B_SET_MEMBERS / PARTS 250,000/1,551,229 ( 16.1%) batch=51
2026-08-24T23:11:02.6494263-05:00 [PHASE5B] [OK ] [5.1] PARTS: 255,000/1,551,229 (16.4%) batches=51 elapsed=0.02s
2026-08-24T23:11:02.6514282-05:00 [PHASE5B] [RUN] [5.1] P5B_SET_MEMBERS / PARTS 255,000/1,551,229 ( 16.4%) batch=52
2026-08-24T23:11:02.6724267-05:00 [PHASE5B] [OK ] [5.1] PARTS: 260,000/1,551,229 (16.8%) batches=52 elapsed=0.02s
2026-08-24T23:11:02.6744293-05:00 [PHASE5B] [RUN] [5.1] P5B_SET_MEMBERS / PARTS 260,000/1,551,229 ( 16.8%) batch=53
2026-08-24T23:11:02.6964261-05:00 [PHASE5B] [OK ] [5.1] PARTS: 265,000/1,551,229 (17.1%) batches=53 elapsed=0.02s
2026-08-24T23:11:02.6974254-05:00 [PHASE5B] [RUN] [5.1] P5B_SET_MEMBERS / PARTS 265,000/1,551,229 ( 17.1%) batch=54
2026-08-24T23:11:02.7194276-05:00 [PHASE5B] [OK ] [5.1] PARTS: 270,000/1,551,229 (17.4%) batches=54 elapsed=0.02s
2026-08-24T23:11:02.7204273-05:00 [PHASE5B] [RUN] [5.1] P5B_SET_MEMBERS / PARTS 270,000/1,551,229 ( 17.4%) batch=55
2026-08-24T23:11:02.7414257-05:00 [PHASE5B] [OK ] [5.1] PARTS: 275,000/1,551,229 (17.7%) batches=55 elapsed=0.02s
2026-08-24T23:11:02.7434260-05:00 [PHASE5B] [RUN] [5.1] P5B_SET_MEMBERS / PARTS 275,000/1,551,229 ( 17.7%) batch=56
2026-08-24T23:11:02.7644283-05:00 [PHASE5B] [OK ] [5.1] PARTS: 280,000/1,551,229 (18.1%) batches=56 elapsed=0.02s
2026-08-24T23:11:02.7664278-05:00 [PHASE5B] [RUN] [5.1] P5B_SET_MEMBERS / PARTS 280,000/1,551,229 ( 18.1%) batch=57
2026-08-24T23:11:02.7874256-05:00 [PHASE5B] [OK ] [5.1] PARTS: 285,000/1,551,229 (18.4%) batches=57 elapsed=0.02s
2026-08-24T23:11:02.7894287-05:00 [PHASE5B] [RUN] [5.1] P5B_SET_MEMBERS / PARTS 285,000/1,551,229 ( 18.4%) batch=58
2026-08-24T23:11:02.8114271-05:00 [PHASE5B] [OK ] [5.1] PARTS: 290,000/1,551,229 (18.7%) batches=58 elapsed=0.02s
2026-08-24T23:11:02.8134259-05:00 [PHASE5B] [RUN] [5.1] P5B_SET_MEMBERS / PARTS 290,000/1,551,229 ( 18.7%) batch=59
2026-08-24T23:11:02.8354266-05:00 [PHASE5B] [OK ] [5.1] PARTS: 295,000/1,551,229 (19.0%) batches=59 elapsed=0.02s
2026-08-24T23:11:02.8364289-05:00 [PHASE5B] [RUN] [5.1] P5B_SET_MEMBERS / PARTS 295,000/1,551,229 ( 19.0%) batch=60
2026-08-24T23:11:02.8584259-05:00 [PHASE5B] [OK ] [5.1] PARTS: 300,000/1,551,229 (19.3%) batches=60 elapsed=0.02s
2026-08-24T23:11:02.8594261-05:00 [PHASE5B] [RUN] [5.1] P5B_SET_MEMBERS / PARTS 300,000/1,551,229 ( 19.3%) batch=61
2026-08-24T23:11:02.8824261-05:00 [PHASE5B] [OK ] [5.1] PARTS: 305,000/1,551,229 (19.7%) batches=61 elapsed=0.02s
2026-08-24T23:11:02.8834278-05:00 [PHASE5B] [RUN] [5.1] P5B_SET_MEMBERS / PARTS 305,000/1,551,229 ( 19.7%) batch=62
2026-08-24T23:11:02.9044313-05:00 [PHASE5B] [OK ] [5.1] PARTS: 310,000/1,551,229 (20.0%) batches=62 elapsed=0.02s
2026-08-24T23:11:02.9064316-05:00 [PHASE5B] [RUN] [5.1] P5B_SET_MEMBERS / PARTS 310,000/1,551,229 ( 20.0%) batch=63
2026-08-24T23:11:02.9274291-05:00 [PHASE5B] [OK ] [5.1] PARTS: 315,000/1,551,229 (20.3%) batches=63 elapsed=0.02s
2026-08-24T23:11:02.9284283-05:00 [PHASE5B] [RUN] [5.1] P5B_SET_MEMBERS / PARTS 315,000/1,551,229 ( 20.3%) batch=64
2026-08-24T23:11:02.9504255-05:00 [PHASE5B] [OK ] [5.1] PARTS: 320,000/1,551,229 (20.6%) batches=64 elapsed=0.02s
2026-08-24T23:11:02.9514289-05:00 [PHASE5B] [RUN] [5.1] P5B_SET_MEMBERS / PARTS 320,000/1,551,229 ( 20.6%) batch=65
2026-08-24T23:11:02.9734265-05:00 [PHASE5B] [OK ] [5.1] PARTS: 325,000/1,551,229 (21.0%) batches=65 elapsed=0.02s
2026-08-24T23:11:02.9744261-05:00 [PHASE5B] [RUN] [5.1] P5B_SET_MEMBERS / PARTS 325,000/1,551,229 ( 21.0%) batch=66
2026-08-24T23:11:02.9974262-05:00 [PHASE5B] [OK ] [5.1] PARTS: 330,000/1,551,229 (21.3%) batches=66 elapsed=0.02s
2026-08-24T23:11:02.9994275-05:00 [PHASE5B] [RUN] [5.1] P5B_SET_MEMBERS / PARTS 330,000/1,551,229 ( 21.3%) batch=67
2026-08-24T23:11:03.0204288-05:00 [PHASE5B] [OK ] [5.1] PARTS: 335,000/1,551,229 (21.6%) batches=67 elapsed=0.02s
2026-08-24T23:11:03.0224272-05:00 [PHASE5B] [RUN] [5.1] P5B_SET_MEMBERS / PARTS 335,000/1,551,229 ( 21.6%) batch=68
2026-08-24T23:11:03.0434265-05:00 [PHASE5B] [OK ] [5.1] PARTS: 340,000/1,551,229 (21.9%) batches=68 elapsed=0.02s
2026-08-24T23:11:03.0444261-05:00 [PHASE5B] [RUN] [5.1] P5B_SET_MEMBERS / PARTS 340,000/1,551,229 ( 21.9%) batch=69
2026-08-24T23:11:03.0664273-05:00 [PHASE5B] [OK ] [5.1] PARTS: 345,000/1,551,229 (22.2%) batches=69 elapsed=0.02s
2026-08-24T23:11:03.0684279-05:00 [PHASE5B] [RUN] [5.1] P5B_SET_MEMBERS / PARTS 345,000/1,551,229 ( 22.2%) batch=70
2026-08-24T23:11:03.0904269-05:00 [PHASE5B] [OK ] [5.1] PARTS: 350,000/1,551,229 (22.6%) batches=70 elapsed=0.02s
2026-08-24T23:11:03.0914258-05:00 [PHASE5B] [RUN] [5.1] P5B_SET_MEMBERS / PARTS 350,000/1,551,229 ( 22.6%) batch=71
2026-08-24T23:11:03.1124289-05:00 [PHASE5B] [OK ] [5.1] PARTS: 355,000/1,551,229 (22.9%) batches=71 elapsed=0.02s
2026-08-24T23:11:03.1144259-05:00 [PHASE5B] [RUN] [5.1] P5B_SET_MEMBERS / PARTS 355,000/1,551,229 ( 22.9%) batch=72
2026-08-24T23:11:03.1354273-05:00 [PHASE5B] [OK ] [5.1] PARTS: 360,000/1,551,229 (23.2%) batches=72 elapsed=0.02s
2026-08-24T23:11:03.1364256-05:00 [PHASE5B] [RUN] [5.1] P5B_SET_MEMBERS / PARTS 360,000/1,551,229 ( 23.2%) batch=73
2026-08-24T23:11:03.1594271-05:00 [PHASE5B] [OK ] [5.1] PARTS: 365,000/1,551,229 (23.5%) batches=73 elapsed=0.02s
2026-08-24T23:11:03.1604260-05:00 [PHASE5B] [RUN] [5.1] P5B_SET_MEMBERS / PARTS 365,000/1,551,229 ( 23.5%) batch=74
2026-08-24T23:11:03.1834277-05:00 [PHASE5B] [OK ] [5.1] PARTS: 370,000/1,551,229 (23.9%) batches=74 elapsed=0.02s
2026-08-24T23:11:03.1844267-05:00 [PHASE5B] [RUN] [5.1] P5B_SET_MEMBERS / PARTS 370,000/1,551,229 ( 23.9%) batch=75
2026-08-24T23:11:03.2064262-05:00 [PHASE5B] [OK ] [5.1] PARTS: 375,000/1,551,229 (24.2%) batches=75 elapsed=0.02s
2026-08-24T23:11:03.2084269-05:00 [PHASE5B] [RUN] [5.1] P5B_SET_MEMBERS / PARTS 375,000/1,551,229 ( 24.2%) batch=76
2026-08-24T23:11:03.2323394-05:00 [PHASE5B] [OK ] [5.1] PARTS: 380,000/1,551,229 (24.5%) batches=76 elapsed=0.02s
2026-08-24T23:11:03.2338977-05:00 [PHASE5B] [RUN] [5.1] P5B_SET_MEMBERS / PARTS 380,000/1,551,229 ( 24.5%) batch=77
2026-08-24T23:11:03.2560731-05:00 [PHASE5B] [OK ] [5.1] PARTS: 385,000/1,551,229 (24.8%) batches=77 elapsed=0.02s
2026-08-24T23:11:03.2570730-05:00 [PHASE5B] [RUN] [5.1] P5B_SET_MEMBERS / PARTS 385,000/1,551,229 ( 24.8%) batch=78
2026-08-24T23:11:03.2790734-05:00 [PHASE5B] [OK ] [5.1] PARTS: 390,000/1,551,229 (25.1%) batches=78 elapsed=0.02s
2026-08-24T23:11:03.2800731-05:00 [PHASE5B] [RUN] [5.1] P5B_SET_MEMBERS / PARTS 390,000/1,551,229 ( 25.1%) batch=79
2026-08-24T23:11:03.3030755-05:00 [PHASE5B] [OK ] [5.1] PARTS: 395,000/1,551,229 (25.5%) batches=79 elapsed=0.02s
2026-08-24T23:11:03.3040732-05:00 [PHASE5B] [RUN] [5.1] P5B_SET_MEMBERS / PARTS 395,000/1,551,229 ( 25.5%) batch=80
2026-08-24T23:11:03.3270732-05:00 [PHASE5B] [OK ] [5.1] PARTS: 400,000/1,551,229 (25.8%) batches=80 elapsed=0.02s
2026-08-24T23:11:03.3280744-05:00 [PHASE5B] [RUN] [5.1] P5B_SET_MEMBERS / PARTS 400,000/1,551,229 ( 25.8%) batch=81
2026-08-24T23:11:03.3500741-05:00 [PHASE5B] [OK ] [5.1] PARTS: 405,000/1,551,229 (26.1%) batches=81 elapsed=0.02s
2026-08-24T23:11:03.3510731-05:00 [PHASE5B] [RUN] [5.1] P5B_SET_MEMBERS / PARTS 405,000/1,551,229 ( 26.1%) batch=82
2026-08-24T23:11:03.3730763-05:00 [PHASE5B] [OK ] [5.1] PARTS: 410,000/1,551,229 (26.4%) batches=82 elapsed=0.02s
2026-08-24T23:11:03.3750727-05:00 [PHASE5B] [RUN] [5.1] P5B_SET_MEMBERS / PARTS 410,000/1,551,229 ( 26.4%) batch=83
2026-08-24T23:11:03.3970742-05:00 [PHASE5B] [OK ] [5.1] PARTS: 415,000/1,551,229 (26.8%) batches=83 elapsed=0.02s
2026-08-24T23:11:03.3980729-05:00 [PHASE5B] [RUN] [5.1] P5B_SET_MEMBERS / PARTS 415,000/1,551,229 ( 26.8%) batch=84
2026-08-24T23:11:03.4210746-05:00 [PHASE5B] [OK ] [5.1] PARTS: 420,000/1,551,229 (27.1%) batches=84 elapsed=0.02s
2026-08-24T23:11:03.4230751-05:00 [PHASE5B] [RUN] [5.1] P5B_SET_MEMBERS / PARTS 420,000/1,551,229 ( 27.1%) batch=85
2026-08-24T23:11:03.4450751-05:00 [PHASE5B] [OK ] [5.1] PARTS: 425,000/1,551,229 (27.4%) batches=85 elapsed=0.02s
2026-08-24T23:11:03.4460725-05:00 [PHASE5B] [RUN] [5.1] P5B_SET_MEMBERS / PARTS 425,000/1,551,229 ( 27.4%) batch=86
2026-08-24T23:11:03.4690737-05:00 [PHASE5B] [OK ] [5.1] PARTS: 430,000/1,551,229 (27.7%) batches=86 elapsed=0.02s
2026-08-24T23:11:03.4700735-05:00 [PHASE5B] [RUN] [5.1] P5B_SET_MEMBERS / PARTS 430,000/1,551,229 ( 27.7%) batch=87
2026-08-24T23:11:03.4920750-05:00 [PHASE5B] [OK ] [5.1] PARTS: 435,000/1,551,229 (28.0%) batches=87 elapsed=0.02s
2026-08-24T23:11:03.4930760-05:00 [PHASE5B] [RUN] [5.1] P5B_SET_MEMBERS / PARTS 435,000/1,551,229 ( 28.0%) batch=88
2026-08-24T23:11:03.5150730-05:00 [PHASE5B] [OK ] [5.1] PARTS: 440,000/1,551,229 (28.4%) batches=88 elapsed=0.02s
2026-08-24T23:11:03.5170746-05:00 [PHASE5B] [RUN] [5.1] P5B_SET_MEMBERS / PARTS 440,000/1,551,229 ( 28.4%) batch=89
2026-08-24T23:11:03.5390745-05:00 [PHASE5B] [OK ] [5.1] PARTS: 445,000/1,551,229 (28.7%) batches=89 elapsed=0.02s
2026-08-24T23:11:03.5400734-05:00 [PHASE5B] [RUN] [5.1] P5B_SET_MEMBERS / PARTS 445,000/1,551,229 ( 28.7%) batch=90
2026-08-24T23:11:03.5620732-05:00 [PHASE5B] [OK ] [5.1] PARTS: 450,000/1,551,229 (29.0%) batches=90 elapsed=0.02s
2026-08-24T23:11:03.5640731-05:00 [PHASE5B] [RUN] [5.1] P5B_SET_MEMBERS / PARTS 450,000/1,551,229 ( 29.0%) batch=91
2026-08-24T23:11:03.5850738-05:00 [PHASE5B] [OK ] [5.1] PARTS: 455,000/1,551,229 (29.3%) batches=91 elapsed=0.02s
2026-08-24T23:11:03.5860743-05:00 [PHASE5B] [RUN] [5.1] P5B_SET_MEMBERS / PARTS 455,000/1,551,229 ( 29.3%) batch=92
2026-08-24T23:11:03.6060745-05:00 [PHASE5B] [OK ] [5.1] PARTS: 460,000/1,551,229 (29.7%) batches=92 elapsed=0.02s
2026-08-24T23:11:03.6070734-05:00 [PHASE5B] [RUN] [5.1] P5B_SET_MEMBERS / PARTS 460,000/1,551,229 ( 29.7%) batch=93
2026-08-24T23:11:03.6280743-05:00 [PHASE5B] [OK ] [5.1] PARTS: 465,000/1,551,229 (30.0%) batches=93 elapsed=0.02s
2026-08-24T23:11:03.6290751-05:00 [PHASE5B] [RUN] [5.1] P5B_SET_MEMBERS / PARTS 465,000/1,551,229 ( 30.0%) batch=94
2026-08-24T23:11:03.6500732-05:00 [PHASE5B] [OK ] [5.1] PARTS: 470,000/1,551,229 (30.3%) batches=94 elapsed=0.02s
2026-08-24T23:11:03.6510771-05:00 [PHASE5B] [RUN] [5.1] P5B_SET_MEMBERS / PARTS 470,000/1,551,229 ( 30.3%) batch=95
2026-08-24T23:11:03.6730720-05:00 [PHASE5B] [OK ] [5.1] PARTS: 475,000/1,551,229 (30.6%) batches=95 elapsed=0.02s
2026-08-24T23:11:03.6740731-05:00 [PHASE5B] [RUN] [5.1] P5B_SET_MEMBERS / PARTS 475,000/1,551,229 ( 30.6%) batch=96
2026-08-24T23:11:03.6960748-05:00 [PHASE5B] [OK ] [5.1] PARTS: 480,000/1,551,229 (30.9%) batches=96 elapsed=0.02s
2026-08-24T23:11:03.6970725-05:00 [PHASE5B] [RUN] [5.1] P5B_SET_MEMBERS / PARTS 480,000/1,551,229 ( 30.9%) batch=97
2026-08-24T23:11:03.7190735-05:00 [PHASE5B] [OK ] [5.1] PARTS: 485,000/1,551,229 (31.3%) batches=97 elapsed=0.02s
2026-08-24T23:11:03.7200728-05:00 [PHASE5B] [RUN] [5.1] P5B_SET_MEMBERS / PARTS 485,000/1,551,229 ( 31.3%) batch=98
2026-08-24T23:11:03.7400741-05:00 [PHASE5B] [OK ] [5.1] PARTS: 490,000/1,551,229 (31.6%) batches=98 elapsed=0.02s
2026-08-24T23:11:03.7420735-05:00 [PHASE5B] [RUN] [5.1] P5B_SET_MEMBERS / PARTS 490,000/1,551,229 ( 31.6%) batch=99
2026-08-24T23:11:03.7630752-05:00 [PHASE5B] [OK ] [5.1] PARTS: 495,000/1,551,229 (31.9%) batches=99 elapsed=0.02s
2026-08-24T23:11:03.7650750-05:00 [PHASE5B] [RUN] [5.1] P5B_SET_MEMBERS / PARTS 495,000/1,551,229 ( 31.9%) batch=100
2026-08-24T23:11:03.7860731-05:00 [PHASE5B] [OK ] [5.1] PARTS: 500,000/1,551,229 (32.2%) batches=100 elapsed=0.02s
2026-08-24T23:11:03.7870736-05:00 [PHASE5B] [RUN] [5.1] P5B_SET_MEMBERS / PARTS 500,000/1,551,229 ( 32.2%) batch=101
2026-08-24T23:11:03.8090729-05:00 [PHASE5B] [OK ] [5.1] PARTS: 505,000/1,551,229 (32.6%) batches=101 elapsed=0.02s
2026-08-24T23:11:03.8100732-05:00 [PHASE5B] [RUN] [5.1] P5B_SET_MEMBERS / PARTS 505,000/1,551,229 ( 32.6%) batch=102
2026-08-24T23:11:03.8310730-05:00 [PHASE5B] [OK ] [5.1] PARTS: 510,000/1,551,229 (32.9%) batches=102 elapsed=0.02s
2026-08-24T23:11:03.8320732-05:00 [PHASE5B] [RUN] [5.1] P5B_SET_MEMBERS / PARTS 510,000/1,551,229 ( 32.9%) batch=103
2026-08-24T23:11:03.8550729-05:00 [PHASE5B] [OK ] [5.1] PARTS: 515,000/1,551,229 (33.2%) batches=103 elapsed=0.02s
2026-08-24T23:11:03.8570733-05:00 [PHASE5B] [RUN] [5.1] P5B_SET_MEMBERS / PARTS 515,000/1,551,229 ( 33.2%) batch=104
2026-08-24T23:11:03.8770731-05:00 [PHASE5B] [OK ] [5.1] PARTS: 520,000/1,551,229 (33.5%) batches=104 elapsed=0.02s
2026-08-24T23:11:03.8790737-05:00 [PHASE5B] [RUN] [5.1] P5B_SET_MEMBERS / PARTS 520,000/1,551,229 ( 33.5%) batch=105
2026-08-24T23:11:03.8990730-05:00 [PHASE5B] [OK ] [5.1] PARTS: 525,000/1,551,229 (33.8%) batches=105 elapsed=0.02s
2026-08-24T23:11:03.9010754-05:00 [PHASE5B] [RUN] [5.1] P5B_SET_MEMBERS / PARTS 525,000/1,551,229 ( 33.8%) batch=106
2026-08-24T23:11:03.9230751-05:00 [PHASE5B] [OK ] [5.1] PARTS: 530,000/1,551,229 (34.2%) batches=106 elapsed=0.02s
2026-08-24T23:11:03.9240732-05:00 [PHASE5B] [RUN] [5.1] P5B_SET_MEMBERS / PARTS 530,000/1,551,229 ( 34.2%) batch=107
2026-08-24T23:11:03.9450734-05:00 [PHASE5B] [OK ] [5.1] PARTS: 535,000/1,551,229 (34.5%) batches=107 elapsed=0.02s
2026-08-24T23:11:03.9470734-05:00 [PHASE5B] [RUN] [5.1] P5B_SET_MEMBERS / PARTS 535,000/1,551,229 ( 34.5%) batch=108
2026-08-24T23:11:03.9680746-05:00 [PHASE5B] [OK ] [5.1] PARTS: 540,000/1,551,229 (34.8%) batches=108 elapsed=0.02s
2026-08-24T23:11:03.9690733-05:00 [PHASE5B] [RUN] [5.1] P5B_SET_MEMBERS / PARTS 540,000/1,551,229 ( 34.8%) batch=109
2026-08-24T23:11:03.9910731-05:00 [PHASE5B] [OK ] [5.1] PARTS: 545,000/1,551,229 (35.1%) batches=109 elapsed=0.02s
2026-08-24T23:11:03.9920732-05:00 [PHASE5B] [RUN] [5.1] P5B_SET_MEMBERS / PARTS 545,000/1,551,229 ( 35.1%) batch=110
2026-08-24T23:11:04.0160730-05:00 [PHASE5B] [OK ] [5.1] PARTS: 550,000/1,551,229 (35.5%) batches=110 elapsed=0.02s
2026-08-24T23:11:04.0170736-05:00 [PHASE5B] [RUN] [5.1] P5B_SET_MEMBERS / PARTS 550,000/1,551,229 ( 35.5%) batch=111
2026-08-24T23:11:04.0390738-05:00 [PHASE5B] [OK ] [5.1] PARTS: 555,000/1,551,229 (35.8%) batches=111 elapsed=0.02s
2026-08-24T23:11:04.0400729-05:00 [PHASE5B] [RUN] [5.1] P5B_SET_MEMBERS / PARTS 555,000/1,551,229 ( 35.8%) batch=112
2026-08-24T23:11:04.0610734-05:00 [PHASE5B] [OK ] [5.1] PARTS: 560,000/1,551,229 (36.1%) batches=112 elapsed=0.02s
2026-08-24T23:11:04.0620732-05:00 [PHASE5B] [RUN] [5.1] P5B_SET_MEMBERS / PARTS 560,000/1,551,229 ( 36.1%) batch=113
2026-08-24T23:11:04.0840736-05:00 [PHASE5B] [OK ] [5.1] PARTS: 565,000/1,551,229 (36.4%) batches=113 elapsed=0.02s
2026-08-24T23:11:04.0850735-05:00 [PHASE5B] [RUN] [5.1] P5B_SET_MEMBERS / PARTS 565,000/1,551,229 ( 36.4%) batch=114
2026-08-24T23:11:04.1070744-05:00 [PHASE5B] [OK ] [5.1] PARTS: 570,000/1,551,229 (36.7%) batches=114 elapsed=0.02s
2026-08-24T23:11:04.1080731-05:00 [PHASE5B] [RUN] [5.1] P5B_SET_MEMBERS / PARTS 570,000/1,551,229 ( 36.7%) batch=115
2026-08-24T23:11:04.1300730-05:00 [PHASE5B] [OK ] [5.1] PARTS: 575,000/1,551,229 (37.1%) batches=115 elapsed=0.02s
2026-08-24T23:11:04.1320746-05:00 [PHASE5B] [RUN] [5.1] P5B_SET_MEMBERS / PARTS 575,000/1,551,229 ( 37.1%) batch=116
2026-08-24T23:11:04.1540745-05:00 [PHASE5B] [OK ] [5.1] PARTS: 580,000/1,551,229 (37.4%) batches=116 elapsed=0.02s
2026-08-24T23:11:04.1550733-05:00 [PHASE5B] [RUN] [5.1] P5B_SET_MEMBERS / PARTS 580,000/1,551,229 ( 37.4%) batch=117
2026-08-24T23:11:04.1750751-05:00 [PHASE5B] [OK ] [5.1] PARTS: 585,000/1,551,229 (37.7%) batches=117 elapsed=0.02s
2026-08-24T23:11:04.1770733-05:00 [PHASE5B] [RUN] [5.1] P5B_SET_MEMBERS / PARTS 585,000/1,551,229 ( 37.7%) batch=118
2026-08-24T23:11:04.1980730-05:00 [PHASE5B] [OK ] [5.1] PARTS: 590,000/1,551,229 (38.0%) batches=118 elapsed=0.02s
2026-08-24T23:11:04.1990731-05:00 [PHASE5B] [RUN] [5.1] P5B_SET_MEMBERS / PARTS 590,000/1,551,229 ( 38.0%) batch=119
2026-08-24T23:11:04.2200731-05:00 [PHASE5B] [OK ] [5.1] PARTS: 595,000/1,551,229 (38.4%) batches=119 elapsed=0.02s
2026-08-24T23:11:04.2210732-05:00 [PHASE5B] [RUN] [5.1] P5B_SET_MEMBERS / PARTS 595,000/1,551,229 ( 38.4%) batch=120
2026-08-24T23:11:04.2433037-05:00 [PHASE5B] [OK ] [5.1] PARTS: 600,000/1,551,229 (38.7%) batches=120 elapsed=0.02s
2026-08-24T23:11:04.2448669-05:00 [PHASE5B] [RUN] [5.1] P5B_SET_MEMBERS / PARTS 600,000/1,551,229 ( 38.7%) batch=121
2026-08-24T23:11:04.2675578-05:00 [PHASE5B] [OK ] [5.1] PARTS: 605,000/1,551,229 (39.0%) batches=121 elapsed=0.02s
2026-08-24T23:11:04.2685576-05:00 [PHASE5B] [RUN] [5.1] P5B_SET_MEMBERS / PARTS 605,000/1,551,229 ( 39.0%) batch=122
2026-08-24T23:11:04.2895573-05:00 [PHASE5B] [OK ] [5.1] PARTS: 610,000/1,551,229 (39.3%) batches=122 elapsed=0.02s
2026-08-24T23:11:04.2905578-05:00 [PHASE5B] [RUN] [5.1] P5B_SET_MEMBERS / PARTS 610,000/1,551,229 ( 39.3%) batch=123
2026-08-24T23:11:04.3105573-05:00 [PHASE5B] [OK ] [5.1] PARTS: 615,000/1,551,229 (39.6%) batches=123 elapsed=0.02s
2026-08-24T23:11:04.3115575-05:00 [PHASE5B] [RUN] [5.1] P5B_SET_MEMBERS / PARTS 615,000/1,551,229 ( 39.6%) batch=124
2026-08-24T23:11:04.3335584-05:00 [PHASE5B] [OK ] [5.1] PARTS: 620,000/1,551,229 (40.0%) batches=124 elapsed=0.02s
2026-08-24T23:11:04.3355578-05:00 [PHASE5B] [RUN] [5.1] P5B_SET_MEMBERS / PARTS 620,000/1,551,229 ( 40.0%) batch=125
2026-08-24T23:11:04.3555593-05:00 [PHASE5B] [OK ] [5.1] PARTS: 625,000/1,551,229 (40.3%) batches=125 elapsed=0.02s
2026-08-24T23:11:04.3565574-05:00 [PHASE5B] [RUN] [5.1] P5B_SET_MEMBERS / PARTS 625,000/1,551,229 ( 40.3%) batch=126
2026-08-24T23:11:04.3785577-05:00 [PHASE5B] [OK ] [5.1] PARTS: 630,000/1,551,229 (40.6%) batches=126 elapsed=0.02s
2026-08-24T23:11:04.3805575-05:00 [PHASE5B] [RUN] [5.1] P5B_SET_MEMBERS / PARTS 630,000/1,551,229 ( 40.6%) batch=127
2026-08-24T23:11:04.4025575-05:00 [PHASE5B] [OK ] [5.1] PARTS: 635,000/1,551,229 (40.9%) batches=127 elapsed=0.02s
2026-08-24T23:11:04.4035585-05:00 [PHASE5B] [RUN] [5.1] P5B_SET_MEMBERS / PARTS 635,000/1,551,229 ( 40.9%) batch=128
2026-08-24T23:11:04.4255590-05:00 [PHASE5B] [OK ] [5.1] PARTS: 640,000/1,551,229 (41.3%) batches=128 elapsed=0.02s
2026-08-24T23:11:04.4265576-05:00 [PHASE5B] [RUN] [5.1] P5B_SET_MEMBERS / PARTS 640,000/1,551,229 ( 41.3%) batch=129
2026-08-24T23:11:04.4475608-05:00 [PHASE5B] [OK ] [5.1] PARTS: 645,000/1,551,229 (41.6%) batches=129 elapsed=0.02s
2026-08-24T23:11:04.4485575-05:00 [PHASE5B] [RUN] [5.1] P5B_SET_MEMBERS / PARTS 645,000/1,551,229 ( 41.6%) batch=130
2026-08-24T23:11:04.4695572-05:00 [PHASE5B] [OK ] [5.1] PARTS: 650,000/1,551,229 (41.9%) batches=130 elapsed=0.02s
2026-08-24T23:11:04.4715575-05:00 [PHASE5B] [RUN] [5.1] P5B_SET_MEMBERS / PARTS 650,000/1,551,229 ( 41.9%) batch=131
2026-08-24T23:11:04.4925582-05:00 [PHASE5B] [OK ] [5.1] PARTS: 655,000/1,551,229 (42.2%) batches=131 elapsed=0.02s
2026-08-24T23:11:04.4935579-05:00 [PHASE5B] [RUN] [5.1] P5B_SET_MEMBERS / PARTS 655,000/1,551,229 ( 42.2%) batch=132
2026-08-24T23:11:04.5135576-05:00 [PHASE5B] [OK ] [5.1] PARTS: 660,000/1,551,229 (42.5%) batches=132 elapsed=0.02s
2026-08-24T23:11:04.5155574-05:00 [PHASE5B] [RUN] [5.1] P5B_SET_MEMBERS / PARTS 660,000/1,551,229 ( 42.5%) batch=133
2026-08-24T23:11:04.5365576-05:00 [PHASE5B] [OK ] [5.1] PARTS: 665,000/1,551,229 (42.9%) batches=133 elapsed=0.02s
2026-08-24T23:11:04.5375588-05:00 [PHASE5B] [RUN] [5.1] P5B_SET_MEMBERS / PARTS 665,000/1,551,229 ( 42.9%) batch=134
2026-08-24T23:11:04.5585579-05:00 [PHASE5B] [OK ] [5.1] PARTS: 670,000/1,551,229 (43.2%) batches=134 elapsed=0.02s
2026-08-24T23:11:04.5595579-05:00 [PHASE5B] [RUN] [5.1] P5B_SET_MEMBERS / PARTS 670,000/1,551,229 ( 43.2%) batch=135
2026-08-24T23:11:04.5805586-05:00 [PHASE5B] [OK ] [5.1] PARTS: 675,000/1,551,229 (43.5%) batches=135 elapsed=0.02s
2026-08-24T23:11:04.5815582-05:00 [PHASE5B] [RUN] [5.1] P5B_SET_MEMBERS / PARTS 675,000/1,551,229 ( 43.5%) batch=136
2026-08-24T23:11:04.6035585-05:00 [PHASE5B] [OK ] [5.1] PARTS: 680,000/1,551,229 (43.8%) batches=136 elapsed=0.02s
2026-08-24T23:11:04.6045578-05:00 [PHASE5B] [RUN] [5.1] P5B_SET_MEMBERS / PARTS 680,000/1,551,229 ( 43.8%) batch=137
2026-08-24T23:11:04.6245577-05:00 [PHASE5B] [OK ] [5.1] PARTS: 685,000/1,551,229 (44.2%) batches=137 elapsed=0.02s
2026-08-24T23:11:04.6255577-05:00 [PHASE5B] [RUN] [5.1] P5B_SET_MEMBERS / PARTS 685,000/1,551,229 ( 44.2%) batch=138
2026-08-24T23:11:04.6465574-05:00 [PHASE5B] [OK ] [5.1] PARTS: 690,000/1,551,229 (44.5%) batches=138 elapsed=0.02s
2026-08-24T23:11:04.6475592-05:00 [PHASE5B] [RUN] [5.1] P5B_SET_MEMBERS / PARTS 690,000/1,551,229 ( 44.5%) batch=139
2026-08-24T23:11:04.6695577-05:00 [PHASE5B] [OK ] [5.1] PARTS: 695,000/1,551,229 (44.8%) batches=139 elapsed=0.02s
2026-08-24T23:11:04.6705577-05:00 [PHASE5B] [RUN] [5.1] P5B_SET_MEMBERS / PARTS 695,000/1,551,229 ( 44.8%) batch=140
2026-08-24T23:11:04.6915576-05:00 [PHASE5B] [OK ] [5.1] PARTS: 700,000/1,551,229 (45.1%) batches=140 elapsed=0.02s
2026-08-24T23:11:04.6925575-05:00 [PHASE5B] [RUN] [5.1] P5B_SET_MEMBERS / PARTS 700,000/1,551,229 ( 45.1%) batch=141
2026-08-24T23:11:04.7135585-05:00 [PHASE5B] [OK ] [5.1] PARTS: 705,000/1,551,229 (45.4%) batches=141 elapsed=0.02s
2026-08-24T23:11:04.7145581-05:00 [PHASE5B] [RUN] [5.1] P5B_SET_MEMBERS / PARTS 705,000/1,551,229 ( 45.4%) batch=142
2026-08-24T23:11:04.7385588-05:00 [PHASE5B] [OK ] [5.1] PARTS: 710,000/1,551,229 (45.8%) batches=142 elapsed=0.02s
2026-08-24T23:11:04.7395581-05:00 [PHASE5B] [RUN] [5.1] P5B_SET_MEMBERS / PARTS 710,000/1,551,229 ( 45.8%) batch=143
2026-08-24T23:11:04.7615579-05:00 [PHASE5B] [OK ] [5.1] PARTS: 715,000/1,551,229 (46.1%) batches=143 elapsed=0.02s
2026-08-24T23:11:04.7625579-05:00 [PHASE5B] [RUN] [5.1] P5B_SET_MEMBERS / PARTS 715,000/1,551,229 ( 46.1%) batch=144
2026-08-24T23:11:04.7835588-05:00 [PHASE5B] [OK ] [5.1] PARTS: 720,000/1,551,229 (46.4%) batches=144 elapsed=0.02s
2026-08-24T23:11:04.7845581-05:00 [PHASE5B] [RUN] [5.1] P5B_SET_MEMBERS / PARTS 720,000/1,551,229 ( 46.4%) batch=145
2026-08-24T23:11:04.8075577-05:00 [PHASE5B] [OK ] [5.1] PARTS: 725,000/1,551,229 (46.7%) batches=145 elapsed=0.02s
2026-08-24T23:11:04.8085578-05:00 [PHASE5B] [RUN] [5.1] P5B_SET_MEMBERS / PARTS 725,000/1,551,229 ( 46.7%) batch=146
2026-08-24T23:11:04.8525575-05:00 [PHASE5B] [OK ] [5.1] PARTS: 730,000/1,551,229 (47.1%) batches=146 elapsed=0.04s
2026-08-24T23:11:04.8535581-05:00 [PHASE5B] [RUN] [5.1] P5B_SET_MEMBERS / PARTS 730,000/1,551,229 ( 47.1%) batch=147
2026-08-24T23:11:04.8755572-05:00 [PHASE5B] [OK ] [5.1] PARTS: 735,000/1,551,229 (47.4%) batches=147 elapsed=0.02s
2026-08-24T23:11:04.8765574-05:00 [PHASE5B] [RUN] [5.1] P5B_SET_MEMBERS / PARTS 735,000/1,551,229 ( 47.4%) batch=148
2026-08-24T23:11:04.8975576-05:00 [PHASE5B] [OK ] [5.1] PARTS: 740,000/1,551,229 (47.7%) batches=148 elapsed=0.02s
2026-08-24T23:11:04.8985575-05:00 [PHASE5B] [RUN] [5.1] P5B_SET_MEMBERS / PARTS 740,000/1,551,229 ( 47.7%) batch=149
2026-08-24T23:11:04.9195581-05:00 [PHASE5B] [OK ] [5.1] PARTS: 745,000/1,551,229 (48.0%) batches=149 elapsed=0.02s
2026-08-24T23:11:04.9215586-05:00 [PHASE5B] [RUN] [5.1] P5B_SET_MEMBERS / PARTS 745,000/1,551,229 ( 48.0%) batch=150
2026-08-24T23:11:04.9425576-05:00 [PHASE5B] [OK ] [5.1] PARTS: 750,000/1,551,229 (48.3%) batches=150 elapsed=0.02s
2026-08-24T23:11:04.9435577-05:00 [PHASE5B] [RUN] [5.1] P5B_SET_MEMBERS / PARTS 750,000/1,551,229 ( 48.3%) batch=151
2026-08-24T23:11:04.9665584-05:00 [PHASE5B] [OK ] [5.1] PARTS: 755,000/1,551,229 (48.7%) batches=151 elapsed=0.02s
2026-08-24T23:11:04.9675588-05:00 [PHASE5B] [RUN] [5.1] P5B_SET_MEMBERS / PARTS 755,000/1,551,229 ( 48.7%) batch=152
2026-08-24T23:11:04.9885580-05:00 [PHASE5B] [OK ] [5.1] PARTS: 760,000/1,551,229 (49.0%) batches=152 elapsed=0.02s
2026-08-24T23:11:04.9905576-05:00 [PHASE5B] [RUN] [5.1] P5B_SET_MEMBERS / PARTS 760,000/1,551,229 ( 49.0%) batch=153
2026-08-24T23:11:05.0105603-05:00 [PHASE5B] [OK ] [5.1] PARTS: 765,000/1,551,229 (49.3%) batches=153 elapsed=0.02s
2026-08-24T23:11:05.0125586-05:00 [PHASE5B] [RUN] [5.1] P5B_SET_MEMBERS / PARTS 765,000/1,551,229 ( 49.3%) batch=154
2026-08-24T23:11:05.0345582-05:00 [PHASE5B] [OK ] [5.1] PARTS: 770,000/1,551,229 (49.6%) batches=154 elapsed=0.02s
2026-08-24T23:11:05.0365577-05:00 [PHASE5B] [RUN] [5.1] P5B_SET_MEMBERS / PARTS 770,000/1,551,229 ( 49.6%) batch=155
2026-08-24T23:11:05.0565578-05:00 [PHASE5B] [OK ] [5.1] PARTS: 775,000/1,551,229 (50.0%) batches=155 elapsed=0.02s
2026-08-24T23:11:05.0585578-05:00 [PHASE5B] [RUN] [5.1] P5B_SET_MEMBERS / PARTS 775,000/1,551,229 ( 50.0%) batch=156
2026-08-24T23:11:05.0795586-05:00 [PHASE5B] [OK ] [5.1] PARTS: 780,000/1,551,229 (50.3%) batches=156 elapsed=0.02s
2026-08-24T23:11:05.0805576-05:00 [PHASE5B] [RUN] [5.1] P5B_SET_MEMBERS / PARTS 780,000/1,551,229 ( 50.3%) batch=157
2026-08-24T23:11:05.1015576-05:00 [PHASE5B] [OK ] [5.1] PARTS: 785,000/1,551,229 (50.6%) batches=157 elapsed=0.02s
2026-08-24T23:11:05.1025576-05:00 [PHASE5B] [RUN] [5.1] P5B_SET_MEMBERS / PARTS 785,000/1,551,229 ( 50.6%) batch=158
2026-08-24T23:11:05.1245586-05:00 [PHASE5B] [OK ] [5.1] PARTS: 790,000/1,551,229 (50.9%) batches=158 elapsed=0.02s
2026-08-24T23:11:05.1255580-05:00 [PHASE5B] [RUN] [5.1] P5B_SET_MEMBERS / PARTS 790,000/1,551,229 ( 50.9%) batch=159
2026-08-24T23:11:05.1485594-05:00 [PHASE5B] [OK ] [5.1] PARTS: 795,000/1,551,229 (51.2%) batches=159 elapsed=0.02s
2026-08-24T23:11:05.1495577-05:00 [PHASE5B] [RUN] [5.1] P5B_SET_MEMBERS / PARTS 795,000/1,551,229 ( 51.2%) batch=160
2026-08-24T23:11:05.1705578-05:00 [PHASE5B] [OK ] [5.1] PARTS: 800,000/1,551,229 (51.6%) batches=160 elapsed=0.02s
2026-08-24T23:11:05.1725576-05:00 [PHASE5B] [RUN] [5.1] P5B_SET_MEMBERS / PARTS 800,000/1,551,229 ( 51.6%) batch=161
2026-08-24T23:11:05.1925587-05:00 [PHASE5B] [OK ] [5.1] PARTS: 805,000/1,551,229 (51.9%) batches=161 elapsed=0.02s
2026-08-24T23:11:05.1935579-05:00 [PHASE5B] [RUN] [5.1] P5B_SET_MEMBERS / PARTS 805,000/1,551,229 ( 51.9%) batch=162
2026-08-24T23:11:05.2145577-05:00 [PHASE5B] [OK ] [5.1] PARTS: 810,000/1,551,229 (52.2%) batches=162 elapsed=0.02s
2026-08-24T23:11:05.2155574-05:00 [PHASE5B] [RUN] [5.1] P5B_SET_MEMBERS / PARTS 810,000/1,551,229 ( 52.2%) batch=163
2026-08-24T23:11:05.2365576-05:00 [PHASE5B] [OK ] [5.1] PARTS: 815,000/1,551,229 (52.5%) batches=163 elapsed=0.02s
2026-08-24T23:11:05.2385583-05:00 [PHASE5B] [RUN] [5.1] P5B_SET_MEMBERS / PARTS 815,000/1,551,229 ( 52.5%) batch=164
2026-08-24T23:11:05.2589771-05:00 [PHASE5B] [OK ] [5.1] PARTS: 820,000/1,551,229 (52.9%) batches=164 elapsed=0.02s
2026-08-24T23:11:05.2599772-05:00 [PHASE5B] [RUN] [5.1] P5B_SET_MEMBERS / PARTS 820,000/1,551,229 ( 52.9%) batch=165
2026-08-24T23:11:05.2809770-05:00 [PHASE5B] [OK ] [5.1] PARTS: 825,000/1,551,229 (53.2%) batches=165 elapsed=0.02s
2026-08-24T23:11:05.2829774-05:00 [PHASE5B] [RUN] [5.1] P5B_SET_MEMBERS / PARTS 825,000/1,551,229 ( 53.2%) batch=166
2026-08-24T23:11:05.3039769-05:00 [PHASE5B] [OK ] [5.1] PARTS: 830,000/1,551,229 (53.5%) batches=166 elapsed=0.02s
2026-08-24T23:11:05.3049770-05:00 [PHASE5B] [RUN] [5.1] P5B_SET_MEMBERS / PARTS 830,000/1,551,229 ( 53.5%) batch=167
2026-08-24T23:11:05.3249783-05:00 [PHASE5B] [OK ] [5.1] PARTS: 835,000/1,551,229 (53.8%) batches=167 elapsed=0.02s
2026-08-24T23:11:05.3269843-05:00 [PHASE5B] [RUN] [5.1] P5B_SET_MEMBERS / PARTS 835,000/1,551,229 ( 53.8%) batch=168
2026-08-24T23:11:05.3479770-05:00 [PHASE5B] [OK ] [5.1] PARTS: 840,000/1,551,229 (54.2%) batches=168 elapsed=0.02s
2026-08-24T23:11:05.3489770-05:00 [PHASE5B] [RUN] [5.1] P5B_SET_MEMBERS / PARTS 840,000/1,551,229 ( 54.2%) batch=169
2026-08-24T23:11:05.3709780-05:00 [PHASE5B] [OK ] [5.1] PARTS: 845,000/1,551,229 (54.5%) batches=169 elapsed=0.02s
2026-08-24T23:11:05.3719772-05:00 [PHASE5B] [RUN] [5.1] P5B_SET_MEMBERS / PARTS 845,000/1,551,229 ( 54.5%) batch=170
2026-08-24T23:11:05.3919785-05:00 [PHASE5B] [OK ] [5.1] PARTS: 850,000/1,551,229 (54.8%) batches=170 elapsed=0.02s
2026-08-24T23:11:05.3929770-05:00 [PHASE5B] [RUN] [5.1] P5B_SET_MEMBERS / PARTS 850,000/1,551,229 ( 54.8%) batch=171
2026-08-24T23:11:05.4139777-05:00 [PHASE5B] [OK ] [5.1] PARTS: 855,000/1,551,229 (55.1%) batches=171 elapsed=0.02s
2026-08-24T23:11:05.4149769-05:00 [PHASE5B] [RUN] [5.1] P5B_SET_MEMBERS / PARTS 855,000/1,551,229 ( 55.1%) batch=172
2026-08-24T23:11:05.4359769-05:00 [PHASE5B] [OK ] [5.1] PARTS: 860,000/1,551,229 (55.4%) batches=172 elapsed=0.02s
2026-08-24T23:11:05.4369773-05:00 [PHASE5B] [RUN] [5.1] P5B_SET_MEMBERS / PARTS 860,000/1,551,229 ( 55.4%) batch=173
2026-08-24T23:11:05.4569775-05:00 [PHASE5B] [OK ] [5.1] PARTS: 865,000/1,551,229 (55.8%) batches=173 elapsed=0.02s
2026-08-24T23:11:05.4579771-05:00 [PHASE5B] [RUN] [5.1] P5B_SET_MEMBERS / PARTS 865,000/1,551,229 ( 55.8%) batch=174
2026-08-24T23:11:05.4799781-05:00 [PHASE5B] [OK ] [5.1] PARTS: 870,000/1,551,229 (56.1%) batches=174 elapsed=0.02s
2026-08-24T23:11:05.4809774-05:00 [PHASE5B] [RUN] [5.1] P5B_SET_MEMBERS / PARTS 870,000/1,551,229 ( 56.1%) batch=175
2026-08-24T23:11:05.5019800-05:00 [PHASE5B] [OK ] [5.1] PARTS: 875,000/1,551,229 (56.4%) batches=175 elapsed=0.02s
2026-08-24T23:11:05.5029776-05:00 [PHASE5B] [RUN] [5.1] P5B_SET_MEMBERS / PARTS 875,000/1,551,229 ( 56.4%) batch=176
2026-08-24T23:11:05.5239773-05:00 [PHASE5B] [OK ] [5.1] PARTS: 880,000/1,551,229 (56.7%) batches=176 elapsed=0.02s
2026-08-24T23:11:05.5249771-05:00 [PHASE5B] [RUN] [5.1] P5B_SET_MEMBERS / PARTS 880,000/1,551,229 ( 56.7%) batch=177
2026-08-24T23:11:05.5459771-05:00 [PHASE5B] [OK ] [5.1] PARTS: 885,000/1,551,229 (57.1%) batches=177 elapsed=0.02s
2026-08-24T23:11:05.5469771-05:00 [PHASE5B] [RUN] [5.1] P5B_SET_MEMBERS / PARTS 885,000/1,551,229 ( 57.1%) batch=178
2026-08-24T23:11:05.5689773-05:00 [PHASE5B] [OK ] [5.1] PARTS: 890,000/1,551,229 (57.4%) batches=178 elapsed=0.02s
2026-08-24T23:11:05.5699772-05:00 [PHASE5B] [RUN] [5.1] P5B_SET_MEMBERS / PARTS 890,000/1,551,229 ( 57.4%) batch=179
2026-08-24T23:11:05.5909772-05:00 [PHASE5B] [OK ] [5.1] PARTS: 895,000/1,551,229 (57.7%) batches=179 elapsed=0.02s
2026-08-24T23:11:05.5919772-05:00 [PHASE5B] [RUN] [5.1] P5B_SET_MEMBERS / PARTS 895,000/1,551,229 ( 57.7%) batch=180
2026-08-24T23:11:05.6119768-05:00 [PHASE5B] [OK ] [5.1] PARTS: 900,000/1,551,229 (58.0%) batches=180 elapsed=0.02s
2026-08-24T23:11:05.6139775-05:00 [PHASE5B] [RUN] [5.1] P5B_SET_MEMBERS / PARTS 900,000/1,551,229 ( 58.0%) batch=181
2026-08-24T23:11:05.6339811-05:00 [PHASE5B] [OK ] [5.1] PARTS: 905,000/1,551,229 (58.3%) batches=181 elapsed=0.02s
2026-08-24T23:11:05.6349774-05:00 [PHASE5B] [RUN] [5.1] P5B_SET_MEMBERS / PARTS 905,000/1,551,229 ( 58.3%) batch=182
2026-08-24T23:11:05.6559788-05:00 [PHASE5B] [OK ] [5.1] PARTS: 910,000/1,551,229 (58.7%) batches=182 elapsed=0.02s
2026-08-24T23:11:05.6569774-05:00 [PHASE5B] [RUN] [5.1] P5B_SET_MEMBERS / PARTS 910,000/1,551,229 ( 58.7%) batch=183
2026-08-24T23:11:05.6769776-05:00 [PHASE5B] [OK ] [5.1] PARTS: 915,000/1,551,229 (59.0%) batches=183 elapsed=0.02s
2026-08-24T23:11:05.6789770-05:00 [PHASE5B] [RUN] [5.1] P5B_SET_MEMBERS / PARTS 915,000/1,551,229 ( 59.0%) batch=184
2026-08-24T23:11:05.6999779-05:00 [PHASE5B] [OK ] [5.1] PARTS: 920,000/1,551,229 (59.3%) batches=184 elapsed=0.02s
2026-08-24T23:11:05.7009776-05:00 [PHASE5B] [RUN] [5.1] P5B_SET_MEMBERS / PARTS 920,000/1,551,229 ( 59.3%) batch=185
2026-08-24T23:11:05.7209770-05:00 [PHASE5B] [OK ] [5.1] PARTS: 925,000/1,551,229 (59.6%) batches=185 elapsed=0.02s
2026-08-24T23:11:05.7219776-05:00 [PHASE5B] [RUN] [5.1] P5B_SET_MEMBERS / PARTS 925,000/1,551,229 ( 59.6%) batch=186
2026-08-24T23:11:05.7429773-05:00 [PHASE5B] [OK ] [5.1] PARTS: 930,000/1,551,229 (60.0%) batches=186 elapsed=0.02s
2026-08-24T23:11:05.7439775-05:00 [PHASE5B] [RUN] [5.1] P5B_SET_MEMBERS / PARTS 930,000/1,551,229 ( 60.0%) batch=187
2026-08-24T23:11:05.7659779-05:00 [PHASE5B] [OK ] [5.1] PARTS: 935,000/1,551,229 (60.3%) batches=187 elapsed=0.02s
2026-08-24T23:11:05.7669772-05:00 [PHASE5B] [RUN] [5.1] P5B_SET_MEMBERS / PARTS 935,000/1,551,229 ( 60.3%) batch=188
2026-08-24T23:11:05.7879772-05:00 [PHASE5B] [OK ] [5.1] PARTS: 940,000/1,551,229 (60.6%) batches=188 elapsed=0.02s
2026-08-24T23:11:05.7899772-05:00 [PHASE5B] [RUN] [5.1] P5B_SET_MEMBERS / PARTS 940,000/1,551,229 ( 60.6%) batch=189
2026-08-24T23:11:05.8109772-05:00 [PHASE5B] [OK ] [5.1] PARTS: 945,000/1,551,229 (60.9%) batches=189 elapsed=0.02s
2026-08-24T23:11:05.8119775-05:00 [PHASE5B] [RUN] [5.1] P5B_SET_MEMBERS / PARTS 945,000/1,551,229 ( 60.9%) batch=190
2026-08-24T23:11:05.8329770-05:00 [PHASE5B] [OK ] [5.1] PARTS: 950,000/1,551,229 (61.2%) batches=190 elapsed=0.02s
2026-08-24T23:11:05.8349776-05:00 [PHASE5B] [RUN] [5.1] P5B_SET_MEMBERS / PARTS 950,000/1,551,229 ( 61.2%) batch=191
2026-08-24T23:11:05.8569792-05:00 [PHASE5B] [OK ] [5.1] PARTS: 955,000/1,551,229 (61.6%) batches=191 elapsed=0.02s
2026-08-24T23:11:05.8579776-05:00 [PHASE5B] [RUN] [5.1] P5B_SET_MEMBERS / PARTS 955,000/1,551,229 ( 61.6%) batch=192
2026-08-24T23:11:05.8789773-05:00 [PHASE5B] [OK ] [5.1] PARTS: 960,000/1,551,229 (61.9%) batches=192 elapsed=0.02s
2026-08-24T23:11:05.8799768-05:00 [PHASE5B] [RUN] [5.1] P5B_SET_MEMBERS / PARTS 960,000/1,551,229 ( 61.9%) batch=193
2026-08-24T23:11:05.9009769-05:00 [PHASE5B] [OK ] [5.1] PARTS: 965,000/1,551,229 (62.2%) batches=193 elapsed=0.02s
2026-08-24T23:11:05.9019773-05:00 [PHASE5B] [RUN] [5.1] P5B_SET_MEMBERS / PARTS 965,000/1,551,229 ( 62.2%) batch=194
2026-08-24T23:11:05.9229771-05:00 [PHASE5B] [OK ] [5.1] PARTS: 970,000/1,551,229 (62.5%) batches=194 elapsed=0.02s
2026-08-24T23:11:05.9239774-05:00 [PHASE5B] [RUN] [5.1] P5B_SET_MEMBERS / PARTS 970,000/1,551,229 ( 62.5%) batch=195
2026-08-24T23:11:05.9439786-05:00 [PHASE5B] [OK ] [5.1] PARTS: 975,000/1,551,229 (62.9%) batches=195 elapsed=0.02s
2026-08-24T23:11:05.9449777-05:00 [PHASE5B] [RUN] [5.1] P5B_SET_MEMBERS / PARTS 975,000/1,551,229 ( 62.9%) batch=196
2026-08-24T23:11:05.9659769-05:00 [PHASE5B] [OK ] [5.1] PARTS: 980,000/1,551,229 (63.2%) batches=196 elapsed=0.02s
2026-08-24T23:11:05.9669774-05:00 [PHASE5B] [RUN] [5.1] P5B_SET_MEMBERS / PARTS 980,000/1,551,229 ( 63.2%) batch=197
2026-08-24T23:11:05.9879769-05:00 [PHASE5B] [OK ] [5.1] PARTS: 985,000/1,551,229 (63.5%) batches=197 elapsed=0.02s
2026-08-24T23:11:05.9899769-05:00 [PHASE5B] [RUN] [5.1] P5B_SET_MEMBERS / PARTS 985,000/1,551,229 ( 63.5%) batch=198
2026-08-24T23:11:06.0099777-05:00 [PHASE5B] [OK ] [5.1] PARTS: 990,000/1,551,229 (63.8%) batches=198 elapsed=0.02s
2026-08-24T23:11:06.0109776-05:00 [PHASE5B] [RUN] [5.1] P5B_SET_MEMBERS / PARTS 990,000/1,551,229 ( 63.8%) batch=199
2026-08-24T23:11:06.0339774-05:00 [PHASE5B] [OK ] [5.1] PARTS: 995,000/1,551,229 (64.1%) batches=199 elapsed=0.02s
2026-08-24T23:11:06.0349776-05:00 [PHASE5B] [RUN] [5.1] P5B_SET_MEMBERS / PARTS 995,000/1,551,229 ( 64.1%) batch=200
2026-08-24T23:11:06.0559779-05:00 [PHASE5B] [OK ] [5.1] PARTS: 1,000,000/1,551,229 (64.5%) batches=200 elapsed=0.02s
2026-08-24T23:11:06.0569775-05:00 [PHASE5B] [RUN] [5.1] P5B_SET_MEMBERS / PARTS 1,000,000/1,551,229 ( 64.5%) batch=201
2026-08-24T23:11:06.0779770-05:00 [PHASE5B] [OK ] [5.1] PARTS: 1,005,000/1,551,229 (64.8%) batches=201 elapsed=0.02s
2026-08-24T23:11:06.0789769-05:00 [PHASE5B] [RUN] [5.1] P5B_SET_MEMBERS / PARTS 1,005,000/1,551,229 ( 64.8%) batch=202
2026-08-24T23:11:06.0999774-05:00 [PHASE5B] [OK ] [5.1] PARTS: 1,010,000/1,551,229 (65.1%) batches=202 elapsed=0.02s
2026-08-24T23:11:06.1009816-05:00 [PHASE5B] [RUN] [5.1] P5B_SET_MEMBERS / PARTS 1,010,000/1,551,229 ( 65.1%) batch=203
2026-08-24T23:11:06.1219818-05:00 [PHASE5B] [OK ] [5.1] PARTS: 1,015,000/1,551,229 (65.4%) batches=203 elapsed=0.02s
2026-08-24T23:11:06.1229773-05:00 [PHASE5B] [RUN] [5.1] P5B_SET_MEMBERS / PARTS 1,015,000/1,551,229 ( 65.4%) batch=204
2026-08-24T23:11:06.1459779-05:00 [PHASE5B] [OK ] [5.1] PARTS: 1,020,000/1,551,229 (65.8%) batches=204 elapsed=0.02s
2026-08-24T23:11:06.1469775-05:00 [PHASE5B] [RUN] [5.1] P5B_SET_MEMBERS / PARTS 1,020,000/1,551,229 ( 65.8%) batch=205
2026-08-24T23:11:06.1699781-05:00 [PHASE5B] [OK ] [5.1] PARTS: 1,025,000/1,551,229 (66.1%) batches=205 elapsed=0.02s
2026-08-24T23:11:06.1709770-05:00 [PHASE5B] [RUN] [5.1] P5B_SET_MEMBERS / PARTS 1,025,000/1,551,229 ( 66.1%) batch=206
2026-08-24T23:11:06.1919775-05:00 [PHASE5B] [OK ] [5.1] PARTS: 1,030,000/1,551,229 (66.4%) batches=206 elapsed=0.02s
2026-08-24T23:11:06.1929773-05:00 [PHASE5B] [RUN] [5.1] P5B_SET_MEMBERS / PARTS 1,030,000/1,551,229 ( 66.4%) batch=207
2026-08-24T23:11:06.2139775-05:00 [PHASE5B] [OK ] [5.1] PARTS: 1,035,000/1,551,229 (66.7%) batches=207 elapsed=0.02s
2026-08-24T23:11:06.2149801-05:00 [PHASE5B] [RUN] [5.1] P5B_SET_MEMBERS / PARTS 1,035,000/1,551,229 ( 66.7%) batch=208
2026-08-24T23:11:06.2379768-05:00 [PHASE5B] [OK ] [5.1] PARTS: 1,040,000/1,551,229 (67.0%) batches=208 elapsed=0.02s
2026-08-24T23:11:06.2389798-05:00 [PHASE5B] [RUN] [5.1] P5B_SET_MEMBERS / PARTS 1,040,000/1,551,229 ( 67.0%) batch=209
2026-08-24T23:11:06.2632112-05:00 [PHASE5B] [OK ] [5.1] PARTS: 1,045,000/1,551,229 (67.4%) batches=209 elapsed=0.03s
2026-08-24T23:11:06.2652130-05:00 [PHASE5B] [RUN] [5.1] P5B_SET_MEMBERS / PARTS 1,045,000/1,551,229 ( 67.4%) batch=210
2026-08-24T23:11:06.2872103-05:00 [PHASE5B] [OK ] [5.1] PARTS: 1,050,000/1,551,229 (67.7%) batches=210 elapsed=0.02s
2026-08-24T23:11:06.2882119-05:00 [PHASE5B] [RUN] [5.1] P5B_SET_MEMBERS / PARTS 1,050,000/1,551,229 ( 67.7%) batch=211
2026-08-24T23:11:06.3102161-05:00 [PHASE5B] [OK ] [5.1] PARTS: 1,055,000/1,551,229 (68.0%) batches=211 elapsed=0.02s
2026-08-24T23:11:06.3122109-05:00 [PHASE5B] [RUN] [5.1] P5B_SET_MEMBERS / PARTS 1,055,000/1,551,229 ( 68.0%) batch=212
2026-08-24T23:11:06.3322131-05:00 [PHASE5B] [OK ] [5.1] PARTS: 1,060,000/1,551,229 (68.3%) batches=212 elapsed=0.02s
2026-08-24T23:11:06.3332104-05:00 [PHASE5B] [RUN] [5.1] P5B_SET_MEMBERS / PARTS 1,060,000/1,551,229 ( 68.3%) batch=213
2026-08-24T23:11:06.3542104-05:00 [PHASE5B] [OK ] [5.1] PARTS: 1,065,000/1,551,229 (68.7%) batches=213 elapsed=0.02s
2026-08-24T23:11:06.3552107-05:00 [PHASE5B] [RUN] [5.1] P5B_SET_MEMBERS / PARTS 1,065,000/1,551,229 ( 68.7%) batch=214
2026-08-24T23:11:06.3762101-05:00 [PHASE5B] [OK ] [5.1] PARTS: 1,070,000/1,551,229 (69.0%) batches=214 elapsed=0.02s
2026-08-24T23:11:06.3772103-05:00 [PHASE5B] [RUN] [5.1] P5B_SET_MEMBERS / PARTS 1,070,000/1,551,229 ( 69.0%) batch=215
2026-08-24T23:11:06.3982103-05:00 [PHASE5B] [OK ] [5.1] PARTS: 1,075,000/1,551,229 (69.3%) batches=215 elapsed=0.02s
2026-08-24T23:11:06.3992106-05:00 [PHASE5B] [RUN] [5.1] P5B_SET_MEMBERS / PARTS 1,075,000/1,551,229 ( 69.3%) batch=216
2026-08-24T23:11:06.4192115-05:00 [PHASE5B] [OK ] [5.1] PARTS: 1,080,000/1,551,229 (69.6%) batches=216 elapsed=0.02s
2026-08-24T23:11:06.4212104-05:00 [PHASE5B] [RUN] [5.1] P5B_SET_MEMBERS / PARTS 1,080,000/1,551,229 ( 69.6%) batch=217
2026-08-24T23:11:06.4422102-05:00 [PHASE5B] [OK ] [5.1] PARTS: 1,085,000/1,551,229 (69.9%) batches=217 elapsed=0.02s
2026-08-24T23:11:06.4432106-05:00 [PHASE5B] [RUN] [5.1] P5B_SET_MEMBERS / PARTS 1,085,000/1,551,229 ( 69.9%) batch=218
2026-08-24T23:11:06.4642118-05:00 [PHASE5B] [OK ] [5.1] PARTS: 1,090,000/1,551,229 (70.3%) batches=218 elapsed=0.02s
2026-08-24T23:11:06.4652104-05:00 [PHASE5B] [RUN] [5.1] P5B_SET_MEMBERS / PARTS 1,090,000/1,551,229 ( 70.3%) batch=219
2026-08-24T23:11:06.4862112-05:00 [PHASE5B] [OK ] [5.1] PARTS: 1,095,000/1,551,229 (70.6%) batches=219 elapsed=0.02s
2026-08-24T23:11:06.4872105-05:00 [PHASE5B] [RUN] [5.1] P5B_SET_MEMBERS / PARTS 1,095,000/1,551,229 ( 70.6%) batch=220
2026-08-24T23:11:06.5072105-05:00 [PHASE5B] [OK ] [5.1] PARTS: 1,100,000/1,551,229 (70.9%) batches=220 elapsed=0.02s
2026-08-24T23:11:06.5092104-05:00 [PHASE5B] [RUN] [5.1] P5B_SET_MEMBERS / PARTS 1,100,000/1,551,229 ( 70.9%) batch=221
2026-08-24T23:11:06.5292104-05:00 [PHASE5B] [OK ] [5.1] PARTS: 1,105,000/1,551,229 (71.2%) batches=221 elapsed=0.02s
2026-08-24T23:11:06.5302110-05:00 [PHASE5B] [RUN] [5.1] P5B_SET_MEMBERS / PARTS 1,105,000/1,551,229 ( 71.2%) batch=222
2026-08-24T23:11:06.5502106-05:00 [PHASE5B] [OK ] [5.1] PARTS: 1,110,000/1,551,229 (71.6%) batches=222 elapsed=0.02s
2026-08-24T23:11:06.5522105-05:00 [PHASE5B] [RUN] [5.1] P5B_SET_MEMBERS / PARTS 1,110,000/1,551,229 ( 71.6%) batch=223
2026-08-24T23:11:06.5742104-05:00 [PHASE5B] [OK ] [5.1] PARTS: 1,115,000/1,551,229 (71.9%) batches=223 elapsed=0.02s
2026-08-24T23:11:06.5752103-05:00 [PHASE5B] [RUN] [5.1] P5B_SET_MEMBERS / PARTS 1,115,000/1,551,229 ( 71.9%) batch=224
2026-08-24T23:11:06.5962104-05:00 [PHASE5B] [OK ] [5.1] PARTS: 1,120,000/1,551,229 (72.2%) batches=224 elapsed=0.02s
2026-08-24T23:11:06.5972103-05:00 [PHASE5B] [RUN] [5.1] P5B_SET_MEMBERS / PARTS 1,120,000/1,551,229 ( 72.2%) batch=225
2026-08-24T23:11:06.6172105-05:00 [PHASE5B] [OK ] [5.1] PARTS: 1,125,000/1,551,229 (72.5%) batches=225 elapsed=0.02s
2026-08-24T23:11:06.6182108-05:00 [PHASE5B] [RUN] [5.1] P5B_SET_MEMBERS / PARTS 1,125,000/1,551,229 ( 72.5%) batch=226
2026-08-24T23:11:06.6392104-05:00 [PHASE5B] [OK ] [5.1] PARTS: 1,130,000/1,551,229 (72.8%) batches=226 elapsed=0.02s
2026-08-24T23:11:06.6412102-05:00 [PHASE5B] [RUN] [5.1] P5B_SET_MEMBERS / PARTS 1,130,000/1,551,229 ( 72.8%) batch=227
2026-08-24T23:11:06.6612104-05:00 [PHASE5B] [OK ] [5.1] PARTS: 1,135,000/1,551,229 (73.2%) batches=227 elapsed=0.02s
2026-08-24T23:11:06.6622106-05:00 [PHASE5B] [RUN] [5.1] P5B_SET_MEMBERS / PARTS 1,135,000/1,551,229 ( 73.2%) batch=228
2026-08-24T23:11:06.6842116-05:00 [PHASE5B] [OK ] [5.1] PARTS: 1,140,000/1,551,229 (73.5%) batches=228 elapsed=0.02s
2026-08-24T23:11:06.6852103-05:00 [PHASE5B] [RUN] [5.1] P5B_SET_MEMBERS / PARTS 1,140,000/1,551,229 ( 73.5%) batch=229
2026-08-24T23:11:06.7082105-05:00 [PHASE5B] [OK ] [5.1] PARTS: 1,145,000/1,551,229 (73.8%) batches=229 elapsed=0.02s
2026-08-24T23:11:06.7102110-05:00 [PHASE5B] [RUN] [5.1] P5B_SET_MEMBERS / PARTS 1,145,000/1,551,229 ( 73.8%) batch=230
2026-08-24T23:11:06.7382096-05:00 [PHASE5B] [OK ] [5.1] PARTS: 1,150,000/1,551,229 (74.1%) batches=230 elapsed=0.03s
2026-08-24T23:11:06.7392104-05:00 [PHASE5B] [RUN] [5.1] P5B_SET_MEMBERS / PARTS 1,150,000/1,551,229 ( 74.1%) batch=231
2026-08-24T23:11:06.7612106-05:00 [PHASE5B] [OK ] [5.1] PARTS: 1,155,000/1,551,229 (74.5%) batches=231 elapsed=0.02s
2026-08-24T23:11:06.7622106-05:00 [PHASE5B] [RUN] [5.1] P5B_SET_MEMBERS / PARTS 1,155,000/1,551,229 ( 74.5%) batch=232
2026-08-24T23:11:06.7852106-05:00 [PHASE5B] [OK ] [5.1] PARTS: 1,160,000/1,551,229 (74.8%) batches=232 elapsed=0.02s
2026-08-24T23:11:06.7862106-05:00 [PHASE5B] [RUN] [5.1] P5B_SET_MEMBERS / PARTS 1,160,000/1,551,229 ( 74.8%) batch=233
2026-08-24T23:11:06.8082104-05:00 [PHASE5B] [OK ] [5.1] PARTS: 1,165,000/1,551,229 (75.1%) batches=233 elapsed=0.02s
2026-08-24T23:11:06.8102108-05:00 [PHASE5B] [RUN] [5.1] P5B_SET_MEMBERS / PARTS 1,165,000/1,551,229 ( 75.1%) batch=234
2026-08-24T23:11:06.8312102-05:00 [PHASE5B] [OK ] [5.1] PARTS: 1,170,000/1,551,229 (75.4%) batches=234 elapsed=0.02s
2026-08-24T23:11:06.8322110-05:00 [PHASE5B] [RUN] [5.1] P5B_SET_MEMBERS / PARTS 1,170,000/1,551,229 ( 75.4%) batch=235
2026-08-24T23:11:06.8552107-05:00 [PHASE5B] [OK ] [5.1] PARTS: 1,175,000/1,551,229 (75.7%) batches=235 elapsed=0.02s
2026-08-24T23:11:06.8562103-05:00 [PHASE5B] [RUN] [5.1] P5B_SET_MEMBERS / PARTS 1,175,000/1,551,229 ( 75.7%) batch=236
2026-08-24T23:11:06.8772102-05:00 [PHASE5B] [OK ] [5.1] PARTS: 1,180,000/1,551,229 (76.1%) batches=236 elapsed=0.02s
2026-08-24T23:11:06.8782107-05:00 [PHASE5B] [RUN] [5.1] P5B_SET_MEMBERS / PARTS 1,180,000/1,551,229 ( 76.1%) batch=237
2026-08-24T23:11:06.9002102-05:00 [PHASE5B] [OK ] [5.1] PARTS: 1,185,000/1,551,229 (76.4%) batches=237 elapsed=0.02s
2026-08-24T23:11:06.9012110-05:00 [PHASE5B] [RUN] [5.1] P5B_SET_MEMBERS / PARTS 1,185,000/1,551,229 ( 76.4%) batch=238
2026-08-24T23:11:06.9222116-05:00 [PHASE5B] [OK ] [5.1] PARTS: 1,190,000/1,551,229 (76.7%) batches=238 elapsed=0.02s
2026-08-24T23:11:06.9232108-05:00 [PHASE5B] [RUN] [5.1] P5B_SET_MEMBERS / PARTS 1,190,000/1,551,229 ( 76.7%) batch=239
2026-08-24T23:11:06.9442104-05:00 [PHASE5B] [OK ] [5.1] PARTS: 1,195,000/1,551,229 (77.0%) batches=239 elapsed=0.02s
2026-08-24T23:11:06.9452101-05:00 [PHASE5B] [RUN] [5.1] P5B_SET_MEMBERS / PARTS 1,195,000/1,551,229 ( 77.0%) batch=240
2026-08-24T23:11:06.9662106-05:00 [PHASE5B] [OK ] [5.1] PARTS: 1,200,000/1,551,229 (77.4%) batches=240 elapsed=0.02s
2026-08-24T23:11:06.9672103-05:00 [PHASE5B] [RUN] [5.1] P5B_SET_MEMBERS / PARTS 1,200,000/1,551,229 ( 77.4%) batch=241
2026-08-24T23:11:06.9892116-05:00 [PHASE5B] [OK ] [5.1] PARTS: 1,205,000/1,551,229 (77.7%) batches=241 elapsed=0.02s
2026-08-24T23:11:06.9902102-05:00 [PHASE5B] [RUN] [5.1] P5B_SET_MEMBERS / PARTS 1,205,000/1,551,229 ( 77.7%) batch=242
2026-08-24T23:11:07.0112104-05:00 [PHASE5B] [OK ] [5.1] PARTS: 1,210,000/1,551,229 (78.0%) batches=242 elapsed=0.02s
2026-08-24T23:11:07.0132103-05:00 [PHASE5B] [RUN] [5.1] P5B_SET_MEMBERS / PARTS 1,210,000/1,551,229 ( 78.0%) batch=243
2026-08-24T23:11:07.0332102-05:00 [PHASE5B] [OK ] [5.1] PARTS: 1,215,000/1,551,229 (78.3%) batches=243 elapsed=0.02s
2026-08-24T23:11:07.0352108-05:00 [PHASE5B] [RUN] [5.1] P5B_SET_MEMBERS / PARTS 1,215,000/1,551,229 ( 78.3%) batch=244
2026-08-24T23:11:07.0562117-05:00 [PHASE5B] [OK ] [5.1] PARTS: 1,220,000/1,551,229 (78.6%) batches=244 elapsed=0.02s
2026-08-24T23:11:07.0572107-05:00 [PHASE5B] [RUN] [5.1] P5B_SET_MEMBERS / PARTS 1,220,000/1,551,229 ( 78.6%) batch=245
2026-08-24T23:11:07.0782104-05:00 [PHASE5B] [OK ] [5.1] PARTS: 1,225,000/1,551,229 (79.0%) batches=245 elapsed=0.02s
2026-08-24T23:11:07.0792106-05:00 [PHASE5B] [RUN] [5.1] P5B_SET_MEMBERS / PARTS 1,225,000/1,551,229 ( 79.0%) batch=246
2026-08-24T23:11:07.1002105-05:00 [PHASE5B] [OK ] [5.1] PARTS: 1,230,000/1,551,229 (79.3%) batches=246 elapsed=0.02s
2026-08-24T23:11:07.1022107-05:00 [PHASE5B] [RUN] [5.1] P5B_SET_MEMBERS / PARTS 1,230,000/1,551,229 ( 79.3%) batch=247
2026-08-24T23:11:07.1232107-05:00 [PHASE5B] [OK ] [5.1] PARTS: 1,235,000/1,551,229 (79.6%) batches=247 elapsed=0.02s
2026-08-24T23:11:07.1242107-05:00 [PHASE5B] [RUN] [5.1] P5B_SET_MEMBERS / PARTS 1,235,000/1,551,229 ( 79.6%) batch=248
2026-08-24T23:11:07.1452125-05:00 [PHASE5B] [OK ] [5.1] PARTS: 1,240,000/1,551,229 (79.9%) batches=248 elapsed=0.02s
2026-08-24T23:11:07.1462107-05:00 [PHASE5B] [RUN] [5.1] P5B_SET_MEMBERS / PARTS 1,240,000/1,551,229 ( 79.9%) batch=249
2026-08-24T23:11:07.1682102-05:00 [PHASE5B] [OK ] [5.1] PARTS: 1,245,000/1,551,229 (80.3%) batches=249 elapsed=0.02s
2026-08-24T23:11:07.1692104-05:00 [PHASE5B] [RUN] [5.1] P5B_SET_MEMBERS / PARTS 1,245,000/1,551,229 ( 80.3%) batch=250
2026-08-24T23:11:07.1912103-05:00 [PHASE5B] [OK ] [5.1] PARTS: 1,250,000/1,551,229 (80.6%) batches=250 elapsed=0.02s
2026-08-24T23:11:07.1922098-05:00 [PHASE5B] [RUN] [5.1] P5B_SET_MEMBERS / PARTS 1,250,000/1,551,229 ( 80.6%) batch=251
2026-08-24T23:11:07.2142100-05:00 [PHASE5B] [OK ] [5.1] PARTS: 1,255,000/1,551,229 (80.9%) batches=251 elapsed=0.02s
2026-08-24T23:11:07.2152108-05:00 [PHASE5B] [RUN] [5.1] P5B_SET_MEMBERS / PARTS 1,255,000/1,551,229 ( 80.9%) batch=252
2026-08-24T23:11:07.2362114-05:00 [PHASE5B] [OK ] [5.1] PARTS: 1,260,000/1,551,229 (81.2%) batches=252 elapsed=0.02s
2026-08-24T23:11:07.2372102-05:00 [PHASE5B] [RUN] [5.1] P5B_SET_MEMBERS / PARTS 1,260,000/1,551,229 ( 81.2%) batch=253
2026-08-24T23:11:07.2583337-05:00 [PHASE5B] [OK ] [5.1] PARTS: 1,265,000/1,551,229 (81.5%) batches=253 elapsed=0.02s
2026-08-24T23:11:07.2593340-05:00 [PHASE5B] [RUN] [5.1] P5B_SET_MEMBERS / PARTS 1,265,000/1,551,229 ( 81.5%) batch=254
2026-08-24T23:11:07.2803340-05:00 [PHASE5B] [OK ] [5.1] PARTS: 1,270,000/1,551,229 (81.9%) batches=254 elapsed=0.02s
2026-08-24T23:11:07.2813342-05:00 [PHASE5B] [RUN] [5.1] P5B_SET_MEMBERS / PARTS 1,270,000/1,551,229 ( 81.9%) batch=255
2026-08-24T23:11:07.3013353-05:00 [PHASE5B] [OK ] [5.1] PARTS: 1,275,000/1,551,229 (82.2%) batches=255 elapsed=0.02s
2026-08-24T23:11:07.3023348-05:00 [PHASE5B] [RUN] [5.1] P5B_SET_MEMBERS / PARTS 1,275,000/1,551,229 ( 82.2%) batch=256
2026-08-24T23:11:07.3243358-05:00 [PHASE5B] [OK ] [5.1] PARTS: 1,280,000/1,551,229 (82.5%) batches=256 elapsed=0.02s
2026-08-24T23:11:07.3273353-05:00 [PHASE5B] [RUN] [5.1] P5B_SET_MEMBERS / PARTS 1,280,000/1,551,229 ( 82.5%) batch=257
2026-08-24T23:11:07.3493343-05:00 [PHASE5B] [OK ] [5.1] PARTS: 1,285,000/1,551,229 (82.8%) batches=257 elapsed=0.02s
2026-08-24T23:11:07.3503340-05:00 [PHASE5B] [RUN] [5.1] P5B_SET_MEMBERS / PARTS 1,285,000/1,551,229 ( 82.8%) batch=258
2026-08-24T23:11:07.3703339-05:00 [PHASE5B] [OK ] [5.1] PARTS: 1,290,000/1,551,229 (83.2%) batches=258 elapsed=0.02s
2026-08-24T23:11:07.3723344-05:00 [PHASE5B] [RUN] [5.1] P5B_SET_MEMBERS / PARTS 1,290,000/1,551,229 ( 83.2%) batch=259
2026-08-24T23:11:07.3933339-05:00 [PHASE5B] [OK ] [5.1] PARTS: 1,295,000/1,551,229 (83.5%) batches=259 elapsed=0.02s
2026-08-24T23:11:07.3943346-05:00 [PHASE5B] [RUN] [5.1] P5B_SET_MEMBERS / PARTS 1,295,000/1,551,229 ( 83.5%) batch=260
2026-08-24T23:11:07.4153337-05:00 [PHASE5B] [OK ] [5.1] PARTS: 1,300,000/1,551,229 (83.8%) batches=260 elapsed=0.02s
2026-08-24T23:11:07.4163344-05:00 [PHASE5B] [RUN] [5.1] P5B_SET_MEMBERS / PARTS 1,300,000/1,551,229 ( 83.8%) batch=261
2026-08-24T23:11:07.4373339-05:00 [PHASE5B] [OK ] [5.1] PARTS: 1,305,000/1,551,229 (84.1%) batches=261 elapsed=0.02s
2026-08-24T23:11:07.4383342-05:00 [PHASE5B] [RUN] [5.1] P5B_SET_MEMBERS / PARTS 1,305,000/1,551,229 ( 84.1%) batch=262
2026-08-24T23:11:07.4593338-05:00 [PHASE5B] [OK ] [5.1] PARTS: 1,310,000/1,551,229 (84.4%) batches=262 elapsed=0.02s
2026-08-24T23:11:07.4613342-05:00 [PHASE5B] [RUN] [5.1] P5B_SET_MEMBERS / PARTS 1,310,000/1,551,229 ( 84.4%) batch=263
2026-08-24T23:11:07.4823339-05:00 [PHASE5B] [OK ] [5.1] PARTS: 1,315,000/1,551,229 (84.8%) batches=263 elapsed=0.02s
2026-08-24T23:11:07.4833347-05:00 [PHASE5B] [RUN] [5.1] P5B_SET_MEMBERS / PARTS 1,315,000/1,551,229 ( 84.8%) batch=264
2026-08-24T23:11:07.5063346-05:00 [PHASE5B] [OK ] [5.1] PARTS: 1,320,000/1,551,229 (85.1%) batches=264 elapsed=0.02s
2026-08-24T23:11:07.5073367-05:00 [PHASE5B] [RUN] [5.1] P5B_SET_MEMBERS / PARTS 1,320,000/1,551,229 ( 85.1%) batch=265
2026-08-24T23:11:07.5313338-05:00 [PHASE5B] [OK ] [5.1] PARTS: 1,325,000/1,551,229 (85.4%) batches=265 elapsed=0.02s
2026-08-24T23:11:07.5323342-05:00 [PHASE5B] [RUN] [5.1] P5B_SET_MEMBERS / PARTS 1,325,000/1,551,229 ( 85.4%) batch=266
2026-08-24T23:11:07.5553360-05:00 [PHASE5B] [OK ] [5.1] PARTS: 1,330,000/1,551,229 (85.7%) batches=266 elapsed=0.02s
2026-08-24T23:11:07.5573343-05:00 [PHASE5B] [RUN] [5.1] P5B_SET_MEMBERS / PARTS 1,330,000/1,551,229 ( 85.7%) batch=267
2026-08-24T23:11:07.5803345-05:00 [PHASE5B] [OK ] [5.1] PARTS: 1,335,000/1,551,229 (86.1%) batches=267 elapsed=0.02s
2026-08-24T23:11:07.5813342-05:00 [PHASE5B] [RUN] [5.1] P5B_SET_MEMBERS / PARTS 1,335,000/1,551,229 ( 86.1%) batch=268
2026-08-24T23:11:07.6043360-05:00 [PHASE5B] [OK ] [5.1] PARTS: 1,340,000/1,551,229 (86.4%) batches=268 elapsed=0.02s
2026-08-24T23:11:07.6063341-05:00 [PHASE5B] [RUN] [5.1] P5B_SET_MEMBERS / PARTS 1,340,000/1,551,229 ( 86.4%) batch=269
2026-08-24T23:11:07.6293342-05:00 [PHASE5B] [OK ] [5.1] PARTS: 1,345,000/1,551,229 (86.7%) batches=269 elapsed=0.02s
2026-08-24T23:11:07.6313345-05:00 [PHASE5B] [RUN] [5.1] P5B_SET_MEMBERS / PARTS 1,345,000/1,551,229 ( 86.7%) batch=270
2026-08-24T23:11:07.6543341-05:00 [PHASE5B] [OK ] [5.1] PARTS: 1,350,000/1,551,229 (87.0%) batches=270 elapsed=0.02s
2026-08-24T23:11:07.6553344-05:00 [PHASE5B] [RUN] [5.1] P5B_SET_MEMBERS / PARTS 1,350,000/1,551,229 ( 87.0%) batch=271
2026-08-24T23:11:07.6783340-05:00 [PHASE5B] [OK ] [5.1] PARTS: 1,355,000/1,551,229 (87.4%) batches=271 elapsed=0.02s
2026-08-24T23:11:07.6793340-05:00 [PHASE5B] [RUN] [5.1] P5B_SET_MEMBERS / PARTS 1,355,000/1,551,229 ( 87.4%) batch=272
2026-08-24T23:11:07.7013344-05:00 [PHASE5B] [OK ] [5.1] PARTS: 1,360,000/1,551,229 (87.7%) batches=272 elapsed=0.02s
2026-08-24T23:11:07.7023341-05:00 [PHASE5B] [RUN] [5.1] P5B_SET_MEMBERS / PARTS 1,360,000/1,551,229 ( 87.7%) batch=273
2026-08-24T23:11:07.7233341-05:00 [PHASE5B] [OK ] [5.1] PARTS: 1,365,000/1,551,229 (88.0%) batches=273 elapsed=0.02s
2026-08-24T23:11:07.7243341-05:00 [PHASE5B] [RUN] [5.1] P5B_SET_MEMBERS / PARTS 1,365,000/1,551,229 ( 88.0%) batch=274
2026-08-24T23:11:07.7453377-05:00 [PHASE5B] [OK ] [5.1] PARTS: 1,370,000/1,551,229 (88.3%) batches=274 elapsed=0.02s
2026-08-24T23:11:07.7463352-05:00 [PHASE5B] [RUN] [5.1] P5B_SET_MEMBERS / PARTS 1,370,000/1,551,229 ( 88.3%) batch=275
2026-08-24T23:11:07.7683343-05:00 [PHASE5B] [OK ] [5.1] PARTS: 1,375,000/1,551,229 (88.6%) batches=275 elapsed=0.02s
2026-08-24T23:11:07.7693374-05:00 [PHASE5B] [RUN] [5.1] P5B_SET_MEMBERS / PARTS 1,375,000/1,551,229 ( 88.6%) batch=276
2026-08-24T23:11:07.7903366-05:00 [PHASE5B] [OK ] [5.1] PARTS: 1,380,000/1,551,229 (89.0%) batches=276 elapsed=0.02s
2026-08-24T23:11:07.7913362-05:00 [PHASE5B] [RUN] [5.1] P5B_SET_MEMBERS / PARTS 1,380,000/1,551,229 ( 89.0%) batch=277
2026-08-24T23:11:07.8153341-05:00 [PHASE5B] [OK ] [5.1] PARTS: 1,385,000/1,551,229 (89.3%) batches=277 elapsed=0.02s
2026-08-24T23:11:07.8163338-05:00 [PHASE5B] [RUN] [5.1] P5B_SET_MEMBERS / PARTS 1,385,000/1,551,229 ( 89.3%) batch=278
2026-08-24T23:11:07.8393349-05:00 [PHASE5B] [OK ] [5.1] PARTS: 1,390,000/1,551,229 (89.6%) batches=278 elapsed=0.02s
2026-08-24T23:11:07.8403350-05:00 [PHASE5B] [RUN] [5.1] P5B_SET_MEMBERS / PARTS 1,390,000/1,551,229 ( 89.6%) batch=279
2026-08-24T23:11:07.8643336-05:00 [PHASE5B] [OK ] [5.1] PARTS: 1,395,000/1,551,229 (89.9%) batches=279 elapsed=0.02s
2026-08-24T23:11:07.8653338-05:00 [PHASE5B] [RUN] [5.1] P5B_SET_MEMBERS / PARTS 1,395,000/1,551,229 ( 89.9%) batch=280
2026-08-24T23:11:07.8873344-05:00 [PHASE5B] [OK ] [5.1] PARTS: 1,400,000/1,551,229 (90.3%) batches=280 elapsed=0.02s
2026-08-24T23:11:07.8893348-05:00 [PHASE5B] [RUN] [5.1] P5B_SET_MEMBERS / PARTS 1,400,000/1,551,229 ( 90.3%) batch=281
2026-08-24T23:11:07.9123364-05:00 [PHASE5B] [OK ] [5.1] PARTS: 1,405,000/1,551,229 (90.6%) batches=281 elapsed=0.02s
2026-08-24T23:11:07.9143341-05:00 [PHASE5B] [RUN] [5.1] P5B_SET_MEMBERS / PARTS 1,405,000/1,551,229 ( 90.6%) batch=282
2026-08-24T23:11:07.9353391-05:00 [PHASE5B] [OK ] [5.1] PARTS: 1,410,000/1,551,229 (90.9%) batches=282 elapsed=0.02s
2026-08-24T23:11:07.9373370-05:00 [PHASE5B] [RUN] [5.1] P5B_SET_MEMBERS / PARTS 1,410,000/1,551,229 ( 90.9%) batch=283
2026-08-24T23:11:07.9583363-05:00 [PHASE5B] [OK ] [5.1] PARTS: 1,415,000/1,551,229 (91.2%) batches=283 elapsed=0.02s
2026-08-24T23:11:07.9603365-05:00 [PHASE5B] [RUN] [5.1] P5B_SET_MEMBERS / PARTS 1,415,000/1,551,229 ( 91.2%) batch=284
2026-08-24T23:11:07.9823357-05:00 [PHASE5B] [OK ] [5.1] PARTS: 1,420,000/1,551,229 (91.5%) batches=284 elapsed=0.02s
2026-08-24T23:11:07.9843340-05:00 [PHASE5B] [RUN] [5.1] P5B_SET_MEMBERS / PARTS 1,420,000/1,551,229 ( 91.5%) batch=285
2026-08-24T23:11:08.0063344-05:00 [PHASE5B] [OK ] [5.1] PARTS: 1,425,000/1,551,229 (91.9%) batches=285 elapsed=0.02s
2026-08-24T23:11:08.0073372-05:00 [PHASE5B] [RUN] [5.1] P5B_SET_MEMBERS / PARTS 1,425,000/1,551,229 ( 91.9%) batch=286
2026-08-24T23:11:08.0293344-05:00 [PHASE5B] [OK ] [5.1] PARTS: 1,430,000/1,551,229 (92.2%) batches=286 elapsed=0.02s
2026-08-24T23:11:08.0313367-05:00 [PHASE5B] [RUN] [5.1] P5B_SET_MEMBERS / PARTS 1,430,000/1,551,229 ( 92.2%) batch=287
2026-08-24T23:11:08.0533366-05:00 [PHASE5B] [OK ] [5.1] PARTS: 1,435,000/1,551,229 (92.5%) batches=287 elapsed=0.02s
2026-08-24T23:11:08.0543363-05:00 [PHASE5B] [RUN] [5.1] P5B_SET_MEMBERS / PARTS 1,435,000/1,551,229 ( 92.5%) batch=288
2026-08-24T23:11:08.0773339-05:00 [PHASE5B] [OK ] [5.1] PARTS: 1,440,000/1,551,229 (92.8%) batches=288 elapsed=0.02s
2026-08-24T23:11:08.0783371-05:00 [PHASE5B] [RUN] [5.1] P5B_SET_MEMBERS / PARTS 1,440,000/1,551,229 ( 92.8%) batch=289
2026-08-24T23:11:08.1013344-05:00 [PHASE5B] [OK ] [5.1] PARTS: 1,445,000/1,551,229 (93.2%) batches=289 elapsed=0.02s
2026-08-24T23:11:08.1023367-05:00 [PHASE5B] [RUN] [5.1] P5B_SET_MEMBERS / PARTS 1,445,000/1,551,229 ( 93.2%) batch=290
2026-08-24T23:11:08.1253341-05:00 [PHASE5B] [OK ] [5.1] PARTS: 1,450,000/1,551,229 (93.5%) batches=290 elapsed=0.02s
2026-08-24T23:11:08.1263366-05:00 [PHASE5B] [RUN] [5.1] P5B_SET_MEMBERS / PARTS 1,450,000/1,551,229 ( 93.5%) batch=291
2026-08-24T23:11:08.1493344-05:00 [PHASE5B] [OK ] [5.1] PARTS: 1,455,000/1,551,229 (93.8%) batches=291 elapsed=0.02s
2026-08-24T23:11:08.1513372-05:00 [PHASE5B] [RUN] [5.1] P5B_SET_MEMBERS / PARTS 1,455,000/1,551,229 ( 93.8%) batch=292
2026-08-24T23:11:08.1743366-05:00 [PHASE5B] [OK ] [5.1] PARTS: 1,460,000/1,551,229 (94.1%) batches=292 elapsed=0.02s
2026-08-24T23:11:08.1763367-05:00 [PHASE5B] [RUN] [5.1] P5B_SET_MEMBERS / PARTS 1,460,000/1,551,229 ( 94.1%) batch=293
2026-08-24T23:11:08.1973345-05:00 [PHASE5B] [OK ] [5.1] PARTS: 1,465,000/1,551,229 (94.4%) batches=293 elapsed=0.02s
2026-08-24T23:11:08.1983367-05:00 [PHASE5B] [RUN] [5.1] P5B_SET_MEMBERS / PARTS 1,465,000/1,551,229 ( 94.4%) batch=294
2026-08-24T23:11:08.2193365-05:00 [PHASE5B] [OK ] [5.1] PARTS: 1,470,000/1,551,229 (94.8%) batches=294 elapsed=0.02s
2026-08-24T23:11:08.2203344-05:00 [PHASE5B] [RUN] [5.1] P5B_SET_MEMBERS / PARTS 1,470,000/1,551,229 ( 94.8%) batch=295
2026-08-24T23:11:08.2423347-05:00 [PHASE5B] [OK ] [5.1] PARTS: 1,475,000/1,551,229 (95.1%) batches=295 elapsed=0.02s
2026-08-24T23:11:08.2433345-05:00 [PHASE5B] [RUN] [5.1] P5B_SET_MEMBERS / PARTS 1,475,000/1,551,229 ( 95.1%) batch=296
2026-08-24T23:11:08.2657093-05:00 [PHASE5B] [OK ] [5.1] PARTS: 1,480,000/1,551,229 (95.4%) batches=296 elapsed=0.02s
2026-08-24T23:11:08.2667572-05:00 [PHASE5B] [RUN] [5.1] P5B_SET_MEMBERS / PARTS 1,480,000/1,551,229 ( 95.4%) batch=297
2026-08-24T23:11:08.2879041-05:00 [PHASE5B] [OK ] [5.1] PARTS: 1,485,000/1,551,229 (95.7%) batches=297 elapsed=0.02s
2026-08-24T23:11:08.2899068-05:00 [PHASE5B] [RUN] [5.1] P5B_SET_MEMBERS / PARTS 1,485,000/1,551,229 ( 95.7%) batch=298
2026-08-24T23:11:08.3109056-05:00 [PHASE5B] [OK ] [5.1] PARTS: 1,490,000/1,551,229 (96.1%) batches=298 elapsed=0.02s
2026-08-24T23:11:08.3119080-05:00 [PHASE5B] [RUN] [5.1] P5B_SET_MEMBERS / PARTS 1,490,000/1,551,229 ( 96.1%) batch=299
2026-08-24T23:11:08.3339069-05:00 [PHASE5B] [OK ] [5.1] PARTS: 1,495,000/1,551,229 (96.4%) batches=299 elapsed=0.02s
2026-08-24T23:11:08.3349070-05:00 [PHASE5B] [RUN] [5.1] P5B_SET_MEMBERS / PARTS 1,495,000/1,551,229 ( 96.4%) batch=300
2026-08-24T23:11:08.3559068-05:00 [PHASE5B] [OK ] [5.1] PARTS: 1,500,000/1,551,229 (96.7%) batches=300 elapsed=0.02s
2026-08-24T23:11:08.3569039-05:00 [PHASE5B] [RUN] [5.1] P5B_SET_MEMBERS / PARTS 1,500,000/1,551,229 ( 96.7%) batch=301
2026-08-24T23:11:08.3789064-05:00 [PHASE5B] [OK ] [5.1] PARTS: 1,505,000/1,551,229 (97.0%) batches=301 elapsed=0.02s
2026-08-24T23:11:08.3799049-05:00 [PHASE5B] [RUN] [5.1] P5B_SET_MEMBERS / PARTS 1,505,000/1,551,229 ( 97.0%) batch=302
2026-08-24T23:11:08.4029045-05:00 [PHASE5B] [OK ] [5.1] PARTS: 1,510,000/1,551,229 (97.3%) batches=302 elapsed=0.02s
2026-08-24T23:11:08.4039053-05:00 [PHASE5B] [RUN] [5.1] P5B_SET_MEMBERS / PARTS 1,510,000/1,551,229 ( 97.3%) batch=303
2026-08-24T23:11:08.4249062-05:00 [PHASE5B] [OK ] [5.1] PARTS: 1,515,000/1,551,229 (97.7%) batches=303 elapsed=0.02s
2026-08-24T23:11:08.4269041-05:00 [PHASE5B] [RUN] [5.1] P5B_SET_MEMBERS / PARTS 1,515,000/1,551,229 ( 97.7%) batch=304
2026-08-24T23:11:08.4489055-05:00 [PHASE5B] [OK ] [5.1] PARTS: 1,520,000/1,551,229 (98.0%) batches=304 elapsed=0.02s
2026-08-24T23:11:08.4509069-05:00 [PHASE5B] [RUN] [5.1] P5B_SET_MEMBERS / PARTS 1,520,000/1,551,229 ( 98.0%) batch=305
2026-08-24T23:11:08.4719044-05:00 [PHASE5B] [OK ] [5.1] PARTS: 1,525,000/1,551,229 (98.3%) batches=305 elapsed=0.02s
2026-08-24T23:11:08.4739071-05:00 [PHASE5B] [RUN] [5.1] P5B_SET_MEMBERS / PARTS 1,525,000/1,551,229 ( 98.3%) batch=306
2026-08-24T23:11:08.4969067-05:00 [PHASE5B] [OK ] [5.1] PARTS: 1,530,000/1,551,229 (98.6%) batches=306 elapsed=0.02s
2026-08-24T23:11:08.4989066-05:00 [PHASE5B] [RUN] [5.1] P5B_SET_MEMBERS / PARTS 1,530,000/1,551,229 ( 98.6%) batch=307
2026-08-24T23:11:08.5209043-05:00 [PHASE5B] [OK ] [5.1] PARTS: 1,535,000/1,551,229 (99.0%) batches=307 elapsed=0.02s
2026-08-24T23:11:08.5229036-05:00 [PHASE5B] [RUN] [5.1] P5B_SET_MEMBERS / PARTS 1,535,000/1,551,229 ( 99.0%) batch=308
2026-08-24T23:11:08.5449053-05:00 [PHASE5B] [OK ] [5.1] PARTS: 1,540,000/1,551,229 (99.3%) batches=308 elapsed=0.02s
2026-08-24T23:11:08.5459069-05:00 [PHASE5B] [RUN] [5.1] P5B_SET_MEMBERS / PARTS 1,540,000/1,551,229 ( 99.3%) batch=309
2026-08-24T23:11:08.5659065-05:00 [PHASE5B] [OK ] [5.1] PARTS: 1,545,000/1,551,229 (99.6%) batches=309 elapsed=0.02s
2026-08-24T23:11:08.5679067-05:00 [PHASE5B] [RUN] [5.1] P5B_SET_MEMBERS / PARTS 1,545,000/1,551,229 ( 99.6%) batch=310
2026-08-24T23:11:08.5889036-05:00 [PHASE5B] [OK ] [5.1] PARTS: 1,550,000/1,551,229 (99.9%) batches=310 elapsed=0.02s
2026-08-24T23:11:08.5899072-05:00 [PHASE5B] [RUN] [5.1] P5B_SET_MEMBERS / PARTS 1,550,000/1,551,229 ( 99.9%) batch=311
2026-08-24T23:11:08.6079044-05:00 [PHASE5B] [OK ] [5.1] PARTS: 1,551,229/1,551,229 (100.0%) batches=311 elapsed=0.02s
2026-08-24T23:11:08.6089072-05:00 [PHASE5B] 
2026-08-24T23:11:08.6099058-05:00 [PHASE5B] -------------------------------------------------------------------------------
2026-08-24T23:11:08.6109052-05:00 [PHASE5B]  Durable Phase 5B checkpoint status
2026-08-24T23:11:08.6119066-05:00 [PHASE5B] -------------------------------------------------------------------------------
2026-08-24T23:11:08.6129044-05:00 [PHASE5B] 
2026-08-24T23:11:08.6129044-05:00 [PHASE5B] [1/10] P5B_VALIDATE
2026-08-24T23:11:08.6139041-05:00 [PHASE5B]       [1.1] SOURCE_CONTRACT              COMPLETED          1 / 1          100.0% batches=1
2026-08-24T23:11:08.6149065-05:00 [PHASE5B]       [1.2] PARENT_CLASSIFICATION        COMPLETED          1 / 1          100.0% batches=1
2026-08-24T23:11:08.6159041-05:00 [PHASE5B]       [1.3] CATALOG_REFERENCES           COMPLETED          1 / 1          100.0% batches=1
2026-08-24T23:11:08.6169034-05:00 [PHASE5B]       [1.4] VERSION_KEYS                 COMPLETED          1 / 1          100.0% batches=1
2026-08-24T23:11:08.6169034-05:00 [PHASE5B] 
2026-08-24T23:11:08.6179040-05:00 [PHASE5B] [2/10] P5B_VARIANTS
2026-08-24T23:11:08.6189053-05:00 [PHASE5B]       [2.1] BASE_PART_COLOR_VARIANTS     COMPLETED  1,551,229 / 1,551,229  100.0% batches=311
2026-08-24T23:11:08.6199053-05:00 [PHASE5B] 
2026-08-24T23:11:08.6199053-05:00 [PHASE5B] [3/10] P5B_DEFINITIONS
2026-08-24T23:11:08.6209040-05:00 [PHASE5B]       [3.1] PARENT_DEFINITIONS           COMPLETED     47,216 / 47,216     100.0% batches=10
2026-08-24T23:11:08.6219053-05:00 [PHASE5B] 
2026-08-24T23:11:08.6229059-05:00 [PHASE5B] [4/10] P5B_VERSIONS
2026-08-24T23:11:08.6239043-05:00 [PHASE5B]       [4.1] SOURCE_VERSIONS              COMPLETED     47,216 / 47,216     100.0% batches=10
2026-08-24T23:11:08.6249041-05:00 [PHASE5B] 
2026-08-24T23:11:08.6259034-05:00 [PHASE5B] [5/10] P5B_SET_MEMBERS
2026-08-24T23:11:08.6269037-05:00 [PHASE5B]       [5.1] PARTS                        COMPLETED  1,551,229 / 1,551,229  100.0% batches=311
2026-08-24T23:11:08.6269037-05:00 [PHASE5B]       [5.2] SETS                         PENDING            0 / 5,176        0.0% batches=0
2026-08-24T23:11:08.6279043-05:00 [PHASE5B]       [5.3] MINIFIGURES                  PENDING            0 / 25,738       0.0% batches=0
2026-08-24T23:11:08.6289051-05:00 [PHASE5B] 
2026-08-24T23:11:08.6299040-05:00 [PHASE5B] [6/10] P5B_MINIFIG_MEMBERS
2026-08-24T23:11:08.6299040-05:00 [PHASE5B]       [6.1] PARTS                        PENDING            0 / 1,551,229    0.0% batches=0
2026-08-24T23:11:08.6309068-05:00 [PHASE5B] 
2026-08-24T23:11:08.6319054-05:00 [PHASE5B] [7/10] P5B_MINIFIG_ANCHORS
2026-08-24T23:11:08.6329042-05:00 [PHASE5B]       [7.1] COMPOSITIONS                 PENDING            0 / 47,216       0.0% batches=0
2026-08-24T23:11:08.6339040-05:00 [PHASE5B] 
2026-08-24T23:11:08.6339040-05:00 [PHASE5B] [8/10] P5B_FINALIZE_VERSIONS
2026-08-24T23:11:08.6349054-05:00 [PHASE5B]       [8.1] HASH_AND_FINALIZE            PENDING            0 / 47,216       0.0% batches=0
2026-08-24T23:11:08.6359060-05:00 [PHASE5B] 
2026-08-24T23:11:08.6369043-05:00 [PHASE5B] [9/10] P5B_AUTHORITY
2026-08-24T23:11:08.6369043-05:00 [PHASE5B]       [9.1] LATEST_SOURCE                PENDING            0 / 47,216       0.0% batches=0
2026-08-24T23:11:08.6379062-05:00 [PHASE5B] 
2026-08-24T23:11:08.6389043-05:00 [PHASE5B] [10/10] P5B_COMPLETE
2026-08-24T23:11:08.6399059-05:00 [PHASE5B]       [10.1] VERIFY                       PENDING            0 / 1            0.0% batches=0
2026-08-24T23:11:08.6409049-05:00 [PHASE5B]       [10.2] COMPLETE_RUN                 PENDING            0 / 1            0.0% batches=0
2026-08-24T23:11:08.6409049-05:00 [PHASE5B] 
2026-08-24T23:11:08.6419051-05:00 [PHASE5B] [RUN] [5.2] P5B_SET_MEMBERS / SETS 0/5,176 (  0.0%) batch=1
2026-08-24T23:11:08.6429068-05:00 [PHASE5B] [OK ] [5.2] SETS: 5,000/5,176 (96.6%) batches=1 elapsed=0.03s
2026-08-24T23:11:08.6439065-05:00 [PHASE5B] [RUN] [5.2] P5B_SET_MEMBERS / SETS 5,000/5,176 ( 96.6%) batch=2
2026-08-24T23:11:08.6699078-05:00 [PHASE5B] [OK ] [5.2] SETS: 5,176/5,176 (100.0%) batches=2 elapsed=0.03s
2026-08-24T23:11:08.6709060-05:00 [PHASE5B] 
2026-08-24T23:11:08.6719108-05:00 [PHASE5B] -------------------------------------------------------------------------------
2026-08-24T23:11:08.6729066-05:00 [PHASE5B]  Durable Phase 5B checkpoint status
2026-08-24T23:11:08.6739054-05:00 [PHASE5B] -------------------------------------------------------------------------------
2026-08-24T23:11:08.6749049-05:00 [PHASE5B] 
2026-08-24T23:11:08.6759056-05:00 [PHASE5B] [1/10] P5B_VALIDATE
2026-08-24T23:11:08.6769050-05:00 [PHASE5B]       [1.1] SOURCE_CONTRACT              COMPLETED          1 / 1          100.0% batches=1
2026-08-24T23:11:08.6769050-05:00 [PHASE5B]       [1.2] PARENT_CLASSIFICATION        COMPLETED          1 / 1          100.0% batches=1
2026-08-24T23:11:08.6779046-05:00 [PHASE5B]       [1.3] CATALOG_REFERENCES           COMPLETED          1 / 1          100.0% batches=1
2026-08-24T23:11:08.6789067-05:00 [PHASE5B]       [1.4] VERSION_KEYS                 COMPLETED          1 / 1          100.0% batches=1
2026-08-24T23:11:08.6789067-05:00 [PHASE5B] 
2026-08-24T23:11:08.6799058-05:00 [PHASE5B] [2/10] P5B_VARIANTS
2026-08-24T23:11:08.6809080-05:00 [PHASE5B]       [2.1] BASE_PART_COLOR_VARIANTS     COMPLETED  1,551,229 / 1,551,229  100.0% batches=311
2026-08-24T23:11:08.6819083-05:00 [PHASE5B] 
2026-08-24T23:11:08.6829055-05:00 [PHASE5B] [3/10] P5B_DEFINITIONS
2026-08-24T23:11:08.6829055-05:00 [PHASE5B]       [3.1] PARENT_DEFINITIONS           COMPLETED     47,216 / 47,216     100.0% batches=10
2026-08-24T23:11:08.6839044-05:00 [PHASE5B] 
2026-08-24T23:11:08.6849055-05:00 [PHASE5B] [4/10] P5B_VERSIONS
2026-08-24T23:11:08.6859047-05:00 [PHASE5B]       [4.1] SOURCE_VERSIONS              COMPLETED     47,216 / 47,216     100.0% batches=10
2026-08-24T23:11:08.6869047-05:00 [PHASE5B] 
2026-08-24T23:11:08.6869047-05:00 [PHASE5B] [5/10] P5B_SET_MEMBERS
2026-08-24T23:11:08.6879045-05:00 [PHASE5B]       [5.1] PARTS                        COMPLETED  1,551,229 / 1,551,229  100.0% batches=311
2026-08-24T23:11:08.6889048-05:00 [PHASE5B]       [5.2] SETS                         COMPLETED      5,176 / 5,176      100.0% batches=2
2026-08-24T23:11:08.6899048-05:00 [PHASE5B]       [5.3] MINIFIGURES                  PENDING            0 / 25,738       0.0% batches=0
2026-08-24T23:11:08.6909045-05:00 [PHASE5B] 
2026-08-24T23:11:08.6919045-05:00 [PHASE5B] [6/10] P5B_MINIFIG_MEMBERS
2026-08-24T23:11:08.6919045-05:00 [PHASE5B]       [6.1] PARTS                        PENDING            0 / 1,551,229    0.0% batches=0
2026-08-24T23:11:08.6929046-05:00 [PHASE5B] 
2026-08-24T23:11:08.6939060-05:00 [PHASE5B] [7/10] P5B_MINIFIG_ANCHORS
2026-08-24T23:11:08.6949046-05:00 [PHASE5B]       [7.1] COMPOSITIONS                 PENDING            0 / 47,216       0.0% batches=0
2026-08-24T23:11:08.6959045-05:00 [PHASE5B] 
2026-08-24T23:11:08.6959045-05:00 [PHASE5B] [8/10] P5B_FINALIZE_VERSIONS
2026-08-24T23:11:08.6969054-05:00 [PHASE5B]       [8.1] HASH_AND_FINALIZE            PENDING            0 / 47,216       0.0% batches=0
2026-08-24T23:11:08.6979046-05:00 [PHASE5B] 
2026-08-24T23:11:08.6989047-05:00 [PHASE5B] [9/10] P5B_AUTHORITY
2026-08-24T23:11:08.6999049-05:00 [PHASE5B]       [9.1] LATEST_SOURCE                PENDING            0 / 47,216       0.0% batches=0
2026-08-24T23:11:08.6999049-05:00 [PHASE5B] 
2026-08-24T23:11:08.7009048-05:00 [PHASE5B] [10/10] P5B_COMPLETE
2026-08-24T23:11:08.7019068-05:00 [PHASE5B]       [10.1] VERIFY                       PENDING            0 / 1            0.0% batches=0
2026-08-24T23:11:08.7029066-05:00 [PHASE5B]       [10.2] COMPLETE_RUN                 PENDING            0 / 1            0.0% batches=0
2026-08-24T23:11:08.7039066-05:00 [PHASE5B] 
2026-08-24T23:11:08.7039066-05:00 [PHASE5B] [RUN] [5.3] P5B_SET_MEMBERS / MINIFIGURES 0/25,738 (  0.0%) batch=1
2026-08-24T23:11:08.7149039-05:00 [PHASE5B] [OK ] [5.3] MINIFIGURES: 5,000/25,738 (19.4%) batches=1 elapsed=0.04s
2026-08-24T23:11:08.7159071-05:00 [PHASE5B] [RUN] [5.3] P5B_SET_MEMBERS / MINIFIGURES 5,000/25,738 ( 19.4%) batch=2
2026-08-24T23:11:08.8131284-05:00 [PHASE5B] [OK ] [5.3] MINIFIGURES: 10,000/25,738 (38.9%) batches=2 elapsed=0.10s
2026-08-24T23:11:08.8141278-05:00 [PHASE5B] [RUN] [5.3] P5B_SET_MEMBERS / MINIFIGURES 10,000/25,738 ( 38.9%) batch=3
2026-08-24T23:11:08.8581297-05:00 [PHASE5B] [OK ] [5.3] MINIFIGURES: 15,000/25,738 (58.3%) batches=3 elapsed=0.05s
2026-08-24T23:11:08.8591277-05:00 [PHASE5B] [RUN] [5.3] P5B_SET_MEMBERS / MINIFIGURES 15,000/25,738 ( 58.3%) batch=4
2026-08-24T23:11:08.9011282-05:00 [PHASE5B] [OK ] [5.3] MINIFIGURES: 20,000/25,738 (77.7%) batches=4 elapsed=0.04s
2026-08-24T23:11:08.9021288-05:00 [PHASE5B] [RUN] [5.3] P5B_SET_MEMBERS / MINIFIGURES 20,000/25,738 ( 77.7%) batch=5
2026-08-24T23:11:08.9331283-05:00 [PHASE5B] [OK ] [5.3] MINIFIGURES: 25,000/25,738 (97.1%) batches=5 elapsed=0.03s
2026-08-24T23:11:08.9341297-05:00 [PHASE5B] [RUN] [5.3] P5B_SET_MEMBERS / MINIFIGURES 25,000/25,738 ( 97.1%) batch=6
2026-08-24T23:11:08.9581291-05:00 [PHASE5B] [OK ] [5.3] MINIFIGURES: 25,738/25,738 (100.0%) batches=6 elapsed=0.02s
2026-08-24T23:11:08.9591276-05:00 [PHASE5B] 
2026-08-24T23:11:08.9601318-05:00 [PHASE5B] -------------------------------------------------------------------------------
2026-08-24T23:11:08.9601318-05:00 [PHASE5B]  Durable Phase 5B checkpoint status
2026-08-24T23:11:08.9611282-05:00 [PHASE5B] -------------------------------------------------------------------------------
2026-08-24T23:11:08.9621275-05:00 [PHASE5B] 
2026-08-24T23:11:08.9631277-05:00 [PHASE5B] [1/10] P5B_VALIDATE
2026-08-24T23:11:08.9631277-05:00 [PHASE5B]       [1.1] SOURCE_CONTRACT              COMPLETED          1 / 1          100.0% batches=1
2026-08-24T23:11:08.9641280-05:00 [PHASE5B]       [1.2] PARENT_CLASSIFICATION        COMPLETED          1 / 1          100.0% batches=1
2026-08-24T23:11:08.9651282-05:00 [PHASE5B]       [1.3] CATALOG_REFERENCES           COMPLETED          1 / 1          100.0% batches=1
2026-08-24T23:11:08.9661302-05:00 [PHASE5B]       [1.4] VERSION_KEYS                 COMPLETED          1 / 1          100.0% batches=1
2026-08-24T23:11:08.9661302-05:00 [PHASE5B] 
2026-08-24T23:11:08.9671275-05:00 [PHASE5B] [2/10] P5B_VARIANTS
2026-08-24T23:11:08.9681284-05:00 [PHASE5B]       [2.1] BASE_PART_COLOR_VARIANTS     COMPLETED  1,551,229 / 1,551,229  100.0% batches=311
2026-08-24T23:11:08.9691276-05:00 [PHASE5B] 
2026-08-24T23:11:08.9701280-05:00 [PHASE5B] [3/10] P5B_DEFINITIONS
2026-08-24T23:11:08.9701280-05:00 [PHASE5B]       [3.1] PARENT_DEFINITIONS           COMPLETED     47,216 / 47,216     100.0% batches=10
2026-08-24T23:11:08.9711300-05:00 [PHASE5B] 
2026-08-24T23:11:08.9721279-05:00 [PHASE5B] [4/10] P5B_VERSIONS
2026-08-24T23:11:08.9731287-05:00 [PHASE5B]       [4.1] SOURCE_VERSIONS              COMPLETED     47,216 / 47,216     100.0% batches=10
2026-08-24T23:11:08.9741277-05:00 [PHASE5B] 
2026-08-24T23:11:08.9741277-05:00 [PHASE5B] [5/10] P5B_SET_MEMBERS
2026-08-24T23:11:08.9751278-05:00 [PHASE5B]       [5.1] PARTS                        COMPLETED  1,551,229 / 1,551,229  100.0% batches=311
2026-08-24T23:11:08.9761282-05:00 [PHASE5B]       [5.2] SETS                         COMPLETED      5,176 / 5,176      100.0% batches=2
2026-08-24T23:11:08.9771277-05:00 [PHASE5B]       [5.3] MINIFIGURES                  COMPLETED     25,738 / 25,738     100.0% batches=6
2026-08-24T23:11:08.9771277-05:00 [PHASE5B] 
2026-08-24T23:11:08.9781277-05:00 [PHASE5B] [6/10] P5B_MINIFIG_MEMBERS
2026-08-24T23:11:08.9791284-05:00 [PHASE5B]       [6.1] PARTS                        PENDING            0 / 1,551,229    0.0% batches=0
2026-08-24T23:11:08.9801307-05:00 [PHASE5B] 
2026-08-24T23:11:08.9811285-05:00 [PHASE5B] [7/10] P5B_MINIFIG_ANCHORS
2026-08-24T23:11:08.9821279-05:00 [PHASE5B]       [7.1] COMPOSITIONS                 PENDING            0 / 47,216       0.0% batches=0
2026-08-24T23:11:08.9821279-05:00 [PHASE5B] 
2026-08-24T23:11:08.9831286-05:00 [PHASE5B] [8/10] P5B_FINALIZE_VERSIONS
2026-08-24T23:11:08.9841286-05:00 [PHASE5B]       [8.1] HASH_AND_FINALIZE            PENDING            0 / 47,216       0.0% batches=0
2026-08-24T23:11:08.9851295-05:00 [PHASE5B] 
2026-08-24T23:11:08.9861282-05:00 [PHASE5B] [9/10] P5B_AUTHORITY
2026-08-24T23:11:08.9861282-05:00 [PHASE5B]       [9.1] LATEST_SOURCE                PENDING            0 / 47,216       0.0% batches=0
2026-08-24T23:11:08.9871277-05:00 [PHASE5B] 
2026-08-24T23:11:08.9881278-05:00 [PHASE5B] [10/10] P5B_COMPLETE
2026-08-24T23:11:08.9891273-05:00 [PHASE5B]       [10.1] VERIFY                       PENDING            0 / 1            0.0% batches=0
2026-08-24T23:11:08.9901276-05:00 [PHASE5B]       [10.2] COMPLETE_RUN                 PENDING            0 / 1            0.0% batches=0
2026-08-24T23:11:08.9901276-05:00 [PHASE5B] 
2026-08-24T23:11:08.9911280-05:00 [PHASE5B] [RUN] [6.1] P5B_MINIFIG_MEMBERS / PARTS 0/1,551,229 (  0.0%) batch=1
2026-08-24T23:11:08.9921277-05:00 [PHASE5B] [OK ] [6.1] PARTS: 5,000/1,551,229 (0.3%) batches=1 elapsed=0.02s
2026-08-24T23:11:08.9931282-05:00 [PHASE5B] [RUN] [6.1] P5B_MINIFIG_MEMBERS / PARTS 5,000/1,551,229 (  0.3%) batch=2
2026-08-24T23:11:09.0051279-05:00 [PHASE5B] [OK ] [6.1] PARTS: 10,000/1,551,229 (0.6%) batches=2 elapsed=0.02s
2026-08-24T23:11:09.0061281-05:00 [PHASE5B] [RUN] [6.1] P5B_MINIFIG_MEMBERS / PARTS 10,000/1,551,229 (  0.6%) batch=3
2026-08-24T23:11:09.0281287-05:00 [PHASE5B] [OK ] [6.1] PARTS: 15,000/1,551,229 (1.0%) batches=3 elapsed=0.02s
2026-08-24T23:11:09.0291282-05:00 [PHASE5B] [RUN] [6.1] P5B_MINIFIG_MEMBERS / PARTS 15,000/1,551,229 (  1.0%) batch=4
2026-08-24T23:11:09.0501276-05:00 [PHASE5B] [OK ] [6.1] PARTS: 20,000/1,551,229 (1.3%) batches=4 elapsed=0.02s
2026-08-24T23:11:09.0521292-05:00 [PHASE5B] [RUN] [6.1] P5B_MINIFIG_MEMBERS / PARTS 20,000/1,551,229 (  1.3%) batch=5
2026-08-24T23:11:09.0731283-05:00 [PHASE5B] [OK ] [6.1] PARTS: 25,000/1,551,229 (1.6%) batches=5 elapsed=0.02s
2026-08-24T23:11:09.0741277-05:00 [PHASE5B] [RUN] [6.1] P5B_MINIFIG_MEMBERS / PARTS 25,000/1,551,229 (  1.6%) batch=6
2026-08-24T23:11:09.0951281-05:00 [PHASE5B] [OK ] [6.1] PARTS: 30,000/1,551,229 (1.9%) batches=6 elapsed=0.02s
2026-08-24T23:11:09.0971282-05:00 [PHASE5B] [RUN] [6.1] P5B_MINIFIG_MEMBERS / PARTS 30,000/1,551,229 (  1.9%) batch=7
2026-08-24T23:11:09.1181273-05:00 [PHASE5B] [OK ] [6.1] PARTS: 35,000/1,551,229 (2.3%) batches=7 elapsed=0.02s
2026-08-24T23:11:09.1191299-05:00 [PHASE5B] [RUN] [6.1] P5B_MINIFIG_MEMBERS / PARTS 35,000/1,551,229 (  2.3%) batch=8
2026-08-24T23:11:09.1401311-05:00 [PHASE5B] [OK ] [6.1] PARTS: 40,000/1,551,229 (2.6%) batches=8 elapsed=0.02s
2026-08-24T23:11:09.1411283-05:00 [PHASE5B] [RUN] [6.1] P5B_MINIFIG_MEMBERS / PARTS 40,000/1,551,229 (  2.6%) batch=9
2026-08-24T23:11:09.1641294-05:00 [PHASE5B] [OK ] [6.1] PARTS: 45,000/1,551,229 (2.9%) batches=9 elapsed=0.02s
2026-08-24T23:11:09.1651324-05:00 [PHASE5B] [RUN] [6.1] P5B_MINIFIG_MEMBERS / PARTS 45,000/1,551,229 (  2.9%) batch=10
2026-08-24T23:11:09.1861274-05:00 [PHASE5B] [OK ] [6.1] PARTS: 50,000/1,551,229 (3.2%) batches=10 elapsed=0.02s
2026-08-24T23:11:09.1871278-05:00 [PHASE5B] [RUN] [6.1] P5B_MINIFIG_MEMBERS / PARTS 50,000/1,551,229 (  3.2%) batch=11
2026-08-24T23:11:09.2091278-05:00 [PHASE5B] [OK ] [6.1] PARTS: 55,000/1,551,229 (3.5%) batches=11 elapsed=0.02s
2026-08-24T23:11:09.2101284-05:00 [PHASE5B] [RUN] [6.1] P5B_MINIFIG_MEMBERS / PARTS 55,000/1,551,229 (  3.5%) batch=12
2026-08-24T23:11:09.2321283-05:00 [PHASE5B] [OK ] [6.1] PARTS: 60,000/1,551,229 (3.9%) batches=12 elapsed=0.02s
2026-08-24T23:11:09.2331277-05:00 [PHASE5B] [RUN] [6.1] P5B_MINIFIG_MEMBERS / PARTS 60,000/1,551,229 (  3.9%) batch=13
2026-08-24T23:11:09.2541285-05:00 [PHASE5B] [OK ] [6.1] PARTS: 65,000/1,551,229 (4.2%) batches=13 elapsed=0.02s
2026-08-24T23:11:09.2561296-05:00 [PHASE5B] [RUN] [6.1] P5B_MINIFIG_MEMBERS / PARTS 65,000/1,551,229 (  4.2%) batch=14
2026-08-24T23:11:09.2787835-05:00 [PHASE5B] [OK ] [6.1] PARTS: 70,000/1,551,229 (4.5%) batches=14 elapsed=0.02s
2026-08-24T23:11:09.2797842-05:00 [PHASE5B] [RUN] [6.1] P5B_MINIFIG_MEMBERS / PARTS 70,000/1,551,229 (  4.5%) batch=15
2026-08-24T23:11:09.3037843-05:00 [PHASE5B] [OK ] [6.1] PARTS: 75,000/1,551,229 (4.8%) batches=15 elapsed=0.02s
2026-08-24T23:11:09.3047838-05:00 [PHASE5B] [RUN] [6.1] P5B_MINIFIG_MEMBERS / PARTS 75,000/1,551,229 (  4.8%) batch=16
2026-08-24T23:11:09.3367848-05:00 [PHASE5B] [OK ] [6.1] PARTS: 80,000/1,551,229 (5.2%) batches=16 elapsed=0.03s
2026-08-24T23:11:09.3377873-05:00 [PHASE5B] [RUN] [6.1] P5B_MINIFIG_MEMBERS / PARTS 80,000/1,551,229 (  5.2%) batch=17
2026-08-24T23:11:09.3597838-05:00 [PHASE5B] [OK ] [6.1] PARTS: 85,000/1,551,229 (5.5%) batches=17 elapsed=0.02s
2026-08-24T23:11:09.3607838-05:00 [PHASE5B] [RUN] [6.1] P5B_MINIFIG_MEMBERS / PARTS 85,000/1,551,229 (  5.5%) batch=18
2026-08-24T23:11:09.3827835-05:00 [PHASE5B] [OK ] [6.1] PARTS: 90,000/1,551,229 (5.8%) batches=18 elapsed=0.02s
2026-08-24T23:11:09.3837832-05:00 [PHASE5B] [RUN] [6.1] P5B_MINIFIG_MEMBERS / PARTS 90,000/1,551,229 (  5.8%) batch=19
2026-08-24T23:11:09.4047832-05:00 [PHASE5B] [OK ] [6.1] PARTS: 95,000/1,551,229 (6.1%) batches=19 elapsed=0.02s
2026-08-24T23:11:09.4067839-05:00 [PHASE5B] [RUN] [6.1] P5B_MINIFIG_MEMBERS / PARTS 95,000/1,551,229 (  6.1%) batch=20
2026-08-24T23:11:09.4277867-05:00 [PHASE5B] [OK ] [6.1] PARTS: 100,000/1,551,229 (6.4%) batches=20 elapsed=0.02s
2026-08-24T23:11:09.4297832-05:00 [PHASE5B] [RUN] [6.1] P5B_MINIFIG_MEMBERS / PARTS 100,000/1,551,229 (  6.4%) batch=21
2026-08-24T23:11:09.4507844-05:00 [PHASE5B] [OK ] [6.1] PARTS: 105,000/1,551,229 (6.8%) batches=21 elapsed=0.02s
2026-08-24T23:11:09.4517841-05:00 [PHASE5B] [RUN] [6.1] P5B_MINIFIG_MEMBERS / PARTS 105,000/1,551,229 (  6.8%) batch=22
2026-08-24T23:11:09.4737838-05:00 [PHASE5B] [OK ] [6.1] PARTS: 110,000/1,551,229 (7.1%) batches=22 elapsed=0.02s
2026-08-24T23:11:09.4757839-05:00 [PHASE5B] [RUN] [6.1] P5B_MINIFIG_MEMBERS / PARTS 110,000/1,551,229 (  7.1%) batch=23
2026-08-24T23:11:09.4967834-05:00 [PHASE5B] [OK ] [6.1] PARTS: 115,000/1,551,229 (7.4%) batches=23 elapsed=0.02s
2026-08-24T23:11:09.4987841-05:00 [PHASE5B] [RUN] [6.1] P5B_MINIFIG_MEMBERS / PARTS 115,000/1,551,229 (  7.4%) batch=24
2026-08-24T23:11:09.5207865-05:00 [PHASE5B] [OK ] [6.1] PARTS: 120,000/1,551,229 (7.7%) batches=24 elapsed=0.02s
2026-08-24T23:11:09.5217847-05:00 [PHASE5B] [RUN] [6.1] P5B_MINIFIG_MEMBERS / PARTS 120,000/1,551,229 (  7.7%) batch=25
2026-08-24T23:11:09.5437840-05:00 [PHASE5B] [OK ] [6.1] PARTS: 125,000/1,551,229 (8.1%) batches=25 elapsed=0.02s
2026-08-24T23:11:09.5447832-05:00 [PHASE5B] [RUN] [6.1] P5B_MINIFIG_MEMBERS / PARTS 125,000/1,551,229 (  8.1%) batch=26
2026-08-24T23:11:09.5667840-05:00 [PHASE5B] [OK ] [6.1] PARTS: 130,000/1,551,229 (8.4%) batches=26 elapsed=0.02s
2026-08-24T23:11:09.5677856-05:00 [PHASE5B] [RUN] [6.1] P5B_MINIFIG_MEMBERS / PARTS 130,000/1,551,229 (  8.4%) batch=27
2026-08-24T23:11:09.5897856-05:00 [PHASE5B] [OK ] [6.1] PARTS: 135,000/1,551,229 (8.7%) batches=27 elapsed=0.02s
2026-08-24T23:11:09.5907847-05:00 [PHASE5B] [RUN] [6.1] P5B_MINIFIG_MEMBERS / PARTS 135,000/1,551,229 (  8.7%) batch=28
2026-08-24T23:11:09.6117876-05:00 [PHASE5B] [OK ] [6.1] PARTS: 140,000/1,551,229 (9.0%) batches=28 elapsed=0.02s
2026-08-24T23:11:09.6127850-05:00 [PHASE5B] [RUN] [6.1] P5B_MINIFIG_MEMBERS / PARTS 140,000/1,551,229 (  9.0%) batch=29
2026-08-24T23:11:09.6357840-05:00 [PHASE5B] [OK ] [6.1] PARTS: 145,000/1,551,229 (9.3%) batches=29 elapsed=0.02s
2026-08-24T23:11:09.6367837-05:00 [PHASE5B] [RUN] [6.1] P5B_MINIFIG_MEMBERS / PARTS 145,000/1,551,229 (  9.3%) batch=30
2026-08-24T23:11:09.6587841-05:00 [PHASE5B] [OK ] [6.1] PARTS: 150,000/1,551,229 (9.7%) batches=30 elapsed=0.02s
2026-08-24T23:11:09.6597855-05:00 [PHASE5B] [RUN] [6.1] P5B_MINIFIG_MEMBERS / PARTS 150,000/1,551,229 (  9.7%) batch=31
2026-08-24T23:11:09.6827867-05:00 [PHASE5B] [OK ] [6.1] PARTS: 155,000/1,551,229 (10.0%) batches=31 elapsed=0.02s
2026-08-24T23:11:09.6837839-05:00 [PHASE5B] [RUN] [6.1] P5B_MINIFIG_MEMBERS / PARTS 155,000/1,551,229 ( 10.0%) batch=32
2026-08-24T23:11:09.7077843-05:00 [PHASE5B] [OK ] [6.1] PARTS: 160,000/1,551,229 (10.3%) batches=32 elapsed=0.02s
2026-08-24T23:11:09.7087843-05:00 [PHASE5B] [RUN] [6.1] P5B_MINIFIG_MEMBERS / PARTS 160,000/1,551,229 ( 10.3%) batch=33
2026-08-24T23:11:09.7307867-05:00 [PHASE5B] [OK ] [6.1] PARTS: 165,000/1,551,229 (10.6%) batches=33 elapsed=0.02s
2026-08-24T23:11:09.7317837-05:00 [PHASE5B] [RUN] [6.1] P5B_MINIFIG_MEMBERS / PARTS 165,000/1,551,229 ( 10.6%) batch=34
2026-08-24T23:11:09.7537832-05:00 [PHASE5B] [OK ] [6.1] PARTS: 170,000/1,551,229 (11.0%) batches=34 elapsed=0.02s
2026-08-24T23:11:09.7557847-05:00 [PHASE5B] [RUN] [6.1] P5B_MINIFIG_MEMBERS / PARTS 170,000/1,551,229 ( 11.0%) batch=35
2026-08-24T23:11:09.7767838-05:00 [PHASE5B] [OK ] [6.1] PARTS: 175,000/1,551,229 (11.3%) batches=35 elapsed=0.02s
2026-08-24T23:11:09.7787875-05:00 [PHASE5B] [RUN] [6.1] P5B_MINIFIG_MEMBERS / PARTS 175,000/1,551,229 ( 11.3%) batch=36
2026-08-24T23:11:09.8017857-05:00 [PHASE5B] [OK ] [6.1] PARTS: 180,000/1,551,229 (11.6%) batches=36 elapsed=0.02s
2026-08-24T23:11:09.8037848-05:00 [PHASE5B] [RUN] [6.1] P5B_MINIFIG_MEMBERS / PARTS 180,000/1,551,229 ( 11.6%) batch=37
2026-08-24T23:11:09.8247836-05:00 [PHASE5B] [OK ] [6.1] PARTS: 185,000/1,551,229 (11.9%) batches=37 elapsed=0.02s
2026-08-24T23:11:09.8267841-05:00 [PHASE5B] [RUN] [6.1] P5B_MINIFIG_MEMBERS / PARTS 185,000/1,551,229 ( 11.9%) batch=38
2026-08-24T23:11:09.8487868-05:00 [PHASE5B] [OK ] [6.1] PARTS: 190,000/1,551,229 (12.2%) batches=38 elapsed=0.02s
2026-08-24T23:11:09.8497833-05:00 [PHASE5B] [RUN] [6.1] P5B_MINIFIG_MEMBERS / PARTS 190,000/1,551,229 ( 12.2%) batch=39
2026-08-24T23:11:09.8717831-05:00 [PHASE5B] [OK ] [6.1] PARTS: 195,000/1,551,229 (12.6%) batches=39 elapsed=0.02s
2026-08-24T23:11:09.8737836-05:00 [PHASE5B] [RUN] [6.1] P5B_MINIFIG_MEMBERS / PARTS 195,000/1,551,229 ( 12.6%) batch=40
2026-08-24T23:11:09.8947834-05:00 [PHASE5B] [OK ] [6.1] PARTS: 200,000/1,551,229 (12.9%) batches=40 elapsed=0.02s
2026-08-24T23:11:09.8957848-05:00 [PHASE5B] [RUN] [6.1] P5B_MINIFIG_MEMBERS / PARTS 200,000/1,551,229 ( 12.9%) batch=41
2026-08-24T23:11:09.9167853-05:00 [PHASE5B] [OK ] [6.1] PARTS: 205,000/1,551,229 (13.2%) batches=41 elapsed=0.02s
2026-08-24T23:11:09.9177873-05:00 [PHASE5B] [RUN] [6.1] P5B_MINIFIG_MEMBERS / PARTS 205,000/1,551,229 ( 13.2%) batch=42
2026-08-24T23:11:09.9387832-05:00 [PHASE5B] [OK ] [6.1] PARTS: 210,000/1,551,229 (13.5%) batches=42 elapsed=0.02s
2026-08-24T23:11:09.9397839-05:00 [PHASE5B] [RUN] [6.1] P5B_MINIFIG_MEMBERS / PARTS 210,000/1,551,229 ( 13.5%) batch=43
2026-08-24T23:11:09.9607831-05:00 [PHASE5B] [OK ] [6.1] PARTS: 215,000/1,551,229 (13.9%) batches=43 elapsed=0.02s
2026-08-24T23:11:09.9617846-05:00 [PHASE5B] [RUN] [6.1] P5B_MINIFIG_MEMBERS / PARTS 215,000/1,551,229 ( 13.9%) batch=44
2026-08-24T23:11:09.9827857-05:00 [PHASE5B] [OK ] [6.1] PARTS: 220,000/1,551,229 (14.2%) batches=44 elapsed=0.02s
2026-08-24T23:11:09.9847838-05:00 [PHASE5B] [RUN] [6.1] P5B_MINIFIG_MEMBERS / PARTS 220,000/1,551,229 ( 14.2%) batch=45
2026-08-24T23:11:10.0057834-05:00 [PHASE5B] [OK ] [6.1] PARTS: 225,000/1,551,229 (14.5%) batches=45 elapsed=0.02s
2026-08-24T23:11:10.0067837-05:00 [PHASE5B] [RUN] [6.1] P5B_MINIFIG_MEMBERS / PARTS 225,000/1,551,229 ( 14.5%) batch=46
2026-08-24T23:11:10.0297854-05:00 [PHASE5B] [OK ] [6.1] PARTS: 230,000/1,551,229 (14.8%) batches=46 elapsed=0.02s
2026-08-24T23:11:10.0307839-05:00 [PHASE5B] [RUN] [6.1] P5B_MINIFIG_MEMBERS / PARTS 230,000/1,551,229 ( 14.8%) batch=47
2026-08-24T23:11:10.0527835-05:00 [PHASE5B] [OK ] [6.1] PARTS: 235,000/1,551,229 (15.1%) batches=47 elapsed=0.02s
2026-08-24T23:11:10.0537837-05:00 [PHASE5B] [RUN] [6.1] P5B_MINIFIG_MEMBERS / PARTS 235,000/1,551,229 ( 15.1%) batch=48
2026-08-24T23:11:10.0757837-05:00 [PHASE5B] [OK ] [6.1] PARTS: 240,000/1,551,229 (15.5%) batches=48 elapsed=0.02s
2026-08-24T23:11:10.0767840-05:00 [PHASE5B] [RUN] [6.1] P5B_MINIFIG_MEMBERS / PARTS 240,000/1,551,229 ( 15.5%) batch=49
2026-08-24T23:11:10.0987834-05:00 [PHASE5B] [OK ] [6.1] PARTS: 245,000/1,551,229 (15.8%) batches=49 elapsed=0.02s
2026-08-24T23:11:10.0997845-05:00 [PHASE5B] [RUN] [6.1] P5B_MINIFIG_MEMBERS / PARTS 245,000/1,551,229 ( 15.8%) batch=50
2026-08-24T23:11:10.1231974-05:00 [PHASE5B] [OK ] [6.1] PARTS: 250,000/1,551,229 (16.1%) batches=50 elapsed=0.02s
2026-08-24T23:11:10.1241986-05:00 [PHASE5B] [RUN] [6.1] P5B_MINIFIG_MEMBERS / PARTS 250,000/1,551,229 ( 16.1%) batch=51
2026-08-24T23:11:10.1451978-05:00 [PHASE5B] [OK ] [6.1] PARTS: 255,000/1,551,229 (16.4%) batches=51 elapsed=0.02s
2026-08-24T23:11:10.1461982-05:00 [PHASE5B] [RUN] [6.1] P5B_MINIFIG_MEMBERS / PARTS 255,000/1,551,229 ( 16.4%) batch=52
2026-08-24T23:11:10.1682003-05:00 [PHASE5B] [OK ] [6.1] PARTS: 260,000/1,551,229 (16.8%) batches=52 elapsed=0.02s
2026-08-24T23:11:10.1691977-05:00 [PHASE5B] [RUN] [6.1] P5B_MINIFIG_MEMBERS / PARTS 260,000/1,551,229 ( 16.8%) batch=53
2026-08-24T23:11:10.1911977-05:00 [PHASE5B] [OK ] [6.1] PARTS: 265,000/1,551,229 (17.1%) batches=53 elapsed=0.02s
2026-08-24T23:11:10.1921977-05:00 [PHASE5B] [RUN] [6.1] P5B_MINIFIG_MEMBERS / PARTS 265,000/1,551,229 ( 17.1%) batch=54
2026-08-24T23:11:10.2141978-05:00 [PHASE5B] [OK ] [6.1] PARTS: 270,000/1,551,229 (17.4%) batches=54 elapsed=0.02s
2026-08-24T23:11:10.2151977-05:00 [PHASE5B] [RUN] [6.1] P5B_MINIFIG_MEMBERS / PARTS 270,000/1,551,229 ( 17.4%) batch=55
2026-08-24T23:11:10.2372016-05:00 [PHASE5B] [OK ] [6.1] PARTS: 275,000/1,551,229 (17.7%) batches=55 elapsed=0.02s
2026-08-24T23:11:10.2391975-05:00 [PHASE5B] [RUN] [6.1] P5B_MINIFIG_MEMBERS / PARTS 275,000/1,551,229 ( 17.7%) batch=56
2026-08-24T23:11:10.2601981-05:00 [PHASE5B] [OK ] [6.1] PARTS: 280,000/1,551,229 (18.1%) batches=56 elapsed=0.02s
2026-08-24T23:11:10.2611967-05:00 [PHASE5B] [RUN] [6.1] P5B_MINIFIG_MEMBERS / PARTS 280,000/1,551,229 ( 18.1%) batch=57
2026-08-24T23:11:10.2853489-05:00 [PHASE5B] [OK ] [6.1] PARTS: 285,000/1,551,229 (18.4%) batches=57 elapsed=0.02s
2026-08-24T23:11:10.2863489-05:00 [PHASE5B] [RUN] [6.1] P5B_MINIFIG_MEMBERS / PARTS 285,000/1,551,229 ( 18.4%) batch=58
2026-08-24T23:11:10.3073501-05:00 [PHASE5B] [OK ] [6.1] PARTS: 290,000/1,551,229 (18.7%) batches=58 elapsed=0.02s
2026-08-24T23:11:10.3093486-05:00 [PHASE5B] [RUN] [6.1] P5B_MINIFIG_MEMBERS / PARTS 290,000/1,551,229 ( 18.7%) batch=59
2026-08-24T23:11:10.3303498-05:00 [PHASE5B] [OK ] [6.1] PARTS: 295,000/1,551,229 (19.0%) batches=59 elapsed=0.02s
2026-08-24T23:11:10.3313491-05:00 [PHASE5B] [RUN] [6.1] P5B_MINIFIG_MEMBERS / PARTS 295,000/1,551,229 ( 19.0%) batch=60
2026-08-24T23:11:10.3523499-05:00 [PHASE5B] [OK ] [6.1] PARTS: 300,000/1,551,229 (19.3%) batches=60 elapsed=0.02s
2026-08-24T23:11:10.3533492-05:00 [PHASE5B] [RUN] [6.1] P5B_MINIFIG_MEMBERS / PARTS 300,000/1,551,229 ( 19.3%) batch=61
2026-08-24T23:11:10.3743492-05:00 [PHASE5B] [OK ] [6.1] PARTS: 305,000/1,551,229 (19.7%) batches=61 elapsed=0.02s
2026-08-24T23:11:10.3753487-05:00 [PHASE5B] [RUN] [6.1] P5B_MINIFIG_MEMBERS / PARTS 305,000/1,551,229 ( 19.7%) batch=62
2026-08-24T23:11:10.3963487-05:00 [PHASE5B] [OK ] [6.1] PARTS: 310,000/1,551,229 (20.0%) batches=62 elapsed=0.02s
2026-08-24T23:11:10.3973501-05:00 [PHASE5B] [RUN] [6.1] P5B_MINIFIG_MEMBERS / PARTS 310,000/1,551,229 ( 20.0%) batch=63
2026-08-24T23:11:10.4183509-05:00 [PHASE5B] [OK ] [6.1] PARTS: 315,000/1,551,229 (20.3%) batches=63 elapsed=0.02s
2026-08-24T23:11:10.4203495-05:00 [PHASE5B] [RUN] [6.1] P5B_MINIFIG_MEMBERS / PARTS 315,000/1,551,229 ( 20.3%) batch=64
2026-08-24T23:11:10.4403512-05:00 [PHASE5B] [OK ] [6.1] PARTS: 320,000/1,551,229 (20.6%) batches=64 elapsed=0.02s
2026-08-24T23:11:10.4413493-05:00 [PHASE5B] [RUN] [6.1] P5B_MINIFIG_MEMBERS / PARTS 320,000/1,551,229 ( 20.6%) batch=65
2026-08-24T23:11:10.5073486-05:00 [PHASE5B] [OK ] [6.1] PARTS: 325,000/1,551,229 (21.0%) batches=65 elapsed=0.07s
2026-08-24T23:11:10.5083499-05:00 [PHASE5B] [RUN] [6.1] P5B_MINIFIG_MEMBERS / PARTS 325,000/1,551,229 ( 21.0%) batch=66
2026-08-24T23:11:10.5323486-05:00 [PHASE5B] [OK ] [6.1] PARTS: 330,000/1,551,229 (21.3%) batches=66 elapsed=0.02s
2026-08-24T23:11:10.5333494-05:00 [PHASE5B] [RUN] [6.1] P5B_MINIFIG_MEMBERS / PARTS 330,000/1,551,229 ( 21.3%) batch=67
2026-08-24T23:11:10.5563494-05:00 [PHASE5B] [OK ] [6.1] PARTS: 335,000/1,551,229 (21.6%) batches=67 elapsed=0.02s
2026-08-24T23:11:10.5573492-05:00 [PHASE5B] [RUN] [6.1] P5B_MINIFIG_MEMBERS / PARTS 335,000/1,551,229 ( 21.6%) batch=68
2026-08-24T23:11:10.5793496-05:00 [PHASE5B] [OK ] [6.1] PARTS: 340,000/1,551,229 (21.9%) batches=68 elapsed=0.02s
2026-08-24T23:11:10.5803493-05:00 [PHASE5B] [RUN] [6.1] P5B_MINIFIG_MEMBERS / PARTS 340,000/1,551,229 ( 21.9%) batch=69
2026-08-24T23:11:10.6033510-05:00 [PHASE5B] [OK ] [6.1] PARTS: 345,000/1,551,229 (22.2%) batches=69 elapsed=0.02s
2026-08-24T23:11:10.6043506-05:00 [PHASE5B] [RUN] [6.1] P5B_MINIFIG_MEMBERS / PARTS 345,000/1,551,229 ( 22.2%) batch=70
2026-08-24T23:11:10.6263493-05:00 [PHASE5B] [OK ] [6.1] PARTS: 350,000/1,551,229 (22.6%) batches=70 elapsed=0.02s
2026-08-24T23:11:10.6273488-05:00 [PHASE5B] [RUN] [6.1] P5B_MINIFIG_MEMBERS / PARTS 350,000/1,551,229 ( 22.6%) batch=71
2026-08-24T23:11:10.6483528-05:00 [PHASE5B] [OK ] [6.1] PARTS: 355,000/1,551,229 (22.9%) batches=71 elapsed=0.02s
2026-08-24T23:11:10.6503493-05:00 [PHASE5B] [RUN] [6.1] P5B_MINIFIG_MEMBERS / PARTS 355,000/1,551,229 ( 22.9%) batch=72
2026-08-24T23:11:10.6723494-05:00 [PHASE5B] [OK ] [6.1] PARTS: 360,000/1,551,229 (23.2%) batches=72 elapsed=0.02s
2026-08-24T23:11:10.6733494-05:00 [PHASE5B] [RUN] [6.1] P5B_MINIFIG_MEMBERS / PARTS 360,000/1,551,229 ( 23.2%) batch=73
2026-08-24T23:11:10.6953494-05:00 [PHASE5B] [OK ] [6.1] PARTS: 365,000/1,551,229 (23.5%) batches=73 elapsed=0.02s
2026-08-24T23:11:10.6963492-05:00 [PHASE5B] [RUN] [6.1] P5B_MINIFIG_MEMBERS / PARTS 365,000/1,551,229 ( 23.5%) batch=74
2026-08-24T23:11:10.7163494-05:00 [PHASE5B] [OK ] [6.1] PARTS: 370,000/1,551,229 (23.9%) batches=74 elapsed=0.02s
2026-08-24T23:11:10.7183494-05:00 [PHASE5B] [RUN] [6.1] P5B_MINIFIG_MEMBERS / PARTS 370,000/1,551,229 ( 23.9%) batch=75
2026-08-24T23:11:10.7403490-05:00 [PHASE5B] [OK ] [6.1] PARTS: 375,000/1,551,229 (24.2%) batches=75 elapsed=0.02s
2026-08-24T23:11:10.7423492-05:00 [PHASE5B] [RUN] [6.1] P5B_MINIFIG_MEMBERS / PARTS 375,000/1,551,229 ( 24.2%) batch=76
2026-08-24T23:11:10.7633488-05:00 [PHASE5B] [OK ] [6.1] PARTS: 380,000/1,551,229 (24.5%) batches=76 elapsed=0.02s
2026-08-24T23:11:10.7653490-05:00 [PHASE5B] [RUN] [6.1] P5B_MINIFIG_MEMBERS / PARTS 380,000/1,551,229 ( 24.5%) batch=77
2026-08-24T23:11:10.7863494-05:00 [PHASE5B] [OK ] [6.1] PARTS: 385,000/1,551,229 (24.8%) batches=77 elapsed=0.02s
2026-08-24T23:11:10.7873489-05:00 [PHASE5B] [RUN] [6.1] P5B_MINIFIG_MEMBERS / PARTS 385,000/1,551,229 ( 24.8%) batch=78
2026-08-24T23:11:10.8093493-05:00 [PHASE5B] [OK ] [6.1] PARTS: 390,000/1,551,229 (25.1%) batches=78 elapsed=0.02s
2026-08-24T23:11:10.8113495-05:00 [PHASE5B] [RUN] [6.1] P5B_MINIFIG_MEMBERS / PARTS 390,000/1,551,229 ( 25.1%) batch=79
2026-08-24T23:11:10.8323488-05:00 [PHASE5B] [OK ] [6.1] PARTS: 395,000/1,551,229 (25.5%) batches=79 elapsed=0.02s
2026-08-24T23:11:10.8343499-05:00 [PHASE5B] [RUN] [6.1] P5B_MINIFIG_MEMBERS / PARTS 395,000/1,551,229 ( 25.5%) batch=80
2026-08-24T23:11:10.8563500-05:00 [PHASE5B] [OK ] [6.1] PARTS: 400,000/1,551,229 (25.8%) batches=80 elapsed=0.02s
2026-08-24T23:11:10.8583485-05:00 [PHASE5B] [RUN] [6.1] P5B_MINIFIG_MEMBERS / PARTS 400,000/1,551,229 ( 25.8%) batch=81
2026-08-24T23:11:10.8793509-05:00 [PHASE5B] [OK ] [6.1] PARTS: 405,000/1,551,229 (26.1%) batches=81 elapsed=0.02s
2026-08-24T23:11:10.8813490-05:00 [PHASE5B] [RUN] [6.1] P5B_MINIFIG_MEMBERS / PARTS 405,000/1,551,229 ( 26.1%) batch=82
2026-08-24T23:11:10.9023493-05:00 [PHASE5B] [OK ] [6.1] PARTS: 410,000/1,551,229 (26.4%) batches=82 elapsed=0.02s
2026-08-24T23:11:10.9033492-05:00 [PHASE5B] [RUN] [6.1] P5B_MINIFIG_MEMBERS / PARTS 410,000/1,551,229 ( 26.4%) batch=83
2026-08-24T23:11:10.9243498-05:00 [PHASE5B] [OK ] [6.1] PARTS: 415,000/1,551,229 (26.8%) batches=83 elapsed=0.02s
2026-08-24T23:11:10.9253493-05:00 [PHASE5B] [RUN] [6.1] P5B_MINIFIG_MEMBERS / PARTS 415,000/1,551,229 ( 26.8%) batch=84
2026-08-24T23:11:10.9463497-05:00 [PHASE5B] [OK ] [6.1] PARTS: 420,000/1,551,229 (27.1%) batches=84 elapsed=0.02s
2026-08-24T23:11:10.9473488-05:00 [PHASE5B] [RUN] [6.1] P5B_MINIFIG_MEMBERS / PARTS 420,000/1,551,229 ( 27.1%) batch=85
2026-08-24T23:11:10.9683500-05:00 [PHASE5B] [OK ] [6.1] PARTS: 425,000/1,551,229 (27.4%) batches=85 elapsed=0.02s
2026-08-24T23:11:10.9703489-05:00 [PHASE5B] [RUN] [6.1] P5B_MINIFIG_MEMBERS / PARTS 425,000/1,551,229 ( 27.4%) batch=86
2026-08-24T23:11:10.9913490-05:00 [PHASE5B] [OK ] [6.1] PARTS: 430,000/1,551,229 (27.7%) batches=86 elapsed=0.02s
2026-08-24T23:11:10.9923499-05:00 [PHASE5B] [RUN] [6.1] P5B_MINIFIG_MEMBERS / PARTS 430,000/1,551,229 ( 27.7%) batch=87
2026-08-24T23:11:11.0153498-05:00 [PHASE5B] [OK ] [6.1] PARTS: 435,000/1,551,229 (28.0%) batches=87 elapsed=0.02s
2026-08-24T23:11:11.0163493-05:00 [PHASE5B] [RUN] [6.1] P5B_MINIFIG_MEMBERS / PARTS 435,000/1,551,229 ( 28.0%) batch=88
2026-08-24T23:11:11.0373490-05:00 [PHASE5B] [OK ] [6.1] PARTS: 440,000/1,551,229 (28.4%) batches=88 elapsed=0.02s
2026-08-24T23:11:11.0383495-05:00 [PHASE5B] [RUN] [6.1] P5B_MINIFIG_MEMBERS / PARTS 440,000/1,551,229 ( 28.4%) batch=89
2026-08-24T23:11:11.0603498-05:00 [PHASE5B] [OK ] [6.1] PARTS: 445,000/1,551,229 (28.7%) batches=89 elapsed=0.02s
2026-08-24T23:11:11.0613490-05:00 [PHASE5B] [RUN] [6.1] P5B_MINIFIG_MEMBERS / PARTS 445,000/1,551,229 ( 28.7%) batch=90
2026-08-24T23:11:11.0823488-05:00 [PHASE5B] [OK ] [6.1] PARTS: 450,000/1,551,229 (29.0%) batches=90 elapsed=0.02s
2026-08-24T23:11:11.0833490-05:00 [PHASE5B] [RUN] [6.1] P5B_MINIFIG_MEMBERS / PARTS 450,000/1,551,229 ( 29.0%) batch=91
2026-08-24T23:11:11.1043495-05:00 [PHASE5B] [OK ] [6.1] PARTS: 455,000/1,551,229 (29.3%) batches=91 elapsed=0.02s
2026-08-24T23:11:11.1053490-05:00 [PHASE5B] [RUN] [6.1] P5B_MINIFIG_MEMBERS / PARTS 455,000/1,551,229 ( 29.3%) batch=92
2026-08-24T23:11:11.1263498-05:00 [PHASE5B] [OK ] [6.1] PARTS: 460,000/1,551,229 (29.7%) batches=92 elapsed=0.02s
2026-08-24T23:11:11.1273488-05:00 [PHASE5B] [RUN] [6.1] P5B_MINIFIG_MEMBERS / PARTS 460,000/1,551,229 ( 29.7%) batch=93
2026-08-24T23:11:11.1493504-05:00 [PHASE5B] [OK ] [6.1] PARTS: 465,000/1,551,229 (30.0%) batches=93 elapsed=0.02s
2026-08-24T23:11:11.1503500-05:00 [PHASE5B] [RUN] [6.1] P5B_MINIFIG_MEMBERS / PARTS 465,000/1,551,229 ( 30.0%) batch=94
2026-08-24T23:11:11.1723485-05:00 [PHASE5B] [OK ] [6.1] PARTS: 470,000/1,551,229 (30.3%) batches=94 elapsed=0.02s
2026-08-24T23:11:11.1743498-05:00 [PHASE5B] [RUN] [6.1] P5B_MINIFIG_MEMBERS / PARTS 470,000/1,551,229 ( 30.3%) batch=95
2026-08-24T23:11:11.1943489-05:00 [PHASE5B] [OK ] [6.1] PARTS: 475,000/1,551,229 (30.6%) batches=95 elapsed=0.02s
2026-08-24T23:11:11.1953506-05:00 [PHASE5B] [RUN] [6.1] P5B_MINIFIG_MEMBERS / PARTS 475,000/1,551,229 ( 30.6%) batch=96
2026-08-24T23:11:11.2173503-05:00 [PHASE5B] [OK ] [6.1] PARTS: 480,000/1,551,229 (30.9%) batches=96 elapsed=0.02s
2026-08-24T23:11:11.2183496-05:00 [PHASE5B] [RUN] [6.1] P5B_MINIFIG_MEMBERS / PARTS 480,000/1,551,229 ( 30.9%) batch=97
2026-08-24T23:11:11.2403504-05:00 [PHASE5B] [OK ] [6.1] PARTS: 485,000/1,551,229 (31.3%) batches=97 elapsed=0.02s
2026-08-24T23:11:11.2413486-05:00 [PHASE5B] [RUN] [6.1] P5B_MINIFIG_MEMBERS / PARTS 485,000/1,551,229 ( 31.3%) batch=98
2026-08-24T23:11:11.2623502-05:00 [PHASE5B] [OK ] [6.1] PARTS: 490,000/1,551,229 (31.6%) batches=98 elapsed=0.02s
2026-08-24T23:11:11.2633487-05:00 [PHASE5B] [RUN] [6.1] P5B_MINIFIG_MEMBERS / PARTS 490,000/1,551,229 ( 31.6%) batch=99
2026-08-24T23:11:11.2849327-05:00 [PHASE5B] [OK ] [6.1] PARTS: 495,000/1,551,229 (31.9%) batches=99 elapsed=0.02s
2026-08-24T23:11:11.2859757-05:00 [PHASE5B] [RUN] [6.1] P5B_MINIFIG_MEMBERS / PARTS 495,000/1,551,229 ( 31.9%) batch=100
2026-08-24T23:11:11.3067928-05:00 [PHASE5B] [OK ] [6.1] PARTS: 500,000/1,551,229 (32.2%) batches=100 elapsed=0.02s
2026-08-24T23:11:11.3077922-05:00 [PHASE5B] [RUN] [6.1] P5B_MINIFIG_MEMBERS / PARTS 500,000/1,551,229 ( 32.2%) batch=101
2026-08-24T23:11:11.3287926-05:00 [PHASE5B] [OK ] [6.1] PARTS: 505,000/1,551,229 (32.6%) batches=101 elapsed=0.02s
2026-08-24T23:11:11.3297921-05:00 [PHASE5B] [RUN] [6.1] P5B_MINIFIG_MEMBERS / PARTS 505,000/1,551,229 ( 32.6%) batch=102
2026-08-24T23:11:11.3517928-05:00 [PHASE5B] [OK ] [6.1] PARTS: 510,000/1,551,229 (32.9%) batches=102 elapsed=0.02s
2026-08-24T23:11:11.3527926-05:00 [PHASE5B] [RUN] [6.1] P5B_MINIFIG_MEMBERS / PARTS 510,000/1,551,229 ( 32.9%) batch=103
2026-08-24T23:11:11.3737926-05:00 [PHASE5B] [OK ] [6.1] PARTS: 515,000/1,551,229 (33.2%) batches=103 elapsed=0.02s
2026-08-24T23:11:11.3747926-05:00 [PHASE5B] [RUN] [6.1] P5B_MINIFIG_MEMBERS / PARTS 515,000/1,551,229 ( 33.2%) batch=104
2026-08-24T23:11:11.3967937-05:00 [PHASE5B] [OK ] [6.1] PARTS: 520,000/1,551,229 (33.5%) batches=104 elapsed=0.02s
2026-08-24T23:11:11.3987933-05:00 [PHASE5B] [RUN] [6.1] P5B_MINIFIG_MEMBERS / PARTS 520,000/1,551,229 ( 33.5%) batch=105
2026-08-24T23:11:11.4207927-05:00 [PHASE5B] [OK ] [6.1] PARTS: 525,000/1,551,229 (33.8%) batches=105 elapsed=0.02s
2026-08-24T23:11:11.4217936-05:00 [PHASE5B] [RUN] [6.1] P5B_MINIFIG_MEMBERS / PARTS 525,000/1,551,229 ( 33.8%) batch=106
2026-08-24T23:11:11.4437924-05:00 [PHASE5B] [OK ] [6.1] PARTS: 530,000/1,551,229 (34.2%) batches=106 elapsed=0.02s
2026-08-24T23:11:11.4447927-05:00 [PHASE5B] [RUN] [6.1] P5B_MINIFIG_MEMBERS / PARTS 530,000/1,551,229 ( 34.2%) batch=107
2026-08-24T23:11:11.4657927-05:00 [PHASE5B] [OK ] [6.1] PARTS: 535,000/1,551,229 (34.5%) batches=107 elapsed=0.02s
2026-08-24T23:11:11.4667932-05:00 [PHASE5B] [RUN] [6.1] P5B_MINIFIG_MEMBERS / PARTS 535,000/1,551,229 ( 34.5%) batch=108
2026-08-24T23:11:11.4887917-05:00 [PHASE5B] [OK ] [6.1] PARTS: 540,000/1,551,229 (34.8%) batches=108 elapsed=0.02s
2026-08-24T23:11:11.4897928-05:00 [PHASE5B] [RUN] [6.1] P5B_MINIFIG_MEMBERS / PARTS 540,000/1,551,229 ( 34.8%) batch=109
2026-08-24T23:11:11.5107940-05:00 [PHASE5B] [OK ] [6.1] PARTS: 545,000/1,551,229 (35.1%) batches=109 elapsed=0.02s
2026-08-24T23:11:11.5127931-05:00 [PHASE5B] [RUN] [6.1] P5B_MINIFIG_MEMBERS / PARTS 545,000/1,551,229 ( 35.1%) batch=110
2026-08-24T23:11:11.5337926-05:00 [PHASE5B] [OK ] [6.1] PARTS: 550,000/1,551,229 (35.5%) batches=110 elapsed=0.02s
2026-08-24T23:11:11.5347932-05:00 [PHASE5B] [RUN] [6.1] P5B_MINIFIG_MEMBERS / PARTS 550,000/1,551,229 ( 35.5%) batch=111
2026-08-24T23:11:11.5567927-05:00 [PHASE5B] [OK ] [6.1] PARTS: 555,000/1,551,229 (35.8%) batches=111 elapsed=0.02s
2026-08-24T23:11:11.5577918-05:00 [PHASE5B] [RUN] [6.1] P5B_MINIFIG_MEMBERS / PARTS 555,000/1,551,229 ( 35.8%) batch=112
2026-08-24T23:11:11.5797929-05:00 [PHASE5B] [OK ] [6.1] PARTS: 560,000/1,551,229 (36.1%) batches=112 elapsed=0.02s
2026-08-24T23:11:11.5807929-05:00 [PHASE5B] [RUN] [6.1] P5B_MINIFIG_MEMBERS / PARTS 560,000/1,551,229 ( 36.1%) batch=113
2026-08-24T23:11:11.6017939-05:00 [PHASE5B] [OK ] [6.1] PARTS: 565,000/1,551,229 (36.4%) batches=113 elapsed=0.02s
2026-08-24T23:11:11.6027925-05:00 [PHASE5B] [RUN] [6.1] P5B_MINIFIG_MEMBERS / PARTS 565,000/1,551,229 ( 36.4%) batch=114
2026-08-24T23:11:11.6247932-05:00 [PHASE5B] [OK ] [6.1] PARTS: 570,000/1,551,229 (36.7%) batches=114 elapsed=0.02s
2026-08-24T23:11:11.6257924-05:00 [PHASE5B] [RUN] [6.1] P5B_MINIFIG_MEMBERS / PARTS 570,000/1,551,229 ( 36.7%) batch=115
2026-08-24T23:11:11.6467923-05:00 [PHASE5B] [OK ] [6.1] PARTS: 575,000/1,551,229 (37.1%) batches=115 elapsed=0.02s
2026-08-24T23:11:11.6477925-05:00 [PHASE5B] [RUN] [6.1] P5B_MINIFIG_MEMBERS / PARTS 575,000/1,551,229 ( 37.1%) batch=116
2026-08-24T23:11:11.6687928-05:00 [PHASE5B] [OK ] [6.1] PARTS: 580,000/1,551,229 (37.4%) batches=116 elapsed=0.02s
2026-08-24T23:11:11.6697919-05:00 [PHASE5B] [RUN] [6.1] P5B_MINIFIG_MEMBERS / PARTS 580,000/1,551,229 ( 37.4%) batch=117
2026-08-24T23:11:11.6917934-05:00 [PHASE5B] [OK ] [6.1] PARTS: 585,000/1,551,229 (37.7%) batches=117 elapsed=0.02s
2026-08-24T23:11:11.6927921-05:00 [PHASE5B] [RUN] [6.1] P5B_MINIFIG_MEMBERS / PARTS 585,000/1,551,229 ( 37.7%) batch=118
2026-08-24T23:11:11.7147927-05:00 [PHASE5B] [OK ] [6.1] PARTS: 590,000/1,551,229 (38.0%) batches=118 elapsed=0.02s
2026-08-24T23:11:11.7167922-05:00 [PHASE5B] [RUN] [6.1] P5B_MINIFIG_MEMBERS / PARTS 590,000/1,551,229 ( 38.0%) batch=119
2026-08-24T23:11:11.7377920-05:00 [PHASE5B] [OK ] [6.1] PARTS: 595,000/1,551,229 (38.4%) batches=119 elapsed=0.02s
2026-08-24T23:11:11.7387923-05:00 [PHASE5B] [RUN] [6.1] P5B_MINIFIG_MEMBERS / PARTS 595,000/1,551,229 ( 38.4%) batch=120
2026-08-24T23:11:11.7607922-05:00 [PHASE5B] [OK ] [6.1] PARTS: 600,000/1,551,229 (38.7%) batches=120 elapsed=0.02s
2026-08-24T23:11:11.7617920-05:00 [PHASE5B] [RUN] [6.1] P5B_MINIFIG_MEMBERS / PARTS 600,000/1,551,229 ( 38.7%) batch=121
2026-08-24T23:11:11.7827937-05:00 [PHASE5B] [OK ] [6.1] PARTS: 605,000/1,551,229 (39.0%) batches=121 elapsed=0.02s
2026-08-24T23:11:11.7837919-05:00 [PHASE5B] [RUN] [6.1] P5B_MINIFIG_MEMBERS / PARTS 605,000/1,551,229 ( 39.0%) batch=122
2026-08-24T23:11:11.8053046-05:00 [PHASE5B] [OK ] [6.1] PARTS: 610,000/1,551,229 (39.3%) batches=122 elapsed=0.02s
2026-08-24T23:11:11.8063027-05:00 [PHASE5B] [RUN] [6.1] P5B_MINIFIG_MEMBERS / PARTS 610,000/1,551,229 ( 39.3%) batch=123
2026-08-24T23:11:11.8328130-05:00 [PHASE5B] [OK ] [6.1] PARTS: 615,000/1,551,229 (39.6%) batches=123 elapsed=0.03s
2026-08-24T23:11:11.8358126-05:00 [PHASE5B] [RUN] [6.1] P5B_MINIFIG_MEMBERS / PARTS 615,000/1,551,229 ( 39.6%) batch=124
2026-08-24T23:11:11.8578123-05:00 [PHASE5B] [OK ] [6.1] PARTS: 620,000/1,551,229 (40.0%) batches=124 elapsed=0.03s
2026-08-24T23:11:11.8588122-05:00 [PHASE5B] [RUN] [6.1] P5B_MINIFIG_MEMBERS / PARTS 620,000/1,551,229 ( 40.0%) batch=125
2026-08-24T23:11:11.8828120-05:00 [PHASE5B] [OK ] [6.1] PARTS: 625,000/1,551,229 (40.3%) batches=125 elapsed=0.02s
2026-08-24T23:11:11.8838128-05:00 [PHASE5B] [RUN] [6.1] P5B_MINIFIG_MEMBERS / PARTS 625,000/1,551,229 ( 40.3%) batch=126
2026-08-24T23:11:11.9088142-05:00 [PHASE5B] [OK ] [6.1] PARTS: 630,000/1,551,229 (40.6%) batches=126 elapsed=0.03s
2026-08-24T23:11:11.9108122-05:00 [PHASE5B] [RUN] [6.1] P5B_MINIFIG_MEMBERS / PARTS 630,000/1,551,229 ( 40.6%) batch=127
2026-08-24T23:11:11.9338121-05:00 [PHASE5B] [OK ] [6.1] PARTS: 635,000/1,551,229 (40.9%) batches=127 elapsed=0.02s
2026-08-24T23:11:11.9348127-05:00 [PHASE5B] [RUN] [6.1] P5B_MINIFIG_MEMBERS / PARTS 635,000/1,551,229 ( 40.9%) batch=128
2026-08-24T23:11:11.9588146-05:00 [PHASE5B] [OK ] [6.1] PARTS: 640,000/1,551,229 (41.3%) batches=128 elapsed=0.03s
2026-08-24T23:11:11.9598132-05:00 [PHASE5B] [RUN] [6.1] P5B_MINIFIG_MEMBERS / PARTS 640,000/1,551,229 ( 41.3%) batch=129
2026-08-24T23:11:11.9828129-05:00 [PHASE5B] [OK ] [6.1] PARTS: 645,000/1,551,229 (41.6%) batches=129 elapsed=0.02s
2026-08-24T23:11:11.9838121-05:00 [PHASE5B] [RUN] [6.1] P5B_MINIFIG_MEMBERS / PARTS 645,000/1,551,229 ( 41.6%) batch=130
2026-08-24T23:11:12.0058136-05:00 [PHASE5B] [OK ] [6.1] PARTS: 650,000/1,551,229 (41.9%) batches=130 elapsed=0.02s
2026-08-24T23:11:12.0068121-05:00 [PHASE5B] [RUN] [6.1] P5B_MINIFIG_MEMBERS / PARTS 650,000/1,551,229 ( 41.9%) batch=131
2026-08-24T23:11:12.0288124-05:00 [PHASE5B] [OK ] [6.1] PARTS: 655,000/1,551,229 (42.2%) batches=131 elapsed=0.02s
2026-08-24T23:11:12.0298145-05:00 [PHASE5B] [RUN] [6.1] P5B_MINIFIG_MEMBERS / PARTS 655,000/1,551,229 ( 42.2%) batch=132
2026-08-24T23:11:12.0528124-05:00 [PHASE5B] [OK ] [6.1] PARTS: 660,000/1,551,229 (42.5%) batches=132 elapsed=0.02s
2026-08-24T23:11:12.0538133-05:00 [PHASE5B] [RUN] [6.1] P5B_MINIFIG_MEMBERS / PARTS 660,000/1,551,229 ( 42.5%) batch=133
2026-08-24T23:11:12.0748138-05:00 [PHASE5B] [OK ] [6.1] PARTS: 665,000/1,551,229 (42.9%) batches=133 elapsed=0.02s
2026-08-24T23:11:12.0768121-05:00 [PHASE5B] [RUN] [6.1] P5B_MINIFIG_MEMBERS / PARTS 665,000/1,551,229 ( 42.9%) batch=134
2026-08-24T23:11:12.1008152-05:00 [PHASE5B] [OK ] [6.1] PARTS: 670,000/1,551,229 (43.2%) batches=134 elapsed=0.02s
2026-08-24T23:11:12.1018132-05:00 [PHASE5B] [RUN] [6.1] P5B_MINIFIG_MEMBERS / PARTS 670,000/1,551,229 ( 43.2%) batch=135
2026-08-24T23:11:12.1243316-05:00 [PHASE5B] [OK ] [6.1] PARTS: 675,000/1,551,229 (43.5%) batches=135 elapsed=0.02s
2026-08-24T23:11:12.1263317-05:00 [PHASE5B] [RUN] [6.1] P5B_MINIFIG_MEMBERS / PARTS 675,000/1,551,229 ( 43.5%) batch=136
2026-08-24T23:11:12.1473459-05:00 [PHASE5B] [OK ] [6.1] PARTS: 680,000/1,551,229 (43.8%) batches=136 elapsed=0.02s
2026-08-24T23:11:12.1483493-05:00 [PHASE5B] [RUN] [6.1] P5B_MINIFIG_MEMBERS / PARTS 680,000/1,551,229 ( 43.8%) batch=137
2026-08-24T23:11:12.1703662-05:00 [PHASE5B] [OK ] [6.1] PARTS: 685,000/1,551,229 (44.2%) batches=137 elapsed=0.02s
2026-08-24T23:11:12.1718721-05:00 [PHASE5B] [RUN] [6.1] P5B_MINIFIG_MEMBERS / PARTS 685,000/1,551,229 ( 44.2%) batch=138
2026-08-24T23:11:12.1934394-05:00 [PHASE5B] [OK ] [6.1] PARTS: 690,000/1,551,229 (44.5%) batches=138 elapsed=0.02s
2026-08-24T23:11:12.1954414-05:00 [PHASE5B] [RUN] [6.1] P5B_MINIFIG_MEMBERS / PARTS 690,000/1,551,229 ( 44.5%) batch=139
2026-08-24T23:11:12.2174547-05:00 [PHASE5B] [OK ] [6.1] PARTS: 695,000/1,551,229 (44.8%) batches=139 elapsed=0.02s
2026-08-24T23:11:12.2184545-05:00 [PHASE5B] [RUN] [6.1] P5B_MINIFIG_MEMBERS / PARTS 695,000/1,551,229 ( 44.8%) batch=140
2026-08-24T23:11:12.2404740-05:00 [PHASE5B] [OK ] [6.1] PARTS: 700,000/1,551,229 (45.1%) batches=140 elapsed=0.02s
2026-08-24T23:11:12.2419786-05:00 [PHASE5B] [RUN] [6.1] P5B_MINIFIG_MEMBERS / PARTS 700,000/1,551,229 ( 45.1%) batch=141
2026-08-24T23:11:12.2658793-05:00 [PHASE5B] [OK ] [6.1] PARTS: 705,000/1,551,229 (45.4%) batches=141 elapsed=0.02s
2026-08-24T23:11:12.2668776-05:00 [PHASE5B] [RUN] [6.1] P5B_MINIFIG_MEMBERS / PARTS 705,000/1,551,229 ( 45.4%) batch=142
2026-08-24T23:11:12.2885616-05:00 [PHASE5B] [OK ] [6.1] PARTS: 710,000/1,551,229 (45.8%) batches=142 elapsed=0.02s
2026-08-24T23:11:12.2901134-05:00 [PHASE5B] [RUN] [6.1] P5B_MINIFIG_MEMBERS / PARTS 710,000/1,551,229 ( 45.8%) batch=143
2026-08-24T23:11:12.3108740-05:00 [PHASE5B] [OK ] [6.1] PARTS: 715,000/1,551,229 (46.1%) batches=143 elapsed=0.02s
2026-08-24T23:11:12.3123793-05:00 [PHASE5B] [RUN] [6.1] P5B_MINIFIG_MEMBERS / PARTS 715,000/1,551,229 ( 46.1%) batch=144
2026-08-24T23:11:12.3341599-05:00 [PHASE5B] [OK ] [6.1] PARTS: 720,000/1,551,229 (46.4%) batches=144 elapsed=0.02s
2026-08-24T23:11:12.3361581-05:00 [PHASE5B] [RUN] [6.1] P5B_MINIFIG_MEMBERS / PARTS 720,000/1,551,229 ( 46.4%) batch=145
2026-08-24T23:11:12.3576982-05:00 [PHASE5B] [OK ] [6.1] PARTS: 725,000/1,551,229 (46.7%) batches=145 elapsed=0.02s
2026-08-24T23:11:12.3587018-05:00 [PHASE5B] [RUN] [6.1] P5B_MINIFIG_MEMBERS / PARTS 725,000/1,551,229 ( 46.7%) batch=146
2026-08-24T23:11:12.3814943-05:00 [PHASE5B] [OK ] [6.1] PARTS: 730,000/1,551,229 (47.1%) batches=146 elapsed=0.02s
2026-08-24T23:11:12.3825550-05:00 [PHASE5B] [RUN] [6.1] P5B_MINIFIG_MEMBERS / PARTS 730,000/1,551,229 ( 47.1%) batch=147
2026-08-24T23:11:12.4045659-05:00 [PHASE5B] [OK ] [6.1] PARTS: 735,000/1,551,229 (47.4%) batches=147 elapsed=0.02s
2026-08-24T23:11:12.4055683-05:00 [PHASE5B] [RUN] [6.1] P5B_MINIFIG_MEMBERS / PARTS 735,000/1,551,229 ( 47.4%) batch=148
2026-08-24T23:11:12.4271087-05:00 [PHASE5B] [OK ] [6.1] PARTS: 740,000/1,551,229 (47.7%) batches=148 elapsed=0.02s
2026-08-24T23:11:12.4291069-05:00 [PHASE5B] [RUN] [6.1] P5B_MINIFIG_MEMBERS / PARTS 740,000/1,551,229 ( 47.7%) batch=149
2026-08-24T23:11:12.4509438-05:00 [PHASE5B] [OK ] [6.1] PARTS: 745,000/1,551,229 (48.0%) batches=149 elapsed=0.02s
2026-08-24T23:11:12.4519432-05:00 [PHASE5B] [RUN] [6.1] P5B_MINIFIG_MEMBERS / PARTS 745,000/1,551,229 ( 48.0%) batch=150
2026-08-24T23:11:12.4746374-05:00 [PHASE5B] [OK ] [6.1] PARTS: 750,000/1,551,229 (48.3%) batches=150 elapsed=0.02s
2026-08-24T23:11:12.4756400-05:00 [PHASE5B] [RUN] [6.1] P5B_MINIFIG_MEMBERS / PARTS 750,000/1,551,229 ( 48.3%) batch=151
2026-08-24T23:11:12.4975102-05:00 [PHASE5B] [OK ] [6.1] PARTS: 755,000/1,551,229 (48.7%) batches=151 elapsed=0.02s
2026-08-24T23:11:12.4985100-05:00 [PHASE5B] [RUN] [6.1] P5B_MINIFIG_MEMBERS / PARTS 755,000/1,551,229 ( 48.7%) batch=152
2026-08-24T23:11:12.5195262-05:00 [PHASE5B] [OK ] [6.1] PARTS: 760,000/1,551,229 (49.0%) batches=152 elapsed=0.02s
2026-08-24T23:11:12.5205256-05:00 [PHASE5B] [RUN] [6.1] P5B_MINIFIG_MEMBERS / PARTS 760,000/1,551,229 ( 49.0%) batch=153
2026-08-24T23:11:12.5427422-05:00 [PHASE5B] [OK ] [6.1] PARTS: 765,000/1,551,229 (49.3%) batches=153 elapsed=0.02s
2026-08-24T23:11:12.5437420-05:00 [PHASE5B] [RUN] [6.1] P5B_MINIFIG_MEMBERS / PARTS 765,000/1,551,229 ( 49.3%) batch=154
2026-08-24T23:11:12.5660805-05:00 [PHASE5B] [OK ] [6.1] PARTS: 770,000/1,551,229 (49.6%) batches=154 elapsed=0.02s
2026-08-24T23:11:12.5670809-05:00 [PHASE5B] [RUN] [6.1] P5B_MINIFIG_MEMBERS / PARTS 770,000/1,551,229 ( 49.6%) batch=155
2026-08-24T23:11:12.5900951-05:00 [PHASE5B] [OK ] [6.1] PARTS: 775,000/1,551,229 (50.0%) batches=155 elapsed=0.02s
2026-08-24T23:11:12.5926006-05:00 [PHASE5B] [RUN] [6.1] P5B_MINIFIG_MEMBERS / PARTS 775,000/1,551,229 ( 50.0%) batch=156
2026-08-24T23:11:12.6146143-05:00 [PHASE5B] [OK ] [6.1] PARTS: 780,000/1,551,229 (50.3%) batches=156 elapsed=0.02s
2026-08-24T23:11:12.6156173-05:00 [PHASE5B] [RUN] [6.1] P5B_MINIFIG_MEMBERS / PARTS 780,000/1,551,229 ( 50.3%) batch=157
2026-08-24T23:11:12.6366289-05:00 [PHASE5B] [OK ] [6.1] PARTS: 785,000/1,551,229 (50.6%) batches=157 elapsed=0.02s
2026-08-24T23:11:12.6376298-05:00 [PHASE5B] [RUN] [6.1] P5B_MINIFIG_MEMBERS / PARTS 785,000/1,551,229 ( 50.6%) batch=158
2026-08-24T23:11:12.6586412-05:00 [PHASE5B] [OK ] [6.1] PARTS: 790,000/1,551,229 (50.9%) batches=158 elapsed=0.02s
2026-08-24T23:11:12.6606415-05:00 [PHASE5B] [RUN] [6.1] P5B_MINIFIG_MEMBERS / PARTS 790,000/1,551,229 ( 50.9%) batch=159
2026-08-24T23:11:12.6816576-05:00 [PHASE5B] [OK ] [6.1] PARTS: 795,000/1,551,229 (51.2%) batches=159 elapsed=0.02s
2026-08-24T23:11:12.6826959-05:00 [PHASE5B] [RUN] [6.1] P5B_MINIFIG_MEMBERS / PARTS 795,000/1,551,229 ( 51.2%) batch=160
2026-08-24T23:11:12.7043706-05:00 [PHASE5B] [OK ] [6.1] PARTS: 800,000/1,551,229 (51.6%) batches=160 elapsed=0.02s
2026-08-24T23:11:12.7063715-05:00 [PHASE5B] [RUN] [6.1] P5B_MINIFIG_MEMBERS / PARTS 800,000/1,551,229 ( 51.6%) batch=161
2026-08-24T23:11:12.7263827-05:00 [PHASE5B] [OK ] [6.1] PARTS: 805,000/1,551,229 (51.9%) batches=161 elapsed=0.02s
2026-08-24T23:11:12.7273819-05:00 [PHASE5B] [RUN] [6.1] P5B_MINIFIG_MEMBERS / PARTS 805,000/1,551,229 ( 51.9%) batch=162
2026-08-24T23:11:12.7493982-05:00 [PHASE5B] [OK ] [6.1] PARTS: 810,000/1,551,229 (52.2%) batches=162 elapsed=0.02s
2026-08-24T23:11:12.7503992-05:00 [PHASE5B] [RUN] [6.1] P5B_MINIFIG_MEMBERS / PARTS 810,000/1,551,229 ( 52.2%) batch=163
2026-08-24T23:11:12.7725179-05:00 [PHASE5B] [OK ] [6.1] PARTS: 815,000/1,551,229 (52.5%) batches=163 elapsed=0.02s
2026-08-24T23:11:12.7735191-05:00 [PHASE5B] [RUN] [6.1] P5B_MINIFIG_MEMBERS / PARTS 815,000/1,551,229 ( 52.5%) batch=164
2026-08-24T23:11:12.7968220-05:00 [PHASE5B] [OK ] [6.1] PARTS: 820,000/1,551,229 (52.9%) batches=164 elapsed=0.02s
2026-08-24T23:11:12.7978204-05:00 [PHASE5B] [RUN] [6.1] P5B_MINIFIG_MEMBERS / PARTS 820,000/1,551,229 ( 52.9%) batch=165
2026-08-24T23:11:12.8198336-05:00 [PHASE5B] [OK ] [6.1] PARTS: 825,000/1,551,229 (53.2%) batches=165 elapsed=0.02s
2026-08-24T23:11:12.8218340-05:00 [PHASE5B] [RUN] [6.1] P5B_MINIFIG_MEMBERS / PARTS 825,000/1,551,229 ( 53.2%) batch=166
2026-08-24T23:11:12.8443550-05:00 [PHASE5B] [OK ] [6.1] PARTS: 830,000/1,551,229 (53.5%) batches=166 elapsed=0.02s
2026-08-24T23:11:12.8453552-05:00 [PHASE5B] [RUN] [6.1] P5B_MINIFIG_MEMBERS / PARTS 830,000/1,551,229 ( 53.5%) batch=167
2026-08-24T23:11:12.8673704-05:00 [PHASE5B] [OK ] [6.1] PARTS: 835,000/1,551,229 (53.8%) batches=167 elapsed=0.02s
2026-08-24T23:11:12.8683718-05:00 [PHASE5B] [RUN] [6.1] P5B_MINIFIG_MEMBERS / PARTS 835,000/1,551,229 ( 53.8%) batch=168
2026-08-24T23:11:12.8903855-05:00 [PHASE5B] [OK ] [6.1] PARTS: 840,000/1,551,229 (54.2%) batches=168 elapsed=0.02s
2026-08-24T23:11:12.8918903-05:00 [PHASE5B] [RUN] [6.1] P5B_MINIFIG_MEMBERS / PARTS 840,000/1,551,229 ( 54.2%) batch=169
2026-08-24T23:11:12.9144691-05:00 [PHASE5B] [OK ] [6.1] PARTS: 845,000/1,551,229 (54.5%) batches=169 elapsed=0.02s
2026-08-24T23:11:12.9154686-05:00 [PHASE5B] [RUN] [6.1] P5B_MINIFIG_MEMBERS / PARTS 845,000/1,551,229 ( 54.5%) batch=170
2026-08-24T23:11:12.9360080-05:00 [PHASE5B] [OK ] [6.1] PARTS: 850,000/1,551,229 (54.8%) batches=170 elapsed=0.02s
2026-08-24T23:11:12.9370097-05:00 [PHASE5B] [RUN] [6.1] P5B_MINIFIG_MEMBERS / PARTS 850,000/1,551,229 ( 54.8%) batch=171
2026-08-24T23:11:12.9580220-05:00 [PHASE5B] [OK ] [6.1] PARTS: 855,000/1,551,229 (55.1%) batches=171 elapsed=0.02s
2026-08-24T23:11:12.9600226-05:00 [PHASE5B] [RUN] [6.1] P5B_MINIFIG_MEMBERS / PARTS 855,000/1,551,229 ( 55.1%) batch=172
2026-08-24T23:11:12.9800369-05:00 [PHASE5B] [OK ] [6.1] PARTS: 860,000/1,551,229 (55.4%) batches=172 elapsed=0.02s
2026-08-24T23:11:12.9815411-05:00 [PHASE5B] [RUN] [6.1] P5B_MINIFIG_MEMBERS / PARTS 860,000/1,551,229 ( 55.4%) batch=173
2026-08-24T23:11:13.0025664-05:00 [PHASE5B] [OK ] [6.1] PARTS: 865,000/1,551,229 (55.8%) batches=173 elapsed=0.02s
2026-08-24T23:11:13.0035659-05:00 [PHASE5B] [RUN] [6.1] P5B_MINIFIG_MEMBERS / PARTS 865,000/1,551,229 ( 55.8%) batch=174
2026-08-24T23:11:13.0250908-05:00 [PHASE5B] [OK ] [6.1] PARTS: 870,000/1,551,229 (56.1%) batches=174 elapsed=0.02s
2026-08-24T23:11:13.0260900-05:00 [PHASE5B] [RUN] [6.1] P5B_MINIFIG_MEMBERS / PARTS 870,000/1,551,229 ( 56.1%) batch=175
2026-08-24T23:11:13.0470089-05:00 [PHASE5B] [OK ] [6.1] PARTS: 875,000/1,551,229 (56.4%) batches=175 elapsed=0.02s
2026-08-24T23:11:13.0480088-05:00 [PHASE5B] [RUN] [6.1] P5B_MINIFIG_MEMBERS / PARTS 875,000/1,551,229 ( 56.4%) batch=176
2026-08-24T23:11:13.0705492-05:00 [PHASE5B] [OK ] [6.1] PARTS: 880,000/1,551,229 (56.7%) batches=176 elapsed=0.02s
2026-08-24T23:11:13.0720527-05:00 [PHASE5B] [RUN] [6.1] P5B_MINIFIG_MEMBERS / PARTS 880,000/1,551,229 ( 56.7%) batch=177
2026-08-24T23:11:13.0967701-05:00 [PHASE5B] [OK ] [6.1] PARTS: 885,000/1,551,229 (57.1%) batches=177 elapsed=0.03s
2026-08-24T23:11:13.0977688-05:00 [PHASE5B] [RUN] [6.1] P5B_MINIFIG_MEMBERS / PARTS 885,000/1,551,229 ( 57.1%) batch=178
2026-08-24T23:11:13.1217153-05:00 [PHASE5B] [OK ] [6.1] PARTS: 890,000/1,551,229 (57.4%) batches=178 elapsed=0.03s
2026-08-24T23:11:13.1227201-05:00 [PHASE5B] [RUN] [6.1] P5B_MINIFIG_MEMBERS / PARTS 890,000/1,551,229 ( 57.4%) batch=179
2026-08-24T23:11:13.1456123-05:00 [PHASE5B] [OK ] [6.1] PARTS: 895,000/1,551,229 (57.7%) batches=179 elapsed=0.02s
2026-08-24T23:11:13.1466118-05:00 [PHASE5B] [RUN] [6.1] P5B_MINIFIG_MEMBERS / PARTS 895,000/1,551,229 ( 57.7%) batch=180
2026-08-24T23:11:13.1681834-05:00 [PHASE5B] [OK ] [6.1] PARTS: 900,000/1,551,229 (58.0%) batches=180 elapsed=0.02s
2026-08-24T23:11:13.1691861-05:00 [PHASE5B] [RUN] [6.1] P5B_MINIFIG_MEMBERS / PARTS 900,000/1,551,229 ( 58.0%) batch=181
2026-08-24T23:11:13.1925648-05:00 [PHASE5B] [OK ] [6.1] PARTS: 905,000/1,551,229 (58.3%) batches=181 elapsed=0.02s
2026-08-24T23:11:13.1935666-05:00 [PHASE5B] [RUN] [6.1] P5B_MINIFIG_MEMBERS / PARTS 905,000/1,551,229 ( 58.3%) batch=182
2026-08-24T23:11:13.2151590-05:00 [PHASE5B] [OK ] [6.1] PARTS: 910,000/1,551,229 (58.7%) batches=182 elapsed=0.02s
2026-08-24T23:11:13.2161586-05:00 [PHASE5B] [RUN] [6.1] P5B_MINIFIG_MEMBERS / PARTS 910,000/1,551,229 ( 58.7%) batch=183
2026-08-24T23:11:13.2386482-05:00 [PHASE5B] [OK ] [6.1] PARTS: 915,000/1,551,229 (59.0%) batches=183 elapsed=0.02s
2026-08-24T23:11:13.2396473-05:00 [PHASE5B] [RUN] [6.1] P5B_MINIFIG_MEMBERS / PARTS 915,000/1,551,229 ( 59.0%) batch=184
2026-08-24T23:11:13.2616653-05:00 [PHASE5B] [OK ] [6.1] PARTS: 920,000/1,551,229 (59.3%) batches=184 elapsed=0.02s
2026-08-24T23:11:13.2631734-05:00 [PHASE5B] [RUN] [6.1] P5B_MINIFIG_MEMBERS / PARTS 920,000/1,551,229 ( 59.3%) batch=185
2026-08-24T23:11:13.2851883-05:00 [PHASE5B] [OK ] [6.1] PARTS: 925,000/1,551,229 (59.6%) batches=185 elapsed=0.02s
2026-08-24T23:11:13.2861900-05:00 [PHASE5B] [RUN] [6.1] P5B_MINIFIG_MEMBERS / PARTS 925,000/1,551,229 ( 59.6%) batch=186
2026-08-24T23:11:13.3093223-05:00 [PHASE5B] [OK ] [6.1] PARTS: 930,000/1,551,229 (60.0%) batches=186 elapsed=0.02s
2026-08-24T23:11:13.3103653-05:00 [PHASE5B] [RUN] [6.1] P5B_MINIFIG_MEMBERS / PARTS 930,000/1,551,229 ( 60.0%) batch=187
2026-08-24T23:11:13.3309337-05:00 [PHASE5B] [OK ] [6.1] PARTS: 935,000/1,551,229 (60.3%) batches=187 elapsed=0.02s
2026-08-24T23:11:13.3319347-05:00 [PHASE5B] [RUN] [6.1] P5B_MINIFIG_MEMBERS / PARTS 935,000/1,551,229 ( 60.3%) batch=188
2026-08-24T23:11:13.3536895-05:00 [PHASE5B] [OK ] [6.1] PARTS: 940,000/1,551,229 (60.6%) batches=188 elapsed=0.02s
2026-08-24T23:11:13.3556905-05:00 [PHASE5B] [RUN] [6.1] P5B_MINIFIG_MEMBERS / PARTS 940,000/1,551,229 ( 60.6%) batch=189
2026-08-24T23:11:13.3773001-05:00 [PHASE5B] [OK ] [6.1] PARTS: 945,000/1,551,229 (60.9%) batches=189 elapsed=0.02s
2026-08-24T23:11:13.3782998-05:00 [PHASE5B] [RUN] [6.1] P5B_MINIFIG_MEMBERS / PARTS 945,000/1,551,229 ( 60.9%) batch=190
2026-08-24T23:11:13.3993177-05:00 [PHASE5B] [OK ] [6.1] PARTS: 950,000/1,551,229 (61.2%) batches=190 elapsed=0.02s
2026-08-24T23:11:13.4003180-05:00 [PHASE5B] [RUN] [6.1] P5B_MINIFIG_MEMBERS / PARTS 950,000/1,551,229 ( 61.2%) batch=191
2026-08-24T23:11:13.4228484-05:00 [PHASE5B] [OK ] [6.1] PARTS: 955,000/1,551,229 (61.6%) batches=191 elapsed=0.02s
2026-08-24T23:11:13.4242199-05:00 [PHASE5B] [RUN] [6.1] P5B_MINIFIG_MEMBERS / PARTS 955,000/1,551,229 ( 61.6%) batch=192
2026-08-24T23:11:13.4462313-05:00 [PHASE5B] [OK ] [6.1] PARTS: 960,000/1,551,229 (61.9%) batches=192 elapsed=0.02s
2026-08-24T23:11:13.4472336-05:00 [PHASE5B] [RUN] [6.1] P5B_MINIFIG_MEMBERS / PARTS 960,000/1,551,229 ( 61.9%) batch=193
2026-08-24T23:11:13.4679388-05:00 [PHASE5B] [OK ] [6.1] PARTS: 965,000/1,551,229 (62.2%) batches=193 elapsed=0.02s
2026-08-24T23:11:13.4689316-05:00 [PHASE5B] [RUN] [6.1] P5B_MINIFIG_MEMBERS / PARTS 965,000/1,551,229 ( 62.2%) batch=194
2026-08-24T23:11:13.4889430-05:00 [PHASE5B] [OK ] [6.1] PARTS: 970,000/1,551,229 (62.5%) batches=194 elapsed=0.02s
2026-08-24T23:11:13.4899462-05:00 [PHASE5B] [RUN] [6.1] P5B_MINIFIG_MEMBERS / PARTS 970,000/1,551,229 ( 62.5%) batch=195
2026-08-24T23:11:13.5119613-05:00 [PHASE5B] [OK ] [6.1] PARTS: 975,000/1,551,229 (62.9%) batches=195 elapsed=0.02s
2026-08-24T23:11:13.5124654-05:00 [PHASE5B] [RUN] [6.1] P5B_MINIFIG_MEMBERS / PARTS 975,000/1,551,229 ( 62.9%) batch=196
2026-08-24T23:11:13.5345706-05:00 [PHASE5B] [OK ] [6.1] PARTS: 980,000/1,551,229 (63.2%) batches=196 elapsed=0.02s
2026-08-24T23:11:13.5365702-05:00 [PHASE5B] [RUN] [6.1] P5B_MINIFIG_MEMBERS / PARTS 980,000/1,551,229 ( 63.2%) batch=197
2026-08-24T23:11:13.5576351-05:00 [PHASE5B] [OK ] [6.1] PARTS: 985,000/1,551,229 (63.5%) batches=197 elapsed=0.02s
2026-08-24T23:11:13.5596336-05:00 [PHASE5B] [RUN] [6.1] P5B_MINIFIG_MEMBERS / PARTS 985,000/1,551,229 ( 63.5%) batch=198
2026-08-24T23:11:13.5817360-05:00 [PHASE5B] [OK ] [6.1] PARTS: 990,000/1,551,229 (63.8%) batches=198 elapsed=0.02s
2026-08-24T23:11:13.5827813-05:00 [PHASE5B] [RUN] [6.1] P5B_MINIFIG_MEMBERS / PARTS 990,000/1,551,229 ( 63.8%) batch=199
2026-08-24T23:11:13.6041768-05:00 [PHASE5B] [OK ] [6.1] PARTS: 995,000/1,551,229 (64.1%) batches=199 elapsed=0.02s
2026-08-24T23:11:13.6061758-05:00 [PHASE5B] [RUN] [6.1] P5B_MINIFIG_MEMBERS / PARTS 995,000/1,551,229 ( 64.1%) batch=200
2026-08-24T23:11:13.6262862-05:00 [PHASE5B] [OK ] [6.1] PARTS: 1,000,000/1,551,229 (64.5%) batches=200 elapsed=0.02s
2026-08-24T23:11:13.6282842-05:00 [PHASE5B] [RUN] [6.1] P5B_MINIFIG_MEMBERS / PARTS 1,000,000/1,551,229 ( 64.5%) batch=201
2026-08-24T23:11:13.6501070-05:00 [PHASE5B] [OK ] [6.1] PARTS: 1,005,000/1,551,229 (64.8%) batches=201 elapsed=0.02s
2026-08-24T23:11:13.6516103-05:00 [PHASE5B] [RUN] [6.1] P5B_MINIFIG_MEMBERS / PARTS 1,005,000/1,551,229 ( 64.8%) batch=202
2026-08-24T23:11:13.6873705-05:00 [PHASE5B] [OK ] [6.1] PARTS: 1,010,000/1,551,229 (65.1%) batches=202 elapsed=0.04s
2026-08-24T23:11:13.6893710-05:00 [PHASE5B] [RUN] [6.1] P5B_MINIFIG_MEMBERS / PARTS 1,010,000/1,551,229 ( 65.1%) batch=203
2026-08-24T23:11:13.7118985-05:00 [PHASE5B] [OK ] [6.1] PARTS: 1,015,000/1,551,229 (65.4%) batches=203 elapsed=0.02s
2026-08-24T23:11:13.7129037-05:00 [PHASE5B] [RUN] [6.1] P5B_MINIFIG_MEMBERS / PARTS 1,015,000/1,551,229 ( 65.4%) batch=204
2026-08-24T23:11:13.7359286-05:00 [PHASE5B] [OK ] [6.1] PARTS: 1,020,000/1,551,229 (65.8%) batches=204 elapsed=0.02s
2026-08-24T23:11:13.7369278-05:00 [PHASE5B] [RUN] [6.1] P5B_MINIFIG_MEMBERS / PARTS 1,020,000/1,551,229 ( 65.8%) batch=205
2026-08-24T23:11:13.7599478-05:00 [PHASE5B] [OK ] [6.1] PARTS: 1,025,000/1,551,229 (66.1%) batches=205 elapsed=0.02s
2026-08-24T23:11:13.7609478-05:00 [PHASE5B] [RUN] [6.1] P5B_MINIFIG_MEMBERS / PARTS 1,025,000/1,551,229 ( 66.1%) batch=206
2026-08-24T23:11:13.7809647-05:00 [PHASE5B] [OK ] [6.1] PARTS: 1,030,000/1,551,229 (66.4%) batches=206 elapsed=0.02s
2026-08-24T23:11:13.7830222-05:00 [PHASE5B] [RUN] [6.1] P5B_MINIFIG_MEMBERS / PARTS 1,030,000/1,551,229 ( 66.4%) batch=207
2026-08-24T23:11:13.8050363-05:00 [PHASE5B] [OK ] [6.1] PARTS: 1,035,000/1,551,229 (66.7%) batches=207 elapsed=0.02s
2026-08-24T23:11:13.8060369-05:00 [PHASE5B] [RUN] [6.1] P5B_MINIFIG_MEMBERS / PARTS 1,035,000/1,551,229 ( 66.7%) batch=208
2026-08-24T23:11:13.8275490-05:00 [PHASE5B] [OK ] [6.1] PARTS: 1,040,000/1,551,229 (67.0%) batches=208 elapsed=0.02s
2026-08-24T23:11:13.8295501-05:00 [PHASE5B] [RUN] [6.1] P5B_MINIFIG_MEMBERS / PARTS 1,040,000/1,551,229 ( 67.0%) batch=209
2026-08-24T23:11:13.8510693-05:00 [PHASE5B] [OK ] [6.1] PARTS: 1,045,000/1,551,229 (67.4%) batches=209 elapsed=0.02s
2026-08-24T23:11:13.8520672-05:00 [PHASE5B] [RUN] [6.1] P5B_MINIFIG_MEMBERS / PARTS 1,045,000/1,551,229 ( 67.4%) batch=210
2026-08-24T23:11:13.8730665-05:00 [PHASE5B] [OK ] [6.1] PARTS: 1,050,000/1,551,229 (67.7%) batches=210 elapsed=0.02s
2026-08-24T23:11:13.8750678-05:00 [PHASE5B] [RUN] [6.1] P5B_MINIFIG_MEMBERS / PARTS 1,050,000/1,551,229 ( 67.7%) batch=211
2026-08-24T23:11:13.8960676-05:00 [PHASE5B] [OK ] [6.1] PARTS: 1,055,000/1,551,229 (68.0%) batches=211 elapsed=0.02s
2026-08-24T23:11:13.8970675-05:00 [PHASE5B] [RUN] [6.1] P5B_MINIFIG_MEMBERS / PARTS 1,055,000/1,551,229 ( 68.0%) batch=212
2026-08-24T23:11:13.9180731-05:00 [PHASE5B] [OK ] [6.1] PARTS: 1,060,000/1,551,229 (68.3%) batches=212 elapsed=0.02s
2026-08-24T23:11:13.9190735-05:00 [PHASE5B] [RUN] [6.1] P5B_MINIFIG_MEMBERS / PARTS 1,060,000/1,551,229 ( 68.3%) batch=213
2026-08-24T23:11:13.9405821-05:00 [PHASE5B] [OK ] [6.1] PARTS: 1,065,000/1,551,229 (68.7%) batches=213 elapsed=0.02s
2026-08-24T23:11:13.9425817-05:00 [PHASE5B] [RUN] [6.1] P5B_MINIFIG_MEMBERS / PARTS 1,065,000/1,551,229 ( 68.7%) batch=214
2026-08-24T23:11:13.9635838-05:00 [PHASE5B] [OK ] [6.1] PARTS: 1,070,000/1,551,229 (69.0%) batches=214 elapsed=0.02s
2026-08-24T23:11:13.9645819-05:00 [PHASE5B] [RUN] [6.1] P5B_MINIFIG_MEMBERS / PARTS 1,070,000/1,551,229 ( 69.0%) batch=215
2026-08-24T23:11:13.9855817-05:00 [PHASE5B] [OK ] [6.1] PARTS: 1,075,000/1,551,229 (69.3%) batches=215 elapsed=0.02s
2026-08-24T23:11:13.9865820-05:00 [PHASE5B] [RUN] [6.1] P5B_MINIFIG_MEMBERS / PARTS 1,075,000/1,551,229 ( 69.3%) batch=216
2026-08-24T23:11:14.0085821-05:00 [PHASE5B] [OK ] [6.1] PARTS: 1,080,000/1,551,229 (69.6%) batches=216 elapsed=0.02s
2026-08-24T23:11:14.0095869-05:00 [PHASE5B] [RUN] [6.1] P5B_MINIFIG_MEMBERS / PARTS 1,080,000/1,551,229 ( 69.6%) batch=217
2026-08-24T23:11:14.0306130-05:00 [PHASE5B] [OK ] [6.1] PARTS: 1,085,000/1,551,229 (69.9%) batches=217 elapsed=0.02s
2026-08-24T23:11:14.0316137-05:00 [PHASE5B] [RUN] [6.1] P5B_MINIFIG_MEMBERS / PARTS 1,085,000/1,551,229 ( 69.9%) batch=218
2026-08-24T23:11:14.0536138-05:00 [PHASE5B] [OK ] [6.1] PARTS: 1,090,000/1,551,229 (70.3%) batches=218 elapsed=0.02s
2026-08-24T23:11:14.0546145-05:00 [PHASE5B] [RUN] [6.1] P5B_MINIFIG_MEMBERS / PARTS 1,090,000/1,551,229 ( 70.3%) batch=219
2026-08-24T23:11:14.0756133-05:00 [PHASE5B] [OK ] [6.1] PARTS: 1,095,000/1,551,229 (70.6%) batches=219 elapsed=0.02s
2026-08-24T23:11:14.0766146-05:00 [PHASE5B] [RUN] [6.1] P5B_MINIFIG_MEMBERS / PARTS 1,095,000/1,551,229 ( 70.6%) batch=220
2026-08-24T23:11:14.0976193-05:00 [PHASE5B] [OK ] [6.1] PARTS: 1,100,000/1,551,229 (70.9%) batches=220 elapsed=0.02s
2026-08-24T23:11:14.0986151-05:00 [PHASE5B] [RUN] [6.1] P5B_MINIFIG_MEMBERS / PARTS 1,100,000/1,551,229 ( 70.9%) batch=221
2026-08-24T23:11:14.1196176-05:00 [PHASE5B] [OK ] [6.1] PARTS: 1,105,000/1,551,229 (71.2%) batches=221 elapsed=0.02s
2026-08-24T23:11:14.1206185-05:00 [PHASE5B] [RUN] [6.1] P5B_MINIFIG_MEMBERS / PARTS 1,105,000/1,551,229 ( 71.2%) batch=222
2026-08-24T23:11:14.1416463-05:00 [PHASE5B] [OK ] [6.1] PARTS: 1,110,000/1,551,229 (71.6%) batches=222 elapsed=0.02s
2026-08-24T23:11:14.1426449-05:00 [PHASE5B] [RUN] [6.1] P5B_MINIFIG_MEMBERS / PARTS 1,110,000/1,551,229 ( 71.6%) batch=223
2026-08-24T23:11:14.1646427-05:00 [PHASE5B] [OK ] [6.1] PARTS: 1,115,000/1,551,229 (71.9%) batches=223 elapsed=0.02s
2026-08-24T23:11:14.1666429-05:00 [PHASE5B] [RUN] [6.1] P5B_MINIFIG_MEMBERS / PARTS 1,115,000/1,551,229 ( 71.9%) batch=224
2026-08-24T23:11:14.1886423-05:00 [PHASE5B] [OK ] [6.1] PARTS: 1,120,000/1,551,229 (72.2%) batches=224 elapsed=0.02s
2026-08-24T23:11:14.1896437-05:00 [PHASE5B] [RUN] [6.1] P5B_MINIFIG_MEMBERS / PARTS 1,120,000/1,551,229 ( 72.2%) batch=225
2026-08-24T23:11:14.2126458-05:00 [PHASE5B] [OK ] [6.1] PARTS: 1,125,000/1,551,229 (72.5%) batches=225 elapsed=0.02s
2026-08-24T23:11:14.2146456-05:00 [PHASE5B] [RUN] [6.1] P5B_MINIFIG_MEMBERS / PARTS 1,125,000/1,551,229 ( 72.5%) batch=226
2026-08-24T23:11:14.2350184-05:00 [PHASE5B] [OK ] [6.1] PARTS: 1,130,000/1,551,229 (72.8%) batches=226 elapsed=0.02s
2026-08-24T23:11:14.2360258-05:00 [PHASE5B] [RUN] [6.1] P5B_MINIFIG_MEMBERS / PARTS 1,130,000/1,551,229 ( 72.8%) batch=227
2026-08-24T23:11:14.2570205-05:00 [PHASE5B] [OK ] [6.1] PARTS: 1,135,000/1,551,229 (73.2%) batches=227 elapsed=0.02s
2026-08-24T23:11:14.2590182-05:00 [PHASE5B] [RUN] [6.1] P5B_MINIFIG_MEMBERS / PARTS 1,135,000/1,551,229 ( 73.2%) batch=228
2026-08-24T23:11:14.2800188-05:00 [PHASE5B] [OK ] [6.1] PARTS: 1,140,000/1,551,229 (73.5%) batches=228 elapsed=0.02s
2026-08-24T23:11:14.2810202-05:00 [PHASE5B] [RUN] [6.1] P5B_MINIFIG_MEMBERS / PARTS 1,140,000/1,551,229 ( 73.5%) batch=229
2026-08-24T23:11:14.3030186-05:00 [PHASE5B] [OK ] [6.1] PARTS: 1,145,000/1,551,229 (73.8%) batches=229 elapsed=0.02s
2026-08-24T23:11:14.3040179-05:00 [PHASE5B] [RUN] [6.1] P5B_MINIFIG_MEMBERS / PARTS 1,145,000/1,551,229 ( 73.8%) batch=230
2026-08-24T23:11:14.3248320-05:00 [PHASE5B] [OK ] [6.1] PARTS: 1,150,000/1,551,229 (74.1%) batches=230 elapsed=0.02s
2026-08-24T23:11:14.3268370-05:00 [PHASE5B] [RUN] [6.1] P5B_MINIFIG_MEMBERS / PARTS 1,150,000/1,551,229 ( 74.1%) batch=231
2026-08-24T23:11:14.3478363-05:00 [PHASE5B] [OK ] [6.1] PARTS: 1,155,000/1,551,229 (74.5%) batches=231 elapsed=0.02s
2026-08-24T23:11:14.3498359-05:00 [PHASE5B] [RUN] [6.1] P5B_MINIFIG_MEMBERS / PARTS 1,155,000/1,551,229 ( 74.5%) batch=232
2026-08-24T23:11:14.3698397-05:00 [PHASE5B] [OK ] [6.1] PARTS: 1,160,000/1,551,229 (74.8%) batches=232 elapsed=0.02s
2026-08-24T23:11:14.3708367-05:00 [PHASE5B] [RUN] [6.1] P5B_MINIFIG_MEMBERS / PARTS 1,160,000/1,551,229 ( 74.8%) batch=233
2026-08-24T23:11:14.3918375-05:00 [PHASE5B] [OK ] [6.1] PARTS: 1,165,000/1,551,229 (75.1%) batches=233 elapsed=0.02s
2026-08-24T23:11:14.3928386-05:00 [PHASE5B] [RUN] [6.1] P5B_MINIFIG_MEMBERS / PARTS 1,165,000/1,551,229 ( 75.1%) batch=234
2026-08-24T23:11:14.4158427-05:00 [PHASE5B] [OK ] [6.1] PARTS: 1,170,000/1,551,229 (75.4%) batches=234 elapsed=0.02s
2026-08-24T23:11:14.4178416-05:00 [PHASE5B] [RUN] [6.1] P5B_MINIFIG_MEMBERS / PARTS 1,170,000/1,551,229 ( 75.4%) batch=235
2026-08-24T23:11:14.4393499-05:00 [PHASE5B] [OK ] [6.1] PARTS: 1,175,000/1,551,229 (75.7%) batches=235 elapsed=0.02s
2026-08-24T23:11:14.4403498-05:00 [PHASE5B] [RUN] [6.1] P5B_MINIFIG_MEMBERS / PARTS 1,175,000/1,551,229 ( 75.7%) batch=236
2026-08-24T23:11:14.4643523-05:00 [PHASE5B] [OK ] [6.1] PARTS: 1,180,000/1,551,229 (76.1%) batches=236 elapsed=0.02s
2026-08-24T23:11:14.4653508-05:00 [PHASE5B] [RUN] [6.1] P5B_MINIFIG_MEMBERS / PARTS 1,180,000/1,551,229 ( 76.1%) batch=237
2026-08-24T23:11:14.4903495-05:00 [PHASE5B] [OK ] [6.1] PARTS: 1,185,000/1,551,229 (76.4%) batches=237 elapsed=0.03s
2026-08-24T23:11:14.4913497-05:00 [PHASE5B] [RUN] [6.1] P5B_MINIFIG_MEMBERS / PARTS 1,185,000/1,551,229 ( 76.4%) batch=238
2026-08-24T23:11:14.5153543-05:00 [PHASE5B] [OK ] [6.1] PARTS: 1,190,000/1,551,229 (76.7%) batches=238 elapsed=0.02s
2026-08-24T23:11:14.5163550-05:00 [PHASE5B] [RUN] [6.1] P5B_MINIFIG_MEMBERS / PARTS 1,190,000/1,551,229 ( 76.7%) batch=239
2026-08-24T23:11:14.5424516-05:00 [PHASE5B] [OK ] [6.1] PARTS: 1,195,000/1,551,229 (77.0%) batches=239 elapsed=0.03s
2026-08-24T23:11:14.5434499-05:00 [PHASE5B] [RUN] [6.1] P5B_MINIFIG_MEMBERS / PARTS 1,195,000/1,551,229 ( 77.0%) batch=240
2026-08-24T23:11:14.5684509-05:00 [PHASE5B] [OK ] [6.1] PARTS: 1,200,000/1,551,229 (77.4%) batches=240 elapsed=0.03s
2026-08-24T23:11:14.5694531-05:00 [PHASE5B] [RUN] [6.1] P5B_MINIFIG_MEMBERS / PARTS 1,200,000/1,551,229 ( 77.4%) batch=241
2026-08-24T23:11:14.5914500-05:00 [PHASE5B] [OK ] [6.1] PARTS: 1,205,000/1,551,229 (77.7%) batches=241 elapsed=0.02s
2026-08-24T23:11:14.5924497-05:00 [PHASE5B] [RUN] [6.1] P5B_MINIFIG_MEMBERS / PARTS 1,205,000/1,551,229 ( 77.7%) batch=242
2026-08-24T23:11:14.6154537-05:00 [PHASE5B] [OK ] [6.1] PARTS: 1,210,000/1,551,229 (78.0%) batches=242 elapsed=0.02s
2026-08-24T23:11:14.6164543-05:00 [PHASE5B] [RUN] [6.1] P5B_MINIFIG_MEMBERS / PARTS 1,210,000/1,551,229 ( 78.0%) batch=243
2026-08-24T23:11:14.6389618-05:00 [PHASE5B] [OK ] [6.1] PARTS: 1,215,000/1,551,229 (78.3%) batches=243 elapsed=0.02s
2026-08-24T23:11:14.6409627-05:00 [PHASE5B] [RUN] [6.1] P5B_MINIFIG_MEMBERS / PARTS 1,215,000/1,551,229 ( 78.3%) batch=244
2026-08-24T23:11:14.6629635-05:00 [PHASE5B] [OK ] [6.1] PARTS: 1,220,000/1,551,229 (78.6%) batches=244 elapsed=0.02s
2026-08-24T23:11:14.6639631-05:00 [PHASE5B] [RUN] [6.1] P5B_MINIFIG_MEMBERS / PARTS 1,220,000/1,551,229 ( 78.6%) batch=245
2026-08-24T23:11:14.6859618-05:00 [PHASE5B] [OK ] [6.1] PARTS: 1,225,000/1,551,229 (79.0%) batches=245 elapsed=0.02s
2026-08-24T23:11:14.6869619-05:00 [PHASE5B] [RUN] [6.1] P5B_MINIFIG_MEMBERS / PARTS 1,225,000/1,551,229 ( 79.0%) batch=246
2026-08-24T23:11:14.7099648-05:00 [PHASE5B] [OK ] [6.1] PARTS: 1,230,000/1,551,229 (79.3%) batches=246 elapsed=0.02s
2026-08-24T23:11:14.7109646-05:00 [PHASE5B] [RUN] [6.1] P5B_MINIFIG_MEMBERS / PARTS 1,230,000/1,551,229 ( 79.3%) batch=247
2026-08-24T23:11:14.7314719-05:00 [PHASE5B] [OK ] [6.1] PARTS: 1,235,000/1,551,229 (79.6%) batches=247 elapsed=0.02s
2026-08-24T23:11:14.7334726-05:00 [PHASE5B] [RUN] [6.1] P5B_MINIFIG_MEMBERS / PARTS 1,235,000/1,551,229 ( 79.6%) batch=248
2026-08-24T23:11:14.7544725-05:00 [PHASE5B] [OK ] [6.1] PARTS: 1,240,000/1,551,229 (79.9%) batches=248 elapsed=0.02s
2026-08-24T23:11:14.7554735-05:00 [PHASE5B] [RUN] [6.1] P5B_MINIFIG_MEMBERS / PARTS 1,240,000/1,551,229 ( 79.9%) batch=249
2026-08-24T23:11:14.7774746-05:00 [PHASE5B] [OK ] [6.1] PARTS: 1,245,000/1,551,229 (80.3%) batches=249 elapsed=0.02s
2026-08-24T23:11:14.7784731-05:00 [PHASE5B] [RUN] [6.1] P5B_MINIFIG_MEMBERS / PARTS 1,245,000/1,551,229 ( 80.3%) batch=250
2026-08-24T23:11:14.8004719-05:00 [PHASE5B] [OK ] [6.1] PARTS: 1,250,000/1,551,229 (80.6%) batches=250 elapsed=0.02s
2026-08-24T23:11:14.8014714-05:00 [PHASE5B] [RUN] [6.1] P5B_MINIFIG_MEMBERS / PARTS 1,250,000/1,551,229 ( 80.6%) batch=251
2026-08-24T23:11:14.8234763-05:00 [PHASE5B] [OK ] [6.1] PARTS: 1,255,000/1,551,229 (80.9%) batches=251 elapsed=0.02s
2026-08-24T23:11:14.8244773-05:00 [PHASE5B] [RUN] [6.1] P5B_MINIFIG_MEMBERS / PARTS 1,255,000/1,551,229 ( 80.9%) batch=252
2026-08-24T23:11:14.8487837-05:00 [PHASE5B] [OK ] [6.1] PARTS: 1,260,000/1,551,229 (81.2%) batches=252 elapsed=0.02s
2026-08-24T23:11:14.8497854-05:00 [PHASE5B] [RUN] [6.1] P5B_MINIFIG_MEMBERS / PARTS 1,260,000/1,551,229 ( 81.2%) batch=253
2026-08-24T23:11:14.8717841-05:00 [PHASE5B] [OK ] [6.1] PARTS: 1,265,000/1,551,229 (81.5%) batches=253 elapsed=0.02s
2026-08-24T23:11:14.8727862-05:00 [PHASE5B] [RUN] [6.1] P5B_MINIFIG_MEMBERS / PARTS 1,265,000/1,551,229 ( 81.5%) batch=254
2026-08-24T23:11:14.8957860-05:00 [PHASE5B] [OK ] [6.1] PARTS: 1,270,000/1,551,229 (81.9%) batches=254 elapsed=0.02s
2026-08-24T23:11:14.8977863-05:00 [PHASE5B] [RUN] [6.1] P5B_MINIFIG_MEMBERS / PARTS 1,270,000/1,551,229 ( 81.9%) batch=255
2026-08-24T23:11:14.9271004-05:00 [PHASE5B] [OK ] [6.1] PARTS: 1,275,000/1,551,229 (82.2%) batches=255 elapsed=0.03s
2026-08-24T23:11:14.9291013-05:00 [PHASE5B] [RUN] [6.1] P5B_MINIFIG_MEMBERS / PARTS 1,275,000/1,551,229 ( 82.2%) batch=256
2026-08-24T23:11:14.9531007-05:00 [PHASE5B] [OK ] [6.1] PARTS: 1,280,000/1,551,229 (82.5%) batches=256 elapsed=0.03s
2026-08-24T23:11:14.9541010-05:00 [PHASE5B] [RUN] [6.1] P5B_MINIFIG_MEMBERS / PARTS 1,280,000/1,551,229 ( 82.5%) batch=257
2026-08-24T23:11:14.9781019-05:00 [PHASE5B] [OK ] [6.1] PARTS: 1,285,000/1,551,229 (82.8%) batches=257 elapsed=0.02s
2026-08-24T23:11:14.9801007-05:00 [PHASE5B] [RUN] [6.1] P5B_MINIFIG_MEMBERS / PARTS 1,285,000/1,551,229 ( 82.8%) batch=258
2026-08-24T23:11:15.0041002-05:00 [PHASE5B] [OK ] [6.1] PARTS: 1,290,000/1,551,229 (83.2%) batches=258 elapsed=0.03s
2026-08-24T23:11:15.0051035-05:00 [PHASE5B] [RUN] [6.1] P5B_MINIFIG_MEMBERS / PARTS 1,290,000/1,551,229 ( 83.2%) batch=259
2026-08-24T23:11:15.0296126-05:00 [PHASE5B] [OK ] [6.1] PARTS: 1,295,000/1,551,229 (83.5%) batches=259 elapsed=0.02s
2026-08-24T23:11:15.0306210-05:00 [PHASE5B] [RUN] [6.1] P5B_MINIFIG_MEMBERS / PARTS 1,295,000/1,551,229 ( 83.5%) batch=260
2026-08-24T23:11:15.0516121-05:00 [PHASE5B] [OK ] [6.1] PARTS: 1,300,000/1,551,229 (83.8%) batches=260 elapsed=0.02s
2026-08-24T23:11:15.0526127-05:00 [PHASE5B] [RUN] [6.1] P5B_MINIFIG_MEMBERS / PARTS 1,300,000/1,551,229 ( 83.8%) batch=261
2026-08-24T23:11:15.0746123-05:00 [PHASE5B] [OK ] [6.1] PARTS: 1,305,000/1,551,229 (84.1%) batches=261 elapsed=0.02s
2026-08-24T23:11:15.0756124-05:00 [PHASE5B] [RUN] [6.1] P5B_MINIFIG_MEMBERS / PARTS 1,305,000/1,551,229 ( 84.1%) batch=262
2026-08-24T23:11:15.0966130-05:00 [PHASE5B] [OK ] [6.1] PARTS: 1,310,000/1,551,229 (84.4%) batches=262 elapsed=0.02s
2026-08-24T23:11:15.0986124-05:00 [PHASE5B] [RUN] [6.1] P5B_MINIFIG_MEMBERS / PARTS 1,310,000/1,551,229 ( 84.4%) batch=263
2026-08-24T23:11:15.1186154-05:00 [PHASE5B] [OK ] [6.1] PARTS: 1,315,000/1,551,229 (84.8%) batches=263 elapsed=0.02s
2026-08-24T23:11:15.1196198-05:00 [PHASE5B] [RUN] [6.1] P5B_MINIFIG_MEMBERS / PARTS 1,315,000/1,551,229 ( 84.8%) batch=264
2026-08-24T23:11:15.1411297-05:00 [PHASE5B] [OK ] [6.1] PARTS: 1,320,000/1,551,229 (85.1%) batches=264 elapsed=0.02s
2026-08-24T23:11:15.1421294-05:00 [PHASE5B] [RUN] [6.1] P5B_MINIFIG_MEMBERS / PARTS 1,320,000/1,551,229 ( 85.1%) batch=265
2026-08-24T23:11:15.1631323-05:00 [PHASE5B] [OK ] [6.1] PARTS: 1,325,000/1,551,229 (85.4%) batches=265 elapsed=0.02s
2026-08-24T23:11:15.1651295-05:00 [PHASE5B] [RUN] [6.1] P5B_MINIFIG_MEMBERS / PARTS 1,325,000/1,551,229 ( 85.4%) batch=266
2026-08-24T23:11:15.1851289-05:00 [PHASE5B] [OK ] [6.1] PARTS: 1,330,000/1,551,229 (85.7%) batches=266 elapsed=0.02s
2026-08-24T23:11:15.1861330-05:00 [PHASE5B] [RUN] [6.1] P5B_MINIFIG_MEMBERS / PARTS 1,330,000/1,551,229 ( 85.7%) batch=267
2026-08-24T23:11:15.2071320-05:00 [PHASE5B] [OK ] [6.1] PARTS: 1,335,000/1,551,229 (86.1%) batches=267 elapsed=0.02s
2026-08-24T23:11:15.2091295-05:00 [PHASE5B] [RUN] [6.1] P5B_MINIFIG_MEMBERS / PARTS 1,335,000/1,551,229 ( 86.1%) batch=268
2026-08-24T23:11:15.2292246-05:00 [PHASE5B] [OK ] [6.1] PARTS: 1,340,000/1,551,229 (86.4%) batches=268 elapsed=0.02s
2026-08-24T23:11:15.2312257-05:00 [PHASE5B] [RUN] [6.1] P5B_MINIFIG_MEMBERS / PARTS 1,340,000/1,551,229 ( 86.4%) batch=269
2026-08-24T23:11:15.2512250-05:00 [PHASE5B] [OK ] [6.1] PARTS: 1,345,000/1,551,229 (86.7%) batches=269 elapsed=0.02s
2026-08-24T23:11:15.2522281-05:00 [PHASE5B] [RUN] [6.1] P5B_MINIFIG_MEMBERS / PARTS 1,345,000/1,551,229 ( 86.7%) batch=270
2026-08-24T23:11:15.2732241-05:00 [PHASE5B] [OK ] [6.1] PARTS: 1,350,000/1,551,229 (87.0%) batches=270 elapsed=0.02s
2026-08-24T23:11:15.2752248-05:00 [PHASE5B] [RUN] [6.1] P5B_MINIFIG_MEMBERS / PARTS 1,350,000/1,551,229 ( 87.0%) batch=271
2026-08-24T23:11:15.2962267-05:00 [PHASE5B] [OK ] [6.1] PARTS: 1,355,000/1,551,229 (87.4%) batches=271 elapsed=0.02s
2026-08-24T23:11:15.2972247-05:00 [PHASE5B] [RUN] [6.1] P5B_MINIFIG_MEMBERS / PARTS 1,355,000/1,551,229 ( 87.4%) batch=272
2026-08-24T23:11:15.3193934-05:00 [PHASE5B] [OK ] [6.1] PARTS: 1,360,000/1,551,229 (87.7%) batches=272 elapsed=0.02s
2026-08-24T23:11:15.3203962-05:00 [PHASE5B] [RUN] [6.1] P5B_MINIFIG_MEMBERS / PARTS 1,360,000/1,551,229 ( 87.7%) batch=273
2026-08-24T23:11:15.3439019-05:00 [PHASE5B] [OK ] [6.1] PARTS: 1,365,000/1,551,229 (88.0%) batches=273 elapsed=0.02s
2026-08-24T23:11:15.3449014-05:00 [PHASE5B] [RUN] [6.1] P5B_MINIFIG_MEMBERS / PARTS 1,365,000/1,551,229 ( 88.0%) batch=274
2026-08-24T23:11:15.3659028-05:00 [PHASE5B] [OK ] [6.1] PARTS: 1,370,000/1,551,229 (88.3%) batches=274 elapsed=0.02s
2026-08-24T23:11:15.3669049-05:00 [PHASE5B] [RUN] [6.1] P5B_MINIFIG_MEMBERS / PARTS 1,370,000/1,551,229 ( 88.3%) batch=275
2026-08-24T23:11:15.3889021-05:00 [PHASE5B] [OK ] [6.1] PARTS: 1,375,000/1,551,229 (88.6%) batches=275 elapsed=0.02s
2026-08-24T23:11:15.3899043-05:00 [PHASE5B] [RUN] [6.1] P5B_MINIFIG_MEMBERS / PARTS 1,375,000/1,551,229 ( 88.6%) batch=276
2026-08-24T23:11:15.4119089-05:00 [PHASE5B] [OK ] [6.1] PARTS: 1,380,000/1,551,229 (89.0%) batches=276 elapsed=0.02s
2026-08-24T23:11:15.4129093-05:00 [PHASE5B] [RUN] [6.1] P5B_MINIFIG_MEMBERS / PARTS 1,380,000/1,551,229 ( 89.0%) batch=277
2026-08-24T23:11:15.4344152-05:00 [PHASE5B] [OK ] [6.1] PARTS: 1,385,000/1,551,229 (89.3%) batches=277 elapsed=0.02s
2026-08-24T23:11:15.4354157-05:00 [PHASE5B] [RUN] [6.1] P5B_MINIFIG_MEMBERS / PARTS 1,385,000/1,551,229 ( 89.3%) batch=278
2026-08-24T23:11:15.4594145-05:00 [PHASE5B] [OK ] [6.1] PARTS: 1,390,000/1,551,229 (89.6%) batches=278 elapsed=0.03s
2026-08-24T23:11:15.4614148-05:00 [PHASE5B] [RUN] [6.1] P5B_MINIFIG_MEMBERS / PARTS 1,390,000/1,551,229 ( 89.6%) batch=279
2026-08-24T23:11:15.4834181-05:00 [PHASE5B] [OK ] [6.1] PARTS: 1,395,000/1,551,229 (89.9%) batches=279 elapsed=0.02s
2026-08-24T23:11:15.4844144-05:00 [PHASE5B] [RUN] [6.1] P5B_MINIFIG_MEMBERS / PARTS 1,395,000/1,551,229 ( 89.9%) batch=280
2026-08-24T23:11:15.5054175-05:00 [PHASE5B] [OK ] [6.1] PARTS: 1,400,000/1,551,229 (90.3%) batches=280 elapsed=0.02s
2026-08-24T23:11:15.5064146-05:00 [PHASE5B] [RUN] [6.1] P5B_MINIFIG_MEMBERS / PARTS 1,400,000/1,551,229 ( 90.3%) batch=281
2026-08-24T23:11:15.5289284-05:00 [PHASE5B] [OK ] [6.1] PARTS: 1,405,000/1,551,229 (90.6%) batches=281 elapsed=0.02s
2026-08-24T23:11:15.5299266-05:00 [PHASE5B] [RUN] [6.1] P5B_MINIFIG_MEMBERS / PARTS 1,405,000/1,551,229 ( 90.6%) batch=282
2026-08-24T23:11:15.5529294-05:00 [PHASE5B] [OK ] [6.1] PARTS: 1,410,000/1,551,229 (90.9%) batches=282 elapsed=0.02s
2026-08-24T23:11:15.5539262-05:00 [PHASE5B] [RUN] [6.1] P5B_MINIFIG_MEMBERS / PARTS 1,410,000/1,551,229 ( 90.9%) batch=283
2026-08-24T23:11:15.5769270-05:00 [PHASE5B] [OK ] [6.1] PARTS: 1,415,000/1,551,229 (91.2%) batches=283 elapsed=0.02s
2026-08-24T23:11:15.5779288-05:00 [PHASE5B] [RUN] [6.1] P5B_MINIFIG_MEMBERS / PARTS 1,415,000/1,551,229 ( 91.2%) batch=284
2026-08-24T23:11:15.5999263-05:00 [PHASE5B] [OK ] [6.1] PARTS: 1,420,000/1,551,229 (91.5%) batches=284 elapsed=0.02s
2026-08-24T23:11:15.6009260-05:00 [PHASE5B] [RUN] [6.1] P5B_MINIFIG_MEMBERS / PARTS 1,420,000/1,551,229 ( 91.5%) batch=285
2026-08-24T23:11:15.6229317-05:00 [PHASE5B] [OK ] [6.1] PARTS: 1,425,000/1,551,229 (91.9%) batches=285 elapsed=0.02s
2026-08-24T23:11:15.6239309-05:00 [PHASE5B] [RUN] [6.1] P5B_MINIFIG_MEMBERS / PARTS 1,425,000/1,551,229 ( 91.9%) batch=286
2026-08-24T23:11:15.6444408-05:00 [PHASE5B] [OK ] [6.1] PARTS: 1,430,000/1,551,229 (92.2%) batches=286 elapsed=0.02s
2026-08-24T23:11:15.6454388-05:00 [PHASE5B] [RUN] [6.1] P5B_MINIFIG_MEMBERS / PARTS 1,430,000/1,551,229 ( 92.2%) batch=287
2026-08-24T23:11:15.6664395-05:00 [PHASE5B] [OK ] [6.1] PARTS: 1,435,000/1,551,229 (92.5%) batches=287 elapsed=0.02s
2026-08-24T23:11:15.6684388-05:00 [PHASE5B] [RUN] [6.1] P5B_MINIFIG_MEMBERS / PARTS 1,435,000/1,551,229 ( 92.5%) batch=288
2026-08-24T23:11:15.6884394-05:00 [PHASE5B] [OK ] [6.1] PARTS: 1,440,000/1,551,229 (92.8%) batches=288 elapsed=0.02s
2026-08-24T23:11:15.6904423-05:00 [PHASE5B] [RUN] [6.1] P5B_MINIFIG_MEMBERS / PARTS 1,440,000/1,551,229 ( 92.8%) batch=289
2026-08-24T23:11:15.7124413-05:00 [PHASE5B] [OK ] [6.1] PARTS: 1,445,000/1,551,229 (93.2%) batches=289 elapsed=0.02s
2026-08-24T23:11:15.7134411-05:00 [PHASE5B] [RUN] [6.1] P5B_MINIFIG_MEMBERS / PARTS 1,445,000/1,551,229 ( 93.2%) batch=290
2026-08-24T23:11:15.7329491-05:00 [PHASE5B] [OK ] [6.1] PARTS: 1,450,000/1,551,229 (93.5%) batches=290 elapsed=0.02s
2026-08-24T23:11:15.7349504-05:00 [PHASE5B] [RUN] [6.1] P5B_MINIFIG_MEMBERS / PARTS 1,450,000/1,551,229 ( 93.5%) batch=291
2026-08-24T23:11:15.7559500-05:00 [PHASE5B] [OK ] [6.1] PARTS: 1,455,000/1,551,229 (93.8%) batches=291 elapsed=0.02s
2026-08-24T23:11:15.7569492-05:00 [PHASE5B] [RUN] [6.1] P5B_MINIFIG_MEMBERS / PARTS 1,455,000/1,551,229 ( 93.8%) batch=292
2026-08-24T23:11:15.7789491-05:00 [PHASE5B] [OK ] [6.1] PARTS: 1,460,000/1,551,229 (94.1%) batches=292 elapsed=0.02s
2026-08-24T23:11:15.7799490-05:00 [PHASE5B] [RUN] [6.1] P5B_MINIFIG_MEMBERS / PARTS 1,460,000/1,551,229 ( 94.1%) batch=293
2026-08-24T23:11:15.8019491-05:00 [PHASE5B] [OK ] [6.1] PARTS: 1,465,000/1,551,229 (94.4%) batches=293 elapsed=0.02s
2026-08-24T23:11:15.8029490-05:00 [PHASE5B] [RUN] [6.1] P5B_MINIFIG_MEMBERS / PARTS 1,465,000/1,551,229 ( 94.4%) batch=294
2026-08-24T23:11:15.8254542-05:00 [PHASE5B] [OK ] [6.1] PARTS: 1,470,000/1,551,229 (94.8%) batches=294 elapsed=0.02s
2026-08-24T23:11:15.8264577-05:00 [PHASE5B] [RUN] [6.1] P5B_MINIFIG_MEMBERS / PARTS 1,470,000/1,551,229 ( 94.8%) batch=295
2026-08-24T23:11:15.8484587-05:00 [PHASE5B] [OK ] [6.1] PARTS: 1,475,000/1,551,229 (95.1%) batches=295 elapsed=0.02s
2026-08-24T23:11:15.8494617-05:00 [PHASE5B] [RUN] [6.1] P5B_MINIFIG_MEMBERS / PARTS 1,475,000/1,551,229 ( 95.1%) batch=296
2026-08-24T23:11:15.8714602-05:00 [PHASE5B] [OK ] [6.1] PARTS: 1,480,000/1,551,229 (95.4%) batches=296 elapsed=0.02s
2026-08-24T23:11:15.8724587-05:00 [PHASE5B] [RUN] [6.1] P5B_MINIFIG_MEMBERS / PARTS 1,480,000/1,551,229 ( 95.4%) batch=297
2026-08-24T23:11:15.8954589-05:00 [PHASE5B] [OK ] [6.1] PARTS: 1,485,000/1,551,229 (95.7%) batches=297 elapsed=0.02s
2026-08-24T23:11:15.8964579-05:00 [PHASE5B] [RUN] [6.1] P5B_MINIFIG_MEMBERS / PARTS 1,485,000/1,551,229 ( 95.7%) batch=298
2026-08-24T23:11:15.9184622-05:00 [PHASE5B] [OK ] [6.1] PARTS: 1,490,000/1,551,229 (96.1%) batches=298 elapsed=0.02s
2026-08-24T23:11:15.9204628-05:00 [PHASE5B] [RUN] [6.1] P5B_MINIFIG_MEMBERS / PARTS 1,490,000/1,551,229 ( 96.1%) batch=299
2026-08-24T23:11:15.9405469-05:00 [PHASE5B] [OK ] [6.1] PARTS: 1,495,000/1,551,229 (96.4%) batches=299 elapsed=0.02s
2026-08-24T23:11:15.9415560-05:00 [PHASE5B] [RUN] [6.1] P5B_MINIFIG_MEMBERS / PARTS 1,495,000/1,551,229 ( 96.4%) batch=300
2026-08-24T23:11:15.9645472-05:00 [PHASE5B] [OK ] [6.1] PARTS: 1,500,000/1,551,229 (96.7%) batches=300 elapsed=0.02s
2026-08-24T23:11:15.9655494-05:00 [PHASE5B] [RUN] [6.1] P5B_MINIFIG_MEMBERS / PARTS 1,500,000/1,551,229 ( 96.7%) batch=301
2026-08-24T23:11:15.9865500-05:00 [PHASE5B] [OK ] [6.1] PARTS: 1,505,000/1,551,229 (97.0%) batches=301 elapsed=0.02s
2026-08-24T23:11:15.9875506-05:00 [PHASE5B] [RUN] [6.1] P5B_MINIFIG_MEMBERS / PARTS 1,505,000/1,551,229 ( 97.0%) batch=302
2026-08-24T23:11:16.0095514-05:00 [PHASE5B] [OK ] [6.1] PARTS: 1,510,000/1,551,229 (97.3%) batches=302 elapsed=0.02s
2026-08-24T23:11:16.0105500-05:00 [PHASE5B] [RUN] [6.1] P5B_MINIFIG_MEMBERS / PARTS 1,510,000/1,551,229 ( 97.3%) batch=303
2026-08-24T23:11:16.0330614-05:00 [PHASE5B] [OK ] [6.1] PARTS: 1,515,000/1,551,229 (97.7%) batches=303 elapsed=0.02s
2026-08-24T23:11:16.0340621-05:00 [PHASE5B] [RUN] [6.1] P5B_MINIFIG_MEMBERS / PARTS 1,515,000/1,551,229 ( 97.7%) batch=304
2026-08-24T23:11:16.0630619-05:00 [PHASE5B] [OK ] [6.1] PARTS: 1,520,000/1,551,229 (98.0%) batches=304 elapsed=0.03s
2026-08-24T23:11:16.0650612-05:00 [PHASE5B] [RUN] [6.1] P5B_MINIFIG_MEMBERS / PARTS 1,520,000/1,551,229 ( 98.0%) batch=305
2026-08-24T23:11:16.1150641-05:00 [PHASE5B] [OK ] [6.1] PARTS: 1,525,000/1,551,229 (98.3%) batches=305 elapsed=0.05s
2026-08-24T23:11:16.1170669-05:00 [PHASE5B] [RUN] [6.1] P5B_MINIFIG_MEMBERS / PARTS 1,525,000/1,551,229 ( 98.3%) batch=306
2026-08-24T23:11:16.1770698-05:00 [PHASE5B] [OK ] [6.1] PARTS: 1,530,000/1,551,229 (98.6%) batches=306 elapsed=0.06s
2026-08-24T23:11:16.1780698-05:00 [PHASE5B] [RUN] [6.1] P5B_MINIFIG_MEMBERS / PARTS 1,530,000/1,551,229 ( 98.6%) batch=307
2026-08-24T23:11:16.1990695-05:00 [PHASE5B] [OK ] [6.1] PARTS: 1,535,000/1,551,229 (99.0%) batches=307 elapsed=0.02s
2026-08-24T23:11:16.2010697-05:00 [PHASE5B] [RUN] [6.1] P5B_MINIFIG_MEMBERS / PARTS 1,535,000/1,551,229 ( 99.0%) batch=308
2026-08-24T23:11:16.2210782-05:00 [PHASE5B] [OK ] [6.1] PARTS: 1,540,000/1,551,229 (99.3%) batches=308 elapsed=0.02s
2026-08-24T23:11:16.2230745-05:00 [PHASE5B] [RUN] [6.1] P5B_MINIFIG_MEMBERS / PARTS 1,540,000/1,551,229 ( 99.3%) batch=309
2026-08-24T23:11:16.2445847-05:00 [PHASE5B] [OK ] [6.1] PARTS: 1,545,000/1,551,229 (99.6%) batches=309 elapsed=0.02s
2026-08-24T23:11:16.2455838-05:00 [PHASE5B] [RUN] [6.1] P5B_MINIFIG_MEMBERS / PARTS 1,545,000/1,551,229 ( 99.6%) batch=310
2026-08-24T23:11:16.2685857-05:00 [PHASE5B] [OK ] [6.1] PARTS: 1,550,000/1,551,229 (99.9%) batches=310 elapsed=0.02s
2026-08-24T23:11:16.2695864-05:00 [PHASE5B] [RUN] [6.1] P5B_MINIFIG_MEMBERS / PARTS 1,550,000/1,551,229 ( 99.9%) batch=311
2026-08-24T23:11:16.2905850-05:00 [PHASE5B] [OK ] [6.1] PARTS: 1,551,229/1,551,229 (100.0%) batches=311 elapsed=0.02s
2026-08-24T23:11:16.2915842-05:00 [PHASE5B] 
2026-08-24T23:11:16.2925830-05:00 [PHASE5B] -------------------------------------------------------------------------------
2026-08-24T23:11:16.2935826-05:00 [PHASE5B]  Durable Phase 5B checkpoint status
2026-08-24T23:11:16.2945825-05:00 [PHASE5B] -------------------------------------------------------------------------------
2026-08-24T23:11:16.2955839-05:00 [PHASE5B] 
2026-08-24T23:11:16.2955839-05:00 [PHASE5B] [1/10] P5B_VALIDATE
2026-08-24T23:11:16.2965834-05:00 [PHASE5B]       [1.1] SOURCE_CONTRACT              COMPLETED          1 / 1          100.0% batches=1
2026-08-24T23:11:16.2975830-05:00 [PHASE5B]       [1.2] PARENT_CLASSIFICATION        COMPLETED          1 / 1          100.0% batches=1
2026-08-24T23:11:16.2985835-05:00 [PHASE5B]       [1.3] CATALOG_REFERENCES           COMPLETED          1 / 1          100.0% batches=1
2026-08-24T23:11:16.2985835-05:00 [PHASE5B]       [1.4] VERSION_KEYS                 COMPLETED          1 / 1          100.0% batches=1
2026-08-24T23:11:16.2995837-05:00 [PHASE5B] 
2026-08-24T23:11:16.3005828-05:00 [PHASE5B] [2/10] P5B_VARIANTS
2026-08-24T23:11:16.3015827-05:00 [PHASE5B]       [2.1] BASE_PART_COLOR_VARIANTS     COMPLETED  1,551,229 / 1,551,229  100.0% batches=311
2026-08-24T23:11:16.3015827-05:00 [PHASE5B] 
2026-08-24T23:11:16.3025841-05:00 [PHASE5B] [3/10] P5B_DEFINITIONS
2026-08-24T23:11:16.3035840-05:00 [PHASE5B]       [3.1] PARENT_DEFINITIONS           COMPLETED     47,216 / 47,216     100.0% batches=10
2026-08-24T23:11:16.3045840-05:00 [PHASE5B] 
2026-08-24T23:11:16.3055826-05:00 [PHASE5B] [4/10] P5B_VERSIONS
2026-08-24T23:11:16.3055826-05:00 [PHASE5B]       [4.1] SOURCE_VERSIONS              COMPLETED     47,216 / 47,216     100.0% batches=10
2026-08-24T23:11:16.3065841-05:00 [PHASE5B] 
2026-08-24T23:11:16.3075840-05:00 [PHASE5B] [5/10] P5B_SET_MEMBERS
2026-08-24T23:11:16.3085830-05:00 [PHASE5B]       [5.1] PARTS                        COMPLETED  1,551,229 / 1,551,229  100.0% batches=311
2026-08-24T23:11:16.3095832-05:00 [PHASE5B]       [5.2] SETS                         COMPLETED      5,176 / 5,176      100.0% batches=2
2026-08-24T23:11:16.3105829-05:00 [PHASE5B]       [5.3] MINIFIGURES                  COMPLETED     25,738 / 25,738     100.0% batches=6
2026-08-24T23:11:16.3105829-05:00 [PHASE5B] 
2026-08-24T23:11:16.3115882-05:00 [PHASE5B] [6/10] P5B_MINIFIG_MEMBERS
2026-08-24T23:11:16.3125867-05:00 [PHASE5B]       [6.1] PARTS                        COMPLETED  1,551,229 / 1,551,229  100.0% batches=311
2026-08-24T23:11:16.3135864-05:00 [PHASE5B] 
2026-08-24T23:11:16.3145882-05:00 [PHASE5B] [7/10] P5B_MINIFIG_ANCHORS
2026-08-24T23:11:16.3145882-05:00 [PHASE5B]       [7.1] COMPOSITIONS                 PENDING            0 / 47,216       0.0% batches=0
2026-08-24T23:11:16.3165867-05:00 [PHASE5B] 
2026-08-24T23:11:16.3177259-05:00 [PHASE5B] [8/10] P5B_FINALIZE_VERSIONS
2026-08-24T23:11:16.3187315-05:00 [PHASE5B]       [8.1] HASH_AND_FINALIZE            PENDING            0 / 47,216       0.0% batches=0
2026-08-24T23:11:16.3197306-05:00 [PHASE5B] 
2026-08-24T23:11:16.3207314-05:00 [PHASE5B] [9/10] P5B_AUTHORITY
2026-08-24T23:11:16.3207314-05:00 [PHASE5B]       [9.1] LATEST_SOURCE                PENDING            0 / 47,216       0.0% batches=0
2026-08-24T23:11:16.3217343-05:00 [PHASE5B] 
2026-08-24T23:11:16.3227302-05:00 [PHASE5B] [10/10] P5B_COMPLETE
2026-08-24T23:11:16.3237316-05:00 [PHASE5B]       [10.1] VERIFY                       PENDING            0 / 1            0.0% batches=0
2026-08-24T23:11:16.3247299-05:00 [PHASE5B]       [10.2] COMPLETE_RUN                 PENDING            0 / 1            0.0% batches=0
2026-08-24T23:11:16.3247299-05:00 [PHASE5B] 
2026-08-24T23:11:16.3257318-05:00 [PHASE5B] [RUN] [7.1] P5B_MINIFIG_ANCHORS / COMPOSITIONS 0/47,216 (  0.0%) batch=1
2026-08-24T23:11:16.3270719-05:00 [PHASE5B] [OK ] [7.1] COMPOSITIONS: 5,000/47,216 (10.6%) batches=1 elapsed=0.01s
2026-08-24T23:11:16.3280751-05:00 [PHASE5B] [RUN] [7.1] P5B_MINIFIG_ANCHORS / COMPOSITIONS 5,000/47,216 ( 10.6%) batch=2
2026-08-24T23:11:16.3290720-05:00 [PHASE5B] [OK ] [7.1] COMPOSITIONS: 10,000/47,216 (21.2%) batches=2 elapsed=0.01s
2026-08-24T23:11:16.3300725-05:00 [PHASE5B] [RUN] [7.1] P5B_MINIFIG_ANCHORS / COMPOSITIONS 10,000/47,216 ( 21.2%) batch=3
2026-08-24T23:11:16.3310730-05:00 [PHASE5B] [OK ] [7.1] COMPOSITIONS: 15,000/47,216 (31.8%) batches=3 elapsed=0.01s
2026-08-24T23:11:16.3310730-05:00 [PHASE5B] [RUN] [7.1] P5B_MINIFIG_ANCHORS / COMPOSITIONS 15,000/47,216 ( 31.8%) batch=4
2026-08-24T23:11:16.3520735-05:00 [PHASE5B] [OK ] [7.1] COMPOSITIONS: 20,000/47,216 (42.4%) batches=4 elapsed=0.02s
2026-08-24T23:11:16.3530741-05:00 [PHASE5B] [RUN] [7.1] P5B_MINIFIG_ANCHORS / COMPOSITIONS 20,000/47,216 ( 42.4%) batch=5
2026-08-24T23:11:16.3760761-05:00 [PHASE5B] [OK ] [7.1] COMPOSITIONS: 25,000/47,216 (52.9%) batches=5 elapsed=0.02s
2026-08-24T23:11:16.3770728-05:00 [PHASE5B] [RUN] [7.1] P5B_MINIFIG_ANCHORS / COMPOSITIONS 25,000/47,216 ( 52.9%) batch=6
2026-08-24T23:11:16.3940747-05:00 [PHASE5B] [OK ] [7.1] COMPOSITIONS: 30,000/47,216 (63.5%) batches=6 elapsed=0.02s
2026-08-24T23:11:16.3950755-05:00 [PHASE5B] [RUN] [7.1] P5B_MINIFIG_ANCHORS / COMPOSITIONS 30,000/47,216 ( 63.5%) batch=7
2026-08-24T23:11:16.4100728-05:00 [PHASE5B] [OK ] [7.1] COMPOSITIONS: 35,000/47,216 (74.1%) batches=7 elapsed=0.02s
2026-08-24T23:11:16.4110786-05:00 [PHASE5B] [RUN] [7.1] P5B_MINIFIG_ANCHORS / COMPOSITIONS 35,000/47,216 ( 74.1%) batch=8
2026-08-24T23:11:16.4266003-05:00 [PHASE5B] [OK ] [7.1] COMPOSITIONS: 40,000/47,216 (84.7%) batches=8 elapsed=0.02s
2026-08-24T23:11:16.4275881-05:00 [PHASE5B] [RUN] [7.1] P5B_MINIFIG_ANCHORS / COMPOSITIONS 40,000/47,216 ( 84.7%) batch=9
2026-08-24T23:11:16.4425911-05:00 [PHASE5B] [OK ] [7.1] COMPOSITIONS: 45,000/47,216 (95.3%) batches=9 elapsed=0.02s
2026-08-24T23:11:16.4445887-05:00 [PHASE5B] [RUN] [7.1] P5B_MINIFIG_ANCHORS / COMPOSITIONS 45,000/47,216 ( 95.3%) batch=10
2026-08-24T23:11:16.4721595-05:00 [PHASE5B] [OK ] [7.1] COMPOSITIONS: 47,216/47,216 (100.0%) batches=10 elapsed=0.03s
2026-08-24T23:11:16.4731579-05:00 [PHASE5B] 
2026-08-24T23:11:16.4741602-05:00 [PHASE5B] -------------------------------------------------------------------------------
2026-08-24T23:11:16.4751585-05:00 [PHASE5B]  Durable Phase 5B checkpoint status
2026-08-24T23:11:16.4761594-05:00 [PHASE5B] -------------------------------------------------------------------------------
2026-08-24T23:11:16.4771593-05:00 [PHASE5B] 
2026-08-24T23:11:16.4771593-05:00 [PHASE5B] [1/10] P5B_VALIDATE
2026-08-24T23:11:16.4781586-05:00 [PHASE5B]       [1.1] SOURCE_CONTRACT              COMPLETED          1 / 1          100.0% batches=1
2026-08-24T23:11:16.4791588-05:00 [PHASE5B]       [1.2] PARENT_CLASSIFICATION        COMPLETED          1 / 1          100.0% batches=1
2026-08-24T23:11:16.4801574-05:00 [PHASE5B]       [1.3] CATALOG_REFERENCES           COMPLETED          1 / 1          100.0% batches=1
2026-08-24T23:11:16.4811577-05:00 [PHASE5B]       [1.4] VERSION_KEYS                 COMPLETED          1 / 1          100.0% batches=1
2026-08-24T23:11:16.4811577-05:00 [PHASE5B] 
2026-08-24T23:11:16.4821605-05:00 [PHASE5B] [2/10] P5B_VARIANTS
2026-08-24T23:11:16.4831596-05:00 [PHASE5B]       [2.1] BASE_PART_COLOR_VARIANTS     COMPLETED  1,551,229 / 1,551,229  100.0% batches=311
2026-08-24T23:11:16.4841577-05:00 [PHASE5B] 
2026-08-24T23:11:16.4841577-05:00 [PHASE5B] [3/10] P5B_DEFINITIONS
2026-08-24T23:11:16.4851604-05:00 [PHASE5B]       [3.1] PARENT_DEFINITIONS           COMPLETED     47,216 / 47,216     100.0% batches=10
2026-08-24T23:11:16.4861584-05:00 [PHASE5B] 
2026-08-24T23:11:16.4871587-05:00 [PHASE5B] [4/10] P5B_VERSIONS
2026-08-24T23:11:16.4871587-05:00 [PHASE5B]       [4.1] SOURCE_VERSIONS              COMPLETED     47,216 / 47,216     100.0% batches=10
2026-08-24T23:11:16.4881594-05:00 [PHASE5B] 
2026-08-24T23:11:16.4891571-05:00 [PHASE5B] [5/10] P5B_SET_MEMBERS
2026-08-24T23:11:16.4901577-05:00 [PHASE5B]       [5.1] PARTS                        COMPLETED  1,551,229 / 1,551,229  100.0% batches=311
2026-08-24T23:11:16.4901577-05:00 [PHASE5B]       [5.2] SETS                         COMPLETED      5,176 / 5,176      100.0% batches=2
2026-08-24T23:11:16.4911575-05:00 [PHASE5B]       [5.3] MINIFIGURES                  COMPLETED     25,738 / 25,738     100.0% batches=6
2026-08-24T23:11:16.4921579-05:00 [PHASE5B] 
2026-08-24T23:11:16.4931573-05:00 [PHASE5B] [6/10] P5B_MINIFIG_MEMBERS
2026-08-24T23:11:16.4941585-05:00 [PHASE5B]       [6.1] PARTS                        COMPLETED  1,551,229 / 1,551,229  100.0% batches=311
2026-08-24T23:11:16.4941585-05:00 [PHASE5B] 
2026-08-24T23:11:16.4951590-05:00 [PHASE5B] [7/10] P5B_MINIFIG_ANCHORS
2026-08-24T23:11:16.4961585-05:00 [PHASE5B]       [7.1] COMPOSITIONS                 COMPLETED     47,216 / 47,216     100.0% batches=10
2026-08-24T23:11:16.4971576-05:00 [PHASE5B] 
2026-08-24T23:11:16.4971576-05:00 [PHASE5B] [8/10] P5B_FINALIZE_VERSIONS
2026-08-24T23:11:16.4981577-05:00 [PHASE5B]       [8.1] HASH_AND_FINALIZE            PENDING            0 / 47,216       0.0% batches=0
2026-08-24T23:11:16.4991583-05:00 [PHASE5B] 
2026-08-24T23:11:16.5001583-05:00 [PHASE5B] [9/10] P5B_AUTHORITY
2026-08-24T23:11:16.5011576-05:00 [PHASE5B]       [9.1] LATEST_SOURCE                PENDING            0 / 47,216       0.0% batches=0
2026-08-24T23:11:16.5011576-05:00 [PHASE5B] 
2026-08-24T23:11:16.5021576-05:00 [PHASE5B] [10/10] P5B_COMPLETE
2026-08-24T23:11:16.5031576-05:00 [PHASE5B]       [10.1] VERIFY                       PENDING            0 / 1            0.0% batches=0
2026-08-24T23:11:16.5041576-05:00 [PHASE5B]       [10.2] COMPLETE_RUN                 PENDING            0 / 1            0.0% batches=0
2026-08-24T23:11:16.5051571-05:00 [PHASE5B] 
2026-08-24T23:11:16.5061574-05:00 [PHASE5B] [RUN] [8.1] P5B_FINALIZE_VERSIONS / HASH_AND_FINALIZE 0/47,216 (  0.0%) batch=1
2026-08-24T23:11:19.8931477-05:00 [PHASE5B] [OK ] [8.1] HASH_AND_FINALIZE: 5,000/47,216 (10.6%) batches=1 elapsed=3.42s
2026-08-24T23:11:19.8941472-05:00 [PHASE5B] [RUN] [8.1] P5B_FINALIZE_VERSIONS / HASH_AND_FINALIZE 5,000/47,216 ( 10.6%) batch=2
2026-08-24T23:11:23.3901447-05:00 [PHASE5B] [OK ] [8.1] HASH_AND_FINALIZE: 10,000/47,216 (21.2%) batches=2 elapsed=3.50s
2026-08-24T23:11:23.3911441-05:00 [PHASE5B] [RUN] [8.1] P5B_FINALIZE_VERSIONS / HASH_AND_FINALIZE 10,000/47,216 ( 21.2%) batch=3
2026-08-24T23:11:27.2624473-05:00 [PHASE5B] [OK ] [8.1] HASH_AND_FINALIZE: 15,000/47,216 (31.8%) batches=3 elapsed=3.87s
2026-08-24T23:11:27.2634487-05:00 [PHASE5B] [RUN] [8.1] P5B_FINALIZE_VERSIONS / HASH_AND_FINALIZE 15,000/47,216 ( 31.8%) batch=4
2026-08-24T23:11:30.0421473-05:00 [PHASE5B] [OK ] [8.1] HASH_AND_FINALIZE: 20,000/47,216 (42.4%) batches=4 elapsed=2.78s
2026-08-24T23:11:30.0431465-05:00 [PHASE5B] [RUN] [8.1] P5B_FINALIZE_VERSIONS / HASH_AND_FINALIZE 20,000/47,216 ( 42.4%) batch=5
2026-08-24T23:11:33.4128497-05:00 [PHASE5B] [OK ] [8.1] HASH_AND_FINALIZE: 25,000/47,216 (52.9%) batches=5 elapsed=3.37s
2026-08-24T23:11:33.4138492-05:00 [PHASE5B] [RUN] [8.1] P5B_FINALIZE_VERSIONS / HASH_AND_FINALIZE 25,000/47,216 ( 52.9%) batch=6
2026-08-24T23:11:34.1964652-05:00 [PHASE5B] [OK ] [8.1] HASH_AND_FINALIZE: 30,000/47,216 (63.5%) batches=6 elapsed=0.78s
2026-08-24T23:11:34.1974663-05:00 [PHASE5B] [RUN] [8.1] P5B_FINALIZE_VERSIONS / HASH_AND_FINALIZE 30,000/47,216 ( 63.5%) batch=7
2026-08-24T23:11:35.1834145-05:00 [PHASE5B] [OK ] [8.1] HASH_AND_FINALIZE: 35,000/47,216 (74.1%) batches=7 elapsed=0.99s
2026-08-24T23:11:35.1844148-05:00 [PHASE5B] [RUN] [8.1] P5B_FINALIZE_VERSIONS / HASH_AND_FINALIZE 35,000/47,216 ( 74.1%) batch=8
2026-08-24T23:11:36.2022002-05:00 [PHASE5B] [OK ] [8.1] HASH_AND_FINALIZE: 40,000/47,216 (84.7%) batches=8 elapsed=1.02s
2026-08-24T23:11:36.2032036-05:00 [PHASE5B] [RUN] [8.1] P5B_FINALIZE_VERSIONS / HASH_AND_FINALIZE 40,000/47,216 ( 84.7%) batch=9
2026-08-24T23:11:37.2073362-05:00 [PHASE5B] [OK ] [8.1] HASH_AND_FINALIZE: 45,000/47,216 (95.3%) batches=9 elapsed=1.01s
2026-08-24T23:11:37.2083335-05:00 [PHASE5B] [RUN] [8.1] P5B_FINALIZE_VERSIONS / HASH_AND_FINALIZE 45,000/47,216 ( 95.3%) batch=10
2026-08-24T23:11:39.0774336-05:00 [PHASE5B] [OK ] [8.1] HASH_AND_FINALIZE: 47,214/47,216 (100.0%) batches=10 elapsed=1.87s
2026-08-24T23:11:39.0784365-05:00 [PHASE5B] [RUN] [8.1] P5B_FINALIZE_VERSIONS / HASH_AND_FINALIZE 47,214/47,216 (100.0%) batch=11
2026-08-24T23:11:39.1484342-05:00 [PHASE5B] [OK ] [8.1] HASH_AND_FINALIZE: 47,216/47,216 (100.0%) batches=10 elapsed=0.07s
2026-08-24T23:11:39.1494343-05:00 [PHASE5B] 
2026-08-24T23:11:39.1514356-05:00 [PHASE5B] -------------------------------------------------------------------------------
2026-08-24T23:11:39.1524338-05:00 [PHASE5B]  Durable Phase 5B checkpoint status
2026-08-24T23:11:39.1534368-05:00 [PHASE5B] -------------------------------------------------------------------------------
2026-08-24T23:11:39.1544364-05:00 [PHASE5B] 
2026-08-24T23:11:39.1544364-05:00 [PHASE5B] [1/10] P5B_VALIDATE
2026-08-24T23:11:39.1554338-05:00 [PHASE5B]       [1.1] SOURCE_CONTRACT              COMPLETED          1 / 1          100.0% batches=1
2026-08-24T23:11:39.1564353-05:00 [PHASE5B]       [1.2] PARENT_CLASSIFICATION        COMPLETED          1 / 1          100.0% batches=1
2026-08-24T23:11:39.1574339-05:00 [PHASE5B]       [1.3] CATALOG_REFERENCES           COMPLETED          1 / 1          100.0% batches=1
2026-08-24T23:11:39.1584337-05:00 [PHASE5B]       [1.4] VERSION_KEYS                 COMPLETED          1 / 1          100.0% batches=1
2026-08-24T23:11:39.1594351-05:00 [PHASE5B] 
2026-08-24T23:11:39.1594351-05:00 [PHASE5B] [2/10] P5B_VARIANTS
2026-08-24T23:11:39.1604340-05:00 [PHASE5B]       [2.1] BASE_PART_COLOR_VARIANTS     COMPLETED  1,551,229 / 1,551,229  100.0% batches=311
2026-08-24T23:11:39.1614372-05:00 [PHASE5B] 
2026-08-24T23:11:39.1624346-05:00 [PHASE5B] [3/10] P5B_DEFINITIONS
2026-08-24T23:11:39.1634339-05:00 [PHASE5B]       [3.1] PARENT_DEFINITIONS           COMPLETED     47,216 / 47,216     100.0% batches=10
2026-08-24T23:11:39.1634339-05:00 [PHASE5B] 
2026-08-24T23:11:39.1644341-05:00 [PHASE5B] [4/10] P5B_VERSIONS
2026-08-24T23:11:39.1654351-05:00 [PHASE5B]       [4.1] SOURCE_VERSIONS              COMPLETED     47,216 / 47,216     100.0% batches=10
2026-08-24T23:11:39.1654351-05:00 [PHASE5B] 
2026-08-24T23:11:39.1664358-05:00 [PHASE5B] [5/10] P5B_SET_MEMBERS
2026-08-24T23:11:39.1674332-05:00 [PHASE5B]       [5.1] PARTS                        COMPLETED  1,551,229 / 1,551,229  100.0% batches=311
2026-08-24T23:11:39.1684357-05:00 [PHASE5B]       [5.2] SETS                         COMPLETED      5,176 / 5,176      100.0% batches=2
2026-08-24T23:11:39.1694354-05:00 [PHASE5B]       [5.3] MINIFIGURES                  COMPLETED     25,738 / 25,738     100.0% batches=6
2026-08-24T23:11:39.1694354-05:00 [PHASE5B] 
2026-08-24T23:11:39.1704341-05:00 [PHASE5B] [6/10] P5B_MINIFIG_MEMBERS
2026-08-24T23:11:39.1714355-05:00 [PHASE5B]       [6.1] PARTS                        COMPLETED  1,551,229 / 1,551,229  100.0% batches=311
2026-08-24T23:11:39.1724342-05:00 [PHASE5B] 
2026-08-24T23:11:39.1724342-05:00 [PHASE5B] [7/10] P5B_MINIFIG_ANCHORS
2026-08-24T23:11:39.1734363-05:00 [PHASE5B]       [7.1] COMPOSITIONS                 COMPLETED     47,216 / 47,216     100.0% batches=10
2026-08-24T23:11:39.1744342-05:00 [PHASE5B] 
2026-08-24T23:11:39.1754353-05:00 [PHASE5B] [8/10] P5B_FINALIZE_VERSIONS
2026-08-24T23:11:39.1764342-05:00 [PHASE5B]       [8.1] HASH_AND_FINALIZE            COMPLETED     47,216 / 47,216     100.0% batches=10
2026-08-24T23:11:39.1774361-05:00 [PHASE5B] 
2026-08-24T23:11:39.1774361-05:00 [PHASE5B] [9/10] P5B_AUTHORITY
2026-08-24T23:11:39.1784338-05:00 [PHASE5B]       [9.1] LATEST_SOURCE                PENDING            0 / 47,216       0.0% batches=0
2026-08-24T23:11:39.1794376-05:00 [PHASE5B] 
2026-08-24T23:11:39.1804353-05:00 [PHASE5B] [10/10] P5B_COMPLETE
2026-08-24T23:11:39.1814343-05:00 [PHASE5B]       [10.1] VERIFY                       PENDING            0 / 1            0.0% batches=0
2026-08-24T23:11:39.1824346-05:00 [PHASE5B]       [10.2] COMPLETE_RUN                 PENDING            0 / 1            0.0% batches=0
2026-08-24T23:11:39.1834333-05:00 [PHASE5B] 
2026-08-24T23:11:39.1834333-05:00 [PHASE5B] [RUN] [9.1] P5B_AUTHORITY / LATEST_SOURCE 0/47,216 (  0.0%) batch=1
2026-08-24T23:11:40.9489951-05:00 [PHASE5B] [OK ] [9.1] LATEST_SOURCE: 5,000/47,216 (10.6%) batches=1 elapsed=1.80s
2026-08-24T23:11:40.9499951-05:00 [PHASE5B] [RUN] [9.1] P5B_AUTHORITY / LATEST_SOURCE 5,000/47,216 ( 10.6%) batch=2
2026-08-24T23:11:41.3537334-05:00 [PHASE5B] [OK ] [9.1] LATEST_SOURCE: 10,000/47,216 (21.2%) batches=2 elapsed=0.40s
2026-08-24T23:11:41.3547347-05:00 [PHASE5B] [RUN] [9.1] P5B_AUTHORITY / LATEST_SOURCE 10,000/47,216 ( 21.2%) batch=3
2026-08-24T23:11:41.6957917-05:00 [PHASE5B] [OK ] [9.1] LATEST_SOURCE: 15,000/47,216 (31.8%) batches=3 elapsed=0.34s
2026-08-24T23:11:41.6967926-05:00 [PHASE5B] [RUN] [9.1] P5B_AUTHORITY / LATEST_SOURCE 15,000/47,216 ( 31.8%) batch=4
2026-08-24T23:11:42.0163484-05:00 [PHASE5B] [OK ] [9.1] LATEST_SOURCE: 20,000/47,216 (42.4%) batches=4 elapsed=0.32s
2026-08-24T23:11:42.0183492-05:00 [PHASE5B] [RUN] [9.1] P5B_AUTHORITY / LATEST_SOURCE 20,000/47,216 ( 42.4%) batch=5
2026-08-24T23:11:42.3053545-05:00 [PHASE5B] [OK ] [9.1] LATEST_SOURCE: 25,000/47,216 (52.9%) batches=5 elapsed=0.29s
2026-08-24T23:11:42.3063563-05:00 [PHASE5B] [RUN] [9.1] P5B_AUTHORITY / LATEST_SOURCE 25,000/47,216 ( 52.9%) batch=6
2026-08-24T23:11:42.5363625-05:00 [PHASE5B] [OK ] [9.1] LATEST_SOURCE: 30,000/47,216 (63.5%) batches=6 elapsed=0.23s
2026-08-24T23:11:42.5373619-05:00 [PHASE5B] [RUN] [9.1] P5B_AUTHORITY / LATEST_SOURCE 30,000/47,216 ( 63.5%) batch=7
2026-08-24T23:11:42.7457550-05:00 [PHASE5B] [OK ] [9.1] LATEST_SOURCE: 35,000/47,216 (74.1%) batches=7 elapsed=0.21s
2026-08-24T23:11:42.7477558-05:00 [PHASE5B] [RUN] [9.1] P5B_AUTHORITY / LATEST_SOURCE 35,000/47,216 ( 74.1%) batch=8
2026-08-24T23:11:42.9147589-05:00 [PHASE5B] [OK ] [9.1] LATEST_SOURCE: 40,000/47,216 (84.7%) batches=8 elapsed=0.17s
2026-08-24T23:11:42.9157572-05:00 [PHASE5B] [RUN] [9.1] P5B_AUTHORITY / LATEST_SOURCE 40,000/47,216 ( 84.7%) batch=9
2026-08-24T23:11:43.0437548-05:00 [PHASE5B] [OK ] [9.1] LATEST_SOURCE: 45,000/47,216 (95.3%) batches=9 elapsed=0.13s
2026-08-24T23:11:43.0457571-05:00 [PHASE5B] [RUN] [9.1] P5B_AUTHORITY / LATEST_SOURCE 45,000/47,216 ( 95.3%) batch=10
2026-08-24T23:11:43.1037581-05:00 [PHASE5B] [OK ] [9.1] LATEST_SOURCE: 47,214/47,216 (100.0%) batches=10 elapsed=0.06s
2026-08-24T23:11:43.1057602-05:00 [PHASE5B] [RUN] [9.1] P5B_AUTHORITY / LATEST_SOURCE 47,214/47,216 (100.0%) batch=11
2026-08-24T23:11:43.1171814-05:00 [PHASE5B] [OK ] [9.1] LATEST_SOURCE: 47,216/47,216 (100.0%) batches=10 elapsed=0.01s
2026-08-24T23:11:43.1181867-05:00 [PHASE5B] 
2026-08-24T23:11:43.1191864-05:00 [PHASE5B] -------------------------------------------------------------------------------
2026-08-24T23:11:43.1201845-05:00 [PHASE5B]  Durable Phase 5B checkpoint status
2026-08-24T23:11:43.1211855-05:00 [PHASE5B] -------------------------------------------------------------------------------
2026-08-24T23:11:43.1221856-05:00 [PHASE5B] 
2026-08-24T23:11:43.1231844-05:00 [PHASE5B] [1/10] P5B_VALIDATE
2026-08-24T23:11:43.1231844-05:00 [PHASE5B]       [1.1] SOURCE_CONTRACT              COMPLETED          1 / 1          100.0% batches=1
2026-08-24T23:11:43.1241842-05:00 [PHASE5B]       [1.2] PARENT_CLASSIFICATION        COMPLETED          1 / 1          100.0% batches=1
2026-08-24T23:11:43.1251842-05:00 [PHASE5B]       [1.3] CATALOG_REFERENCES           COMPLETED          1 / 1          100.0% batches=1
2026-08-24T23:11:43.1261844-05:00 [PHASE5B]       [1.4] VERSION_KEYS                 COMPLETED          1 / 1          100.0% batches=1
2026-08-24T23:11:43.1261844-05:00 [PHASE5B] 
2026-08-24T23:11:43.1271842-05:00 [PHASE5B] [2/10] P5B_VARIANTS
2026-08-24T23:11:43.1281842-05:00 [PHASE5B]       [2.1] BASE_PART_COLOR_VARIANTS     COMPLETED  1,551,229 / 1,551,229  100.0% batches=311
2026-08-24T23:11:43.1291841-05:00 [PHASE5B] 
2026-08-24T23:11:43.1301843-05:00 [PHASE5B] [3/10] P5B_DEFINITIONS
2026-08-24T23:11:43.1321843-05:00 [PHASE5B]       [3.1] PARENT_DEFINITIONS           COMPLETED     47,216 / 47,216     100.0% batches=10
2026-08-24T23:11:43.1321843-05:00 [PHASE5B] 
2026-08-24T23:11:43.1331841-05:00 [PHASE5B] [4/10] P5B_VERSIONS
2026-08-24T23:11:43.1341864-05:00 [PHASE5B]       [4.1] SOURCE_VERSIONS              COMPLETED     47,216 / 47,216     100.0% batches=10
2026-08-24T23:11:43.1351856-05:00 [PHASE5B] 
2026-08-24T23:11:43.1361855-05:00 [PHASE5B] [5/10] P5B_SET_MEMBERS
2026-08-24T23:11:43.1371848-05:00 [PHASE5B]       [5.1] PARTS                        COMPLETED  1,551,229 / 1,551,229  100.0% batches=311
2026-08-24T23:11:43.1371848-05:00 [PHASE5B]       [5.2] SETS                         COMPLETED      5,176 / 5,176      100.0% batches=2
2026-08-24T23:11:43.1381844-05:00 [PHASE5B]       [5.3] MINIFIGURES                  COMPLETED     25,738 / 25,738     100.0% batches=6
2026-08-24T23:11:43.1391842-05:00 [PHASE5B] 
2026-08-24T23:11:43.1401841-05:00 [PHASE5B] [6/10] P5B_MINIFIG_MEMBERS
2026-08-24T23:11:43.1401841-05:00 [PHASE5B]       [6.1] PARTS                        COMPLETED  1,551,229 / 1,551,229  100.0% batches=311
2026-08-24T23:11:43.1411843-05:00 [PHASE5B] 
2026-08-24T23:11:43.1421844-05:00 [PHASE5B] [7/10] P5B_MINIFIG_ANCHORS
2026-08-24T23:11:43.1431843-05:00 [PHASE5B]       [7.1] COMPOSITIONS                 COMPLETED     47,216 / 47,216     100.0% batches=10
2026-08-24T23:11:43.1441845-05:00 [PHASE5B] 
2026-08-24T23:11:43.1441845-05:00 [PHASE5B] [8/10] P5B_FINALIZE_VERSIONS
2026-08-24T23:11:43.1451843-05:00 [PHASE5B]       [8.1] HASH_AND_FINALIZE            COMPLETED     47,216 / 47,216     100.0% batches=10
2026-08-24T23:11:43.1461844-05:00 [PHASE5B] 
2026-08-24T23:11:43.1471860-05:00 [PHASE5B] [9/10] P5B_AUTHORITY
2026-08-24T23:11:43.1481857-05:00 [PHASE5B]       [9.1] LATEST_SOURCE                COMPLETED     47,216 / 47,216     100.0% batches=10
2026-08-24T23:11:43.1491864-05:00 [PHASE5B] 
2026-08-24T23:11:43.1491864-05:00 [PHASE5B] [10/10] P5B_COMPLETE
2026-08-24T23:11:43.1501845-05:00 [PHASE5B]       [10.1] VERIFY                       PENDING            0 / 1            0.0% batches=0
2026-08-24T23:11:43.1511842-05:00 [PHASE5B]       [10.2] COMPLETE_RUN                 PENDING            0 / 1            0.0% batches=0
2026-08-24T23:11:43.1521843-05:00 [PHASE5B] 
2026-08-24T23:11:43.1521843-05:00 [PHASE5B] [RUN] [10.1] P5B_COMPLETE / VERIFY 0/1 (  0.0%) batch=1
2026-08-24T23:11:43.1611868-05:00 [PHASE5B] [OK ] [10.1] VERIFY: 1/1 (100.0%) batches=1 elapsed=0.04s
2026-08-24T23:11:43.1621859-05:00 [PHASE5B] 
2026-08-24T23:11:43.1631861-05:00 [PHASE5B] -------------------------------------------------------------------------------
2026-08-24T23:11:43.1641856-05:00 [PHASE5B]  Durable Phase 5B checkpoint status
2026-08-24T23:11:43.1641856-05:00 [PHASE5B] -------------------------------------------------------------------------------
2026-08-24T23:11:43.1651852-05:00 [PHASE5B] 
2026-08-24T23:11:43.1661853-05:00 [PHASE5B] [1/10] P5B_VALIDATE
2026-08-24T23:11:43.1671870-05:00 [PHASE5B]       [1.1] SOURCE_CONTRACT              COMPLETED          1 / 1          100.0% batches=1
2026-08-24T23:11:43.1681871-05:00 [PHASE5B]       [1.2] PARENT_CLASSIFICATION        COMPLETED          1 / 1          100.0% batches=1
2026-08-24T23:11:43.1681871-05:00 [PHASE5B]       [1.3] CATALOG_REFERENCES           COMPLETED          1 / 1          100.0% batches=1
2026-08-24T23:11:43.1691858-05:00 [PHASE5B]       [1.4] VERSION_KEYS                 COMPLETED          1 / 1          100.0% batches=1
2026-08-24T23:11:43.1701866-05:00 [PHASE5B] 
2026-08-24T23:11:43.1711883-05:00 [PHASE5B] [2/10] P5B_VARIANTS
2026-08-24T23:11:43.1711883-05:00 [PHASE5B]       [2.1] BASE_PART_COLOR_VARIANTS     COMPLETED  1,551,229 / 1,551,229  100.0% batches=311
2026-08-24T23:11:43.1721866-05:00 [PHASE5B] 
2026-08-24T23:11:43.1731872-05:00 [PHASE5B] [3/10] P5B_DEFINITIONS
2026-08-24T23:11:43.1741871-05:00 [PHASE5B]       [3.1] PARENT_DEFINITIONS           COMPLETED     47,216 / 47,216     100.0% batches=10
2026-08-24T23:11:43.1751867-05:00 [PHASE5B] 
2026-08-24T23:11:43.1761858-05:00 [PHASE5B] [4/10] P5B_VERSIONS
2026-08-24T23:11:43.1761858-05:00 [PHASE5B]       [4.1] SOURCE_VERSIONS              COMPLETED     47,216 / 47,216     100.0% batches=10
2026-08-24T23:11:43.1771845-05:00 [PHASE5B] 
2026-08-24T23:11:43.1781868-05:00 [PHASE5B] [5/10] P5B_SET_MEMBERS
2026-08-24T23:11:43.1791856-05:00 [PHASE5B]       [5.1] PARTS                        COMPLETED  1,551,229 / 1,551,229  100.0% batches=311
2026-08-24T23:11:43.1801847-05:00 [PHASE5B]       [5.2] SETS                         COMPLETED      5,176 / 5,176      100.0% batches=2
2026-08-24T23:11:43.1801847-05:00 [PHASE5B]       [5.3] MINIFIGURES                  COMPLETED     25,738 / 25,738     100.0% batches=6
2026-08-24T23:11:43.1811846-05:00 [PHASE5B] 
2026-08-24T23:11:43.1821856-05:00 [PHASE5B] [6/10] P5B_MINIFIG_MEMBERS
2026-08-24T23:11:43.1831855-05:00 [PHASE5B]       [6.1] PARTS                        COMPLETED  1,551,229 / 1,551,229  100.0% batches=311
2026-08-24T23:11:43.1841865-05:00 [PHASE5B] 
2026-08-24T23:11:43.1841865-05:00 [PHASE5B] [7/10] P5B_MINIFIG_ANCHORS
2026-08-24T23:11:43.1851861-05:00 [PHASE5B]       [7.1] COMPOSITIONS                 COMPLETED     47,216 / 47,216     100.0% batches=10
2026-08-24T23:11:43.1861860-05:00 [PHASE5B] 
2026-08-24T23:11:43.1871870-05:00 [PHASE5B] [8/10] P5B_FINALIZE_VERSIONS
2026-08-24T23:11:43.1891882-05:00 [PHASE5B]       [8.1] HASH_AND_FINALIZE            COMPLETED     47,216 / 47,216     100.0% batches=10
2026-08-24T23:11:43.1901858-05:00 [PHASE5B] 
2026-08-24T23:11:43.1901858-05:00 [PHASE5B] [9/10] P5B_AUTHORITY
2026-08-24T23:11:43.1911866-05:00 [PHASE5B]       [9.1] LATEST_SOURCE                COMPLETED     47,216 / 47,216     100.0% batches=10
2026-08-24T23:11:43.1921908-05:00 [PHASE5B] 
2026-08-24T23:11:43.1931849-05:00 [PHASE5B] [10/10] P5B_COMPLETE
2026-08-24T23:11:43.1931849-05:00 [PHASE5B]       [10.1] VERIFY                       COMPLETED          1 / 1          100.0% batches=1
2026-08-24T23:11:43.1941856-05:00 [PHASE5B]       [10.2] COMPLETE_RUN                 PENDING            0 / 1            0.0% batches=0
2026-08-24T23:11:43.1951865-05:00 [PHASE5B] 
2026-08-24T23:11:43.1961852-05:00 [PHASE5B] [RUN] [10.2] P5B_COMPLETE / COMPLETE_RUN 0/1 (  0.0%) batch=1
2026-08-24T23:11:43.1971858-05:00 [PHASE5B] [OK ] [10.2] COMPLETE_RUN: 1/1 (100.0%) batches=1 elapsed=0.00s
2026-08-24T23:11:43.1981857-05:00 [PHASE5B] 
2026-08-24T23:11:43.1981857-05:00 [PHASE5B] -------------------------------------------------------------------------------
2026-08-24T23:11:43.1991860-05:00 [PHASE5B]  Durable Phase 5B checkpoint status
2026-08-24T23:11:43.2001865-05:00 [PHASE5B] -------------------------------------------------------------------------------
2026-08-24T23:11:43.2011859-05:00 [PHASE5B] 
2026-08-24T23:11:43.2021859-05:00 [PHASE5B] [1/10] P5B_VALIDATE
2026-08-24T23:11:43.2031860-05:00 [PHASE5B]       [1.1] SOURCE_CONTRACT              COMPLETED          1 / 1          100.0% batches=1
2026-08-24T23:11:43.2041854-05:00 [PHASE5B]       [1.2] PARENT_CLASSIFICATION        COMPLETED          1 / 1          100.0% batches=1
2026-08-24T23:11:43.2051848-05:00 [PHASE5B]       [1.3] CATALOG_REFERENCES           COMPLETED          1 / 1          100.0% batches=1
2026-08-24T23:11:43.2061852-05:00 [PHASE5B]       [1.4] VERSION_KEYS                 COMPLETED          1 / 1          100.0% batches=1
2026-08-24T23:11:43.2061852-05:00 [PHASE5B] 
2026-08-24T23:11:43.2071870-05:00 [PHASE5B] [2/10] P5B_VARIANTS
2026-08-24T23:11:43.2081855-05:00 [PHASE5B]       [2.1] BASE_PART_COLOR_VARIANTS     COMPLETED  1,551,229 / 1,551,229  100.0% batches=311
2026-08-24T23:11:43.2091855-05:00 [PHASE5B] 
2026-08-24T23:11:43.2101873-05:00 [PHASE5B] [3/10] P5B_DEFINITIONS
2026-08-24T23:11:43.2111855-05:00 [PHASE5B]       [3.1] PARENT_DEFINITIONS           COMPLETED     47,216 / 47,216     100.0% batches=10
2026-08-24T23:11:43.2111855-05:00 [PHASE5B] 
2026-08-24T23:11:43.2121858-05:00 [PHASE5B] [4/10] P5B_VERSIONS
2026-08-24T23:11:43.2131877-05:00 [PHASE5B]       [4.1] SOURCE_VERSIONS              COMPLETED     47,216 / 47,216     100.0% batches=10
2026-08-24T23:11:43.2141864-05:00 [PHASE5B] 
2026-08-24T23:11:43.2151878-05:00 [PHASE5B] [5/10] P5B_SET_MEMBERS
2026-08-24T23:11:43.2161861-05:00 [PHASE5B]       [5.1] PARTS                        COMPLETED  1,551,229 / 1,551,229  100.0% batches=311
2026-08-24T23:11:43.2161861-05:00 [PHASE5B]       [5.2] SETS                         COMPLETED      5,176 / 5,176      100.0% batches=2
2026-08-24T23:11:43.2171882-05:00 [PHASE5B]       [5.3] MINIFIGURES                  COMPLETED     25,738 / 25,738     100.0% batches=6
2026-08-24T23:11:43.2181873-05:00 [PHASE5B] 
2026-08-24T23:11:43.2191873-05:00 [PHASE5B] [6/10] P5B_MINIFIG_MEMBERS
2026-08-24T23:11:43.2201855-05:00 [PHASE5B]       [6.1] PARTS                        COMPLETED  1,551,229 / 1,551,229  100.0% batches=311
2026-08-24T23:11:43.2201855-05:00 [PHASE5B] 
2026-08-24T23:11:43.2211899-05:00 [PHASE5B] [7/10] P5B_MINIFIG_ANCHORS
2026-08-24T23:11:43.2221866-05:00 [PHASE5B]       [7.1] COMPOSITIONS                 COMPLETED     47,216 / 47,216     100.0% batches=10
2026-08-24T23:11:43.2231879-05:00 [PHASE5B] 
2026-08-24T23:11:43.2231879-05:00 [PHASE5B] [8/10] P5B_FINALIZE_VERSIONS
2026-08-24T23:11:43.2241858-05:00 [PHASE5B]       [8.1] HASH_AND_FINALIZE            COMPLETED     47,216 / 47,216     100.0% batches=10
2026-08-24T23:11:43.2251882-05:00 [PHASE5B] 
2026-08-24T23:11:43.2261866-05:00 [PHASE5B] [9/10] P5B_AUTHORITY
2026-08-24T23:11:43.2271854-05:00 [PHASE5B]       [9.1] LATEST_SOURCE                COMPLETED     47,216 / 47,216     100.0% batches=10
2026-08-24T23:11:43.2271854-05:00 [PHASE5B] 
2026-08-24T23:11:43.2281859-05:00 [PHASE5B] [10/10] P5B_COMPLETE
2026-08-24T23:11:43.2291878-05:00 [PHASE5B]       [10.1] VERIFY                       COMPLETED          1 / 1          100.0% batches=1
2026-08-24T23:11:43.2301871-05:00 [PHASE5B]       [10.2] COMPLETE_RUN                 COMPLETED          1 / 1          100.0% batches=1
2026-08-24T23:11:43.2311868-05:00 [PHASE5B] 
2026-08-24T23:11:43.2321877-05:00 [PHASE5B] ==============================================================================
2026-08-24T23:11:43.2321877-05:00 [PHASE5B]  [PASS] Rebrickable Phase 5B checkpointed reconciliation completed
2026-08-24T23:11:43.2331876-05:00 [PHASE5B]  [INFO] Source run: 01a03702-442c-7e82-a480-681cfead5f2a
2026-08-24T23:11:43.2341855-05:00 [PHASE5B]  [INFO] Elapsed seconds: 1656.11
2026-08-24T23:11:43.2351860-05:00 [PHASE5B] ==============================================================================
2026-08-24T23:11:43.2361852-05:00 [INFO] PHASE5B process exit code=0
2026-08-24T23:11:43.2361852-05:00 [PASS] PHASE5B completed
2026-08-24T23:11:43.2981861-05:00 [PASS] Lifecycle finalized source_run_id=01a03702-442c-7e82-a480-681cfead5f2a
2026-08-24T23:11:43.3011886-05:00 [INFO] START PHASE6A: import_rebrickable_phase6a_relationships.py --archive L:\var\www\Brk.Trkr\brk.trkr-db\import\runtime\snapshots\nightly_20260824_224016\part_relationships.csv.gz
2026-08-24T23:11:44.6164769-05:00 [PHASE6A] ==============================================================================
2026-08-24T23:11:44.6184780-05:00 [PHASE6A]  BrickTrackr Rebrickable Import - Phase 6A v1.0.0
2026-08-24T23:11:44.6194785-05:00 [PHASE6A] ==============================================================================
2026-08-24T23:11:44.6204781-05:00 [PHASE6A] [INFO] archive: L:\var\www\Brk.Trkr\brk.trkr-db\import\runtime\snapshots\nightly_20260824_224016\part_relationships.csv.gz
2026-08-24T23:11:44.6214769-05:00 [PHASE6A] [PASS] source rows: 37,210
2026-08-24T23:11:44.6214769-05:00 [PHASE6A] [INFO] sha256: e0b73872cdc5fa1f6e5a54efeed7fb2850be3d58cded02a17e4665b9600a61da
2026-08-24T23:11:44.6224785-05:00 [PHASE6A] [INFO] relationship counts: A=1,179, B=1,557, M=1,160, P=29,866, R=2,987, T=461
2026-08-24T23:11:44.6234785-05:00 [PHASE6A] [INFO] self links preserved as source evidence: 1
2026-08-24T23:11:44.6244786-05:00 [PHASE6A] [PASS] importer database contract verified
2026-08-24T23:11:44.6254763-05:00 [PHASE6A] [INFO] source run: 01a0371d-ee3e-7db0-816a-b9dc0f78159c
2026-08-24T23:11:44.6254763-05:00 [PHASE6A] 
2026-08-24T23:11:44.6264793-05:00 [PHASE6A] ==============================================================================
2026-08-24T23:11:44.6274764-05:00 [PHASE6A]  [PASS] Rebrickable Phase 6A staged successfully
2026-08-24T23:11:44.6284768-05:00 [PHASE6A] ==============================================================================
2026-08-24T23:11:44.6294790-05:00 [PHASE6A] [INFO] Source run: 01a0371d-ee3e-7db0-816a-b9dc0f78159c
2026-08-24T23:11:44.6304760-05:00 [PHASE6A] [INFO] Rows staged: 37,210
2026-08-24T23:11:44.6304760-05:00 [PHASE6A] [INFO] Run status: VALIDATING
2026-08-24T23:11:44.6314772-05:00 [PHASE6A] [INFO] Canonical DML: NO
2026-08-24T23:11:44.6324786-05:00 [PHASE6A] [INFO] Next: Phase 6B relationship semantic reconciliation
2026-08-24T23:11:44.6434765-05:00 [INFO] PHASE6A process exit code=0
2026-08-24T23:11:44.6444780-05:00 [PASS] PHASE6A completed
2026-08-24T23:11:44.6864770-05:00 [INFO] PHASE6A source_run_id=01a0371d-ee3e-7db0-816a-b9dc0f78159c
2026-08-24T23:11:44.7284776-05:00 [INFO] START PHASE6B: reconcile_rebrickable_phase6b_relationships.py --source-run-id 01a0371d-ee3e-7db0-816a-b9dc0f78159c
2026-08-24T23:11:48.1759347-05:00 [PHASE6B] ==============================================================================
2026-08-24T23:11:48.1769343-05:00 [PHASE6B]  BrickTrackr Rebrickable Phase 6B - semantic relationship reconcile
2026-08-24T23:11:48.1779354-05:00 [PHASE6B] ==============================================================================
2026-08-24T23:11:48.1789348-05:00 [PHASE6B] [INFO] Source run: 01a0371d-ee3e-7db0-816a-b9dc0f78159c
2026-08-24T23:11:48.1799353-05:00 [PHASE6B] [INFO] Exact canonical mapping: A -> ALTERNATE
2026-08-24T23:11:48.1799353-05:00 [PHASE6B] [INFO] B/M/P/R/T: preserved as source provenance; not collapsed to RELATED
2026-08-24T23:11:48.1809368-05:00 [PHASE6B] [INFO] Staged rows:               37,210
2026-08-24T23:11:48.1819362-05:00 [PHASE6B] [INFO] Provenance upserts:        37,210
2026-08-24T23:11:48.1829360-05:00 [PHASE6B] [INFO] Canonically mapped:        1,179
2026-08-24T23:11:48.1829360-05:00 [PHASE6B] [INFO] Source-valid unmapped:     36,030
2026-08-24T23:11:48.1849348-05:00 [PHASE6B] [INFO] Quarantined:               1
2026-08-24T23:11:48.1859340-05:00 [PHASE6B] [INFO] Canonical ALTERNATE links: 1,179
2026-08-24T23:11:48.1869356-05:00 [PHASE6B] [INFO] SOURCE_MISSING rows:       0
2026-08-24T23:11:48.1879362-05:00 [PHASE6B] [INFO] Elapsed seconds:           3.29
2026-08-24T23:11:48.1879362-05:00 [PHASE6B] 
2026-08-24T23:11:48.1889365-05:00 [PHASE6B] ==============================================================================
2026-08-24T23:11:48.1899345-05:00 [PHASE6B]  [PASS] Rebrickable Phase 6B semantic reconciliation completed
2026-08-24T23:11:48.1909356-05:00 [PHASE6B] ==============================================================================
2026-08-24T23:11:48.1999352-05:00 [INFO] PHASE6B process exit code=0
2026-08-24T23:11:48.2009340-05:00 [PASS] PHASE6B completed
2026-08-24T23:11:48.2479366-05:00 [PASS] Lifecycle finalized source_run_id=01a0371d-ee3e-7db0-816a-b9dc0f78159c
2026-08-24T23:11:48.2509345-05:00 [PASS] Rebrickable full refresh completed in 00:31:16
