2026-08-24T23:40:47.1440418-05:00 [INFO] ============================================================
2026-08-24T23:40:47.1490426-05:00 [INFO] BrickTrackr Rebrickable full refresh starting
2026-08-24T23:40:47.1500417-05:00 [INFO] StartPhase=PHASE1
2026-08-24T23:40:47.1510396-05:00 [INFO] ImportRoot=L:\var\www\Brk.Trkr\brk.trkr-db\import
2026-08-24T23:40:47.1520400-05:00 [INFO] SnapshotDir=L:\var\www\Brk.Trkr\brk.trkr-db\import\runtime\snapshots\initial_20260824_234043
2026-08-24T23:40:47.1530426-05:00 [INFO] ============================================================
2026-08-24T23:40:47.1600431-05:00 [PASS] Complete Rebrickable snapshot verified.
2026-08-24T23:40:47.1650403-05:00 [INFO] START PHASE1: import_rebrickable_phase1.py --work-dir L:\var\www\Brk.Trkr\brk.trkr-db\import\runtime\snapshots\initial_20260824_234043
2026-08-24T23:40:47.3825598-05:00 [PHASE1] ===============================================================================
2026-08-24T23:40:47.3835593-05:00 [PHASE1]  BrickTrackr Rebrickable Import - Phase 1 v2.0.3
2026-08-24T23:40:47.3845589-05:00 [PHASE1] ===============================================================================
2026-08-24T23:40:47.3855617-05:00 [PHASE1] Work directory: L:\var\www\Brk.Trkr\brk.trkr-db\import\runtime\snapshots\initial_20260824_234043
2026-08-24T23:40:47.3865617-05:00 [PHASE1] [+] Database import contract verified.
2026-08-24T23:40:47.3875611-05:00 [PHASE1] [+] Created source run: 01a03738-89ef-7109-96af-2ce312429333
2026-08-24T23:40:47.3875611-05:00 [PHASE1] [+] themes: snapshot verified 496 rows, sha256=620ead9d1ce5f79eeddd13dbd6cc18b3c34717f594d6ca60180d8956b4eff253
2026-08-24T23:40:47.3885614-05:00 [PHASE1] [i] colors: ignoring additional source columns ('num_parts', 'num_sets', 'y1', 'y2')
2026-08-24T23:40:47.3895593-05:00 [PHASE1] [+] colors: snapshot verified 275 rows, sha256=9263b6b9e43446e9f8f40226c22f29bcc7cb97bb8dd7e66bb2c1fcc56b74e66f
2026-08-24T23:40:47.3905614-05:00 [PHASE1] [+] part_categories: snapshot verified 76 rows, sha256=45517dbe3f967d79d359018faf7a4e5869b7b907265b3aa0a97c3f5c077759bd
2026-08-24T23:40:47.3905614-05:00 [PHASE1] [+] All Phase-1 snapshot archives validated.
2026-08-24T23:40:47.3915588-05:00 [PHASE1] [*] Staging themes...
2026-08-24T23:40:47.3925591-05:00 [PHASE1] [+] themes: staged and validated 496 rows
2026-08-24T23:40:47.3935606-05:00 [PHASE1] [*] Staging colors...
2026-08-24T23:40:47.3935606-05:00 [PHASE1] [+] colors: staged and validated 275 rows
2026-08-24T23:40:47.3945584-05:00 [PHASE1] [*] Staging part_categories...
2026-08-24T23:40:47.3955587-05:00 [PHASE1] [+] part_categories: staged and validated 76 rows
2026-08-24T23:40:47.3955587-05:00 [PHASE1] ===============================================================================
2026-08-24T23:40:47.3965618-05:00 [PHASE1]  [PASS] Rebrickable Phase 1 staged successfully
2026-08-24T23:40:47.3975590-05:00 [PHASE1] ===============================================================================
2026-08-24T23:40:47.3985595-05:00 [PHASE1] Source run: 01a03738-89ef-7109-96af-2ce312429333
2026-08-24T23:40:47.3995586-05:00 [PHASE1] Run status: VALIDATING
2026-08-24T23:40:47.3995586-05:00 [PHASE1] Canonical tables modified: NO
2026-08-24T23:40:47.4005598-05:00 [PHASE1] Next step: Phase 2 reference reconciliation
2026-08-24T23:40:47.4025597-05:00 [INFO] PHASE1 process exit code=0
2026-08-24T23:40:47.4035590-05:00 [PASS] PHASE1 completed
2026-08-24T23:40:47.4055595-05:00 [INFO] START PHASE2: import_rebrickable_phase2.py 
2026-08-24T23:40:47.6696938-05:00 [PHASE2] ==============================================================================
2026-08-24T23:40:47.6706939-05:00 [PHASE2]  BrickTrackr Rebrickable Import - Phase 2 v2.1.0
2026-08-24T23:40:47.6716937-05:00 [PHASE2] ==============================================================================
2026-08-24T23:40:47.6726937-05:00 [PHASE2] [+] Database contract verified for login 'bricktrackr_import'.
2026-08-24T23:40:47.6736944-05:00 [PHASE2] [*] Reconciling source run: 01a03738-89ef-7109-96af-2ce312429333
2026-08-24T23:40:47.6746938-05:00 [PHASE2] [+] Reference reconciliation committed atomically.
2026-08-24T23:40:47.6746938-05:00 [PHASE2] {
2026-08-24T23:40:47.6756936-05:00 [PHASE2]   "phase": 2,
2026-08-24T23:40:47.6766936-05:00 [PHASE2]   "reconciled": {
2026-08-24T23:40:47.6776960-05:00 [PHASE2]     "colors": 275,
2026-08-24T23:40:47.6786945-05:00 [PHASE2]     "themes": 496,
2026-08-24T23:40:47.6796952-05:00 [PHASE2]     "part_categories": 76
2026-08-24T23:40:47.6806957-05:00 [PHASE2]   },
2026-08-24T23:40:47.6816947-05:00 [PHASE2]   "completed_at": "2026-08-25T04:40:47.579805+00:00",
2026-08-24T23:40:47.6816947-05:00 [PHASE2]   "source_run_id": "01a03738-89ef-7109-96af-2ce312429333",
2026-08-24T23:40:47.6826935-05:00 [PHASE2]   "canonical_created": {
2026-08-24T23:40:47.6836933-05:00 [PHASE2]     "colors": 275,
2026-08-24T23:40:47.6846943-05:00 [PHASE2]     "themes": 496,
2026-08-24T23:40:47.6876939-05:00 [PHASE2]     "part_categories": 76
2026-08-24T23:40:47.6886945-05:00 [PHASE2]   }
2026-08-24T23:40:47.6896947-05:00 [PHASE2] }
2026-08-24T23:40:47.6906958-05:00 [PHASE2] ==============================================================================
2026-08-24T23:40:47.6906958-05:00 [PHASE2]  [PASS] Rebrickable Phase 2 completed successfully
2026-08-24T23:40:47.6916946-05:00 [PHASE2] ==============================================================================
2026-08-24T23:40:47.6926974-05:00 [INFO] PHASE2 process exit code=0
2026-08-24T23:40:47.6936956-05:00 [PASS] PHASE2 completed
2026-08-24T23:40:47.6946941-05:00 [INFO] START PHASE3A: import_rebrickable_phase3.py --work-dir L:\var\www\Brk.Trkr\brk.trkr-db\import\runtime\snapshots\initial_20260824_234043
2026-08-24T23:40:47.8376926-05:00 [PHASE3A] [ENCODING] utf8_mode=0; stdout=utf-8; stderr=utf-8; preferred=cp1252; PGCLIENTENCODING=None
2026-08-24T23:40:51.0528618-05:00 [PHASE3A] ==============================================================================
2026-08-24T23:40:51.0538618-05:00 [PHASE3A]  BrickTrackr Rebrickable Import - Phase 3 Staging v3.0.3
2026-08-24T23:40:51.0548617-05:00 [PHASE3A] ==============================================================================
2026-08-24T23:40:51.0558617-05:00 [PHASE3A] [i] parts: preserving additional source columns ('part_material',)
2026-08-24T23:40:51.0568611-05:00 [PHASE3A] [+] parts: snapshot verified 64,347 rows, sha256=2afe3df8db15772da2862fc10f45fc7255b93df38e9fda21274f3e9e5b5051c3
2026-08-24T23:40:51.0568611-05:00 [PHASE3A] [+] sets: snapshot verified 28,117 rows, sha256=afeb179db785e830444644073fd5b6741418c4b99c794313238204a59bd109eb
2026-08-24T23:40:51.0578608-05:00 [PHASE3A] [+] minifigs: snapshot verified 17,162 rows, sha256=60ead450df9e6157012dbdca36186fc5c6ac9c114d10d7be2f6af38055ddf7d6
2026-08-24T23:40:51.0588615-05:00 [PHASE3A] [+] PostgreSQL client_encoding: UTF8
2026-08-24T23:40:51.0598618-05:00 [PHASE3A] [+] Database contract verified for login 'bricktrackr_import'.
2026-08-24T23:40:51.0608613-05:00 [PHASE3A] [*] Created source run: 01a03738-8cb5-7b00-85bf-07fe7c4c67c6
2026-08-24T23:40:51.0618619-05:00 [PHASE3A] [+] parts: staged 64,347 rows.
2026-08-24T23:40:51.0618619-05:00 [PHASE3A] [+] sets: staged 28,117 rows.
2026-08-24T23:40:51.0628626-05:00 [PHASE3A] [+] minifigs: staged 17,162 rows.
2026-08-24T23:40:51.0638658-05:00 [PHASE3A] ==============================================================================
2026-08-24T23:40:51.0648614-05:00 [PHASE3A]  [PASS] Rebrickable Phase 3 staging completed successfully
2026-08-24T23:40:51.0658616-05:00 [PHASE3A]  Source run: 01a03738-8cb5-7b00-85bf-07fe7c4c67c6
2026-08-24T23:40:51.0658616-05:00 [PHASE3A]  Next: run Phase 3 reconciliation
2026-08-24T23:40:51.0668619-05:00 [PHASE3A] ==============================================================================
2026-08-24T23:40:51.0718628-05:00 [INFO] PHASE3A process exit code=0
2026-08-24T23:40:51.0728622-05:00 [PASS] PHASE3A completed
2026-08-24T23:40:51.1228612-05:00 [INFO] PHASE3A source_run_id=01a03738-8cb5-7b00-85bf-07fe7c4c67c6
2026-08-24T23:40:51.1658773-05:00 [INFO] START PHASE3B: reconcile_rebrickable_phase3_checkpointed.py --source-run-id 01a03738-8cb5-7b00-85bf-07fe7c4c67c6
2026-08-24T23:40:51.3887734-05:00 [PHASE3B] ==============================================================================
2026-08-24T23:40:51.3897744-05:00 [PHASE3B]  BrickTrackr Rebrickable Phase 3B - Checkpointed Reconcile v3.2.2
2026-08-24T23:40:51.3907705-05:00 [PHASE3B] ==============================================================================
2026-08-24T23:40:51.3917703-05:00 [PHASE3B] [INFO] Mode:       RESUME
2026-08-24T23:40:51.3917703-05:00 [PHASE3B] [INFO] Source run: 01a03738-8cb5-7b00-85bf-07fe7c4c67c6
2026-08-24T23:40:51.3927722-05:00 [PHASE3B] [INFO] Batch size: 5,000
2026-08-24T23:40:51.3937729-05:00 [PHASE3B] 
2026-08-24T23:40:51.3947723-05:00 [PHASE3B] [+] Checkpoint ledger ready: parts=64,347, sets=28,117, minifigures=17,162
2026-08-24T23:40:51.3957694-05:00 [PHASE3B] 
2026-08-24T23:40:51.3957694-05:00 [PHASE3B] -------------------------------------------------------------------------------
2026-08-24T23:40:51.3967703-05:00 [PHASE3B]  Durable Phase 3B checkpoint status
2026-08-24T23:40:51.3977705-05:00 [PHASE3B] -------------------------------------------------------------------------------
2026-08-24T23:40:51.3987701-05:00 [PHASE3B] 
2026-08-24T23:40:51.3997698-05:00 [PHASE3B] [1/6] VALIDATE_SOURCE_RUN
2026-08-24T23:40:51.3997698-05:00 [PHASE3B]       [1.1] RUN_CONTRACT             PENDING           0 / 1           0.0%  batches=0
2026-08-24T23:40:51.4007730-05:00 [PHASE3B]       [1.2] STAGED_COUNTS            PENDING           0 / 1           0.0%  batches=0
2026-08-24T23:40:51.4017707-05:00 [PHASE3B]       [1.3] REFERENCE_LINKS          PENDING           0 / 1           0.0%  batches=0
2026-08-24T23:40:51.4027706-05:00 [PHASE3B] 
2026-08-24T23:40:51.4037699-05:00 [PHASE3B] [2/6] RECONCILE_PARTS
2026-08-24T23:40:51.4047699-05:00 [PHASE3B]       [2.1] CATALOG_IDENTITIES       PENDING           0 / 64,347      0.0%  batches=0
2026-08-24T23:40:51.4047699-05:00 [PHASE3B]       [2.2] PART_ROWS                PENDING           0 / 64,347      0.0%  batches=0
2026-08-24T23:40:51.4057701-05:00 [PHASE3B]       [2.3] SOURCE_VALUES            PENDING           0 / 64,347      0.0%  batches=0
2026-08-24T23:40:51.4067706-05:00 [PHASE3B] 
2026-08-24T23:40:51.4077700-05:00 [PHASE3B] [3/6] RECONCILE_SETS
2026-08-24T23:40:51.4167704-05:00 [PHASE3B]       [3.1] CATALOG_IDENTITIES       PENDING           0 / 28,117      0.0%  batches=0
2026-08-24T23:40:51.4167704-05:00 [PHASE3B]       [3.2] SET_ROWS                 PENDING           0 / 28,117      0.0%  batches=0
2026-08-24T23:40:51.4177707-05:00 [PHASE3B]       [3.3] SOURCE_VALUES            PENDING           0 / 28,117      0.0%  batches=0
2026-08-24T23:40:51.4187723-05:00 [PHASE3B] 
2026-08-24T23:40:51.4197699-05:00 [PHASE3B] [4/6] RECONCILE_MINIFIGURES
2026-08-24T23:40:51.4197699-05:00 [PHASE3B]       [4.1] CATALOG_IDENTITIES       PENDING           0 / 17,162      0.0%  batches=0
2026-08-24T23:40:51.4207707-05:00 [PHASE3B]       [4.2] MINIFIGURE_ROWS          PENDING           0 / 17,162      0.0%  batches=0
2026-08-24T23:40:51.4217705-05:00 [PHASE3B]       [4.3] SOURCE_VALUES            PENDING           0 / 17,162      0.0%  batches=0
2026-08-24T23:40:51.4217705-05:00 [PHASE3B] 
2026-08-24T23:40:51.4227707-05:00 [PHASE3B] [5/6] SOURCE_PRESENCE
2026-08-24T23:40:51.4237724-05:00 [PHASE3B]       [5.1] PARTS                    PENDING           0 / 1           0.0%  batches=0
2026-08-24T23:40:51.4247696-05:00 [PHASE3B]       [5.2] SETS                     PENDING           0 / 1           0.0%  batches=0
2026-08-24T23:40:51.4247696-05:00 [PHASE3B]       [5.3] MINIFIGURES              PENDING           0 / 1           0.0%  batches=0
2026-08-24T23:40:51.4257708-05:00 [PHASE3B] 
2026-08-24T23:40:51.4267744-05:00 [PHASE3B] [6/6] FINALIZE_SOURCE_RUN
2026-08-24T23:40:51.4277704-05:00 [PHASE3B]       [6.1] VERIFY_COUNTS            PENDING           0 / 1           0.0%  batches=0
2026-08-24T23:40:51.4277704-05:00 [PHASE3B]       [6.2] COMPLETE_RUN             PENDING           0 / 1           0.0%  batches=0
2026-08-24T23:40:51.4287704-05:00 [PHASE3B] 
2026-08-24T23:40:51.4297696-05:00 [PHASE3B] [RUN] [1.1] VALIDATE_SOURCE_RUN / RUN_CONTRACT 0/1 (  0.0%) batch=1
2026-08-24T23:40:51.4297696-05:00 [PHASE3B] [OK ] [1.1] RUN_CONTRACT: 1/1 (100.0%) batches=1 elapsed=0.00s
2026-08-24T23:40:51.4307708-05:00 [PHASE3B] 
2026-08-24T23:40:51.4317700-05:00 [PHASE3B] -------------------------------------------------------------------------------
2026-08-24T23:40:51.4327702-05:00 [PHASE3B]  Durable Phase 3B checkpoint status
2026-08-24T23:40:51.4327702-05:00 [PHASE3B] -------------------------------------------------------------------------------
2026-08-24T23:40:51.4337706-05:00 [PHASE3B] 
2026-08-24T23:40:51.4347704-05:00 [PHASE3B] [1/6] VALIDATE_SOURCE_RUN
2026-08-24T23:40:51.4357699-05:00 [PHASE3B]       [1.1] RUN_CONTRACT             COMPLETED         1 / 1         100.0%  batches=1
2026-08-24T23:40:51.4357699-05:00 [PHASE3B]       [1.2] STAGED_COUNTS            PENDING           0 / 1           0.0%  batches=0
2026-08-24T23:40:51.4367741-05:00 [PHASE3B]       [1.3] REFERENCE_LINKS          PENDING           0 / 1           0.0%  batches=0
2026-08-24T23:40:51.4377701-05:00 [PHASE3B] 
2026-08-24T23:40:51.4387722-05:00 [PHASE3B] [2/6] RECONCILE_PARTS
2026-08-24T23:40:51.4387722-05:00 [PHASE3B]       [2.1] CATALOG_IDENTITIES       PENDING           0 / 64,347      0.0%  batches=0
2026-08-24T23:40:51.4397732-05:00 [PHASE3B]       [2.2] PART_ROWS                PENDING           0 / 64,347      0.0%  batches=0
2026-08-24T23:40:51.4407710-05:00 [PHASE3B]       [2.3] SOURCE_VALUES            PENDING           0 / 64,347      0.0%  batches=0
2026-08-24T23:40:51.4417705-05:00 [PHASE3B] 
2026-08-24T23:40:51.4417705-05:00 [PHASE3B] [3/6] RECONCILE_SETS
2026-08-24T23:40:51.4427727-05:00 [PHASE3B]       [3.1] CATALOG_IDENTITIES       PENDING           0 / 28,117      0.0%  batches=0
2026-08-24T23:40:51.4437701-05:00 [PHASE3B]       [3.2] SET_ROWS                 PENDING           0 / 28,117      0.0%  batches=0
2026-08-24T23:40:51.4437701-05:00 [PHASE3B]       [3.3] SOURCE_VALUES            PENDING           0 / 28,117      0.0%  batches=0
2026-08-24T23:40:51.4447732-05:00 [PHASE3B] 
2026-08-24T23:40:51.4457720-05:00 [PHASE3B] [4/6] RECONCILE_MINIFIGURES
2026-08-24T23:40:51.4467694-05:00 [PHASE3B]       [4.1] CATALOG_IDENTITIES       PENDING           0 / 17,162      0.0%  batches=0
2026-08-24T23:40:51.4467694-05:00 [PHASE3B]       [4.2] MINIFIGURE_ROWS          PENDING           0 / 17,162      0.0%  batches=0
2026-08-24T23:40:51.4477732-05:00 [PHASE3B]       [4.3] SOURCE_VALUES            PENDING           0 / 17,162      0.0%  batches=0
2026-08-24T23:40:51.4487737-05:00 [PHASE3B] 
2026-08-24T23:40:51.4497703-05:00 [PHASE3B] [5/6] SOURCE_PRESENCE
2026-08-24T23:40:51.4497703-05:00 [PHASE3B]       [5.1] PARTS                    PENDING           0 / 1           0.0%  batches=0
2026-08-24T23:40:51.4507700-05:00 [PHASE3B]       [5.2] SETS                     PENDING           0 / 1           0.0%  batches=0
2026-08-24T23:40:51.4517701-05:00 [PHASE3B]       [5.3] MINIFIGURES              PENDING           0 / 1           0.0%  batches=0
2026-08-24T23:40:51.4517701-05:00 [PHASE3B] 
2026-08-24T23:40:51.4527707-05:00 [PHASE3B] [6/6] FINALIZE_SOURCE_RUN
2026-08-24T23:40:51.4537725-05:00 [PHASE3B]       [6.1] VERIFY_COUNTS            PENDING           0 / 1           0.0%  batches=0
2026-08-24T23:40:51.4547701-05:00 [PHASE3B]       [6.2] COMPLETE_RUN             PENDING           0 / 1           0.0%  batches=0
2026-08-24T23:40:51.4557709-05:00 [PHASE3B] 
2026-08-24T23:40:51.4557709-05:00 [PHASE3B] [RUN] [1.2] VALIDATE_SOURCE_RUN / STAGED_COUNTS 0/1 (  0.0%) batch=1
2026-08-24T23:40:51.4567708-05:00 [PHASE3B] [OK ] [1.2] STAGED_COUNTS: 1/1 (100.0%) batches=1 elapsed=0.01s
2026-08-24T23:40:51.4577694-05:00 [PHASE3B] 
2026-08-24T23:40:51.4587729-05:00 [PHASE3B] -------------------------------------------------------------------------------
2026-08-24T23:40:51.4587729-05:00 [PHASE3B]  Durable Phase 3B checkpoint status
2026-08-24T23:40:51.4597727-05:00 [PHASE3B] -------------------------------------------------------------------------------
2026-08-24T23:40:51.4607696-05:00 [PHASE3B] 
2026-08-24T23:40:51.4607696-05:00 [PHASE3B] [1/6] VALIDATE_SOURCE_RUN
2026-08-24T23:40:51.4617700-05:00 [PHASE3B]       [1.1] RUN_CONTRACT             COMPLETED         1 / 1         100.0%  batches=1
2026-08-24T23:40:51.4627703-05:00 [PHASE3B]       [1.2] STAGED_COUNTS            COMPLETED         1 / 1         100.0%  batches=1
2026-08-24T23:40:51.4637703-05:00 [PHASE3B]       [1.3] REFERENCE_LINKS          PENDING           0 / 1           0.0%  batches=0
2026-08-24T23:40:51.4637703-05:00 [PHASE3B] 
2026-08-24T23:40:51.4647704-05:00 [PHASE3B] [2/6] RECONCILE_PARTS
2026-08-24T23:40:51.4657698-05:00 [PHASE3B]       [2.1] CATALOG_IDENTITIES       PENDING           0 / 64,347      0.0%  batches=0
2026-08-24T23:40:51.4657698-05:00 [PHASE3B]       [2.2] PART_ROWS                PENDING           0 / 64,347      0.0%  batches=0
2026-08-24T23:40:51.4667696-05:00 [PHASE3B]       [2.3] SOURCE_VALUES            PENDING           0 / 64,347      0.0%  batches=0
2026-08-24T23:40:51.4677717-05:00 [PHASE3B] 
2026-08-24T23:40:51.4687703-05:00 [PHASE3B] [3/6] RECONCILE_SETS
2026-08-24T23:40:51.4687703-05:00 [PHASE3B]       [3.1] CATALOG_IDENTITIES       PENDING           0 / 28,117      0.0%  batches=0
2026-08-24T23:40:51.4697696-05:00 [PHASE3B]       [3.2] SET_ROWS                 PENDING           0 / 28,117      0.0%  batches=0
2026-08-24T23:40:51.4707699-05:00 [PHASE3B]       [3.3] SOURCE_VALUES            PENDING           0 / 28,117      0.0%  batches=0
2026-08-24T23:40:51.4707699-05:00 [PHASE3B] 
2026-08-24T23:40:51.4717697-05:00 [PHASE3B] [4/6] RECONCILE_MINIFIGURES
2026-08-24T23:40:51.4727700-05:00 [PHASE3B]       [4.1] CATALOG_IDENTITIES       PENDING           0 / 17,162      0.0%  batches=0
2026-08-24T23:40:51.4737697-05:00 [PHASE3B]       [4.2] MINIFIGURE_ROWS          PENDING           0 / 17,162      0.0%  batches=0
2026-08-24T23:40:51.4737697-05:00 [PHASE3B]       [4.3] SOURCE_VALUES            PENDING           0 / 17,162      0.0%  batches=0
2026-08-24T23:40:51.4747696-05:00 [PHASE3B] 
2026-08-24T23:40:51.4757697-05:00 [PHASE3B] [5/6] SOURCE_PRESENCE
2026-08-24T23:40:51.4757697-05:00 [PHASE3B]       [5.1] PARTS                    PENDING           0 / 1           0.0%  batches=0
2026-08-24T23:40:51.4767697-05:00 [PHASE3B]       [5.2] SETS                     PENDING           0 / 1           0.0%  batches=0
2026-08-24T23:40:51.4777720-05:00 [PHASE3B]       [5.3] MINIFIGURES              PENDING           0 / 1           0.0%  batches=0
2026-08-24T23:40:51.4787698-05:00 [PHASE3B] 
2026-08-24T23:40:51.4787698-05:00 [PHASE3B] [6/6] FINALIZE_SOURCE_RUN
2026-08-24T23:40:51.4797699-05:00 [PHASE3B]       [6.1] VERIFY_COUNTS            PENDING           0 / 1           0.0%  batches=0
2026-08-24T23:40:51.4807699-05:00 [PHASE3B]       [6.2] COMPLETE_RUN             PENDING           0 / 1           0.0%  batches=0
2026-08-24T23:40:51.4817703-05:00 [PHASE3B] 
2026-08-24T23:40:51.4827707-05:00 [PHASE3B] [RUN] [1.3] VALIDATE_SOURCE_RUN / REFERENCE_LINKS 0/1 (  0.0%) batch=1
2026-08-24T23:40:52.1638792-05:00 [PHASE3B] [OK ] [1.3] REFERENCE_LINKS: 1/1 (100.0%) batches=1 elapsed=0.76s
2026-08-24T23:40:52.1648795-05:00 [PHASE3B] 
2026-08-24T23:40:52.1658788-05:00 [PHASE3B] -------------------------------------------------------------------------------
2026-08-24T23:40:52.1668788-05:00 [PHASE3B]  Durable Phase 3B checkpoint status
2026-08-24T23:40:52.1668788-05:00 [PHASE3B] -------------------------------------------------------------------------------
2026-08-24T23:40:52.1678798-05:00 [PHASE3B] 
2026-08-24T23:40:52.1688805-05:00 [PHASE3B] [1/6] VALIDATE_SOURCE_RUN
2026-08-24T23:40:52.1698791-05:00 [PHASE3B]       [1.1] RUN_CONTRACT             COMPLETED         1 / 1         100.0%  batches=1
2026-08-24T23:40:52.1708792-05:00 [PHASE3B]       [1.2] STAGED_COUNTS            COMPLETED         1 / 1         100.0%  batches=1
2026-08-24T23:40:52.1708792-05:00 [PHASE3B]       [1.3] REFERENCE_LINKS          COMPLETED         1 / 1         100.0%  batches=1
2026-08-24T23:40:52.1718790-05:00 [PHASE3B] 
2026-08-24T23:40:52.1728778-05:00 [PHASE3B] [2/6] RECONCILE_PARTS
2026-08-24T23:40:52.1738776-05:00 [PHASE3B]       [2.1] CATALOG_IDENTITIES       PENDING           0 / 64,347      0.0%  batches=0
2026-08-24T23:40:52.1738776-05:00 [PHASE3B]       [2.2] PART_ROWS                PENDING           0 / 64,347      0.0%  batches=0
2026-08-24T23:40:52.1748784-05:00 [PHASE3B]       [2.3] SOURCE_VALUES            PENDING           0 / 64,347      0.0%  batches=0
2026-08-24T23:40:52.1758781-05:00 [PHASE3B] 
2026-08-24T23:40:52.1758781-05:00 [PHASE3B] [3/6] RECONCILE_SETS
2026-08-24T23:40:52.1768782-05:00 [PHASE3B]       [3.1] CATALOG_IDENTITIES       PENDING           0 / 28,117      0.0%  batches=0
2026-08-24T23:40:52.1778780-05:00 [PHASE3B]       [3.2] SET_ROWS                 PENDING           0 / 28,117      0.0%  batches=0
2026-08-24T23:40:52.1788781-05:00 [PHASE3B]       [3.3] SOURCE_VALUES            PENDING           0 / 28,117      0.0%  batches=0
2026-08-24T23:40:52.1788781-05:00 [PHASE3B] 
2026-08-24T23:40:52.1798791-05:00 [PHASE3B] [4/6] RECONCILE_MINIFIGURES
2026-08-24T23:40:52.1808795-05:00 [PHASE3B]       [4.1] CATALOG_IDENTITIES       PENDING           0 / 17,162      0.0%  batches=0
2026-08-24T23:40:52.1818791-05:00 [PHASE3B]       [4.2] MINIFIGURE_ROWS          PENDING           0 / 17,162      0.0%  batches=0
2026-08-24T23:40:52.1818791-05:00 [PHASE3B]       [4.3] SOURCE_VALUES            PENDING           0 / 17,162      0.0%  batches=0
2026-08-24T23:40:52.1828800-05:00 [PHASE3B] 
2026-08-24T23:40:52.1838787-05:00 [PHASE3B] [5/6] SOURCE_PRESENCE
2026-08-24T23:40:52.1848790-05:00 [PHASE3B]       [5.1] PARTS                    PENDING           0 / 1           0.0%  batches=0
2026-08-24T23:40:52.1848790-05:00 [PHASE3B]       [5.2] SETS                     PENDING           0 / 1           0.0%  batches=0
2026-08-24T23:40:52.1858788-05:00 [PHASE3B]       [5.3] MINIFIGURES              PENDING           0 / 1           0.0%  batches=0
2026-08-24T23:40:52.1868785-05:00 [PHASE3B] 
2026-08-24T23:40:52.1878799-05:00 [PHASE3B] [6/6] FINALIZE_SOURCE_RUN
2026-08-24T23:40:52.1888793-05:00 [PHASE3B]       [6.1] VERIFY_COUNTS            PENDING           0 / 1           0.0%  batches=0
2026-08-24T23:40:52.1888793-05:00 [PHASE3B]       [6.2] COMPLETE_RUN             PENDING           0 / 1           0.0%  batches=0
2026-08-24T23:40:52.1898786-05:00 [PHASE3B] 
2026-08-24T23:40:52.1908787-05:00 [PHASE3B] [RUN] [2.1] RECONCILE_PARTS / CATALOG_IDENTITIES 0/64,347 (  0.0%) batch=1
2026-08-24T23:40:53.5460117-05:00 [PHASE3B] [OK ] [2.1] CATALOG_IDENTITIES: 5,000/64,347 (7.8%) batches=1 elapsed=1.38s
2026-08-24T23:40:53.5470107-05:00 [PHASE3B] [RUN] [2.1] RECONCILE_PARTS / CATALOG_IDENTITIES 5,000/64,347 (  7.8%) batch=2
2026-08-24T23:40:55.2158373-05:00 [PHASE3B] [OK ] [2.1] CATALOG_IDENTITIES: 10,000/64,347 (15.5%) batches=2 elapsed=1.67s
2026-08-24T23:40:55.2168417-05:00 [PHASE3B] [RUN] [2.1] RECONCILE_PARTS / CATALOG_IDENTITIES 10,000/64,347 ( 15.5%) batch=3
2026-08-24T23:40:56.8256924-05:00 [PHASE3B] [OK ] [2.1] CATALOG_IDENTITIES: 15,000/64,347 (23.3%) batches=3 elapsed=1.61s
2026-08-24T23:40:56.8276942-05:00 [PHASE3B] [RUN] [2.1] RECONCILE_PARTS / CATALOG_IDENTITIES 15,000/64,347 ( 23.3%) batch=4
2026-08-24T23:40:58.8107559-05:00 [PHASE3B] [OK ] [2.1] CATALOG_IDENTITIES: 20,000/64,347 (31.1%) batches=4 elapsed=1.98s
2026-08-24T23:40:58.8117556-05:00 [PHASE3B] [RUN] [2.1] RECONCILE_PARTS / CATALOG_IDENTITIES 20,000/64,347 ( 31.1%) batch=5
2026-08-24T23:41:00.6500057-05:00 [PHASE3B] [OK ] [2.1] CATALOG_IDENTITIES: 25,000/64,347 (38.9%) batches=5 elapsed=1.84s
2026-08-24T23:41:00.6510063-05:00 [PHASE3B] [RUN] [2.1] RECONCILE_PARTS / CATALOG_IDENTITIES 25,000/64,347 ( 38.9%) batch=6
2026-08-24T23:41:02.2049402-05:00 [PHASE3B] [OK ] [2.1] CATALOG_IDENTITIES: 30,000/64,347 (46.6%) batches=6 elapsed=1.55s
2026-08-24T23:41:02.2059403-05:00 [PHASE3B] [RUN] [2.1] RECONCILE_PARTS / CATALOG_IDENTITIES 30,000/64,347 ( 46.6%) batch=7
2026-08-24T23:41:03.6861942-05:00 [PHASE3B] [OK ] [2.1] CATALOG_IDENTITIES: 35,000/64,347 (54.4%) batches=7 elapsed=1.48s
2026-08-24T23:41:03.6871946-05:00 [PHASE3B] [RUN] [2.1] RECONCILE_PARTS / CATALOG_IDENTITIES 35,000/64,347 ( 54.4%) batch=8
2026-08-24T23:41:05.2498308-05:00 [PHASE3B] [OK ] [2.1] CATALOG_IDENTITIES: 40,000/64,347 (62.2%) batches=8 elapsed=1.56s
2026-08-24T23:41:05.2518305-05:00 [PHASE3B] [RUN] [2.1] RECONCILE_PARTS / CATALOG_IDENTITIES 40,000/64,347 ( 62.2%) batch=9
2026-08-24T23:41:06.5491067-05:00 [PHASE3B] [OK ] [2.1] CATALOG_IDENTITIES: 45,000/64,347 (69.9%) batches=9 elapsed=1.30s
2026-08-24T23:41:06.5511053-05:00 [PHASE3B] [RUN] [2.1] RECONCILE_PARTS / CATALOG_IDENTITIES 45,000/64,347 ( 69.9%) batch=10
2026-08-24T23:41:08.2749036-05:00 [PHASE3B] [OK ] [2.1] CATALOG_IDENTITIES: 50,000/64,347 (77.7%) batches=10 elapsed=1.73s
2026-08-24T23:41:08.2769044-05:00 [PHASE3B] [RUN] [2.1] RECONCILE_PARTS / CATALOG_IDENTITIES 50,000/64,347 ( 77.7%) batch=11
2026-08-24T23:41:09.8899734-05:00 [PHASE3B] [OK ] [2.1] CATALOG_IDENTITIES: 55,000/64,347 (85.5%) batches=11 elapsed=1.61s
2026-08-24T23:41:09.8919701-05:00 [PHASE3B] [RUN] [2.1] RECONCILE_PARTS / CATALOG_IDENTITIES 55,000/64,347 ( 85.5%) batch=12
2026-08-24T23:41:11.3286738-05:00 [PHASE3B] [OK ] [2.1] CATALOG_IDENTITIES: 60,000/64,347 (93.2%) batches=12 elapsed=1.44s
2026-08-24T23:41:11.3296732-05:00 [PHASE3B] [RUN] [2.1] RECONCILE_PARTS / CATALOG_IDENTITIES 60,000/64,347 ( 93.2%) batch=13
2026-08-24T23:41:12.7513799-05:00 [PHASE3B] [OK ] [2.1] CATALOG_IDENTITIES: 64,347/64,347 (100.0%) batches=13 elapsed=1.42s
2026-08-24T23:41:12.7523779-05:00 [PHASE3B] 
2026-08-24T23:41:12.7533759-05:00 [PHASE3B] -------------------------------------------------------------------------------
2026-08-24T23:41:12.7543786-05:00 [PHASE3B]  Durable Phase 3B checkpoint status
2026-08-24T23:41:12.8163772-05:00 [PHASE3B] -------------------------------------------------------------------------------
2026-08-24T23:41:12.8173784-05:00 [PHASE3B] 
2026-08-24T23:41:12.8183781-05:00 [PHASE3B] [1/6] VALIDATE_SOURCE_RUN
2026-08-24T23:41:12.8193772-05:00 [PHASE3B]       [1.1] RUN_CONTRACT             COMPLETED         1 / 1         100.0%  batches=1
2026-08-24T23:41:12.8193772-05:00 [PHASE3B]       [1.2] STAGED_COUNTS            COMPLETED         1 / 1         100.0%  batches=1
2026-08-24T23:41:12.8203787-05:00 [PHASE3B]       [1.3] REFERENCE_LINKS          COMPLETED         1 / 1         100.0%  batches=1
2026-08-24T23:41:12.8213790-05:00 [PHASE3B] 
2026-08-24T23:41:12.8223787-05:00 [PHASE3B] [2/6] RECONCILE_PARTS
2026-08-24T23:41:12.8223787-05:00 [PHASE3B]       [2.1] CATALOG_IDENTITIES       COMPLETED    64,347 / 64,347    100.0%  batches=13
2026-08-24T23:41:12.8233777-05:00 [PHASE3B]       [2.2] PART_ROWS                PENDING           0 / 64,347      0.0%  batches=0
2026-08-24T23:41:12.8243783-05:00 [PHASE3B]       [2.3] SOURCE_VALUES            PENDING           0 / 64,347      0.0%  batches=0
2026-08-24T23:41:12.8253782-05:00 [PHASE3B] 
2026-08-24T23:41:12.8253782-05:00 [PHASE3B] [3/6] RECONCILE_SETS
2026-08-24T23:41:12.8263760-05:00 [PHASE3B]       [3.1] CATALOG_IDENTITIES       PENDING           0 / 28,117      0.0%  batches=0
2026-08-24T23:41:12.8273763-05:00 [PHASE3B]       [3.2] SET_ROWS                 PENDING           0 / 28,117      0.0%  batches=0
2026-08-24T23:41:12.8273763-05:00 [PHASE3B]       [3.3] SOURCE_VALUES            PENDING           0 / 28,117      0.0%  batches=0
2026-08-24T23:41:12.8283791-05:00 [PHASE3B] 
2026-08-24T23:41:12.8293754-05:00 [PHASE3B] [4/6] RECONCILE_MINIFIGURES
2026-08-24T23:41:12.8303781-05:00 [PHASE3B]       [4.1] CATALOG_IDENTITIES       PENDING           0 / 17,162      0.0%  batches=0
2026-08-24T23:41:12.8303781-05:00 [PHASE3B]       [4.2] MINIFIGURE_ROWS          PENDING           0 / 17,162      0.0%  batches=0
2026-08-24T23:41:12.8313790-05:00 [PHASE3B]       [4.3] SOURCE_VALUES            PENDING           0 / 17,162      0.0%  batches=0
2026-08-24T23:41:12.8323778-05:00 [PHASE3B] 
2026-08-24T23:41:12.8333784-05:00 [PHASE3B] [5/6] SOURCE_PRESENCE
2026-08-24T23:41:12.8333784-05:00 [PHASE3B]       [5.1] PARTS                    PENDING           0 / 1           0.0%  batches=0
2026-08-24T23:41:12.8343799-05:00 [PHASE3B]       [5.2] SETS                     PENDING           0 / 1           0.0%  batches=0
2026-08-24T23:41:12.8353764-05:00 [PHASE3B]       [5.3] MINIFIGURES              PENDING           0 / 1           0.0%  batches=0
2026-08-24T23:41:12.8363774-05:00 [PHASE3B] 
2026-08-24T23:41:12.8373766-05:00 [PHASE3B] [6/6] FINALIZE_SOURCE_RUN
2026-08-24T23:41:12.8373766-05:00 [PHASE3B]       [6.1] VERIFY_COUNTS            PENDING           0 / 1           0.0%  batches=0
2026-08-24T23:41:12.8383791-05:00 [PHASE3B]       [6.2] COMPLETE_RUN             PENDING           0 / 1           0.0%  batches=0
2026-08-24T23:41:12.8393785-05:00 [PHASE3B] 
2026-08-24T23:41:12.8403787-05:00 [PHASE3B] [RUN] [2.2] RECONCILE_PARTS / PART_ROWS 0/64,347 (  0.0%) batch=1
2026-08-24T23:41:12.8643778-05:00 [PHASE3B] [OK ] [2.2] PART_ROWS: 5,000/64,347 (7.8%) batches=1 elapsed=0.11s
2026-08-24T23:41:12.8653766-05:00 [PHASE3B] [RUN] [2.2] RECONCILE_PARTS / PART_ROWS 5,000/64,347 (  7.8%) batch=2
2026-08-24T23:41:12.9773765-05:00 [PHASE3B] [OK ] [2.2] PART_ROWS: 10,000/64,347 (15.5%) batches=2 elapsed=0.11s
2026-08-24T23:41:12.9783769-05:00 [PHASE3B] [RUN] [2.2] RECONCILE_PARTS / PART_ROWS 10,000/64,347 ( 15.5%) batch=3
2026-08-24T23:41:13.0913757-05:00 [PHASE3B] [OK ] [2.2] PART_ROWS: 15,000/64,347 (23.3%) batches=3 elapsed=0.11s
2026-08-24T23:41:13.0933766-05:00 [PHASE3B] [RUN] [2.2] RECONCILE_PARTS / PART_ROWS 15,000/64,347 ( 23.3%) batch=4
2026-08-24T23:41:13.2123763-05:00 [PHASE3B] [OK ] [2.2] PART_ROWS: 20,000/64,347 (31.1%) batches=4 elapsed=0.12s
2026-08-24T23:41:13.2133782-05:00 [PHASE3B] [RUN] [2.2] RECONCILE_PARTS / PART_ROWS 20,000/64,347 ( 31.1%) batch=5
2026-08-24T23:41:13.3211784-05:00 [PHASE3B] [OK ] [2.2] PART_ROWS: 25,000/64,347 (38.9%) batches=5 elapsed=0.11s
2026-08-24T23:41:13.3221771-05:00 [PHASE3B] [RUN] [2.2] RECONCILE_PARTS / PART_ROWS 25,000/64,347 ( 38.9%) batch=6
2026-08-24T23:41:13.4331774-05:00 [PHASE3B] [OK ] [2.2] PART_ROWS: 30,000/64,347 (46.6%) batches=6 elapsed=0.11s
2026-08-24T23:41:13.4341768-05:00 [PHASE3B] [RUN] [2.2] RECONCILE_PARTS / PART_ROWS 30,000/64,347 ( 46.6%) batch=7
2026-08-24T23:41:13.5431766-05:00 [PHASE3B] [OK ] [2.2] PART_ROWS: 35,000/64,347 (54.4%) batches=7 elapsed=0.11s
2026-08-24T23:41:13.5451779-05:00 [PHASE3B] [RUN] [2.2] RECONCILE_PARTS / PART_ROWS 35,000/64,347 ( 54.4%) batch=8
2026-08-24T23:41:13.6641774-05:00 [PHASE3B] [OK ] [2.2] PART_ROWS: 40,000/64,347 (62.2%) batches=8 elapsed=0.12s
2026-08-24T23:41:13.6651792-05:00 [PHASE3B] [RUN] [2.2] RECONCILE_PARTS / PART_ROWS 40,000/64,347 ( 62.2%) batch=9
2026-08-24T23:41:13.7633183-05:00 [PHASE3B] [OK ] [2.2] PART_ROWS: 45,000/64,347 (69.9%) batches=9 elapsed=0.10s
2026-08-24T23:41:13.7653174-05:00 [PHASE3B] [RUN] [2.2] RECONCILE_PARTS / PART_ROWS 45,000/64,347 ( 69.9%) batch=10
2026-08-24T23:41:13.8663184-05:00 [PHASE3B] [OK ] [2.2] PART_ROWS: 50,000/64,347 (77.7%) batches=10 elapsed=0.10s
2026-08-24T23:41:13.8683172-05:00 [PHASE3B] [RUN] [2.2] RECONCILE_PARTS / PART_ROWS 50,000/64,347 ( 77.7%) batch=11
2026-08-24T23:41:13.9713177-05:00 [PHASE3B] [OK ] [2.2] PART_ROWS: 55,000/64,347 (85.5%) batches=11 elapsed=0.10s
2026-08-24T23:41:13.9723204-05:00 [PHASE3B] [RUN] [2.2] RECONCILE_PARTS / PART_ROWS 55,000/64,347 ( 85.5%) batch=12
2026-08-24T23:41:14.0803171-05:00 [PHASE3B] [OK ] [2.2] PART_ROWS: 60,000/64,347 (93.2%) batches=12 elapsed=0.11s
2026-08-24T23:41:14.0823173-05:00 [PHASE3B] [RUN] [2.2] RECONCILE_PARTS / PART_ROWS 60,000/64,347 ( 93.2%) batch=13
2026-08-24T23:41:14.2042140-05:00 [PHASE3B] [OK ] [2.2] PART_ROWS: 64,347/64,347 (100.0%) batches=13 elapsed=0.12s
2026-08-24T23:41:14.2062144-05:00 [PHASE3B] 
2026-08-24T23:41:14.2072144-05:00 [PHASE3B] -------------------------------------------------------------------------------
2026-08-24T23:41:14.2072144-05:00 [PHASE3B]  Durable Phase 3B checkpoint status
2026-08-24T23:41:14.2082144-05:00 [PHASE3B] -------------------------------------------------------------------------------
2026-08-24T23:41:14.2092148-05:00 [PHASE3B] 
2026-08-24T23:41:14.2102144-05:00 [PHASE3B] [1/6] VALIDATE_SOURCE_RUN
2026-08-24T23:41:14.2102144-05:00 [PHASE3B]       [1.1] RUN_CONTRACT             COMPLETED         1 / 1         100.0%  batches=1
2026-08-24T23:41:14.2112163-05:00 [PHASE3B]       [1.2] STAGED_COUNTS            COMPLETED         1 / 1         100.0%  batches=1
2026-08-24T23:41:14.2122145-05:00 [PHASE3B]       [1.3] REFERENCE_LINKS          COMPLETED         1 / 1         100.0%  batches=1
2026-08-24T23:41:14.2132164-05:00 [PHASE3B] 
2026-08-24T23:41:14.2132164-05:00 [PHASE3B] [2/6] RECONCILE_PARTS
2026-08-24T23:41:14.2142159-05:00 [PHASE3B]       [2.1] CATALOG_IDENTITIES       COMPLETED    64,347 / 64,347    100.0%  batches=13
2026-08-24T23:41:14.2152148-05:00 [PHASE3B]       [2.2] PART_ROWS                COMPLETED    64,347 / 64,347    100.0%  batches=13
2026-08-24T23:41:14.2162142-05:00 [PHASE3B]       [2.3] SOURCE_VALUES            PENDING           0 / 64,347      0.0%  batches=0
2026-08-24T23:41:14.2162142-05:00 [PHASE3B] 
2026-08-24T23:41:14.2172147-05:00 [PHASE3B] [3/6] RECONCILE_SETS
2026-08-24T23:41:14.2182197-05:00 [PHASE3B]       [3.1] CATALOG_IDENTITIES       PENDING           0 / 28,117      0.0%  batches=0
2026-08-24T23:41:14.2192167-05:00 [PHASE3B]       [3.2] SET_ROWS                 PENDING           0 / 28,117      0.0%  batches=0
2026-08-24T23:41:14.2202165-05:00 [PHASE3B]       [3.3] SOURCE_VALUES            PENDING           0 / 28,117      0.0%  batches=0
2026-08-24T23:41:14.2202165-05:00 [PHASE3B] 
2026-08-24T23:41:14.2272155-05:00 [PHASE3B] [4/6] RECONCILE_MINIFIGURES
2026-08-24T23:41:14.2282140-05:00 [PHASE3B]       [4.1] CATALOG_IDENTITIES       PENDING           0 / 17,162      0.0%  batches=0
2026-08-24T23:41:14.2292170-05:00 [PHASE3B]       [4.2] MINIFIGURE_ROWS          PENDING           0 / 17,162      0.0%  batches=0
2026-08-24T23:41:14.2292170-05:00 [PHASE3B]       [4.3] SOURCE_VALUES            PENDING           0 / 17,162      0.0%  batches=0
2026-08-24T23:41:14.2302139-05:00 [PHASE3B] 
2026-08-24T23:41:14.2312154-05:00 [PHASE3B] [5/6] SOURCE_PRESENCE
2026-08-24T23:41:14.2322149-05:00 [PHASE3B]       [5.1] PARTS                    PENDING           0 / 1           0.0%  batches=0
2026-08-24T23:41:14.2332143-05:00 [PHASE3B]       [5.2] SETS                     PENDING           0 / 1           0.0%  batches=0
2026-08-24T23:41:14.2332143-05:00 [PHASE3B]       [5.3] MINIFIGURES              PENDING           0 / 1           0.0%  batches=0
2026-08-24T23:41:14.2342146-05:00 [PHASE3B] 
2026-08-24T23:41:14.2352143-05:00 [PHASE3B] [6/6] FINALIZE_SOURCE_RUN
2026-08-24T23:41:14.2352143-05:00 [PHASE3B]       [6.1] VERIFY_COUNTS            PENDING           0 / 1           0.0%  batches=0
2026-08-24T23:41:14.2362139-05:00 [PHASE3B]       [6.2] COMPLETE_RUN             PENDING           0 / 1           0.0%  batches=0
2026-08-24T23:41:14.2372154-05:00 [PHASE3B] 
2026-08-24T23:41:14.2382167-05:00 [PHASE3B] [RUN] [2.3] RECONCILE_PARTS / SOURCE_VALUES 0/64,347 (  0.0%) batch=1
2026-08-24T23:41:14.5882479-05:00 [PHASE3B] [OK ] [2.3] SOURCE_VALUES: 5,000/64,347 (7.8%) batches=1 elapsed=0.38s
2026-08-24T23:41:14.5892483-05:00 [PHASE3B] [RUN] [2.3] RECONCILE_PARTS / SOURCE_VALUES 5,000/64,347 (  7.8%) batch=2
2026-08-24T23:41:15.0161245-05:00 [PHASE3B] [OK ] [2.3] SOURCE_VALUES: 10,000/64,347 (15.5%) batches=2 elapsed=0.43s
2026-08-24T23:41:15.0171245-05:00 [PHASE3B] [RUN] [2.3] RECONCILE_PARTS / SOURCE_VALUES 10,000/64,347 ( 15.5%) batch=3
2026-08-24T23:41:15.4185372-05:00 [PHASE3B] [OK ] [2.3] SOURCE_VALUES: 15,000/64,347 (23.3%) batches=3 elapsed=0.40s
2026-08-24T23:41:15.4195409-05:00 [PHASE3B] [RUN] [2.3] RECONCILE_PARTS / SOURCE_VALUES 15,000/64,347 ( 23.3%) batch=4
2026-08-24T23:41:15.9763658-05:00 [PHASE3B] [OK ] [2.3] SOURCE_VALUES: 20,000/64,347 (31.1%) batches=4 elapsed=0.56s
2026-08-24T23:41:15.9783643-05:00 [PHASE3B] [RUN] [2.3] RECONCILE_PARTS / SOURCE_VALUES 20,000/64,347 ( 31.1%) batch=5
2026-08-24T23:41:16.3817761-05:00 [PHASE3B] [OK ] [2.3] SOURCE_VALUES: 25,000/64,347 (38.9%) batches=5 elapsed=0.41s
2026-08-24T23:41:16.3837745-05:00 [PHASE3B] [RUN] [2.3] RECONCILE_PARTS / SOURCE_VALUES 25,000/64,347 ( 38.9%) batch=6
2026-08-24T23:41:16.8248827-05:00 [PHASE3B] [OK ] [2.3] SOURCE_VALUES: 30,000/64,347 (46.6%) batches=6 elapsed=0.44s
2026-08-24T23:41:16.8258827-05:00 [PHASE3B] [RUN] [2.3] RECONCILE_PARTS / SOURCE_VALUES 30,000/64,347 ( 46.6%) batch=7
2026-08-24T23:41:17.4594842-05:00 [PHASE3B] [OK ] [2.3] SOURCE_VALUES: 35,000/64,347 (54.4%) batches=7 elapsed=0.63s
2026-08-24T23:41:17.4614836-05:00 [PHASE3B] [RUN] [2.3] RECONCILE_PARTS / SOURCE_VALUES 35,000/64,347 ( 54.4%) batch=8
2026-08-24T23:41:17.9347302-05:00 [PHASE3B] [OK ] [2.3] SOURCE_VALUES: 40,000/64,347 (62.2%) batches=8 elapsed=0.47s
2026-08-24T23:41:17.9357287-05:00 [PHASE3B] [RUN] [2.3] RECONCILE_PARTS / SOURCE_VALUES 40,000/64,347 ( 62.2%) batch=9
2026-08-24T23:41:18.5905429-05:00 [PHASE3B] [OK ] [2.3] SOURCE_VALUES: 45,000/64,347 (69.9%) batches=9 elapsed=0.66s
2026-08-24T23:41:18.5925433-05:00 [PHASE3B] [RUN] [2.3] RECONCILE_PARTS / SOURCE_VALUES 45,000/64,347 ( 69.9%) batch=10
2026-08-24T23:41:19.0247707-05:00 [PHASE3B] [OK ] [2.3] SOURCE_VALUES: 50,000/64,347 (77.7%) batches=10 elapsed=0.43s
2026-08-24T23:41:19.0267700-05:00 [PHASE3B] [RUN] [2.3] RECONCILE_PARTS / SOURCE_VALUES 50,000/64,347 ( 77.7%) batch=11
2026-08-24T23:41:19.6331304-05:00 [PHASE3B] [OK ] [2.3] SOURCE_VALUES: 55,000/64,347 (85.5%) batches=11 elapsed=0.61s
2026-08-24T23:41:19.6341312-05:00 [PHASE3B] [RUN] [2.3] RECONCILE_PARTS / SOURCE_VALUES 55,000/64,347 ( 85.5%) batch=12
2026-08-24T23:41:20.1634483-05:00 [PHASE3B] [OK ] [2.3] SOURCE_VALUES: 60,000/64,347 (93.2%) batches=12 elapsed=0.53s
2026-08-24T23:41:20.1654476-05:00 [PHASE3B] [RUN] [2.3] RECONCILE_PARTS / SOURCE_VALUES 60,000/64,347 ( 93.2%) batch=13
2026-08-24T23:41:20.6259628-05:00 [PHASE3B] [OK ] [2.3] SOURCE_VALUES: 64,347/64,347 (100.0%) batches=13 elapsed=0.46s
2026-08-24T23:41:20.6269619-05:00 [PHASE3B] 
2026-08-24T23:41:20.6279613-05:00 [PHASE3B] -------------------------------------------------------------------------------
2026-08-24T23:41:20.6279613-05:00 [PHASE3B]  Durable Phase 3B checkpoint status
2026-08-24T23:41:20.6289612-05:00 [PHASE3B] -------------------------------------------------------------------------------
2026-08-24T23:41:20.6299612-05:00 [PHASE3B] 
2026-08-24T23:41:20.6309631-05:00 [PHASE3B] [1/6] VALIDATE_SOURCE_RUN
2026-08-24T23:41:20.6309631-05:00 [PHASE3B]       [1.1] RUN_CONTRACT             COMPLETED         1 / 1         100.0%  batches=1
2026-08-24T23:41:20.6319612-05:00 [PHASE3B]       [1.2] STAGED_COUNTS            COMPLETED         1 / 1         100.0%  batches=1
2026-08-24T23:41:20.6329626-05:00 [PHASE3B]       [1.3] REFERENCE_LINKS          COMPLETED         1 / 1         100.0%  batches=1
2026-08-24T23:41:20.6339618-05:00 [PHASE3B] 
2026-08-24T23:41:20.6339618-05:00 [PHASE3B] [2/6] RECONCILE_PARTS
2026-08-24T23:41:20.6349611-05:00 [PHASE3B]       [2.1] CATALOG_IDENTITIES       COMPLETED    64,347 / 64,347    100.0%  batches=13
2026-08-24T23:41:20.6359615-05:00 [PHASE3B]       [2.2] PART_ROWS                COMPLETED    64,347 / 64,347    100.0%  batches=13
2026-08-24T23:41:20.6369633-05:00 [PHASE3B]       [2.3] SOURCE_VALUES            COMPLETED    64,347 / 64,347    100.0%  batches=13
2026-08-24T23:41:20.6369633-05:00 [PHASE3B] 
2026-08-24T23:41:20.6379613-05:00 [PHASE3B] [3/6] RECONCILE_SETS
2026-08-24T23:41:20.6389614-05:00 [PHASE3B]       [3.1] CATALOG_IDENTITIES       PENDING           0 / 28,117      0.0%  batches=0
2026-08-24T23:41:20.6399612-05:00 [PHASE3B]       [3.2] SET_ROWS                 PENDING           0 / 28,117      0.0%  batches=0
2026-08-24T23:41:20.6409612-05:00 [PHASE3B]       [3.3] SOURCE_VALUES            PENDING           0 / 28,117      0.0%  batches=0
2026-08-24T23:41:20.6409612-05:00 [PHASE3B] 
2026-08-24T23:41:20.6419612-05:00 [PHASE3B] [4/6] RECONCILE_MINIFIGURES
2026-08-24T23:41:20.6429646-05:00 [PHASE3B]       [4.1] CATALOG_IDENTITIES       PENDING           0 / 17,162      0.0%  batches=0
2026-08-24T23:41:20.6439613-05:00 [PHASE3B]       [4.2] MINIFIGURE_ROWS          PENDING           0 / 17,162      0.0%  batches=0
2026-08-24T23:41:20.6439613-05:00 [PHASE3B]       [4.3] SOURCE_VALUES            PENDING           0 / 17,162      0.0%  batches=0
2026-08-24T23:41:20.6449614-05:00 [PHASE3B] 
2026-08-24T23:41:20.6459613-05:00 [PHASE3B] [5/6] SOURCE_PRESENCE
2026-08-24T23:41:20.6469613-05:00 [PHASE3B]       [5.1] PARTS                    PENDING           0 / 1           0.0%  batches=0
2026-08-24T23:41:20.6469613-05:00 [PHASE3B]       [5.2] SETS                     PENDING           0 / 1           0.0%  batches=0
2026-08-24T23:41:20.6479624-05:00 [PHASE3B]       [5.3] MINIFIGURES              PENDING           0 / 1           0.0%  batches=0
2026-08-24T23:41:20.6489642-05:00 [PHASE3B] 
2026-08-24T23:41:20.6499611-05:00 [PHASE3B] [6/6] FINALIZE_SOURCE_RUN
2026-08-24T23:41:20.6499611-05:00 [PHASE3B]       [6.1] VERIFY_COUNTS            PENDING           0 / 1           0.0%  batches=0
2026-08-24T23:41:20.6509616-05:00 [PHASE3B]       [6.2] COMPLETE_RUN             PENDING           0 / 1           0.0%  batches=0
2026-08-24T23:41:20.6519614-05:00 [PHASE3B] 
2026-08-24T23:41:20.6529631-05:00 [PHASE3B] [RUN] [3.1] RECONCILE_SETS / CATALOG_IDENTITIES 0/28,117 (  0.0%) batch=1
2026-08-24T23:41:23.2810361-05:00 [PHASE3B] [OK ] [3.1] CATALOG_IDENTITIES: 5,000/28,117 (17.8%) batches=1 elapsed=2.65s
2026-08-24T23:41:23.2820347-05:00 [PHASE3B] [RUN] [3.1] RECONCILE_SETS / CATALOG_IDENTITIES 5,000/28,117 ( 17.8%) batch=2
2026-08-24T23:41:24.6648219-05:00 [PHASE3B] [OK ] [3.1] CATALOG_IDENTITIES: 10,000/28,117 (35.6%) batches=2 elapsed=1.38s
2026-08-24T23:41:24.6658215-05:00 [PHASE3B] [RUN] [3.1] RECONCILE_SETS / CATALOG_IDENTITIES 10,000/28,117 ( 35.6%) batch=3
2026-08-24T23:41:26.6065221-05:00 [PHASE3B] [OK ] [3.1] CATALOG_IDENTITIES: 15,000/28,117 (53.3%) batches=3 elapsed=1.94s
2026-08-24T23:41:26.6075242-05:00 [PHASE3B] [RUN] [3.1] RECONCILE_SETS / CATALOG_IDENTITIES 15,000/28,117 ( 53.3%) batch=4
2026-08-24T23:41:28.2286182-05:00 [PHASE3B] [OK ] [3.1] CATALOG_IDENTITIES: 20,000/28,117 (71.1%) batches=4 elapsed=1.62s
2026-08-24T23:41:28.2306144-05:00 [PHASE3B] [RUN] [3.1] RECONCILE_SETS / CATALOG_IDENTITIES 20,000/28,117 ( 71.1%) batch=5
2026-08-24T23:41:29.7644689-05:00 [PHASE3B] [OK ] [3.1] CATALOG_IDENTITIES: 25,000/28,117 (88.9%) batches=5 elapsed=1.54s
2026-08-24T23:41:29.7654690-05:00 [PHASE3B] [RUN] [3.1] RECONCILE_SETS / CATALOG_IDENTITIES 25,000/28,117 ( 88.9%) batch=6
2026-08-24T23:41:30.7136692-05:00 [PHASE3B] [OK ] [3.1] CATALOG_IDENTITIES: 28,117/28,117 (100.0%) batches=6 elapsed=0.95s
2026-08-24T23:41:30.7146689-05:00 [PHASE3B] 
2026-08-24T23:41:30.7156711-05:00 [PHASE3B] -------------------------------------------------------------------------------
2026-08-24T23:41:30.7166708-05:00 [PHASE3B]  Durable Phase 3B checkpoint status
2026-08-24T23:41:30.7176695-05:00 [PHASE3B] -------------------------------------------------------------------------------
2026-08-24T23:41:30.7186691-05:00 [PHASE3B] 
2026-08-24T23:41:30.7186691-05:00 [PHASE3B] [1/6] VALIDATE_SOURCE_RUN
2026-08-24T23:41:30.7196683-05:00 [PHASE3B]       [1.1] RUN_CONTRACT             COMPLETED         1 / 1         100.0%  batches=1
2026-08-24T23:41:30.7206690-05:00 [PHASE3B]       [1.2] STAGED_COUNTS            COMPLETED         1 / 1         100.0%  batches=1
2026-08-24T23:41:30.7216727-05:00 [PHASE3B]       [1.3] REFERENCE_LINKS          COMPLETED         1 / 1         100.0%  batches=1
2026-08-24T23:41:30.7226696-05:00 [PHASE3B] 
2026-08-24T23:41:30.7236686-05:00 [PHASE3B] [2/6] RECONCILE_PARTS
2026-08-24T23:41:30.7236686-05:00 [PHASE3B]       [2.1] CATALOG_IDENTITIES       COMPLETED    64,347 / 64,347    100.0%  batches=13
2026-08-24T23:41:30.7246694-05:00 [PHASE3B]       [2.2] PART_ROWS                COMPLETED    64,347 / 64,347    100.0%  batches=13
2026-08-24T23:41:30.7256690-05:00 [PHASE3B]       [2.3] SOURCE_VALUES            COMPLETED    64,347 / 64,347    100.0%  batches=13
2026-08-24T23:41:30.7266694-05:00 [PHASE3B] 
2026-08-24T23:41:30.7276690-05:00 [PHASE3B] [3/6] RECONCILE_SETS
2026-08-24T23:41:30.7276690-05:00 [PHASE3B]       [3.1] CATALOG_IDENTITIES       COMPLETED    28,117 / 28,117    100.0%  batches=6
2026-08-24T23:41:30.7286717-05:00 [PHASE3B]       [3.2] SET_ROWS                 PENDING           0 / 28,117      0.0%  batches=0
2026-08-24T23:41:30.7296716-05:00 [PHASE3B]       [3.3] SOURCE_VALUES            PENDING           0 / 28,117      0.0%  batches=0
2026-08-24T23:41:30.7306699-05:00 [PHASE3B] 
2026-08-24T23:41:30.7316717-05:00 [PHASE3B] [4/6] RECONCILE_MINIFIGURES
2026-08-24T23:41:30.7326718-05:00 [PHASE3B]       [4.1] CATALOG_IDENTITIES       PENDING           0 / 17,162      0.0%  batches=0
2026-08-24T23:41:30.7336686-05:00 [PHASE3B]       [4.2] MINIFIGURE_ROWS          PENDING           0 / 17,162      0.0%  batches=0
2026-08-24T23:41:30.7346687-05:00 [PHASE3B]       [4.3] SOURCE_VALUES            PENDING           0 / 17,162      0.0%  batches=0
2026-08-24T23:41:30.7346687-05:00 [PHASE3B] 
2026-08-24T23:41:30.7356689-05:00 [PHASE3B] [5/6] SOURCE_PRESENCE
2026-08-24T23:41:30.7366707-05:00 [PHASE3B]       [5.1] PARTS                    PENDING           0 / 1           0.0%  batches=0
2026-08-24T23:41:30.7376736-05:00 [PHASE3B]       [5.2] SETS                     PENDING           0 / 1           0.0%  batches=0
2026-08-24T23:41:30.7386706-05:00 [PHASE3B]       [5.3] MINIFIGURES              PENDING           0 / 1           0.0%  batches=0
2026-08-24T23:41:30.7386706-05:00 [PHASE3B] 
2026-08-24T23:41:30.7396716-05:00 [PHASE3B] [6/6] FINALIZE_SOURCE_RUN
2026-08-24T23:41:30.7406718-05:00 [PHASE3B]       [6.1] VERIFY_COUNTS            PENDING           0 / 1           0.0%  batches=0
2026-08-24T23:41:30.7416697-05:00 [PHASE3B]       [6.2] COMPLETE_RUN             PENDING           0 / 1           0.0%  batches=0
2026-08-24T23:41:30.7426700-05:00 [PHASE3B] 
2026-08-24T23:41:30.7436699-05:00 [PHASE3B] [RUN] [3.2] RECONCILE_SETS / SET_ROWS 0/28,117 (  0.0%) batch=1
2026-08-24T23:41:30.8456698-05:00 [PHASE3B] [OK ] [3.2] SET_ROWS: 5,000/28,117 (17.8%) batches=1 elapsed=0.13s
2026-08-24T23:41:30.8466683-05:00 [PHASE3B] [RUN] [3.2] RECONCILE_SETS / SET_ROWS 5,000/28,117 ( 17.8%) batch=2
2026-08-24T23:41:30.9631550-05:00 [PHASE3B] [OK ] [3.2] SET_ROWS: 10,000/28,117 (35.6%) batches=2 elapsed=0.12s
2026-08-24T23:41:30.9641549-05:00 [PHASE3B] [RUN] [3.2] RECONCILE_SETS / SET_ROWS 10,000/28,117 ( 35.6%) batch=3
2026-08-24T23:41:31.0771561-05:00 [PHASE3B] [OK ] [3.2] SET_ROWS: 15,000/28,117 (53.3%) batches=3 elapsed=0.11s
2026-08-24T23:41:31.0781559-05:00 [PHASE3B] [RUN] [3.2] RECONCILE_SETS / SET_ROWS 15,000/28,117 ( 53.3%) batch=4
2026-08-24T23:41:31.1871565-05:00 [PHASE3B] [OK ] [3.2] SET_ROWS: 20,000/28,117 (71.1%) batches=4 elapsed=0.11s
2026-08-24T23:41:31.1881558-05:00 [PHASE3B] [RUN] [3.2] RECONCILE_SETS / SET_ROWS 20,000/28,117 ( 71.1%) batch=5
2026-08-24T23:41:31.2971550-05:00 [PHASE3B] [OK ] [3.2] SET_ROWS: 25,000/28,117 (88.9%) batches=5 elapsed=0.11s
2026-08-24T23:41:31.2991554-05:00 [PHASE3B] [RUN] [3.2] RECONCILE_SETS / SET_ROWS 25,000/28,117 ( 88.9%) batch=6
2026-08-24T23:41:31.3641602-05:00 [PHASE3B] [OK ] [3.2] SET_ROWS: 28,117/28,117 (100.0%) batches=6 elapsed=0.07s
2026-08-24T23:41:31.3651571-05:00 [PHASE3B] 
2026-08-24T23:41:31.3661553-05:00 [PHASE3B] -------------------------------------------------------------------------------
2026-08-24T23:41:31.3671595-05:00 [PHASE3B]  Durable Phase 3B checkpoint status
2026-08-24T23:41:31.3681556-05:00 [PHASE3B] -------------------------------------------------------------------------------
2026-08-24T23:41:31.3681556-05:00 [PHASE3B] 
2026-08-24T23:41:31.3691570-05:00 [PHASE3B] [1/6] VALIDATE_SOURCE_RUN
2026-08-24T23:41:31.3701573-05:00 [PHASE3B]       [1.1] RUN_CONTRACT             COMPLETED         1 / 1         100.0%  batches=1
2026-08-24T23:41:31.3711552-05:00 [PHASE3B]       [1.2] STAGED_COUNTS            COMPLETED         1 / 1         100.0%  batches=1
2026-08-24T23:41:31.3711552-05:00 [PHASE3B]       [1.3] REFERENCE_LINKS          COMPLETED         1 / 1         100.0%  batches=1
2026-08-24T23:41:31.3721569-05:00 [PHASE3B] 
2026-08-24T23:41:31.3731560-05:00 [PHASE3B] [2/6] RECONCILE_PARTS
2026-08-24T23:41:31.3731560-05:00 [PHASE3B]       [2.1] CATALOG_IDENTITIES       COMPLETED    64,347 / 64,347    100.0%  batches=13
2026-08-24T23:41:31.3741573-05:00 [PHASE3B]       [2.2] PART_ROWS                COMPLETED    64,347 / 64,347    100.0%  batches=13
2026-08-24T23:41:31.3751557-05:00 [PHASE3B]       [2.3] SOURCE_VALUES            COMPLETED    64,347 / 64,347    100.0%  batches=13
2026-08-24T23:41:31.3761597-05:00 [PHASE3B] 
2026-08-24T23:41:31.3761597-05:00 [PHASE3B] [3/6] RECONCILE_SETS
2026-08-24T23:41:31.3771567-05:00 [PHASE3B]       [3.1] CATALOG_IDENTITIES       COMPLETED    28,117 / 28,117    100.0%  batches=6
2026-08-24T23:41:31.3781553-05:00 [PHASE3B]       [3.2] SET_ROWS                 COMPLETED    28,117 / 28,117    100.0%  batches=6
2026-08-24T23:41:31.3781553-05:00 [PHASE3B]       [3.3] SOURCE_VALUES            PENDING           0 / 28,117      0.0%  batches=0
2026-08-24T23:41:31.3791549-05:00 [PHASE3B] 
2026-08-24T23:41:31.3801559-05:00 [PHASE3B] [4/6] RECONCILE_MINIFIGURES
2026-08-24T23:41:31.3811555-05:00 [PHASE3B]       [4.1] CATALOG_IDENTITIES       PENDING           0 / 17,162      0.0%  batches=0
2026-08-24T23:41:31.3811555-05:00 [PHASE3B]       [4.2] MINIFIGURE_ROWS          PENDING           0 / 17,162      0.0%  batches=0
2026-08-24T23:41:31.3831555-05:00 [PHASE3B]       [4.3] SOURCE_VALUES            PENDING           0 / 17,162      0.0%  batches=0
2026-08-24T23:41:31.3831555-05:00 [PHASE3B] 
2026-08-24T23:41:31.3841552-05:00 [PHASE3B] [5/6] SOURCE_PRESENCE
2026-08-24T23:41:31.3851558-05:00 [PHASE3B]       [5.1] PARTS                    PENDING           0 / 1           0.0%  batches=0
2026-08-24T23:41:31.3861572-05:00 [PHASE3B]       [5.2] SETS                     PENDING           0 / 1           0.0%  batches=0
2026-08-24T23:41:31.3861572-05:00 [PHASE3B]       [5.3] MINIFIGURES              PENDING           0 / 1           0.0%  batches=0
2026-08-24T23:41:31.3871574-05:00 [PHASE3B] 
2026-08-24T23:41:31.3881576-05:00 [PHASE3B] [6/6] FINALIZE_SOURCE_RUN
2026-08-24T23:41:31.3881576-05:00 [PHASE3B]       [6.1] VERIFY_COUNTS            PENDING           0 / 1           0.0%  batches=0
2026-08-24T23:41:31.3891556-05:00 [PHASE3B]       [6.2] COMPLETE_RUN             PENDING           0 / 1           0.0%  batches=0
2026-08-24T23:41:31.3901560-05:00 [PHASE3B] 
2026-08-24T23:41:31.3911572-05:00 [PHASE3B] [RUN] [3.3] RECONCILE_SETS / SOURCE_VALUES 0/28,117 (  0.0%) batch=1
2026-08-24T23:41:32.0804251-05:00 [PHASE3B] [OK ] [3.3] SOURCE_VALUES: 5,000/28,117 (17.8%) batches=1 elapsed=0.72s
2026-08-24T23:41:32.0824250-05:00 [PHASE3B] [RUN] [3.3] RECONCILE_SETS / SOURCE_VALUES 5,000/28,117 ( 17.8%) batch=2
2026-08-24T23:41:32.9750454-05:00 [PHASE3B] [OK ] [3.3] SOURCE_VALUES: 10,000/28,117 (35.6%) batches=2 elapsed=0.89s
2026-08-24T23:41:32.9760454-05:00 [PHASE3B] [RUN] [3.3] RECONCILE_SETS / SOURCE_VALUES 10,000/28,117 ( 35.6%) batch=3
2026-08-24T23:41:33.8699364-05:00 [PHASE3B] [OK ] [3.3] SOURCE_VALUES: 15,000/28,117 (53.3%) batches=3 elapsed=0.89s
2026-08-24T23:41:33.8719359-05:00 [PHASE3B] [RUN] [3.3] RECONCILE_SETS / SOURCE_VALUES 15,000/28,117 ( 53.3%) batch=4
2026-08-24T23:41:34.6814869-05:00 [PHASE3B] [OK ] [3.3] SOURCE_VALUES: 20,000/28,117 (71.1%) batches=4 elapsed=0.81s
2026-08-24T23:41:34.6834875-05:00 [PHASE3B] [RUN] [3.3] RECONCILE_SETS / SOURCE_VALUES 20,000/28,117 ( 71.1%) batch=5
2026-08-24T23:41:35.8274337-05:00 [PHASE3B] [OK ] [3.3] SOURCE_VALUES: 25,000/28,117 (88.9%) batches=5 elapsed=1.15s
2026-08-24T23:41:35.8284333-05:00 [PHASE3B] [RUN] [3.3] RECONCILE_SETS / SOURCE_VALUES 25,000/28,117 ( 88.9%) batch=6
2026-08-24T23:41:36.5123300-05:00 [PHASE3B] [OK ] [3.3] SOURCE_VALUES: 28,117/28,117 (100.0%) batches=6 elapsed=0.68s
2026-08-24T23:41:36.5133298-05:00 [PHASE3B] 
2026-08-24T23:41:36.5143292-05:00 [PHASE3B] -------------------------------------------------------------------------------
2026-08-24T23:41:36.5153294-05:00 [PHASE3B]  Durable Phase 3B checkpoint status
2026-08-24T23:41:36.5153294-05:00 [PHASE3B] -------------------------------------------------------------------------------
2026-08-24T23:41:36.5163306-05:00 [PHASE3B] 
2026-08-24T23:41:36.5173300-05:00 [PHASE3B] [1/6] VALIDATE_SOURCE_RUN
2026-08-24T23:41:36.5183295-05:00 [PHASE3B]       [1.1] RUN_CONTRACT             COMPLETED         1 / 1         100.0%  batches=1
2026-08-24T23:41:36.5183295-05:00 [PHASE3B]       [1.2] STAGED_COUNTS            COMPLETED         1 / 1         100.0%  batches=1
2026-08-24T23:41:36.5193301-05:00 [PHASE3B]       [1.3] REFERENCE_LINKS          COMPLETED         1 / 1         100.0%  batches=1
2026-08-24T23:41:36.5203300-05:00 [PHASE3B] 
2026-08-24T23:41:36.5213292-05:00 [PHASE3B] [2/6] RECONCILE_PARTS
2026-08-24T23:41:36.5213292-05:00 [PHASE3B]       [2.1] CATALOG_IDENTITIES       COMPLETED    64,347 / 64,347    100.0%  batches=13
2026-08-24T23:41:36.5223299-05:00 [PHASE3B]       [2.2] PART_ROWS                COMPLETED    64,347 / 64,347    100.0%  batches=13
2026-08-24T23:41:36.5233291-05:00 [PHASE3B]       [2.3] SOURCE_VALUES            COMPLETED    64,347 / 64,347    100.0%  batches=13
2026-08-24T23:41:36.5243293-05:00 [PHASE3B] 
2026-08-24T23:41:36.5243293-05:00 [PHASE3B] [3/6] RECONCILE_SETS
2026-08-24T23:41:36.5253303-05:00 [PHASE3B]       [3.1] CATALOG_IDENTITIES       COMPLETED    28,117 / 28,117    100.0%  batches=6
2026-08-24T23:41:36.5263295-05:00 [PHASE3B]       [3.2] SET_ROWS                 COMPLETED    28,117 / 28,117    100.0%  batches=6
2026-08-24T23:41:36.5263295-05:00 [PHASE3B]       [3.3] SOURCE_VALUES            COMPLETED    28,117 / 28,117    100.0%  batches=6
2026-08-24T23:41:36.5273304-05:00 [PHASE3B] 
2026-08-24T23:41:36.5283302-05:00 [PHASE3B] [4/6] RECONCILE_MINIFIGURES
2026-08-24T23:41:36.5293330-05:00 [PHASE3B]       [4.1] CATALOG_IDENTITIES       PENDING           0 / 17,162      0.0%  batches=0
2026-08-24T23:41:36.5303301-05:00 [PHASE3B]       [4.2] MINIFIGURE_ROWS          PENDING           0 / 17,162      0.0%  batches=0
2026-08-24T23:41:36.5303301-05:00 [PHASE3B]       [4.3] SOURCE_VALUES            PENDING           0 / 17,162      0.0%  batches=0
2026-08-24T23:41:36.5313307-05:00 [PHASE3B] 
2026-08-24T23:41:36.5323302-05:00 [PHASE3B] [5/6] SOURCE_PRESENCE
2026-08-24T23:41:36.5333297-05:00 [PHASE3B]       [5.1] PARTS                    PENDING           0 / 1           0.0%  batches=0
2026-08-24T23:41:36.5333297-05:00 [PHASE3B]       [5.2] SETS                     PENDING           0 / 1           0.0%  batches=0
2026-08-24T23:41:36.5343296-05:00 [PHASE3B]       [5.3] MINIFIGURES              PENDING           0 / 1           0.0%  batches=0
2026-08-24T23:41:36.5353322-05:00 [PHASE3B] 
2026-08-24T23:41:36.5363295-05:00 [PHASE3B] [6/6] FINALIZE_SOURCE_RUN
2026-08-24T23:41:36.5363295-05:00 [PHASE3B]       [6.1] VERIFY_COUNTS            PENDING           0 / 1           0.0%  batches=0
2026-08-24T23:41:36.5373312-05:00 [PHASE3B]       [6.2] COMPLETE_RUN             PENDING           0 / 1           0.0%  batches=0
2026-08-24T23:41:36.5383303-05:00 [PHASE3B] 
2026-08-24T23:41:36.5393296-05:00 [PHASE3B] [RUN] [4.1] RECONCILE_MINIFIGURES / CATALOG_IDENTITIES 0/17,162 (  0.0%) batch=1
2026-08-24T23:41:38.7724795-05:00 [PHASE3B] [OK ] [4.1] CATALOG_IDENTITIES: 5,000/17,162 (29.1%) batches=1 elapsed=2.26s
2026-08-24T23:41:38.7744745-05:00 [PHASE3B] [RUN] [4.1] RECONCILE_MINIFIGURES / CATALOG_IDENTITIES 5,000/17,162 ( 29.1%) batch=2
2026-08-24T23:41:40.7469166-05:00 [PHASE3B] [OK ] [4.1] CATALOG_IDENTITIES: 10,000/17,162 (58.3%) batches=2 elapsed=1.97s
2026-08-24T23:41:40.7479151-05:00 [PHASE3B] [RUN] [4.1] RECONCILE_MINIFIGURES / CATALOG_IDENTITIES 10,000/17,162 ( 58.3%) batch=3
2026-08-24T23:41:42.8108623-05:00 [PHASE3B] [OK ] [4.1] CATALOG_IDENTITIES: 15,000/17,162 (87.4%) batches=3 elapsed=2.06s
2026-08-24T23:41:42.8118652-05:00 [PHASE3B] [RUN] [4.1] RECONCILE_MINIFIGURES / CATALOG_IDENTITIES 15,000/17,162 ( 87.4%) batch=4
2026-08-24T23:41:43.5553870-05:00 [PHASE3B] [OK ] [4.1] CATALOG_IDENTITIES: 17,162/17,162 (100.0%) batches=4 elapsed=0.74s
2026-08-24T23:41:43.5563872-05:00 [PHASE3B] 
2026-08-24T23:41:43.5573868-05:00 [PHASE3B] -------------------------------------------------------------------------------
2026-08-24T23:41:43.5573868-05:00 [PHASE3B]  Durable Phase 3B checkpoint status
2026-08-24T23:41:43.5593889-05:00 [PHASE3B] -------------------------------------------------------------------------------
2026-08-24T23:41:43.5603875-05:00 [PHASE3B] 
2026-08-24T23:41:43.5623875-05:00 [PHASE3B] [1/6] VALIDATE_SOURCE_RUN
2026-08-24T23:41:43.5633875-05:00 [PHASE3B]       [1.1] RUN_CONTRACT             COMPLETED         1 / 1         100.0%  batches=1
2026-08-24T23:41:43.5643871-05:00 [PHASE3B]       [1.2] STAGED_COUNTS            COMPLETED         1 / 1         100.0%  batches=1
2026-08-24T23:41:43.5643871-05:00 [PHASE3B]       [1.3] REFERENCE_LINKS          COMPLETED         1 / 1         100.0%  batches=1
2026-08-24T23:41:43.5653896-05:00 [PHASE3B] 
2026-08-24T23:41:43.5663900-05:00 [PHASE3B] [2/6] RECONCILE_PARTS
2026-08-24T23:41:43.5673864-05:00 [PHASE3B]       [2.1] CATALOG_IDENTITIES       COMPLETED    64,347 / 64,347    100.0%  batches=13
2026-08-24T23:41:43.5683896-05:00 [PHASE3B]       [2.2] PART_ROWS                COMPLETED    64,347 / 64,347    100.0%  batches=13
2026-08-24T23:41:43.5693861-05:00 [PHASE3B]       [2.3] SOURCE_VALUES            COMPLETED    64,347 / 64,347    100.0%  batches=13
2026-08-24T23:41:43.5703867-05:00 [PHASE3B] 
2026-08-24T23:41:43.5703867-05:00 [PHASE3B] [3/6] RECONCILE_SETS
2026-08-24T23:41:43.5713865-05:00 [PHASE3B]       [3.1] CATALOG_IDENTITIES       COMPLETED    28,117 / 28,117    100.0%  batches=6
2026-08-24T23:41:43.5723868-05:00 [PHASE3B]       [3.2] SET_ROWS                 COMPLETED    28,117 / 28,117    100.0%  batches=6
2026-08-24T23:41:43.5723868-05:00 [PHASE3B]       [3.3] SOURCE_VALUES            COMPLETED    28,117 / 28,117    100.0%  batches=6
2026-08-24T23:41:43.5733865-05:00 [PHASE3B] 
2026-08-24T23:41:43.5743893-05:00 [PHASE3B] [4/6] RECONCILE_MINIFIGURES
2026-08-24T23:41:43.5753868-05:00 [PHASE3B]       [4.1] CATALOG_IDENTITIES       COMPLETED    17,162 / 17,162    100.0%  batches=4
2026-08-24T23:41:43.5763881-05:00 [PHASE3B]       [4.2] MINIFIGURE_ROWS          PENDING           0 / 17,162      0.0%  batches=0
2026-08-24T23:41:43.5763881-05:00 [PHASE3B]       [4.3] SOURCE_VALUES            PENDING           0 / 17,162      0.0%  batches=0
2026-08-24T23:41:43.5773867-05:00 [PHASE3B] 
2026-08-24T23:41:43.5783863-05:00 [PHASE3B] [5/6] SOURCE_PRESENCE
2026-08-24T23:41:43.5783863-05:00 [PHASE3B]       [5.1] PARTS                    PENDING           0 / 1           0.0%  batches=0
2026-08-24T23:41:43.5793890-05:00 [PHASE3B]       [5.2] SETS                     PENDING           0 / 1           0.0%  batches=0
2026-08-24T23:41:43.5803868-05:00 [PHASE3B]       [5.3] MINIFIGURES              PENDING           0 / 1           0.0%  batches=0
2026-08-24T23:41:43.5803868-05:00 [PHASE3B] 
2026-08-24T23:41:43.5813890-05:00 [PHASE3B] [6/6] FINALIZE_SOURCE_RUN
2026-08-24T23:41:43.5823858-05:00 [PHASE3B]       [6.1] VERIFY_COUNTS            PENDING           0 / 1           0.0%  batches=0
2026-08-24T23:41:43.5823858-05:00 [PHASE3B]       [6.2] COMPLETE_RUN             PENDING           0 / 1           0.0%  batches=0
2026-08-24T23:41:43.5833863-05:00 [PHASE3B] 
2026-08-24T23:41:43.5843864-05:00 [PHASE3B] [RUN] [4.2] RECONCILE_MINIFIGURES / MINIFIGURE_ROWS 0/17,162 (  0.0%) batch=1
2026-08-24T23:41:43.8545411-05:00 [PHASE3B] [OK ] [4.2] MINIFIGURE_ROWS: 5,000/17,162 (29.1%) batches=1 elapsed=0.30s
2026-08-24T23:41:43.8555429-05:00 [PHASE3B] [RUN] [4.2] RECONCILE_MINIFIGURES / MINIFIGURE_ROWS 5,000/17,162 ( 29.1%) batch=2
2026-08-24T23:41:43.9445415-05:00 [PHASE3B] [OK ] [4.2] MINIFIGURE_ROWS: 10,000/17,162 (58.3%) batches=2 elapsed=0.09s
2026-08-24T23:41:43.9455413-05:00 [PHASE3B] [RUN] [4.2] RECONCILE_MINIFIGURES / MINIFIGURE_ROWS 10,000/17,162 ( 58.3%) batch=3
2026-08-24T23:41:44.0275426-05:00 [PHASE3B] [OK ] [4.2] MINIFIGURE_ROWS: 15,000/17,162 (87.4%) batches=3 elapsed=0.08s
2026-08-24T23:41:44.0285434-05:00 [PHASE3B] [RUN] [4.2] RECONCILE_MINIFIGURES / MINIFIGURE_ROWS 15,000/17,162 ( 87.4%) batch=4
2026-08-24T23:41:44.0735417-05:00 [PHASE3B] [OK ] [4.2] MINIFIGURE_ROWS: 17,162/17,162 (100.0%) batches=4 elapsed=0.05s
2026-08-24T23:41:44.0745416-05:00 [PHASE3B] 
2026-08-24T23:41:44.0755419-05:00 [PHASE3B] -------------------------------------------------------------------------------
2026-08-24T23:41:44.0765426-05:00 [PHASE3B]  Durable Phase 3B checkpoint status
2026-08-24T23:41:44.0775416-05:00 [PHASE3B] -------------------------------------------------------------------------------
2026-08-24T23:41:44.0775416-05:00 [PHASE3B] 
2026-08-24T23:41:44.0785419-05:00 [PHASE3B] [1/6] VALIDATE_SOURCE_RUN
2026-08-24T23:41:44.0795428-05:00 [PHASE3B]       [1.1] RUN_CONTRACT             COMPLETED         1 / 1         100.0%  batches=1
2026-08-24T23:41:44.0805419-05:00 [PHASE3B]       [1.2] STAGED_COUNTS            COMPLETED         1 / 1         100.0%  batches=1
2026-08-24T23:41:44.0805419-05:00 [PHASE3B]       [1.3] REFERENCE_LINKS          COMPLETED         1 / 1         100.0%  batches=1
2026-08-24T23:41:44.0815412-05:00 [PHASE3B] 
2026-08-24T23:41:44.0825412-05:00 [PHASE3B] [2/6] RECONCILE_PARTS
2026-08-24T23:41:44.0825412-05:00 [PHASE3B]       [2.1] CATALOG_IDENTITIES       COMPLETED    64,347 / 64,347    100.0%  batches=13
2026-08-24T23:41:44.0835411-05:00 [PHASE3B]       [2.2] PART_ROWS                COMPLETED    64,347 / 64,347    100.0%  batches=13
2026-08-24T23:41:44.0845414-05:00 [PHASE3B]       [2.3] SOURCE_VALUES            COMPLETED    64,347 / 64,347    100.0%  batches=13
2026-08-24T23:41:44.0845414-05:00 [PHASE3B] 
2026-08-24T23:41:44.0855410-05:00 [PHASE3B] [3/6] RECONCILE_SETS
2026-08-24T23:41:44.0865429-05:00 [PHASE3B]       [3.1] CATALOG_IDENTITIES       COMPLETED    28,117 / 28,117    100.0%  batches=6
2026-08-24T23:41:44.0875412-05:00 [PHASE3B]       [3.2] SET_ROWS                 COMPLETED    28,117 / 28,117    100.0%  batches=6
2026-08-24T23:41:44.0882315-05:00 [PHASE3B]       [3.3] SOURCE_VALUES            COMPLETED    28,117 / 28,117    100.0%  batches=6
2026-08-24T23:41:44.0887602-05:00 [PHASE3B] 
2026-08-24T23:41:44.0897640-05:00 [PHASE3B] [4/6] RECONCILE_MINIFIGURES
2026-08-24T23:41:44.0897640-05:00 [PHASE3B]       [4.1] CATALOG_IDENTITIES       COMPLETED    17,162 / 17,162    100.0%  batches=4
2026-08-24T23:41:44.0907658-05:00 [PHASE3B]       [4.2] MINIFIGURE_ROWS          COMPLETED    17,162 / 17,162    100.0%  batches=4
2026-08-24T23:41:44.0917649-05:00 [PHASE3B]       [4.3] SOURCE_VALUES            PENDING           0 / 17,162      0.0%  batches=0
2026-08-24T23:41:44.0917649-05:00 [PHASE3B] 
2026-08-24T23:41:44.0927640-05:00 [PHASE3B] [5/6] SOURCE_PRESENCE
2026-08-24T23:41:44.0937643-05:00 [PHASE3B]       [5.1] PARTS                    PENDING           0 / 1           0.0%  batches=0
2026-08-24T23:41:44.0937643-05:00 [PHASE3B]       [5.2] SETS                     PENDING           0 / 1           0.0%  batches=0
2026-08-24T23:41:44.0947643-05:00 [PHASE3B]       [5.3] MINIFIGURES              PENDING           0 / 1           0.0%  batches=0
2026-08-24T23:41:44.0957638-05:00 [PHASE3B] 
2026-08-24T23:41:44.0967644-05:00 [PHASE3B] [6/6] FINALIZE_SOURCE_RUN
2026-08-24T23:41:44.0967644-05:00 [PHASE3B]       [6.1] VERIFY_COUNTS            PENDING           0 / 1           0.0%  batches=0
2026-08-24T23:41:44.0977652-05:00 [PHASE3B]       [6.2] COMPLETE_RUN             PENDING           0 / 1           0.0%  batches=0
2026-08-24T23:41:44.0987639-05:00 [PHASE3B] 
2026-08-24T23:41:44.0987639-05:00 [PHASE3B] [RUN] [4.3] RECONCILE_MINIFIGURES / SOURCE_VALUES 0/17,162 (  0.0%) batch=1
2026-08-24T23:41:44.7326239-05:00 [PHASE3B] [OK ] [4.3] SOURCE_VALUES: 5,000/17,162 (29.1%) batches=1 elapsed=0.66s
2026-08-24T23:41:44.7346249-05:00 [PHASE3B] [RUN] [4.3] RECONCILE_MINIFIGURES / SOURCE_VALUES 5,000/17,162 ( 29.1%) batch=2
2026-08-24T23:41:45.6977048-05:00 [PHASE3B] [OK ] [4.3] SOURCE_VALUES: 10,000/17,162 (58.3%) batches=2 elapsed=0.96s
2026-08-24T23:41:45.6987048-05:00 [PHASE3B] [RUN] [4.3] RECONCILE_MINIFIGURES / SOURCE_VALUES 10,000/17,162 ( 58.3%) batch=3
2026-08-24T23:41:46.5424708-05:00 [PHASE3B] [OK ] [4.3] SOURCE_VALUES: 15,000/17,162 (87.4%) batches=3 elapsed=0.84s
2026-08-24T23:41:46.5434707-05:00 [PHASE3B] [RUN] [4.3] RECONCILE_MINIFIGURES / SOURCE_VALUES 15,000/17,162 ( 87.4%) batch=4
2026-08-24T23:41:46.7684860-05:00 [PHASE3B] [OK ] [4.3] SOURCE_VALUES: 17,162/17,162 (100.0%) batches=4 elapsed=0.23s
2026-08-24T23:41:46.7694857-05:00 [PHASE3B] 
2026-08-24T23:41:46.7704859-05:00 [PHASE3B] -------------------------------------------------------------------------------
2026-08-24T23:41:46.7714865-05:00 [PHASE3B]  Durable Phase 3B checkpoint status
2026-08-24T23:41:46.7724864-05:00 [PHASE3B] -------------------------------------------------------------------------------
2026-08-24T23:41:46.7734860-05:00 [PHASE3B] 
2026-08-24T23:41:46.7744860-05:00 [PHASE3B] [1/6] VALIDATE_SOURCE_RUN
2026-08-24T23:41:46.7744860-05:00 [PHASE3B]       [1.1] RUN_CONTRACT             COMPLETED         1 / 1         100.0%  batches=1
2026-08-24T23:41:46.7754861-05:00 [PHASE3B]       [1.2] STAGED_COUNTS            COMPLETED         1 / 1         100.0%  batches=1
2026-08-24T23:41:46.7764866-05:00 [PHASE3B]       [1.3] REFERENCE_LINKS          COMPLETED         1 / 1         100.0%  batches=1
2026-08-24T23:41:46.7764866-05:00 [PHASE3B] 
2026-08-24T23:41:46.7774860-05:00 [PHASE3B] [2/6] RECONCILE_PARTS
2026-08-24T23:41:46.7784861-05:00 [PHASE3B]       [2.1] CATALOG_IDENTITIES       COMPLETED    64,347 / 64,347    100.0%  batches=13
2026-08-24T23:41:46.7794861-05:00 [PHASE3B]       [2.2] PART_ROWS                COMPLETED    64,347 / 64,347    100.0%  batches=13
2026-08-24T23:41:46.7794861-05:00 [PHASE3B]       [2.3] SOURCE_VALUES            COMPLETED    64,347 / 64,347    100.0%  batches=13
2026-08-24T23:41:46.7804861-05:00 [PHASE3B] 
2026-08-24T23:41:46.7804861-05:00 [PHASE3B] [3/6] RECONCILE_SETS
2026-08-24T23:41:46.7814860-05:00 [PHASE3B]       [3.1] CATALOG_IDENTITIES       COMPLETED    28,117 / 28,117    100.0%  batches=6
2026-08-24T23:41:46.7824887-05:00 [PHASE3B]       [3.2] SET_ROWS                 COMPLETED    28,117 / 28,117    100.0%  batches=6
2026-08-24T23:41:46.7824887-05:00 [PHASE3B]       [3.3] SOURCE_VALUES            COMPLETED    28,117 / 28,117    100.0%  batches=6
2026-08-24T23:41:46.7834865-05:00 [PHASE3B] 
2026-08-24T23:41:46.7844856-05:00 [PHASE3B] [4/6] RECONCILE_MINIFIGURES
2026-08-24T23:41:46.7854856-05:00 [PHASE3B]       [4.1] CATALOG_IDENTITIES       COMPLETED    17,162 / 17,162    100.0%  batches=4
2026-08-24T23:41:46.7854856-05:00 [PHASE3B]       [4.2] MINIFIGURE_ROWS          COMPLETED    17,162 / 17,162    100.0%  batches=4
2026-08-24T23:41:46.7864857-05:00 [PHASE3B]       [4.3] SOURCE_VALUES            COMPLETED    17,162 / 17,162    100.0%  batches=4
2026-08-24T23:41:46.7864857-05:00 [PHASE3B] 
2026-08-24T23:41:46.7874888-05:00 [PHASE3B] [5/6] SOURCE_PRESENCE
2026-08-24T23:41:46.7884877-05:00 [PHASE3B]       [5.1] PARTS                    PENDING           0 / 1           0.0%  batches=0
2026-08-24T23:41:46.7894860-05:00 [PHASE3B]       [5.2] SETS                     PENDING           0 / 1           0.0%  batches=0
2026-08-24T23:41:46.7894860-05:00 [PHASE3B]       [5.3] MINIFIGURES              PENDING           0 / 1           0.0%  batches=0
2026-08-24T23:41:46.7904866-05:00 [PHASE3B] 
2026-08-24T23:41:46.7904866-05:00 [PHASE3B] [6/6] FINALIZE_SOURCE_RUN
2026-08-24T23:41:46.7914859-05:00 [PHASE3B]       [6.1] VERIFY_COUNTS            PENDING           0 / 1           0.0%  batches=0
2026-08-24T23:41:46.7924870-05:00 [PHASE3B]       [6.2] COMPLETE_RUN             PENDING           0 / 1           0.0%  batches=0
2026-08-24T23:41:46.7924870-05:00 [PHASE3B] 
2026-08-24T23:41:46.7934859-05:00 [PHASE3B] [RUN] [5.1] SOURCE_PRESENCE / PARTS 0/1 (  0.0%) batch=1
2026-08-24T23:41:46.8544870-05:00 [PHASE3B] [OK ] [5.1] PARTS: 1/1 (100.0%) batches=1 elapsed=0.09s
2026-08-24T23:41:46.8554859-05:00 [PHASE3B] 
2026-08-24T23:41:46.8564864-05:00 [PHASE3B] -------------------------------------------------------------------------------
2026-08-24T23:41:46.8574862-05:00 [PHASE3B]  Durable Phase 3B checkpoint status
2026-08-24T23:41:46.8574862-05:00 [PHASE3B] -------------------------------------------------------------------------------
2026-08-24T23:41:46.8584859-05:00 [PHASE3B] 
2026-08-24T23:41:46.8594859-05:00 [PHASE3B] [1/6] VALIDATE_SOURCE_RUN
2026-08-24T23:41:46.8594859-05:00 [PHASE3B]       [1.1] RUN_CONTRACT             COMPLETED         1 / 1         100.0%  batches=1
2026-08-24T23:41:46.8604861-05:00 [PHASE3B]       [1.2] STAGED_COUNTS            COMPLETED         1 / 1         100.0%  batches=1
2026-08-24T23:41:46.8614872-05:00 [PHASE3B]       [1.3] REFERENCE_LINKS          COMPLETED         1 / 1         100.0%  batches=1
2026-08-24T23:41:46.8614872-05:00 [PHASE3B] 
2026-08-24T23:41:46.8624857-05:00 [PHASE3B] [2/6] RECONCILE_PARTS
2026-08-24T23:41:46.8634858-05:00 [PHASE3B]       [2.1] CATALOG_IDENTITIES       COMPLETED    64,347 / 64,347    100.0%  batches=13
2026-08-24T23:41:46.8644860-05:00 [PHASE3B]       [2.2] PART_ROWS                COMPLETED    64,347 / 64,347    100.0%  batches=13
2026-08-24T23:41:46.8644860-05:00 [PHASE3B]       [2.3] SOURCE_VALUES            COMPLETED    64,347 / 64,347    100.0%  batches=13
2026-08-24T23:41:46.8654862-05:00 [PHASE3B] 
2026-08-24T23:41:46.8664862-05:00 [PHASE3B] [3/6] RECONCILE_SETS
2026-08-24T23:41:46.8664862-05:00 [PHASE3B]       [3.1] CATALOG_IDENTITIES       COMPLETED    28,117 / 28,117    100.0%  batches=6
2026-08-24T23:41:46.8674875-05:00 [PHASE3B]       [3.2] SET_ROWS                 COMPLETED    28,117 / 28,117    100.0%  batches=6
2026-08-24T23:41:46.8684856-05:00 [PHASE3B]       [3.3] SOURCE_VALUES            COMPLETED    28,117 / 28,117    100.0%  batches=6
2026-08-24T23:41:46.8684856-05:00 [PHASE3B] 
2026-08-24T23:41:46.8694867-05:00 [PHASE3B] [4/6] RECONCILE_MINIFIGURES
2026-08-24T23:41:46.8704859-05:00 [PHASE3B]       [4.1] CATALOG_IDENTITIES       COMPLETED    17,162 / 17,162    100.0%  batches=4
2026-08-24T23:41:46.8704859-05:00 [PHASE3B]       [4.2] MINIFIGURE_ROWS          COMPLETED    17,162 / 17,162    100.0%  batches=4
2026-08-24T23:41:46.8714863-05:00 [PHASE3B]       [4.3] SOURCE_VALUES            COMPLETED    17,162 / 17,162    100.0%  batches=4
2026-08-24T23:41:46.8724861-05:00 [PHASE3B] 
2026-08-24T23:41:46.8734889-05:00 [PHASE3B] [5/6] SOURCE_PRESENCE
2026-08-24T23:41:46.8734889-05:00 [PHASE3B]       [5.1] PARTS                    COMPLETED         1 / 1         100.0%  batches=1
2026-08-24T23:41:46.8744858-05:00 [PHASE3B]       [5.2] SETS                     PENDING           0 / 1           0.0%  batches=0
2026-08-24T23:41:46.8754858-05:00 [PHASE3B]       [5.3] MINIFIGURES              PENDING           0 / 1           0.0%  batches=0
2026-08-24T23:41:46.8754858-05:00 [PHASE3B] 
2026-08-24T23:41:46.8764858-05:00 [PHASE3B] [6/6] FINALIZE_SOURCE_RUN
2026-08-24T23:41:46.8774859-05:00 [PHASE3B]       [6.1] VERIFY_COUNTS            PENDING           0 / 1           0.0%  batches=0
2026-08-24T23:41:46.8774859-05:00 [PHASE3B]       [6.2] COMPLETE_RUN             PENDING           0 / 1           0.0%  batches=0
2026-08-24T23:41:46.8784860-05:00 [PHASE3B] 
2026-08-24T23:41:46.8794859-05:00 [PHASE3B] [RUN] [5.2] SOURCE_PRESENCE / SETS 0/1 (  0.0%) batch=1
2026-08-24T23:41:46.8854854-05:00 [PHASE3B] [OK ] [5.2] SETS: 1/1 (100.0%) batches=1 elapsed=0.03s
2026-08-24T23:41:46.8864894-05:00 [PHASE3B] 
2026-08-24T23:41:46.8874870-05:00 [PHASE3B] -------------------------------------------------------------------------------
2026-08-24T23:41:46.8884866-05:00 [PHASE3B]  Durable Phase 3B checkpoint status
2026-08-24T23:41:46.8884866-05:00 [PHASE3B] -------------------------------------------------------------------------------
2026-08-24T23:41:46.8894856-05:00 [PHASE3B] 
2026-08-24T23:41:46.8904862-05:00 [PHASE3B] [1/6] VALIDATE_SOURCE_RUN
2026-08-24T23:41:46.8904862-05:00 [PHASE3B]       [1.1] RUN_CONTRACT             COMPLETED         1 / 1         100.0%  batches=1
2026-08-24T23:41:46.8914864-05:00 [PHASE3B]       [1.2] STAGED_COUNTS            COMPLETED         1 / 1         100.0%  batches=1
2026-08-24T23:41:46.8924863-05:00 [PHASE3B]       [1.3] REFERENCE_LINKS          COMPLETED         1 / 1         100.0%  batches=1
2026-08-24T23:41:46.8924863-05:00 [PHASE3B] 
2026-08-24T23:41:46.8934860-05:00 [PHASE3B] [2/6] RECONCILE_PARTS
2026-08-24T23:41:46.8944861-05:00 [PHASE3B]       [2.1] CATALOG_IDENTITIES       COMPLETED    64,347 / 64,347    100.0%  batches=13
2026-08-24T23:41:46.8954859-05:00 [PHASE3B]       [2.2] PART_ROWS                COMPLETED    64,347 / 64,347    100.0%  batches=13
2026-08-24T23:41:46.8964854-05:00 [PHASE3B]       [2.3] SOURCE_VALUES            COMPLETED    64,347 / 64,347    100.0%  batches=13
2026-08-24T23:41:46.8964854-05:00 [PHASE3B] 
2026-08-24T23:41:46.8974861-05:00 [PHASE3B] [3/6] RECONCILE_SETS
2026-08-24T23:41:46.8984854-05:00 [PHASE3B]       [3.1] CATALOG_IDENTITIES       COMPLETED    28,117 / 28,117    100.0%  batches=6
2026-08-24T23:41:46.8984854-05:00 [PHASE3B]       [3.2] SET_ROWS                 COMPLETED    28,117 / 28,117    100.0%  batches=6
2026-08-24T23:41:46.8994857-05:00 [PHASE3B]       [3.3] SOURCE_VALUES            COMPLETED    28,117 / 28,117    100.0%  batches=6
2026-08-24T23:41:46.9004864-05:00 [PHASE3B] 
2026-08-24T23:41:46.9004864-05:00 [PHASE3B] [4/6] RECONCILE_MINIFIGURES
2026-08-24T23:41:46.9014859-05:00 [PHASE3B]       [4.1] CATALOG_IDENTITIES       COMPLETED    17,162 / 17,162    100.0%  batches=4
2026-08-24T23:41:46.9024866-05:00 [PHASE3B]       [4.2] MINIFIGURE_ROWS          COMPLETED    17,162 / 17,162    100.0%  batches=4
2026-08-24T23:41:46.9024866-05:00 [PHASE3B]       [4.3] SOURCE_VALUES            COMPLETED    17,162 / 17,162    100.0%  batches=4
2026-08-24T23:41:46.9034860-05:00 [PHASE3B] 
2026-08-24T23:41:46.9044862-05:00 [PHASE3B] [5/6] SOURCE_PRESENCE
2026-08-24T23:41:46.9044862-05:00 [PHASE3B]       [5.1] PARTS                    COMPLETED         1 / 1         100.0%  batches=1
2026-08-24T23:41:46.9054861-05:00 [PHASE3B]       [5.2] SETS                     COMPLETED         1 / 1         100.0%  batches=1
2026-08-24T23:41:46.9064860-05:00 [PHASE3B]       [5.3] MINIFIGURES              PENDING           0 / 1           0.0%  batches=0
2026-08-24T23:41:46.9064860-05:00 [PHASE3B] 
2026-08-24T23:41:46.9074859-05:00 [PHASE3B] [6/6] FINALIZE_SOURCE_RUN
2026-08-24T23:41:46.9084860-05:00 [PHASE3B]       [6.1] VERIFY_COUNTS            PENDING           0 / 1           0.0%  batches=0
2026-08-24T23:41:46.9084860-05:00 [PHASE3B]       [6.2] COMPLETE_RUN             PENDING           0 / 1           0.0%  batches=0
2026-08-24T23:41:46.9094859-05:00 [PHASE3B] 
2026-08-24T23:41:46.9104864-05:00 [PHASE3B] [RUN] [5.3] SOURCE_PRESENCE / MINIFIGURES 0/1 (  0.0%) batch=1
2026-08-24T23:42:03.9456370-05:00 [PHASE3B] [OK ] [5.3] MINIFIGURES: 1/1 (100.0%) batches=1 elapsed=17.06s
2026-08-24T23:42:03.9476380-05:00 [PHASE3B] 
2026-08-24T23:42:03.9486383-05:00 [PHASE3B] -------------------------------------------------------------------------------
2026-08-24T23:42:03.9486383-05:00 [PHASE3B]  Durable Phase 3B checkpoint status
2026-08-24T23:42:03.9496374-05:00 [PHASE3B] -------------------------------------------------------------------------------
2026-08-24T23:42:03.9506376-05:00 [PHASE3B] 
2026-08-24T23:42:03.9506376-05:00 [PHASE3B] [1/6] VALIDATE_SOURCE_RUN
2026-08-24T23:42:03.9516374-05:00 [PHASE3B]       [1.1] RUN_CONTRACT             COMPLETED         1 / 1         100.0%  batches=1
2026-08-24T23:42:03.9526374-05:00 [PHASE3B]       [1.2] STAGED_COUNTS            COMPLETED         1 / 1         100.0%  batches=1
2026-08-24T23:42:03.9526374-05:00 [PHASE3B]       [1.3] REFERENCE_LINKS          COMPLETED         1 / 1         100.0%  batches=1
2026-08-24T23:42:03.9536398-05:00 [PHASE3B] 
2026-08-24T23:42:03.9546399-05:00 [PHASE3B] [2/6] RECONCILE_PARTS
2026-08-24T23:42:03.9546399-05:00 [PHASE3B]       [2.1] CATALOG_IDENTITIES       COMPLETED    64,347 / 64,347    100.0%  batches=13
2026-08-24T23:42:03.9556374-05:00 [PHASE3B]       [2.2] PART_ROWS                COMPLETED    64,347 / 64,347    100.0%  batches=13
2026-08-24T23:42:03.9566382-05:00 [PHASE3B]       [2.3] SOURCE_VALUES            COMPLETED    64,347 / 64,347    100.0%  batches=13
2026-08-24T23:42:03.9566382-05:00 [PHASE3B] 
2026-08-24T23:42:03.9576376-05:00 [PHASE3B] [3/6] RECONCILE_SETS
2026-08-24T23:42:03.9586376-05:00 [PHASE3B]       [3.1] CATALOG_IDENTITIES       COMPLETED    28,117 / 28,117    100.0%  batches=6
2026-08-24T23:42:03.9586376-05:00 [PHASE3B]       [3.2] SET_ROWS                 COMPLETED    28,117 / 28,117    100.0%  batches=6
2026-08-24T23:42:03.9596375-05:00 [PHASE3B]       [3.3] SOURCE_VALUES            COMPLETED    28,117 / 28,117    100.0%  batches=6
2026-08-24T23:42:03.9606415-05:00 [PHASE3B] 
2026-08-24T23:42:03.9616388-05:00 [PHASE3B] [4/6] RECONCILE_MINIFIGURES
2026-08-24T23:42:03.9616388-05:00 [PHASE3B]       [4.1] CATALOG_IDENTITIES       COMPLETED    17,162 / 17,162    100.0%  batches=4
2026-08-24T23:42:03.9626386-05:00 [PHASE3B]       [4.2] MINIFIGURE_ROWS          COMPLETED    17,162 / 17,162    100.0%  batches=4
2026-08-24T23:42:03.9626386-05:00 [PHASE3B]       [4.3] SOURCE_VALUES            COMPLETED    17,162 / 17,162    100.0%  batches=4
2026-08-24T23:42:03.9636375-05:00 [PHASE3B] 
2026-08-24T23:42:03.9646368-05:00 [PHASE3B] [5/6] SOURCE_PRESENCE
2026-08-24T23:42:03.9646368-05:00 [PHASE3B]       [5.1] PARTS                    COMPLETED         1 / 1         100.0%  batches=1
2026-08-24T23:42:03.9656378-05:00 [PHASE3B]       [5.2] SETS                     COMPLETED         1 / 1         100.0%  batches=1
2026-08-24T23:42:03.9666383-05:00 [PHASE3B]       [5.3] MINIFIGURES              COMPLETED         1 / 1         100.0%  batches=1
2026-08-24T23:42:03.9676375-05:00 [PHASE3B] 
2026-08-24T23:42:03.9676375-05:00 [PHASE3B] [6/6] FINALIZE_SOURCE_RUN
2026-08-24T23:42:03.9686371-05:00 [PHASE3B]       [6.1] VERIFY_COUNTS            PENDING           0 / 1           0.0%  batches=0
2026-08-24T23:42:03.9696374-05:00 [PHASE3B]       [6.2] COMPLETE_RUN             PENDING           0 / 1           0.0%  batches=0
2026-08-24T23:42:03.9696374-05:00 [PHASE3B] 
2026-08-24T23:42:03.9706376-05:00 [PHASE3B] [RUN] [6.1] FINALIZE_SOURCE_RUN / VERIFY_COUNTS 0/1 (  0.0%) batch=1
2026-08-24T23:42:03.9806370-05:00 [PHASE3B] [OK ] [6.1] VERIFY_COUNTS: 1/1 (100.0%) batches=1 elapsed=0.03s
2026-08-24T23:42:03.9816379-05:00 [PHASE3B] 
2026-08-24T23:42:03.9816379-05:00 [PHASE3B] -------------------------------------------------------------------------------
2026-08-24T23:42:03.9826385-05:00 [PHASE3B]  Durable Phase 3B checkpoint status
2026-08-24T23:42:03.9836380-05:00 [PHASE3B] -------------------------------------------------------------------------------
2026-08-24T23:42:03.9836380-05:00 [PHASE3B] 
2026-08-24T23:42:03.9846376-05:00 [PHASE3B] [1/6] VALIDATE_SOURCE_RUN
2026-08-24T23:42:03.9856374-05:00 [PHASE3B]       [1.1] RUN_CONTRACT             COMPLETED         1 / 1         100.0%  batches=1
2026-08-24T23:42:03.9866381-05:00 [PHASE3B]       [1.2] STAGED_COUNTS            COMPLETED         1 / 1         100.0%  batches=1
2026-08-24T23:42:03.9866381-05:00 [PHASE3B]       [1.3] REFERENCE_LINKS          COMPLETED         1 / 1         100.0%  batches=1
2026-08-24T23:42:03.9876377-05:00 [PHASE3B] 
2026-08-24T23:42:03.9886379-05:00 [PHASE3B] [2/6] RECONCILE_PARTS
2026-08-24T23:42:03.9896374-05:00 [PHASE3B]       [2.1] CATALOG_IDENTITIES       COMPLETED    64,347 / 64,347    100.0%  batches=13
2026-08-24T23:42:03.9896374-05:00 [PHASE3B]       [2.2] PART_ROWS                COMPLETED    64,347 / 64,347    100.0%  batches=13
2026-08-24T23:42:03.9906376-05:00 [PHASE3B]       [2.3] SOURCE_VALUES            COMPLETED    64,347 / 64,347    100.0%  batches=13
2026-08-24T23:42:03.9916374-05:00 [PHASE3B] 
2026-08-24T23:42:03.9916374-05:00 [PHASE3B] [3/6] RECONCILE_SETS
2026-08-24T23:42:03.9926381-05:00 [PHASE3B]       [3.1] CATALOG_IDENTITIES       COMPLETED    28,117 / 28,117    100.0%  batches=6
2026-08-24T23:42:03.9936381-05:00 [PHASE3B]       [3.2] SET_ROWS                 COMPLETED    28,117 / 28,117    100.0%  batches=6
2026-08-24T23:42:03.9946395-05:00 [PHASE3B]       [3.3] SOURCE_VALUES            COMPLETED    28,117 / 28,117    100.0%  batches=6
2026-08-24T23:42:03.9956370-05:00 [PHASE3B] 
2026-08-24T23:42:03.9956370-05:00 [PHASE3B] [4/6] RECONCILE_MINIFIGURES
2026-08-24T23:42:03.9966383-05:00 [PHASE3B]       [4.1] CATALOG_IDENTITIES       COMPLETED    17,162 / 17,162    100.0%  batches=4
2026-08-24T23:42:03.9976376-05:00 [PHASE3B]       [4.2] MINIFIGURE_ROWS          COMPLETED    17,162 / 17,162    100.0%  batches=4
2026-08-24T23:42:03.9976376-05:00 [PHASE3B]       [4.3] SOURCE_VALUES            COMPLETED    17,162 / 17,162    100.0%  batches=4
2026-08-24T23:42:03.9986383-05:00 [PHASE3B] 
2026-08-24T23:42:03.9996385-05:00 [PHASE3B] [5/6] SOURCE_PRESENCE
2026-08-24T23:42:04.0006372-05:00 [PHASE3B]       [5.1] PARTS                    COMPLETED         1 / 1         100.0%  batches=1
2026-08-24T23:42:04.0006372-05:00 [PHASE3B]       [5.2] SETS                     COMPLETED         1 / 1         100.0%  batches=1
2026-08-24T23:42:04.0016377-05:00 [PHASE3B]       [5.3] MINIFIGURES              COMPLETED         1 / 1         100.0%  batches=1
2026-08-24T23:42:04.0026394-05:00 [PHASE3B] 
2026-08-24T23:42:04.0026394-05:00 [PHASE3B] [6/6] FINALIZE_SOURCE_RUN
2026-08-24T23:42:04.0036374-05:00 [PHASE3B]       [6.1] VERIFY_COUNTS            COMPLETED         1 / 1         100.0%  batches=1
2026-08-24T23:42:04.0046378-05:00 [PHASE3B]       [6.2] COMPLETE_RUN             PENDING           0 / 1           0.0%  batches=0
2026-08-24T23:42:04.0056376-05:00 [PHASE3B] 
2026-08-24T23:42:04.0056376-05:00 [PHASE3B] [RUN] [6.2] FINALIZE_SOURCE_RUN / COMPLETE_RUN 0/1 (  0.0%) batch=1
2026-08-24T23:42:04.0066393-05:00 [PHASE3B] [OK ] [6.2] COMPLETE_RUN: 1/1 (100.0%) batches=1 elapsed=0.00s
2026-08-24T23:42:04.0076375-05:00 [PHASE3B] 
2026-08-24T23:42:04.0076375-05:00 [PHASE3B] -------------------------------------------------------------------------------
2026-08-24T23:42:04.0086378-05:00 [PHASE3B]  Durable Phase 3B checkpoint status
2026-08-24T23:42:04.0096374-05:00 [PHASE3B] -------------------------------------------------------------------------------
2026-08-24T23:42:04.0096374-05:00 [PHASE3B] 
2026-08-24T23:42:04.0106404-05:00 [PHASE3B] [1/6] VALIDATE_SOURCE_RUN
2026-08-24T23:42:04.0116374-05:00 [PHASE3B]       [1.1] RUN_CONTRACT             COMPLETED         1 / 1         100.0%  batches=1
2026-08-24T23:42:04.0116374-05:00 [PHASE3B]       [1.2] STAGED_COUNTS            COMPLETED         1 / 1         100.0%  batches=1
2026-08-24T23:42:04.0126375-05:00 [PHASE3B]       [1.3] REFERENCE_LINKS          COMPLETED         1 / 1         100.0%  batches=1
2026-08-24T23:42:04.0136381-05:00 [PHASE3B] 
2026-08-24T23:42:04.0136381-05:00 [PHASE3B] [2/6] RECONCILE_PARTS
2026-08-24T23:42:04.0146375-05:00 [PHASE3B]       [2.1] CATALOG_IDENTITIES       COMPLETED    64,347 / 64,347    100.0%  batches=13
2026-08-24T23:42:04.0156384-05:00 [PHASE3B]       [2.2] PART_ROWS                COMPLETED    64,347 / 64,347    100.0%  batches=13
2026-08-24T23:42:04.0166390-05:00 [PHASE3B]       [2.3] SOURCE_VALUES            COMPLETED    64,347 / 64,347    100.0%  batches=13
2026-08-24T23:42:04.0166390-05:00 [PHASE3B] 
2026-08-24T23:42:04.0176374-05:00 [PHASE3B] [3/6] RECONCILE_SETS
2026-08-24T23:42:04.0186374-05:00 [PHASE3B]       [3.1] CATALOG_IDENTITIES       COMPLETED    28,117 / 28,117    100.0%  batches=6
2026-08-24T23:42:04.0186374-05:00 [PHASE3B]       [3.2] SET_ROWS                 COMPLETED    28,117 / 28,117    100.0%  batches=6
2026-08-24T23:42:04.0196375-05:00 [PHASE3B]       [3.3] SOURCE_VALUES            COMPLETED    28,117 / 28,117    100.0%  batches=6
2026-08-24T23:42:04.0206374-05:00 [PHASE3B] 
2026-08-24T23:42:04.0206374-05:00 [PHASE3B] [4/6] RECONCILE_MINIFIGURES
2026-08-24T23:42:04.0216375-05:00 [PHASE3B]       [4.1] CATALOG_IDENTITIES       COMPLETED    17,162 / 17,162    100.0%  batches=4
2026-08-24T23:42:04.0226379-05:00 [PHASE3B]       [4.2] MINIFIGURE_ROWS          COMPLETED    17,162 / 17,162    100.0%  batches=4
2026-08-24T23:42:04.0226379-05:00 [PHASE3B]       [4.3] SOURCE_VALUES            COMPLETED    17,162 / 17,162    100.0%  batches=4
2026-08-24T23:42:04.0236373-05:00 [PHASE3B] 
2026-08-24T23:42:04.0246375-05:00 [PHASE3B] [5/6] SOURCE_PRESENCE
2026-08-24T23:42:04.0256375-05:00 [PHASE3B]       [5.1] PARTS                    COMPLETED         1 / 1         100.0%  batches=1
2026-08-24T23:42:04.0256375-05:00 [PHASE3B]       [5.2] SETS                     COMPLETED         1 / 1         100.0%  batches=1
2026-08-24T23:42:04.0266384-05:00 [PHASE3B]       [5.3] MINIFIGURES              COMPLETED         1 / 1         100.0%  batches=1
2026-08-24T23:42:04.0276385-05:00 [PHASE3B] 
2026-08-24T23:42:04.0276385-05:00 [PHASE3B] [6/6] FINALIZE_SOURCE_RUN
2026-08-24T23:42:04.0286404-05:00 [PHASE3B]       [6.1] VERIFY_COUNTS            COMPLETED         1 / 1         100.0%  batches=1
2026-08-24T23:42:04.0296387-05:00 [PHASE3B]       [6.2] COMPLETE_RUN             COMPLETED         1 / 1         100.0%  batches=1
2026-08-24T23:42:04.0306375-05:00 [PHASE3B] 
2026-08-24T23:42:04.0306375-05:00 [PHASE3B] 
2026-08-24T23:42:04.0316382-05:00 [PHASE3B] -------------------------------------------------------------------------------
2026-08-24T23:42:04.0316382-05:00 [PHASE3B]  Durable Phase 3B checkpoint status
2026-08-24T23:42:04.0326375-05:00 [PHASE3B] -------------------------------------------------------------------------------
2026-08-24T23:42:04.0336373-05:00 [PHASE3B] 
2026-08-24T23:42:04.0346370-05:00 [PHASE3B] [1/6] VALIDATE_SOURCE_RUN
2026-08-24T23:42:04.0346370-05:00 [PHASE3B]       [1.1] RUN_CONTRACT             COMPLETED         1 / 1         100.0%  batches=1
2026-08-24T23:42:04.0356388-05:00 [PHASE3B]       [1.2] STAGED_COUNTS            COMPLETED         1 / 1         100.0%  batches=1
2026-08-24T23:42:04.0366388-05:00 [PHASE3B]       [1.3] REFERENCE_LINKS          COMPLETED         1 / 1         100.0%  batches=1
2026-08-24T23:42:04.0376375-05:00 [PHASE3B] 
2026-08-24T23:42:04.0376375-05:00 [PHASE3B] [2/6] RECONCILE_PARTS
2026-08-24T23:42:04.0386387-05:00 [PHASE3B]       [2.1] CATALOG_IDENTITIES       COMPLETED    64,347 / 64,347    100.0%  batches=13
2026-08-24T23:42:04.0396377-05:00 [PHASE3B]       [2.2] PART_ROWS                COMPLETED    64,347 / 64,347    100.0%  batches=13
2026-08-24T23:42:04.0396377-05:00 [PHASE3B]       [2.3] SOURCE_VALUES            COMPLETED    64,347 / 64,347    100.0%  batches=13
2026-08-24T23:42:04.0406375-05:00 [PHASE3B] 
2026-08-24T23:42:04.0416406-05:00 [PHASE3B] [3/6] RECONCILE_SETS
2026-08-24T23:42:04.0426375-05:00 [PHASE3B]       [3.1] CATALOG_IDENTITIES       COMPLETED    28,117 / 28,117    100.0%  batches=6
2026-08-24T23:42:04.0426375-05:00 [PHASE3B]       [3.2] SET_ROWS                 COMPLETED    28,117 / 28,117    100.0%  batches=6
2026-08-24T23:42:04.0436383-05:00 [PHASE3B]       [3.3] SOURCE_VALUES            COMPLETED    28,117 / 28,117    100.0%  batches=6
2026-08-24T23:42:04.0446377-05:00 [PHASE3B] 
2026-08-24T23:42:04.0446377-05:00 [PHASE3B] [4/6] RECONCILE_MINIFIGURES
2026-08-24T23:42:04.0456380-05:00 [PHASE3B]       [4.1] CATALOG_IDENTITIES       COMPLETED    17,162 / 17,162    100.0%  batches=4
2026-08-24T23:42:04.0466378-05:00 [PHASE3B]       [4.2] MINIFIGURE_ROWS          COMPLETED    17,162 / 17,162    100.0%  batches=4
2026-08-24T23:42:04.0466378-05:00 [PHASE3B]       [4.3] SOURCE_VALUES            COMPLETED    17,162 / 17,162    100.0%  batches=4
2026-08-24T23:42:04.0476382-05:00 [PHASE3B] 
2026-08-24T23:42:04.0486376-05:00 [PHASE3B] [5/6] SOURCE_PRESENCE
2026-08-24T23:42:04.0496402-05:00 [PHASE3B]       [5.1] PARTS                    COMPLETED         1 / 1         100.0%  batches=1
2026-08-24T23:42:04.0506376-05:00 [PHASE3B]       [5.2] SETS                     COMPLETED         1 / 1         100.0%  batches=1
2026-08-24T23:42:04.0506376-05:00 [PHASE3B]       [5.3] MINIFIGURES              COMPLETED         1 / 1         100.0%  batches=1
2026-08-24T23:42:04.0516375-05:00 [PHASE3B] 
2026-08-24T23:42:04.0526382-05:00 [PHASE3B] [6/6] FINALIZE_SOURCE_RUN
2026-08-24T23:42:04.0526382-05:00 [PHASE3B]       [6.1] VERIFY_COUNTS            COMPLETED         1 / 1         100.0%  batches=1
2026-08-24T23:42:04.0536383-05:00 [PHASE3B]       [6.2] COMPLETE_RUN             COMPLETED         1 / 1         100.0%  batches=1
2026-08-24T23:42:04.0546392-05:00 [PHASE3B] 
2026-08-24T23:42:04.0556381-05:00 [PHASE3B] ==============================================================================
2026-08-24T23:42:04.0556381-05:00 [PHASE3B]  [PASS] Rebrickable Phase 3B checkpointed reconciliation completed
2026-08-24T23:42:04.0566373-05:00 [PHASE3B]  [INFO] Elapsed seconds: 72.68
2026-08-24T23:42:04.0576375-05:00 [PHASE3B] ==============================================================================
2026-08-24T23:42:04.0576375-05:00 [INFO] PHASE3B process exit code=0
2026-08-24T23:42:04.0586382-05:00 [PASS] PHASE3B completed
2026-08-24T23:42:04.1076379-05:00 [PASS] Lifecycle finalized source_run_id=01a03738-8cb5-7b00-85bf-07fe7c4c67c6
2026-08-24T23:42:04.1086380-05:00 [INFO] START PHASE4A: import_rebrickable_phase4a_elements.py --file L:\var\www\Brk.Trkr\brk.trkr-db\import\runtime\snapshots\initial_20260824_234043\elements.csv.gz
2026-08-24T23:42:04.6280384-05:00 [PHASE4A] ==============================================================================
2026-08-24T23:42:04.6300367-05:00 [PHASE4A]  BrickTrackr Rebrickable Phase 4A - Elements Staging v4.0.2
2026-08-24T23:42:04.6300367-05:00 [PHASE4A] ==============================================================================
2026-08-24T23:42:04.6310366-05:00 [PHASE4A] [INFO] File:       L:\var\www\Brk.Trkr\brk.trkr-db\import\runtime\snapshots\initial_20260824_234043\elements.csv.gz
2026-08-24T23:42:04.6320373-05:00 [PHASE4A] [INFO] Batch size: 5,000
2026-08-24T23:42:04.6320373-05:00 [PHASE4A] [PASS] Header:      ['element_id', 'part_num', 'color_id', 'design_id']
2026-08-24T23:42:04.6330373-05:00 [PHASE4A] [PASS] SHA-256:     28e73e9348cf4eae48047dcbba496d6b71ca2d8848764fc11670d613282ccf32
2026-08-24T23:42:04.6340364-05:00 [PHASE4A] [PASS] Rows:        113,831
2026-08-24T23:42:04.6340364-05:00 [PHASE4A] [INFO] Duplicate element_id rows observed: 0
2026-08-24T23:42:04.6350368-05:00 [PHASE4A] [INFO] Duplicate element IDs are retained as source evidence; Phase 4B decides canonical history semantics.
2026-08-24T23:42:04.6360374-05:00 [PHASE4A] [RUN ] Source run: 01a03739-b705-7f76-abc4-5c4352a4f42d
2026-08-24T23:42:04.6360374-05:00 [PHASE4A] [STAGE] batch=  1     5,000/113,831 (  4.4%)
2026-08-24T23:42:04.8103676-05:00 [PHASE4A] [STAGE] batch=  2    10,000/113,831 (  8.8%)
2026-08-24T23:42:04.9983685-05:00 [PHASE4A] [STAGE] batch=  3    15,000/113,831 ( 13.2%)
2026-08-24T23:42:05.1821433-05:00 [PHASE4A] [STAGE] batch=  4    20,000/113,831 ( 17.6%)
2026-08-24T23:42:05.3608467-05:00 [PHASE4A] [STAGE] batch=  5    25,000/113,831 ( 22.0%)
2026-08-24T23:42:05.5441458-05:00 [PHASE4A] [STAGE] batch=  6    30,000/113,831 ( 26.4%)
2026-08-24T23:42:05.7251491-05:00 [PHASE4A] [STAGE] batch=  7    35,000/113,831 ( 30.7%)
2026-08-24T23:42:05.8991493-05:00 [PHASE4A] [STAGE] batch=  8    40,000/113,831 ( 35.1%)
2026-08-24T23:42:06.0751372-05:00 [PHASE4A] [STAGE] batch=  9    45,000/113,831 ( 39.5%)
2026-08-24T23:42:06.2791430-05:00 [PHASE4A] [STAGE] batch= 10    50,000/113,831 ( 43.9%)
2026-08-24T23:42:06.4570126-05:00 [PHASE4A] [STAGE] batch= 11    55,000/113,831 ( 48.3%)
2026-08-24T23:42:06.6410141-05:00 [PHASE4A] [STAGE] batch= 12    60,000/113,831 ( 52.7%)
2026-08-24T23:42:06.8390203-05:00 [PHASE4A] [STAGE] batch= 13    65,000/113,831 ( 57.1%)
2026-08-24T23:42:07.0120186-05:00 [PHASE4A] [STAGE] batch= 14    70,000/113,831 ( 61.5%)
2026-08-24T23:42:07.2040280-05:00 [PHASE4A] [STAGE] batch= 15    75,000/113,831 ( 65.9%)
2026-08-24T23:42:07.3781267-05:00 [PHASE4A] [STAGE] batch= 16    80,000/113,831 ( 70.3%)
2026-08-24T23:42:07.5679618-05:00 [PHASE4A] [STAGE] batch= 17    85,000/113,831 ( 74.7%)
2026-08-24T23:42:07.7601965-05:00 [PHASE4A] [STAGE] batch= 18    90,000/113,831 ( 79.1%)
2026-08-24T23:42:07.9572082-05:00 [PHASE4A] [STAGE] batch= 19    95,000/113,831 ( 83.5%)
2026-08-24T23:42:08.1312083-05:00 [PHASE4A] [STAGE] batch= 20   100,000/113,831 ( 87.8%)
2026-08-24T23:42:08.3183155-05:00 [PHASE4A] [STAGE] batch= 21   105,000/113,831 ( 92.2%)
2026-08-24T23:42:08.5099703-05:00 [PHASE4A] [STAGE] batch= 22   110,000/113,831 ( 96.6%)
2026-08-24T23:42:08.6459687-05:00 [PHASE4A] [STAGE] batch= 23   113,831/113,831 (100.0%)
2026-08-24T23:42:08.6639688-05:00 [PHASE4A] 
2026-08-24T23:42:08.6649691-05:00 [PHASE4A] ==============================================================================
2026-08-24T23:42:08.6659686-05:00 [PHASE4A]  [PASS] Rebrickable Phase 4A elements staging completed
2026-08-24T23:42:08.6669688-05:00 [PHASE4A]  [INFO] Source run: 01a03739-b705-7f76-abc4-5c4352a4f42d
2026-08-24T23:42:08.6669688-05:00 [PHASE4A]  [INFO] Rows:       113,831
2026-08-24T23:42:08.6679688-05:00 [PHASE4A]  [INFO] Elapsed:    4.41s
2026-08-24T23:42:08.6689696-05:00 [PHASE4A]  [INFO] Status:     VALIDATING
2026-08-24T23:42:08.6699698-05:00 [PHASE4A] ==============================================================================
2026-08-24T23:42:08.6699698-05:00 [PHASE4A] 
2026-08-24T23:42:08.6709691-05:00 [PHASE4A] [NEXT] Phase 4B may reconcile this source run. No canonical catalog DML was performed.
2026-08-24T23:42:08.6849691-05:00 [INFO] PHASE4A process exit code=0
2026-08-24T23:42:08.6859683-05:00 [PASS] PHASE4A completed
2026-08-24T23:42:08.7269706-05:00 [INFO] PHASE4A source_run_id=01a03739-b705-7f76-abc4-5c4352a4f42d
2026-08-24T23:42:08.7719686-05:00 [INFO] START PHASE4B: reconcile_rebrickable_phase4b_checkpointed.py --source-run-id 01a03739-b705-7f76-abc4-5c4352a4f42d
2026-08-24T23:42:09.3920807-05:00 [PHASE4B] ==============================================================================
2026-08-24T23:42:09.3930791-05:00 [PHASE4B]  BrickTrackr Rebrickable Phase 4B - Checkpointed Reconcile v4.1.0
2026-08-24T23:42:09.3940792-05:00 [PHASE4B] ==============================================================================
2026-08-24T23:42:09.3960795-05:00 [PHASE4B] [INFO] Mode:       RESUME
2026-08-24T23:42:09.3970793-05:00 [PHASE4B] [INFO] Source run: 01a03739-b705-7f76-abc4-5c4352a4f42d
2026-08-24T23:42:09.3970793-05:00 [PHASE4B] [INFO] Batch size: 5,000
2026-08-24T23:42:09.3980823-05:00 [PHASE4B] [+] Checkpoint ledger ready: rows=113,831
2026-08-24T23:42:09.3990799-05:00 [PHASE4B] 
2026-08-24T23:42:09.3990799-05:00 [PHASE4B] -------------------------------------------------------------------------------
2026-08-24T23:42:09.4000796-05:00 [PHASE4B]  Durable Phase 4B checkpoint status
2026-08-24T23:42:09.4010801-05:00 [PHASE4B] -------------------------------------------------------------------------------
2026-08-24T23:42:09.4020802-05:00 [PHASE4B] 
2026-08-24T23:42:09.4020802-05:00 [PHASE4B] [1/5] P4B_VALIDATE
2026-08-24T23:42:09.4030821-05:00 [PHASE4B]       [1.1] SOURCE_CONTRACT          PENDING           0 / 1           0.0% batches=0
2026-08-24T23:42:09.4040800-05:00 [PHASE4B]       [1.2] PART_REFERENCES          PENDING           0 / 1           0.0% batches=0
2026-08-24T23:42:09.4040800-05:00 [PHASE4B]       [1.3] COLOR_REFERENCES         PENDING           0 / 1           0.0% batches=0
2026-08-24T23:42:09.4050801-05:00 [PHASE4B]       [1.4] ELEMENT_IDENTIFIERS      PENDING           0 / 1           0.0% batches=0
2026-08-24T23:42:09.4060786-05:00 [PHASE4B] 
2026-08-24T23:42:09.4060786-05:00 [PHASE4B] [2/5] P4B_VARIANTS
2026-08-24T23:42:09.4070792-05:00 [PHASE4B]       [2.1] PART_COLOR_VARIANTS      PENDING           0 / 113,831     0.0% batches=0
2026-08-24T23:42:09.4080782-05:00 [PHASE4B] 
2026-08-24T23:42:09.4080782-05:00 [PHASE4B] [3/5] P4B_ELEMENTS
2026-08-24T23:42:09.4090781-05:00 [PHASE4B]       [3.1] LEGO_ELEMENTS            PENDING           0 / 113,831     0.0% batches=0
2026-08-24T23:42:09.4100779-05:00 [PHASE4B]       [3.2] EXTERNAL_IDENTIFIERS     PENDING           0 / 113,831     0.0% batches=0
2026-08-24T23:42:09.4100779-05:00 [PHASE4B] 
2026-08-24T23:42:09.4110779-05:00 [PHASE4B] [4/5] P4B_SOURCE_PRESENCE
2026-08-24T23:42:09.4120778-05:00 [PHASE4B]       [4.1] ELEMENTS                 PENDING           0 / 1           0.0% batches=0
2026-08-24T23:42:09.4120778-05:00 [PHASE4B] 
2026-08-24T23:42:09.4130778-05:00 [PHASE4B] [5/5] P4B_FINALIZE
2026-08-24T23:42:09.4140790-05:00 [PHASE4B]       [5.1] VERIFY_COUNTS            PENDING           0 / 1           0.0% batches=0
2026-08-24T23:42:09.4150783-05:00 [PHASE4B]       [5.2] COMPLETE_RUN             PENDING           0 / 1           0.0% batches=0
2026-08-24T23:42:09.4150783-05:00 [PHASE4B] 
2026-08-24T23:42:09.4160779-05:00 [PHASE4B] [RUN] [1.1] P4B_VALIDATE / SOURCE_CONTRACT 0/1 (  0.0%) batch=1
2026-08-24T23:42:09.4170778-05:00 [PHASE4B] [OK ] [1.1] SOURCE_CONTRACT: 1/1 (100.0%) batches=1 elapsed=0.00s
2026-08-24T23:42:09.4170778-05:00 [PHASE4B] 
2026-08-24T23:42:09.4180779-05:00 [PHASE4B] -------------------------------------------------------------------------------
2026-08-24T23:42:09.4190779-05:00 [PHASE4B]  Durable Phase 4B checkpoint status
2026-08-24T23:42:09.4190779-05:00 [PHASE4B] -------------------------------------------------------------------------------
2026-08-24T23:42:09.4200778-05:00 [PHASE4B] 
2026-08-24T23:42:09.4210779-05:00 [PHASE4B] [1/5] P4B_VALIDATE
2026-08-24T23:42:09.4210779-05:00 [PHASE4B]       [1.1] SOURCE_CONTRACT          COMPLETED         1 / 1         100.0% batches=1
2026-08-24T23:42:09.4220779-05:00 [PHASE4B]       [1.2] PART_REFERENCES          PENDING           0 / 1           0.0% batches=0
2026-08-24T23:42:09.4230781-05:00 [PHASE4B]       [1.3] COLOR_REFERENCES         PENDING           0 / 1           0.0% batches=0
2026-08-24T23:42:09.4230781-05:00 [PHASE4B]       [1.4] ELEMENT_IDENTIFIERS      PENDING           0 / 1           0.0% batches=0
2026-08-24T23:42:09.4240778-05:00 [PHASE4B] 
2026-08-24T23:42:09.4240778-05:00 [PHASE4B] [2/5] P4B_VARIANTS
2026-08-24T23:42:09.4250779-05:00 [PHASE4B]       [2.1] PART_COLOR_VARIANTS      PENDING           0 / 113,831     0.0% batches=0
2026-08-24T23:42:09.4260779-05:00 [PHASE4B] 
2026-08-24T23:42:09.4260779-05:00 [PHASE4B] [3/5] P4B_ELEMENTS
2026-08-24T23:42:09.4270779-05:00 [PHASE4B]       [3.1] LEGO_ELEMENTS            PENDING           0 / 113,831     0.0% batches=0
2026-08-24T23:42:09.4280779-05:00 [PHASE4B]       [3.2] EXTERNAL_IDENTIFIERS     PENDING           0 / 113,831     0.0% batches=0
2026-08-24T23:42:09.4290779-05:00 [PHASE4B] 
2026-08-24T23:42:09.4290779-05:00 [PHASE4B] [4/5] P4B_SOURCE_PRESENCE
2026-08-24T23:42:09.4300786-05:00 [PHASE4B]       [4.1] ELEMENTS                 PENDING           0 / 1           0.0% batches=0
2026-08-24T23:42:09.4310779-05:00 [PHASE4B] 
2026-08-24T23:42:09.4310779-05:00 [PHASE4B] [5/5] P4B_FINALIZE
2026-08-24T23:42:09.4320778-05:00 [PHASE4B]       [5.1] VERIFY_COUNTS            PENDING           0 / 1           0.0% batches=0
2026-08-24T23:42:09.4330779-05:00 [PHASE4B]       [5.2] COMPLETE_RUN             PENDING           0 / 1           0.0% batches=0
2026-08-24T23:42:09.4330779-05:00 [PHASE4B] 
2026-08-24T23:42:09.4340782-05:00 [PHASE4B] [RUN] [1.2] P4B_VALIDATE / PART_REFERENCES 0/1 (  0.0%) batch=1
2026-08-24T23:42:09.4430799-05:00 [PHASE4B] [OK ] [1.2] PART_REFERENCES: 1/1 (100.0%) batches=1 elapsed=0.05s
2026-08-24T23:42:09.4440804-05:00 [PHASE4B] 
2026-08-24T23:42:09.4450805-05:00 [PHASE4B] -------------------------------------------------------------------------------
2026-08-24T23:42:09.4460794-05:00 [PHASE4B]  Durable Phase 4B checkpoint status
2026-08-24T23:42:09.4460794-05:00 [PHASE4B] -------------------------------------------------------------------------------
2026-08-24T23:42:09.4470804-05:00 [PHASE4B] 
2026-08-24T23:42:09.4480802-05:00 [PHASE4B] [1/5] P4B_VALIDATE
2026-08-24T23:42:09.4480802-05:00 [PHASE4B]       [1.1] SOURCE_CONTRACT          COMPLETED         1 / 1         100.0% batches=1
2026-08-24T23:42:09.4490780-05:00 [PHASE4B]       [1.2] PART_REFERENCES          COMPLETED         1 / 1         100.0% batches=1
2026-08-24T23:42:09.4500778-05:00 [PHASE4B]       [1.3] COLOR_REFERENCES         PENDING           0 / 1           0.0% batches=0
2026-08-24T23:42:09.4500778-05:00 [PHASE4B]       [1.4] ELEMENT_IDENTIFIERS      PENDING           0 / 1           0.0% batches=0
2026-08-24T23:42:09.4510778-05:00 [PHASE4B] 
2026-08-24T23:42:09.4520778-05:00 [PHASE4B] [2/5] P4B_VARIANTS
2026-08-24T23:42:09.4520778-05:00 [PHASE4B]       [2.1] PART_COLOR_VARIANTS      PENDING           0 / 113,831     0.0% batches=0
2026-08-24T23:42:09.4530779-05:00 [PHASE4B] 
2026-08-24T23:42:09.4540777-05:00 [PHASE4B] [3/5] P4B_ELEMENTS
2026-08-24T23:42:09.4540777-05:00 [PHASE4B]       [3.1] LEGO_ELEMENTS            PENDING           0 / 113,831     0.0% batches=0
2026-08-24T23:42:09.4550777-05:00 [PHASE4B]       [3.2] EXTERNAL_IDENTIFIERS     PENDING           0 / 113,831     0.0% batches=0
2026-08-24T23:42:09.4560778-05:00 [PHASE4B] 
2026-08-24T23:42:09.4570778-05:00 [PHASE4B] [4/5] P4B_SOURCE_PRESENCE
2026-08-24T23:42:09.4570778-05:00 [PHASE4B]       [4.1] ELEMENTS                 PENDING           0 / 1           0.0% batches=0
2026-08-24T23:42:09.4580778-05:00 [PHASE4B] 
2026-08-24T23:42:09.4590777-05:00 [PHASE4B] [5/5] P4B_FINALIZE
2026-08-24T23:42:09.4600778-05:00 [PHASE4B]       [5.1] VERIFY_COUNTS            PENDING           0 / 1           0.0% batches=0
2026-08-24T23:42:09.4600778-05:00 [PHASE4B]       [5.2] COMPLETE_RUN             PENDING           0 / 1           0.0% batches=0
2026-08-24T23:42:09.4610778-05:00 [PHASE4B] 
2026-08-24T23:42:09.4620811-05:00 [PHASE4B] [RUN] [1.3] P4B_VALIDATE / COLOR_REFERENCES 0/1 (  0.0%) batch=1
2026-08-24T23:42:09.6350808-05:00 [PHASE4B] [OK ] [1.3] COLOR_REFERENCES: 1/1 (100.0%) batches=1 elapsed=0.19s
2026-08-24T23:42:09.6360795-05:00 [PHASE4B] 
2026-08-24T23:42:09.6370789-05:00 [PHASE4B] -------------------------------------------------------------------------------
2026-08-24T23:42:09.6370789-05:00 [PHASE4B]  Durable Phase 4B checkpoint status
2026-08-24T23:42:09.6380811-05:00 [PHASE4B] -------------------------------------------------------------------------------
2026-08-24T23:42:09.6390793-05:00 [PHASE4B] 
2026-08-24T23:42:09.6390793-05:00 [PHASE4B] [1/5] P4B_VALIDATE
2026-08-24T23:42:09.6400780-05:00 [PHASE4B]       [1.1] SOURCE_CONTRACT          COMPLETED         1 / 1         100.0% batches=1
2026-08-24T23:42:09.6410785-05:00 [PHASE4B]       [1.2] PART_REFERENCES          COMPLETED         1 / 1         100.0% batches=1
2026-08-24T23:42:09.6420793-05:00 [PHASE4B]       [1.3] COLOR_REFERENCES         COMPLETED         1 / 1         100.0% batches=1
2026-08-24T23:42:09.6420793-05:00 [PHASE4B]       [1.4] ELEMENT_IDENTIFIERS      PENDING           0 / 1           0.0% batches=0
2026-08-24T23:42:09.6430800-05:00 [PHASE4B] 
2026-08-24T23:42:09.6440800-05:00 [PHASE4B] [2/5] P4B_VARIANTS
2026-08-24T23:42:09.6450799-05:00 [PHASE4B]       [2.1] PART_COLOR_VARIANTS      PENDING           0 / 113,831     0.0% batches=0
2026-08-24T23:42:09.6450799-05:00 [PHASE4B] 
2026-08-24T23:42:09.6460781-05:00 [PHASE4B] [3/5] P4B_ELEMENTS
2026-08-24T23:42:09.6470779-05:00 [PHASE4B]       [3.1] LEGO_ELEMENTS            PENDING           0 / 113,831     0.0% batches=0
2026-08-24T23:42:09.6480781-05:00 [PHASE4B]       [3.2] EXTERNAL_IDENTIFIERS     PENDING           0 / 113,831     0.0% batches=0
2026-08-24T23:42:09.6480781-05:00 [PHASE4B] 
2026-08-24T23:42:09.6490779-05:00 [PHASE4B] [4/5] P4B_SOURCE_PRESENCE
2026-08-24T23:42:09.6500799-05:00 [PHASE4B]       [4.1] ELEMENTS                 PENDING           0 / 1           0.0% batches=0
2026-08-24T23:42:09.6510786-05:00 [PHASE4B] 
2026-08-24T23:42:09.6510786-05:00 [PHASE4B] [5/5] P4B_FINALIZE
2026-08-24T23:42:09.6520786-05:00 [PHASE4B]       [5.1] VERIFY_COUNTS            PENDING           0 / 1           0.0% batches=0
2026-08-24T23:42:09.6530796-05:00 [PHASE4B]       [5.2] COMPLETE_RUN             PENDING           0 / 1           0.0% batches=0
2026-08-24T23:42:09.6530796-05:00 [PHASE4B] 
2026-08-24T23:42:09.6540781-05:00 [PHASE4B] [RUN] [1.4] P4B_VALIDATE / ELEMENT_IDENTIFIERS 0/1 (  0.0%) batch=1
2026-08-24T23:42:09.8200792-05:00 [PHASE4B] [OK ] [1.4] ELEMENT_IDENTIFIERS: 1/1 (100.0%) batches=1 elapsed=0.18s
2026-08-24T23:42:09.8210797-05:00 [PHASE4B] 
2026-08-24T23:42:09.8220790-05:00 [PHASE4B] -------------------------------------------------------------------------------
2026-08-24T23:42:09.8220790-05:00 [PHASE4B]  Durable Phase 4B checkpoint status
2026-08-24T23:42:09.8230817-05:00 [PHASE4B] -------------------------------------------------------------------------------
2026-08-24T23:42:09.8240801-05:00 [PHASE4B] 
2026-08-24T23:42:09.8250792-05:00 [PHASE4B] [1/5] P4B_VALIDATE
2026-08-24T23:42:09.8250792-05:00 [PHASE4B]       [1.1] SOURCE_CONTRACT          COMPLETED         1 / 1         100.0% batches=1
2026-08-24T23:42:09.8260803-05:00 [PHASE4B]       [1.2] PART_REFERENCES          COMPLETED         1 / 1         100.0% batches=1
2026-08-24T23:42:09.8270805-05:00 [PHASE4B]       [1.3] COLOR_REFERENCES         COMPLETED         1 / 1         100.0% batches=1
2026-08-24T23:42:09.8280793-05:00 [PHASE4B]       [1.4] ELEMENT_IDENTIFIERS      COMPLETED         1 / 1         100.0% batches=1
2026-08-24T23:42:09.8280793-05:00 [PHASE4B] 
2026-08-24T23:42:09.8290802-05:00 [PHASE4B] [2/5] P4B_VARIANTS
2026-08-24T23:42:09.8300795-05:00 [PHASE4B]       [2.1] PART_COLOR_VARIANTS      PENDING           0 / 113,831     0.0% batches=0
2026-08-24T23:42:09.8300795-05:00 [PHASE4B] 
2026-08-24T23:42:09.8310793-05:00 [PHASE4B] [3/5] P4B_ELEMENTS
2026-08-24T23:42:09.8320798-05:00 [PHASE4B]       [3.1] LEGO_ELEMENTS            PENDING           0 / 113,831     0.0% batches=0
2026-08-24T23:42:09.8320798-05:00 [PHASE4B]       [3.2] EXTERNAL_IDENTIFIERS     PENDING           0 / 113,831     0.0% batches=0
2026-08-24T23:42:09.8330790-05:00 [PHASE4B] 
2026-08-24T23:42:09.8340786-05:00 [PHASE4B] [4/5] P4B_SOURCE_PRESENCE
2026-08-24T23:42:09.8340786-05:00 [PHASE4B]       [4.1] ELEMENTS                 PENDING           0 / 1           0.0% batches=0
2026-08-24T23:42:09.8350795-05:00 [PHASE4B] 
2026-08-24T23:42:09.8360796-05:00 [PHASE4B] [5/5] P4B_FINALIZE
2026-08-24T23:42:09.8370794-05:00 [PHASE4B]       [5.1] VERIFY_COUNTS            PENDING           0 / 1           0.0% batches=0
2026-08-24T23:42:09.8370794-05:00 [PHASE4B]       [5.2] COMPLETE_RUN             PENDING           0 / 1           0.0% batches=0
2026-08-24T23:42:09.8380798-05:00 [PHASE4B] 
2026-08-24T23:42:09.8390794-05:00 [PHASE4B] [RUN] [2.1] P4B_VARIANTS / PART_COLOR_VARIANTS 0/113,831 (  0.0%) batch=1
2026-08-24T23:42:10.1396962-05:00 [PHASE4B] [OK ] [2.1] PART_COLOR_VARIANTS: 5,000/113,831 (4.4%) batches=1 elapsed=0.32s
2026-08-24T23:42:10.1406971-05:00 [PHASE4B] [RUN] [2.1] P4B_VARIANTS / PART_COLOR_VARIANTS 5,000/113,831 (  4.4%) batch=2
2026-08-24T23:42:10.2976978-05:00 [PHASE4B] [OK ] [2.1] PART_COLOR_VARIANTS: 10,000/113,831 (8.8%) batches=2 elapsed=0.16s
2026-08-24T23:42:10.2986974-05:00 [PHASE4B] [RUN] [2.1] P4B_VARIANTS / PART_COLOR_VARIANTS 10,000/113,831 (  8.8%) batch=3
2026-08-24T23:42:10.4423378-05:00 [PHASE4B] [OK ] [2.1] PART_COLOR_VARIANTS: 15,000/113,831 (13.2%) batches=3 elapsed=0.14s
2026-08-24T23:42:10.4443380-05:00 [PHASE4B] [RUN] [2.1] P4B_VARIANTS / PART_COLOR_VARIANTS 15,000/113,831 ( 13.2%) batch=4
2026-08-24T23:42:10.5833394-05:00 [PHASE4B] [OK ] [2.1] PART_COLOR_VARIANTS: 20,000/113,831 (17.6%) batches=4 elapsed=0.14s
2026-08-24T23:42:10.5843380-05:00 [PHASE4B] [RUN] [2.1] P4B_VARIANTS / PART_COLOR_VARIANTS 20,000/113,831 ( 17.6%) batch=5
2026-08-24T23:42:10.7313388-05:00 [PHASE4B] [OK ] [2.1] PART_COLOR_VARIANTS: 25,000/113,831 (22.0%) batches=5 elapsed=0.15s
2026-08-24T23:42:10.7323378-05:00 [PHASE4B] [RUN] [2.1] P4B_VARIANTS / PART_COLOR_VARIANTS 25,000/113,831 ( 22.0%) batch=6
2026-08-24T23:42:10.8613379-05:00 [PHASE4B] [OK ] [2.1] PART_COLOR_VARIANTS: 30,000/113,831 (26.4%) batches=6 elapsed=0.13s
2026-08-24T23:42:10.8623378-05:00 [PHASE4B] [RUN] [2.1] P4B_VARIANTS / PART_COLOR_VARIANTS 30,000/113,831 ( 26.4%) batch=7
2026-08-24T23:42:10.9903377-05:00 [PHASE4B] [OK ] [2.1] PART_COLOR_VARIANTS: 35,000/113,831 (30.7%) batches=7 elapsed=0.13s
2026-08-24T23:42:10.9913384-05:00 [PHASE4B] [RUN] [2.1] P4B_VARIANTS / PART_COLOR_VARIANTS 35,000/113,831 ( 30.7%) batch=8
2026-08-24T23:42:11.1123381-05:00 [PHASE4B] [OK ] [2.1] PART_COLOR_VARIANTS: 40,000/113,831 (35.1%) batches=8 elapsed=0.12s
2026-08-24T23:42:11.1133381-05:00 [PHASE4B] [RUN] [2.1] P4B_VARIANTS / PART_COLOR_VARIANTS 40,000/113,831 ( 35.1%) batch=9
2026-08-24T23:42:11.2173401-05:00 [PHASE4B] [OK ] [2.1] PART_COLOR_VARIANTS: 45,000/113,831 (39.5%) batches=9 elapsed=0.10s
2026-08-24T23:42:11.2183384-05:00 [PHASE4B] [RUN] [2.1] P4B_VARIANTS / PART_COLOR_VARIANTS 45,000/113,831 ( 39.5%) batch=10
2026-08-24T23:42:11.3429106-05:00 [PHASE4B] [OK ] [2.1] PART_COLOR_VARIANTS: 50,000/113,831 (43.9%) batches=10 elapsed=0.13s
2026-08-24T23:42:11.3449114-05:00 [PHASE4B] [RUN] [2.1] P4B_VARIANTS / PART_COLOR_VARIANTS 50,000/113,831 ( 43.9%) batch=11
2026-08-24T23:42:11.4669119-05:00 [PHASE4B] [OK ] [2.1] PART_COLOR_VARIANTS: 55,000/113,831 (48.3%) batches=11 elapsed=0.12s
2026-08-24T23:42:11.4679111-05:00 [PHASE4B] [RUN] [2.1] P4B_VARIANTS / PART_COLOR_VARIANTS 55,000/113,831 ( 48.3%) batch=12
2026-08-24T23:42:11.5929124-05:00 [PHASE4B] [OK ] [2.1] PART_COLOR_VARIANTS: 60,000/113,831 (52.7%) batches=12 elapsed=0.13s
2026-08-24T23:42:11.5939145-05:00 [PHASE4B] [RUN] [2.1] P4B_VARIANTS / PART_COLOR_VARIANTS 60,000/113,831 ( 52.7%) batch=13
2026-08-24T23:42:11.7409120-05:00 [PHASE4B] [OK ] [2.1] PART_COLOR_VARIANTS: 65,000/113,831 (57.1%) batches=13 elapsed=0.15s
2026-08-24T23:42:11.7419112-05:00 [PHASE4B] [RUN] [2.1] P4B_VARIANTS / PART_COLOR_VARIANTS 65,000/113,831 ( 57.1%) batch=14
2026-08-24T23:42:11.8829304-05:00 [PHASE4B] [OK ] [2.1] PART_COLOR_VARIANTS: 70,000/113,831 (61.5%) batches=14 elapsed=0.14s
2026-08-24T23:42:11.8839307-05:00 [PHASE4B] [RUN] [2.1] P4B_VARIANTS / PART_COLOR_VARIANTS 70,000/113,831 ( 61.5%) batch=15
2026-08-24T23:42:12.0169334-05:00 [PHASE4B] [OK ] [2.1] PART_COLOR_VARIANTS: 75,000/113,831 (65.9%) batches=15 elapsed=0.13s
2026-08-24T23:42:12.0179313-05:00 [PHASE4B] [RUN] [2.1] P4B_VARIANTS / PART_COLOR_VARIANTS 75,000/113,831 ( 65.9%) batch=16
2026-08-24T23:42:12.1539310-05:00 [PHASE4B] [OK ] [2.1] PART_COLOR_VARIANTS: 80,000/113,831 (70.3%) batches=16 elapsed=0.14s
2026-08-24T23:42:12.1549307-05:00 [PHASE4B] [RUN] [2.1] P4B_VARIANTS / PART_COLOR_VARIANTS 80,000/113,831 ( 70.3%) batch=17
2026-08-24T23:42:12.2949344-05:00 [PHASE4B] [OK ] [2.1] PART_COLOR_VARIANTS: 85,000/113,831 (74.7%) batches=17 elapsed=0.14s
2026-08-24T23:42:12.2959313-05:00 [PHASE4B] [RUN] [2.1] P4B_VARIANTS / PART_COLOR_VARIANTS 85,000/113,831 ( 74.7%) batch=18
2026-08-24T23:42:12.4361683-05:00 [PHASE4B] [OK ] [2.1] PART_COLOR_VARIANTS: 90,000/113,831 (79.1%) batches=18 elapsed=0.14s
2026-08-24T23:42:12.4371691-05:00 [PHASE4B] [RUN] [2.1] P4B_VARIANTS / PART_COLOR_VARIANTS 90,000/113,831 ( 79.1%) batch=19
2026-08-24T23:42:12.5831679-05:00 [PHASE4B] [OK ] [2.1] PART_COLOR_VARIANTS: 95,000/113,831 (83.5%) batches=19 elapsed=0.15s
2026-08-24T23:42:12.5841679-05:00 [PHASE4B] [RUN] [2.1] P4B_VARIANTS / PART_COLOR_VARIANTS 95,000/113,831 ( 83.5%) batch=20
2026-08-24T23:42:12.7211686-05:00 [PHASE4B] [OK ] [2.1] PART_COLOR_VARIANTS: 100,000/113,831 (87.8%) batches=20 elapsed=0.14s
2026-08-24T23:42:12.7221705-05:00 [PHASE4B] [RUN] [2.1] P4B_VARIANTS / PART_COLOR_VARIANTS 100,000/113,831 ( 87.8%) batch=21
2026-08-24T23:42:12.8685147-05:00 [PHASE4B] [OK ] [2.1] PART_COLOR_VARIANTS: 105,000/113,831 (92.2%) batches=21 elapsed=0.15s
2026-08-24T23:42:12.8695154-05:00 [PHASE4B] [RUN] [2.1] P4B_VARIANTS / PART_COLOR_VARIANTS 105,000/113,831 ( 92.2%) batch=22
2026-08-24T23:42:13.0141551-05:00 [PHASE4B] [OK ] [2.1] PART_COLOR_VARIANTS: 110,000/113,831 (96.6%) batches=22 elapsed=0.15s
2026-08-24T23:42:13.0151556-05:00 [PHASE4B] [RUN] [2.1] P4B_VARIANTS / PART_COLOR_VARIANTS 110,000/113,831 ( 96.6%) batch=23
2026-08-24T23:42:13.1361694-05:00 [PHASE4B] [OK ] [2.1] PART_COLOR_VARIANTS: 113,831/113,831 (100.0%) batches=23 elapsed=0.12s
2026-08-24T23:42:13.1371704-05:00 [PHASE4B] 
2026-08-24T23:42:13.1381705-05:00 [PHASE4B] -------------------------------------------------------------------------------
2026-08-24T23:42:13.1381705-05:00 [PHASE4B]  Durable Phase 4B checkpoint status
2026-08-24T23:42:13.1391730-05:00 [PHASE4B] -------------------------------------------------------------------------------
2026-08-24T23:42:13.1401694-05:00 [PHASE4B] 
2026-08-24T23:42:13.1411689-05:00 [PHASE4B] [1/5] P4B_VALIDATE
2026-08-24T23:42:13.1411689-05:00 [PHASE4B]       [1.1] SOURCE_CONTRACT          COMPLETED         1 / 1         100.0% batches=1
2026-08-24T23:42:13.1421690-05:00 [PHASE4B]       [1.2] PART_REFERENCES          COMPLETED         1 / 1         100.0% batches=1
2026-08-24T23:42:13.1431694-05:00 [PHASE4B]       [1.3] COLOR_REFERENCES         COMPLETED         1 / 1         100.0% batches=1
2026-08-24T23:42:13.1431694-05:00 [PHASE4B]       [1.4] ELEMENT_IDENTIFIERS      COMPLETED         1 / 1         100.0% batches=1
2026-08-24T23:42:13.1441684-05:00 [PHASE4B] 
2026-08-24T23:42:13.1451704-05:00 [PHASE4B] [2/5] P4B_VARIANTS
2026-08-24T23:42:13.1451704-05:00 [PHASE4B]       [2.1] PART_COLOR_VARIANTS      COMPLETED   113,831 / 113,831   100.0% batches=23
2026-08-24T23:42:13.1461687-05:00 [PHASE4B] 
2026-08-24T23:42:13.1471695-05:00 [PHASE4B] [3/5] P4B_ELEMENTS
2026-08-24T23:42:13.1471695-05:00 [PHASE4B]       [3.1] LEGO_ELEMENTS            PENDING           0 / 113,831     0.0% batches=0
2026-08-24T23:42:13.1481688-05:00 [PHASE4B]       [3.2] EXTERNAL_IDENTIFIERS     PENDING           0 / 113,831     0.0% batches=0
2026-08-24T23:42:13.1491695-05:00 [PHASE4B] 
2026-08-24T23:42:13.1491695-05:00 [PHASE4B] [4/5] P4B_SOURCE_PRESENCE
2026-08-24T23:42:13.1501710-05:00 [PHASE4B]       [4.1] ELEMENTS                 PENDING           0 / 1           0.0% batches=0
2026-08-24T23:42:13.1511695-05:00 [PHASE4B] 
2026-08-24T23:42:13.1511695-05:00 [PHASE4B] [5/5] P4B_FINALIZE
2026-08-24T23:42:13.1521694-05:00 [PHASE4B]       [5.1] VERIFY_COUNTS            PENDING           0 / 1           0.0% batches=0
2026-08-24T23:42:13.1531689-05:00 [PHASE4B]       [5.2] COMPLETE_RUN             PENDING           0 / 1           0.0% batches=0
2026-08-24T23:42:13.1531689-05:00 [PHASE4B] 
2026-08-24T23:42:13.1541693-05:00 [PHASE4B] [RUN] [3.1] P4B_ELEMENTS / LEGO_ELEMENTS 0/113,831 (  0.0%) batch=1
2026-08-24T23:42:13.2899651-05:00 [PHASE4B] [OK ] [3.1] LEGO_ELEMENTS: 5,000/113,831 (4.4%) batches=1 elapsed=0.15s
2026-08-24T23:42:13.2919666-05:00 [PHASE4B] [RUN] [3.1] P4B_ELEMENTS / LEGO_ELEMENTS 5,000/113,831 (  4.4%) batch=2
2026-08-24T23:42:13.4461739-05:00 [PHASE4B] [OK ] [3.1] LEGO_ELEMENTS: 10,000/113,831 (8.8%) batches=2 elapsed=0.16s
2026-08-24T23:42:13.4481786-05:00 [PHASE4B] [RUN] [3.1] P4B_ELEMENTS / LEGO_ELEMENTS 10,000/113,831 (  8.8%) batch=3
2026-08-24T23:42:13.6035286-05:00 [PHASE4B] [OK ] [3.1] LEGO_ELEMENTS: 15,000/113,831 (13.2%) batches=3 elapsed=0.16s
2026-08-24T23:42:13.6045305-05:00 [PHASE4B] [RUN] [3.1] P4B_ELEMENTS / LEGO_ELEMENTS 15,000/113,831 ( 13.2%) batch=4
2026-08-24T23:42:13.7415306-05:00 [PHASE4B] [OK ] [3.1] LEGO_ELEMENTS: 20,000/113,831 (17.6%) batches=4 elapsed=0.14s
2026-08-24T23:42:13.7425298-05:00 [PHASE4B] [RUN] [3.1] P4B_ELEMENTS / LEGO_ELEMENTS 20,000/113,831 ( 17.6%) batch=5
2026-08-24T23:42:13.8865413-05:00 [PHASE4B] [OK ] [3.1] LEGO_ELEMENTS: 25,000/113,831 (22.0%) batches=5 elapsed=0.15s
2026-08-24T23:42:13.8885426-05:00 [PHASE4B] [RUN] [3.1] P4B_ELEMENTS / LEGO_ELEMENTS 25,000/113,831 ( 22.0%) batch=6
2026-08-24T23:42:14.0355451-05:00 [PHASE4B] [OK ] [3.1] LEGO_ELEMENTS: 30,000/113,831 (26.4%) batches=6 elapsed=0.15s
2026-08-24T23:42:14.0365441-05:00 [PHASE4B] [RUN] [3.1] P4B_ELEMENTS / LEGO_ELEMENTS 30,000/113,831 ( 26.4%) batch=7
2026-08-24T23:42:14.1825417-05:00 [PHASE4B] [OK ] [3.1] LEGO_ELEMENTS: 35,000/113,831 (30.7%) batches=7 elapsed=0.15s
2026-08-24T23:42:14.1835421-05:00 [PHASE4B] [RUN] [3.1] P4B_ELEMENTS / LEGO_ELEMENTS 35,000/113,831 ( 30.7%) batch=8
2026-08-24T23:42:14.3325412-05:00 [PHASE4B] [OK ] [3.1] LEGO_ELEMENTS: 40,000/113,831 (35.1%) batches=8 elapsed=0.15s
2026-08-24T23:42:14.3335432-05:00 [PHASE4B] [RUN] [3.1] P4B_ELEMENTS / LEGO_ELEMENTS 40,000/113,831 ( 35.1%) batch=9
2026-08-24T23:42:14.4829881-05:00 [PHASE4B] [OK ] [3.1] LEGO_ELEMENTS: 45,000/113,831 (39.5%) batches=9 elapsed=0.15s
2026-08-24T23:42:14.4839954-05:00 [PHASE4B] [RUN] [3.1] P4B_ELEMENTS / LEGO_ELEMENTS 45,000/113,831 ( 39.5%) batch=10
2026-08-24T23:42:14.6239874-05:00 [PHASE4B] [OK ] [3.1] LEGO_ELEMENTS: 50,000/113,831 (43.9%) batches=10 elapsed=0.14s
2026-08-24T23:42:14.6249873-05:00 [PHASE4B] [RUN] [3.1] P4B_ELEMENTS / LEGO_ELEMENTS 50,000/113,831 ( 43.9%) batch=11
2026-08-24T23:42:14.7755148-05:00 [PHASE4B] [OK ] [3.1] LEGO_ELEMENTS: 55,000/113,831 (48.3%) batches=11 elapsed=0.15s
2026-08-24T23:42:14.7775147-05:00 [PHASE4B] [RUN] [3.1] P4B_ELEMENTS / LEGO_ELEMENTS 55,000/113,831 ( 48.3%) batch=12
2026-08-24T23:42:14.9235151-05:00 [PHASE4B] [OK ] [3.1] LEGO_ELEMENTS: 60,000/113,831 (52.7%) batches=12 elapsed=0.15s
2026-08-24T23:42:14.9245151-05:00 [PHASE4B] [RUN] [3.1] P4B_ELEMENTS / LEGO_ELEMENTS 60,000/113,831 ( 52.7%) batch=13
2026-08-24T23:42:15.0865315-05:00 [PHASE4B] [OK ] [3.1] LEGO_ELEMENTS: 65,000/113,831 (57.1%) batches=13 elapsed=0.16s
2026-08-24T23:42:15.0875328-05:00 [PHASE4B] [RUN] [3.1] P4B_ELEMENTS / LEGO_ELEMENTS 65,000/113,831 ( 57.1%) batch=14
2026-08-24T23:42:15.2421503-05:00 [PHASE4B] [OK ] [3.1] LEGO_ELEMENTS: 70,000/113,831 (61.5%) batches=14 elapsed=0.16s
2026-08-24T23:42:15.2441929-05:00 [PHASE4B] [RUN] [3.1] P4B_ELEMENTS / LEGO_ELEMENTS 70,000/113,831 ( 61.5%) batch=15
2026-08-24T23:42:15.3982788-05:00 [PHASE4B] [OK ] [3.1] LEGO_ELEMENTS: 75,000/113,831 (65.9%) batches=15 elapsed=0.15s
2026-08-24T23:42:15.3992811-05:00 [PHASE4B] [RUN] [3.1] P4B_ELEMENTS / LEGO_ELEMENTS 75,000/113,831 ( 65.9%) batch=16
2026-08-24T23:42:15.5522790-05:00 [PHASE4B] [OK ] [3.1] LEGO_ELEMENTS: 80,000/113,831 (70.3%) batches=16 elapsed=0.15s
2026-08-24T23:42:15.5532779-05:00 [PHASE4B] [RUN] [3.1] P4B_ELEMENTS / LEGO_ELEMENTS 80,000/113,831 ( 70.3%) batch=17
2026-08-24T23:42:15.7122793-05:00 [PHASE4B] [OK ] [3.1] LEGO_ELEMENTS: 85,000/113,831 (74.7%) batches=17 elapsed=0.16s
2026-08-24T23:42:15.7132781-05:00 [PHASE4B] [RUN] [3.1] P4B_ELEMENTS / LEGO_ELEMENTS 85,000/113,831 ( 74.7%) batch=18
2026-08-24T23:42:15.8612784-05:00 [PHASE4B] [OK ] [3.1] LEGO_ELEMENTS: 90,000/113,831 (79.1%) batches=18 elapsed=0.15s
2026-08-24T23:42:15.8622782-05:00 [PHASE4B] [RUN] [3.1] P4B_ELEMENTS / LEGO_ELEMENTS 90,000/113,831 ( 79.1%) batch=19
2026-08-24T23:42:16.0152788-05:00 [PHASE4B] [OK ] [3.1] LEGO_ELEMENTS: 95,000/113,831 (83.5%) batches=19 elapsed=0.15s
2026-08-24T23:42:16.0162781-05:00 [PHASE4B] [RUN] [3.1] P4B_ELEMENTS / LEGO_ELEMENTS 95,000/113,831 ( 83.5%) batch=20
2026-08-24T23:42:16.1642782-05:00 [PHASE4B] [OK ] [3.1] LEGO_ELEMENTS: 100,000/113,831 (87.8%) batches=20 elapsed=0.15s
2026-08-24T23:42:16.1652790-05:00 [PHASE4B] [RUN] [3.1] P4B_ELEMENTS / LEGO_ELEMENTS 100,000/113,831 ( 87.8%) batch=21
2026-08-24T23:42:16.3268294-05:00 [PHASE4B] [OK ] [3.1] LEGO_ELEMENTS: 105,000/113,831 (92.2%) batches=21 elapsed=0.16s
2026-08-24T23:42:16.3278276-05:00 [PHASE4B] [RUN] [3.1] P4B_ELEMENTS / LEGO_ELEMENTS 105,000/113,831 ( 92.2%) batch=22
2026-08-24T23:42:16.4703433-05:00 [PHASE4B] [OK ] [3.1] LEGO_ELEMENTS: 110,000/113,831 (96.6%) batches=22 elapsed=0.14s
2026-08-24T23:42:16.4713409-05:00 [PHASE4B] [RUN] [3.1] P4B_ELEMENTS / LEGO_ELEMENTS 110,000/113,831 ( 96.6%) batch=23
2026-08-24T23:42:16.5903398-05:00 [PHASE4B] [OK ] [3.1] LEGO_ELEMENTS: 113,831/113,831 (100.0%) batches=23 elapsed=0.12s
2026-08-24T23:42:16.5913401-05:00 [PHASE4B] 
2026-08-24T23:42:16.5923405-05:00 [PHASE4B] -------------------------------------------------------------------------------
2026-08-24T23:42:16.5933410-05:00 [PHASE4B]  Durable Phase 4B checkpoint status
2026-08-24T23:42:16.5933410-05:00 [PHASE4B] -------------------------------------------------------------------------------
2026-08-24T23:42:16.5943435-05:00 [PHASE4B] 
2026-08-24T23:42:16.5953400-05:00 [PHASE4B] [1/5] P4B_VALIDATE
2026-08-24T23:42:16.5953400-05:00 [PHASE4B]       [1.1] SOURCE_CONTRACT          COMPLETED         1 / 1         100.0% batches=1
2026-08-24T23:42:16.5963404-05:00 [PHASE4B]       [1.2] PART_REFERENCES          COMPLETED         1 / 1         100.0% batches=1
2026-08-24T23:42:16.5973419-05:00 [PHASE4B]       [1.3] COLOR_REFERENCES         COMPLETED         1 / 1         100.0% batches=1
2026-08-24T23:42:16.5973419-05:00 [PHASE4B]       [1.4] ELEMENT_IDENTIFIERS      COMPLETED         1 / 1         100.0% batches=1
2026-08-24T23:42:16.5983421-05:00 [PHASE4B] 
2026-08-24T23:42:16.5993405-05:00 [PHASE4B] [2/5] P4B_VARIANTS
2026-08-24T23:42:16.5993405-05:00 [PHASE4B]       [2.1] PART_COLOR_VARIANTS      COMPLETED   113,831 / 113,831   100.0% batches=23
2026-08-24T23:42:16.6003414-05:00 [PHASE4B] 
2026-08-24T23:42:16.6013428-05:00 [PHASE4B] [3/5] P4B_ELEMENTS
2026-08-24T23:42:16.6013428-05:00 [PHASE4B]       [3.1] LEGO_ELEMENTS            COMPLETED   113,831 / 113,831   100.0% batches=23
2026-08-24T23:42:16.6023423-05:00 [PHASE4B]       [3.2] EXTERNAL_IDENTIFIERS     PENDING           0 / 113,831     0.0% batches=0
2026-08-24T23:42:16.6033420-05:00 [PHASE4B] 
2026-08-24T23:42:16.6033420-05:00 [PHASE4B] [4/5] P4B_SOURCE_PRESENCE
2026-08-24T23:42:16.6043408-05:00 [PHASE4B]       [4.1] ELEMENTS                 PENDING           0 / 1           0.0% batches=0
2026-08-24T23:42:16.6053400-05:00 [PHASE4B] 
2026-08-24T23:42:16.6063416-05:00 [PHASE4B] [5/5] P4B_FINALIZE
2026-08-24T23:42:16.6063416-05:00 [PHASE4B]       [5.1] VERIFY_COUNTS            PENDING           0 / 1           0.0% batches=0
2026-08-24T23:42:16.6073399-05:00 [PHASE4B]       [5.2] COMPLETE_RUN             PENDING           0 / 1           0.0% batches=0
2026-08-24T23:42:16.6083421-05:00 [PHASE4B] 
2026-08-24T23:42:16.6083421-05:00 [PHASE4B] [RUN] [3.2] P4B_ELEMENTS / EXTERNAL_IDENTIFIERS 0/113,831 (  0.0%) batch=1
2026-08-24T23:42:16.8150701-05:00 [PHASE4B] [OK ] [3.2] EXTERNAL_IDENTIFIERS: 5,000/113,831 (4.4%) batches=1 elapsed=0.22s
2026-08-24T23:42:16.8170696-05:00 [PHASE4B] [RUN] [3.2] P4B_ELEMENTS / EXTERNAL_IDENTIFIERS 5,000/113,831 (  4.4%) batch=2
2026-08-24T23:42:17.0221333-05:00 [PHASE4B] [OK ] [3.2] EXTERNAL_IDENTIFIERS: 10,000/113,831 (8.8%) batches=2 elapsed=0.21s
2026-08-24T23:42:17.0241349-05:00 [PHASE4B] [RUN] [3.2] P4B_ELEMENTS / EXTERNAL_IDENTIFIERS 10,000/113,831 (  8.8%) batch=3
2026-08-24T23:42:17.2402756-05:00 [PHASE4B] [OK ] [3.2] EXTERNAL_IDENTIFIERS: 15,000/113,831 (13.2%) batches=3 elapsed=0.22s
2026-08-24T23:42:17.2412774-05:00 [PHASE4B] [RUN] [3.2] P4B_ELEMENTS / EXTERNAL_IDENTIFIERS 15,000/113,831 ( 13.2%) batch=4
2026-08-24T23:42:17.4534929-05:00 [PHASE4B] [OK ] [3.2] EXTERNAL_IDENTIFIERS: 20,000/113,831 (17.6%) batches=4 elapsed=0.21s
2026-08-24T23:42:17.4544936-05:00 [PHASE4B] [RUN] [3.2] P4B_ELEMENTS / EXTERNAL_IDENTIFIERS 20,000/113,831 ( 17.6%) batch=5
2026-08-24T23:42:17.6674939-05:00 [PHASE4B] [OK ] [3.2] EXTERNAL_IDENTIFIERS: 25,000/113,831 (22.0%) batches=5 elapsed=0.21s
2026-08-24T23:42:17.6684934-05:00 [PHASE4B] [RUN] [3.2] P4B_ELEMENTS / EXTERNAL_IDENTIFIERS 25,000/113,831 ( 22.0%) batch=6
2026-08-24T23:42:17.8765685-05:00 [PHASE4B] [OK ] [3.2] EXTERNAL_IDENTIFIERS: 30,000/113,831 (26.4%) batches=6 elapsed=0.21s
2026-08-24T23:42:17.8775628-05:00 [PHASE4B] [RUN] [3.2] P4B_ELEMENTS / EXTERNAL_IDENTIFIERS 30,000/113,831 ( 26.4%) batch=7
2026-08-24T23:42:18.0898094-05:00 [PHASE4B] [OK ] [3.2] EXTERNAL_IDENTIFIERS: 35,000/113,831 (30.7%) batches=7 elapsed=0.21s
2026-08-24T23:42:18.0908077-05:00 [PHASE4B] [RUN] [3.2] P4B_ELEMENTS / EXTERNAL_IDENTIFIERS 35,000/113,831 ( 30.7%) batch=8
2026-08-24T23:42:18.3107557-05:00 [PHASE4B] [OK ] [3.2] EXTERNAL_IDENTIFIERS: 40,000/113,831 (35.1%) batches=8 elapsed=0.22s
2026-08-24T23:42:18.3117554-05:00 [PHASE4B] [RUN] [3.2] P4B_ELEMENTS / EXTERNAL_IDENTIFIERS 40,000/113,831 ( 35.1%) batch=9
2026-08-24T23:42:18.5308766-05:00 [PHASE4B] [OK ] [3.2] EXTERNAL_IDENTIFIERS: 45,000/113,831 (39.5%) batches=9 elapsed=0.22s
2026-08-24T23:42:18.5318776-05:00 [PHASE4B] [RUN] [3.2] P4B_ELEMENTS / EXTERNAL_IDENTIFIERS 45,000/113,831 ( 39.5%) batch=10
2026-08-24T23:42:18.7388765-05:00 [PHASE4B] [OK ] [3.2] EXTERNAL_IDENTIFIERS: 50,000/113,831 (43.9%) batches=10 elapsed=0.21s
2026-08-24T23:42:18.7408790-05:00 [PHASE4B] [RUN] [3.2] P4B_ELEMENTS / EXTERNAL_IDENTIFIERS 50,000/113,831 ( 43.9%) batch=11
2026-08-24T23:42:18.9488772-05:00 [PHASE4B] [OK ] [3.2] EXTERNAL_IDENTIFIERS: 55,000/113,831 (48.3%) batches=11 elapsed=0.21s
2026-08-24T23:42:18.9498764-05:00 [PHASE4B] [RUN] [3.2] P4B_ELEMENTS / EXTERNAL_IDENTIFIERS 55,000/113,831 ( 48.3%) batch=12
2026-08-24T23:42:19.1508774-05:00 [PHASE4B] [OK ] [3.2] EXTERNAL_IDENTIFIERS: 60,000/113,831 (52.7%) batches=12 elapsed=0.20s
2026-08-24T23:42:19.1518781-05:00 [PHASE4B] [RUN] [3.2] P4B_ELEMENTS / EXTERNAL_IDENTIFIERS 60,000/113,831 ( 52.7%) batch=13
2026-08-24T23:42:19.3648765-05:00 [PHASE4B] [OK ] [3.2] EXTERNAL_IDENTIFIERS: 65,000/113,831 (57.1%) batches=13 elapsed=0.21s
2026-08-24T23:42:19.3658761-05:00 [PHASE4B] [RUN] [3.2] P4B_ELEMENTS / EXTERNAL_IDENTIFIERS 65,000/113,831 ( 57.1%) batch=14
2026-08-24T23:42:19.5890221-05:00 [PHASE4B] [OK ] [3.2] EXTERNAL_IDENTIFIERS: 70,000/113,831 (61.5%) batches=14 elapsed=0.22s
2026-08-24T23:42:19.5900216-05:00 [PHASE4B] [RUN] [3.2] P4B_ELEMENTS / EXTERNAL_IDENTIFIERS 70,000/113,831 ( 61.5%) batch=15
2026-08-24T23:42:19.8040219-05:00 [PHASE4B] [OK ] [3.2] EXTERNAL_IDENTIFIERS: 75,000/113,831 (65.9%) batches=15 elapsed=0.21s
2026-08-24T23:42:19.8050235-05:00 [PHASE4B] [RUN] [3.2] P4B_ELEMENTS / EXTERNAL_IDENTIFIERS 75,000/113,831 ( 65.9%) batch=16
2026-08-24T23:42:20.0437610-05:00 [PHASE4B] [OK ] [3.2] EXTERNAL_IDENTIFIERS: 80,000/113,831 (70.3%) batches=16 elapsed=0.24s
2026-08-24T23:42:20.0457609-05:00 [PHASE4B] [RUN] [3.2] P4B_ELEMENTS / EXTERNAL_IDENTIFIERS 80,000/113,831 ( 70.3%) batch=17
2026-08-24T23:42:20.2749809-05:00 [PHASE4B] [OK ] [3.2] EXTERNAL_IDENTIFIERS: 85,000/113,831 (74.7%) batches=17 elapsed=0.23s
2026-08-24T23:42:20.2759800-05:00 [PHASE4B] [RUN] [3.2] P4B_ELEMENTS / EXTERNAL_IDENTIFIERS 85,000/113,831 ( 74.7%) batch=18
2026-08-24T23:42:20.5145407-05:00 [PHASE4B] [OK ] [3.2] EXTERNAL_IDENTIFIERS: 90,000/113,831 (79.1%) batches=18 elapsed=0.24s
2026-08-24T23:42:20.5165434-05:00 [PHASE4B] [RUN] [3.2] P4B_ELEMENTS / EXTERNAL_IDENTIFIERS 90,000/113,831 ( 79.1%) batch=19
2026-08-24T23:42:20.7599805-05:00 [PHASE4B] [OK ] [3.2] EXTERNAL_IDENTIFIERS: 95,000/113,831 (83.5%) batches=19 elapsed=0.25s
2026-08-24T23:42:20.7609818-05:00 [PHASE4B] [RUN] [3.2] P4B_ELEMENTS / EXTERNAL_IDENTIFIERS 95,000/113,831 ( 83.5%) batch=20
2026-08-24T23:42:20.9856544-05:00 [PHASE4B] [OK ] [3.2] EXTERNAL_IDENTIFIERS: 100,000/113,831 (87.8%) batches=20 elapsed=0.22s
2026-08-24T23:42:20.9866544-05:00 [PHASE4B] [RUN] [3.2] P4B_ELEMENTS / EXTERNAL_IDENTIFIERS 100,000/113,831 ( 87.8%) batch=21
2026-08-24T23:42:21.2033895-05:00 [PHASE4B] [OK ] [3.2] EXTERNAL_IDENTIFIERS: 105,000/113,831 (92.2%) batches=21 elapsed=0.22s
2026-08-24T23:42:21.2043944-05:00 [PHASE4B] [RUN] [3.2] P4B_ELEMENTS / EXTERNAL_IDENTIFIERS 105,000/113,831 ( 92.2%) batch=22
2026-08-24T23:42:21.4103926-05:00 [PHASE4B] [OK ] [3.2] EXTERNAL_IDENTIFIERS: 110,000/113,831 (96.6%) batches=22 elapsed=0.21s
2026-08-24T23:42:21.4123947-05:00 [PHASE4B] [RUN] [3.2] P4B_ELEMENTS / EXTERNAL_IDENTIFIERS 110,000/113,831 ( 96.6%) batch=23
2026-08-24T23:42:21.5785626-05:00 [PHASE4B] [OK ] [3.2] EXTERNAL_IDENTIFIERS: 113,831/113,831 (100.0%) batches=23 elapsed=0.17s
2026-08-24T23:42:21.5795626-05:00 [PHASE4B] 
2026-08-24T23:42:21.5805624-05:00 [PHASE4B] -------------------------------------------------------------------------------
2026-08-24T23:42:21.5805624-05:00 [PHASE4B]  Durable Phase 4B checkpoint status
2026-08-24T23:42:21.5815625-05:00 [PHASE4B] -------------------------------------------------------------------------------
2026-08-24T23:42:21.5825625-05:00 [PHASE4B] 
2026-08-24T23:42:21.5835623-05:00 [PHASE4B] [1/5] P4B_VALIDATE
2026-08-24T23:42:21.5835623-05:00 [PHASE4B]       [1.1] SOURCE_CONTRACT          COMPLETED         1 / 1         100.0% batches=1
2026-08-24T23:42:21.5845626-05:00 [PHASE4B]       [1.2] PART_REFERENCES          COMPLETED         1 / 1         100.0% batches=1
2026-08-24T23:42:21.5855625-05:00 [PHASE4B]       [1.3] COLOR_REFERENCES         COMPLETED         1 / 1         100.0% batches=1
2026-08-24T23:42:21.5855625-05:00 [PHASE4B]       [1.4] ELEMENT_IDENTIFIERS      COMPLETED         1 / 1         100.0% batches=1
2026-08-24T23:42:21.5865626-05:00 [PHASE4B] 
2026-08-24T23:42:21.5875620-05:00 [PHASE4B] [2/5] P4B_VARIANTS
2026-08-24T23:42:21.5875620-05:00 [PHASE4B]       [2.1] PART_COLOR_VARIANTS      COMPLETED   113,831 / 113,831   100.0% batches=23
2026-08-24T23:42:21.5885629-05:00 [PHASE4B] 
2026-08-24T23:42:21.5895644-05:00 [PHASE4B] [3/5] P4B_ELEMENTS
2026-08-24T23:42:21.5905628-05:00 [PHASE4B]       [3.1] LEGO_ELEMENTS            COMPLETED   113,831 / 113,831   100.0% batches=23
2026-08-24T23:42:21.5905628-05:00 [PHASE4B]       [3.2] EXTERNAL_IDENTIFIERS     COMPLETED   113,831 / 113,831   100.0% batches=23
2026-08-24T23:42:21.5915626-05:00 [PHASE4B] 
2026-08-24T23:42:21.5925639-05:00 [PHASE4B] [4/5] P4B_SOURCE_PRESENCE
2026-08-24T23:42:21.5925639-05:00 [PHASE4B]       [4.1] ELEMENTS                 PENDING           0 / 1           0.0% batches=0
2026-08-24T23:42:21.5935623-05:00 [PHASE4B] 
2026-08-24T23:42:21.5945622-05:00 [PHASE4B] [5/5] P4B_FINALIZE
2026-08-24T23:42:21.5945622-05:00 [PHASE4B]       [5.1] VERIFY_COUNTS            PENDING           0 / 1           0.0% batches=0
2026-08-24T23:42:21.5955627-05:00 [PHASE4B]       [5.2] COMPLETE_RUN             PENDING           0 / 1           0.0% batches=0
2026-08-24T23:42:21.5965618-05:00 [PHASE4B] 
2026-08-24T23:42:21.5975639-05:00 [PHASE4B] [RUN] [4.1] P4B_SOURCE_PRESENCE / ELEMENTS 0/1 (  0.0%) batch=1
2026-08-25T00:12:47.6788151-05:00 [PHASE4B] [OK ] [4.1] ELEMENTS: 1/1 (100.0%) batches=1 elapsed=1826.10s
2026-08-25T00:12:47.6798144-05:00 [PHASE4B] 
2026-08-25T00:12:47.6808154-05:00 [PHASE4B] -------------------------------------------------------------------------------
2026-08-25T00:12:47.6818148-05:00 [PHASE4B]  Durable Phase 4B checkpoint status
2026-08-25T00:12:47.6818148-05:00 [PHASE4B] -------------------------------------------------------------------------------
2026-08-25T00:12:47.6828171-05:00 [PHASE4B] 
2026-08-25T00:12:47.6838165-05:00 [PHASE4B] [1/5] P4B_VALIDATE
2026-08-25T00:12:47.6838165-05:00 [PHASE4B]       [1.1] SOURCE_CONTRACT          COMPLETED         1 / 1         100.0% batches=1
2026-08-25T00:12:47.6848173-05:00 [PHASE4B]       [1.2] PART_REFERENCES          COMPLETED         1 / 1         100.0% batches=1
2026-08-25T00:12:47.6858159-05:00 [PHASE4B]       [1.3] COLOR_REFERENCES         COMPLETED         1 / 1         100.0% batches=1
2026-08-25T00:12:47.6868151-05:00 [PHASE4B]       [1.4] ELEMENT_IDENTIFIERS      COMPLETED         1 / 1         100.0% batches=1
2026-08-25T00:12:47.6868151-05:00 [PHASE4B] 
2026-08-25T00:12:47.6878143-05:00 [PHASE4B] [2/5] P4B_VARIANTS
2026-08-25T00:12:47.6888144-05:00 [PHASE4B]       [2.1] PART_COLOR_VARIANTS      COMPLETED   113,831 / 113,831   100.0% batches=23
2026-08-25T00:12:47.6898165-05:00 [PHASE4B] 
2026-08-25T00:12:47.6898165-05:00 [PHASE4B] [3/5] P4B_ELEMENTS
2026-08-25T00:12:47.6908167-05:00 [PHASE4B]       [3.1] LEGO_ELEMENTS            COMPLETED   113,831 / 113,831   100.0% batches=23
2026-08-25T00:12:47.6918140-05:00 [PHASE4B]       [3.2] EXTERNAL_IDENTIFIERS     COMPLETED   113,831 / 113,831   100.0% batches=23
2026-08-25T00:12:47.6918140-05:00 [PHASE4B] 
2026-08-25T00:12:47.6928142-05:00 [PHASE4B] [4/5] P4B_SOURCE_PRESENCE
2026-08-25T00:12:47.6938159-05:00 [PHASE4B]       [4.1] ELEMENTS                 COMPLETED         1 / 1         100.0% batches=1
2026-08-25T00:12:47.6948140-05:00 [PHASE4B] 
2026-08-25T00:12:47.6948140-05:00 [PHASE4B] [5/5] P4B_FINALIZE
2026-08-25T00:12:47.6958139-05:00 [PHASE4B]       [5.1] VERIFY_COUNTS            PENDING           0 / 1           0.0% batches=0
2026-08-25T00:12:47.6968145-05:00 [PHASE4B]       [5.2] COMPLETE_RUN             PENDING           0 / 1           0.0% batches=0
2026-08-25T00:12:47.6968145-05:00 [PHASE4B] 
2026-08-25T00:12:47.6978160-05:00 [PHASE4B] [RUN] [5.1] P4B_FINALIZE / VERIFY_COUNTS 0/1 (  0.0%) batch=1
2026-08-25T00:12:48.5218941-05:00 [PHASE4B] [OK ] [5.1] VERIFY_COUNTS: 1/1 (100.0%) batches=1 elapsed=0.84s
2026-08-25T00:12:48.5228952-05:00 [PHASE4B] 
2026-08-25T00:12:48.5238958-05:00 [PHASE4B] -------------------------------------------------------------------------------
2026-08-25T00:12:48.5248963-05:00 [PHASE4B]  Durable Phase 4B checkpoint status
2026-08-25T00:12:48.5258956-05:00 [PHASE4B] -------------------------------------------------------------------------------
2026-08-25T00:12:48.5268952-05:00 [PHASE4B] 
2026-08-25T00:12:48.5268952-05:00 [PHASE4B] [1/5] P4B_VALIDATE
2026-08-25T00:12:48.5278952-05:00 [PHASE4B]       [1.1] SOURCE_CONTRACT          COMPLETED         1 / 1         100.0% batches=1
2026-08-25T00:12:48.5288942-05:00 [PHASE4B]       [1.2] PART_REFERENCES          COMPLETED         1 / 1         100.0% batches=1
2026-08-25T00:12:48.5298947-05:00 [PHASE4B]       [1.3] COLOR_REFERENCES         COMPLETED         1 / 1         100.0% batches=1
2026-08-25T00:12:48.5308942-05:00 [PHASE4B]       [1.4] ELEMENT_IDENTIFIERS      COMPLETED         1 / 1         100.0% batches=1
2026-08-25T00:12:48.5318949-05:00 [PHASE4B] 
2026-08-25T00:12:48.5318949-05:00 [PHASE4B] [2/5] P4B_VARIANTS
2026-08-25T00:12:48.5328944-05:00 [PHASE4B]       [2.1] PART_COLOR_VARIANTS      COMPLETED   113,831 / 113,831   100.0% batches=23
2026-08-25T00:12:48.5338946-05:00 [PHASE4B] 
2026-08-25T00:12:48.5338946-05:00 [PHASE4B] [3/5] P4B_ELEMENTS
2026-08-25T00:12:48.5348957-05:00 [PHASE4B]       [3.1] LEGO_ELEMENTS            COMPLETED   113,831 / 113,831   100.0% batches=23
2026-08-25T00:12:48.5348957-05:00 [PHASE4B]       [3.2] EXTERNAL_IDENTIFIERS     COMPLETED   113,831 / 113,831   100.0% batches=23
2026-08-25T00:12:48.5358952-05:00 [PHASE4B] 
2026-08-25T00:12:48.5368950-05:00 [PHASE4B] [4/5] P4B_SOURCE_PRESENCE
2026-08-25T00:12:48.5378950-05:00 [PHASE4B]       [4.1] ELEMENTS                 COMPLETED         1 / 1         100.0% batches=1
2026-08-25T00:12:48.5378950-05:00 [PHASE4B] 
2026-08-25T00:12:48.5388953-05:00 [PHASE4B] [5/5] P4B_FINALIZE
2026-08-25T00:12:48.5398944-05:00 [PHASE4B]       [5.1] VERIFY_COUNTS            COMPLETED         1 / 1         100.0% batches=1
2026-08-25T00:12:48.5408943-05:00 [PHASE4B]       [5.2] COMPLETE_RUN             PENDING           0 / 1           0.0% batches=0
2026-08-25T00:12:48.5408943-05:00 [PHASE4B] 
2026-08-25T00:12:48.5418965-05:00 [PHASE4B] [RUN] [5.2] P4B_FINALIZE / COMPLETE_RUN 0/1 (  0.0%) batch=1
2026-08-25T00:12:48.5428941-05:00 [PHASE4B] [OK ] [5.2] COMPLETE_RUN: 1/1 (100.0%) batches=1 elapsed=0.00s
2026-08-25T00:12:48.5438944-05:00 [PHASE4B] 
2026-08-25T00:12:48.5438944-05:00 [PHASE4B] -------------------------------------------------------------------------------
2026-08-25T00:12:48.5448947-05:00 [PHASE4B]  Durable Phase 4B checkpoint status
2026-08-25T00:12:48.5458946-05:00 [PHASE4B] -------------------------------------------------------------------------------
2026-08-25T00:12:48.5458946-05:00 [PHASE4B] 
2026-08-25T00:12:48.5468974-05:00 [PHASE4B] [1/5] P4B_VALIDATE
2026-08-25T00:12:48.5478952-05:00 [PHASE4B]       [1.1] SOURCE_CONTRACT          COMPLETED         1 / 1         100.0% batches=1
2026-08-25T00:12:48.5478952-05:00 [PHASE4B]       [1.2] PART_REFERENCES          COMPLETED         1 / 1         100.0% batches=1
2026-08-25T00:12:48.5488945-05:00 [PHASE4B]       [1.3] COLOR_REFERENCES         COMPLETED         1 / 1         100.0% batches=1
2026-08-25T00:12:48.5498941-05:00 [PHASE4B]       [1.4] ELEMENT_IDENTIFIERS      COMPLETED         1 / 1         100.0% batches=1
2026-08-25T00:12:48.5498941-05:00 [PHASE4B] 
2026-08-25T00:12:48.5508945-05:00 [PHASE4B] [2/5] P4B_VARIANTS
2026-08-25T00:12:48.5518948-05:00 [PHASE4B]       [2.1] PART_COLOR_VARIANTS      COMPLETED   113,831 / 113,831   100.0% batches=23
2026-08-25T00:12:48.5528946-05:00 [PHASE4B] 
2026-08-25T00:12:48.5528946-05:00 [PHASE4B] [3/5] P4B_ELEMENTS
2026-08-25T00:12:48.5538949-05:00 [PHASE4B]       [3.1] LEGO_ELEMENTS            COMPLETED   113,831 / 113,831   100.0% batches=23
2026-08-25T00:12:48.5548944-05:00 [PHASE4B]       [3.2] EXTERNAL_IDENTIFIERS     COMPLETED   113,831 / 113,831   100.0% batches=23
2026-08-25T00:12:48.5548944-05:00 [PHASE4B] 
2026-08-25T00:12:48.5558955-05:00 [PHASE4B] [4/5] P4B_SOURCE_PRESENCE
2026-08-25T00:12:48.5558955-05:00 [PHASE4B]       [4.1] ELEMENTS                 COMPLETED         1 / 1         100.0% batches=1
2026-08-25T00:12:48.5568945-05:00 [PHASE4B] 
2026-08-25T00:12:48.5578969-05:00 [PHASE4B] [5/5] P4B_FINALIZE
2026-08-25T00:12:48.5578969-05:00 [PHASE4B]       [5.1] VERIFY_COUNTS            COMPLETED         1 / 1         100.0% batches=1
2026-08-25T00:12:48.5588944-05:00 [PHASE4B]       [5.2] COMPLETE_RUN             COMPLETED         1 / 1         100.0% batches=1
2026-08-25T00:12:48.5598941-05:00 [PHASE4B] 
2026-08-25T00:12:48.5598941-05:00 [PHASE4B] ==============================================================================
2026-08-25T00:12:48.5608944-05:00 [PHASE4B]  [PASS] Rebrickable Phase 4B checkpointed reconciliation completed
2026-08-25T00:12:48.5618949-05:00 [PHASE4B]  [INFO] Source run: 01a03739-b705-7f76-abc4-5c4352a4f42d
2026-08-25T00:12:48.5618949-05:00 [PHASE4B]  [INFO] Elapsed seconds: 1839.61
2026-08-25T00:12:48.5628946-05:00 [PHASE4B] ==============================================================================
2026-08-25T00:12:48.5638973-05:00 [INFO] PHASE4B process exit code=0
2026-08-25T00:12:48.5648974-05:00 [PASS] PHASE4B completed
2026-08-25T00:12:48.6258946-05:00 [PASS] Lifecycle finalized source_run_id=01a03739-b705-7f76-abc4-5c4352a4f42d
2026-08-25T00:12:48.6268939-05:00 [INFO] START PHASE5A: import_rebrickable_phase5a_inventory.py --downloads-dir L:\var\www\Brk.Trkr\brk.trkr-db\import\runtime\snapshots\initial_20260824_234043
2026-08-25T00:12:53.7121259-05:00 [PHASE5A] ==============================================================================
2026-08-25T00:12:53.7141268-05:00 [PHASE5A]  BrickTrackr Rebrickable Phase 5A - Inventory Staging v5.0.1
2026-08-25T00:12:53.7141268-05:00 [PHASE5A] ==============================================================================
2026-08-25T00:12:53.7151256-05:00 [PHASE5A] [INFO] Downloads:  L:\var\www\Brk.Trkr\brk.trkr-db\import\runtime\snapshots\initial_20260824_234043
2026-08-25T00:12:53.7161274-05:00 [PHASE5A] [INFO] COPY batch: 50,000
2026-08-25T00:12:53.7171260-05:00 [PHASE5A] 
2026-08-25T00:12:53.7171260-05:00 [PHASE5A] [VALIDATE] Source contracts and cross-file inventory references
2026-08-25T00:12:53.7181258-05:00 [PHASE5A] [PASS] inventories          rows=    47,216 sha256=a5f9c085a32d6e433397502343425062fea3587cdb87d1b671e16d1f103d7deb
2026-08-25T00:12:53.7191260-05:00 [PHASE5A] [PASS] inventory_parts      rows= 1,551,229 sha256=35e550ab6e958a25b0fc3dbe7a5f5a4651b8b770f68e4881aefb44a0f9e0c8bd
2026-08-25T00:12:53.7191260-05:00 [PHASE5A] [PASS] inventory_sets       rows=     5,176 sha256=a260844f665f5fe64675184fc01a93f78488548e51fbd7b2cc9dfdd7b7e5798b
2026-08-25T00:12:53.7201283-05:00 [PHASE5A] [PASS] inventory_minifigs   rows=    25,738 sha256=805be4a494c16fc4277f27693c503e3d2b2cbc21847f483954b244bb05109670
2026-08-25T00:12:53.7211265-05:00 [PHASE5A] [PASS] Total source rows: 1,629,359
2026-08-25T00:12:53.7221264-05:00 [PHASE5A] 
2026-08-25T00:12:53.7221264-05:00 [PHASE5A] [RUN ] Source run: 01a03755-e950-7e17-b7dd-6fb11bc8b3d6
2026-08-25T00:12:53.7231264-05:00 [PHASE5A] 
2026-08-25T00:12:53.7231264-05:00 [PHASE5A] [DATASET] inventories -> INVENTORY (47,216 rows)
2026-08-25T00:12:53.7241260-05:00 [PHASE5A] [STAGE] inventories          batch=  1     47,216/47,216 (100.0%)
2026-08-25T00:12:55.6419399-05:00 [PHASE5A] [PASS] inventories: 47,216 rows staged/validated
2026-08-25T00:12:55.6429405-05:00 [PHASE5A] 
2026-08-25T00:12:55.6439415-05:00 [PHASE5A] [DATASET] inventory_parts -> INVENTORY_PART (1,551,229 rows)
2026-08-25T00:12:55.6449416-05:00 [PHASE5A] [STAGE] inventory_parts      batch=  1     50,000/1,551,229 (  3.2%)
2026-08-25T00:12:57.3160314-05:00 [PHASE5A] [STAGE] inventory_parts      batch=  2    100,000/1,551,229 (  6.4%)
2026-08-25T00:12:59.0383376-05:00 [PHASE5A] [STAGE] inventory_parts      batch=  3    150,000/1,551,229 (  9.7%)
2026-08-25T00:13:00.8212696-05:00 [PHASE5A] [STAGE] inventory_parts      batch=  4    200,000/1,551,229 ( 12.9%)
2026-08-25T00:13:02.8948542-05:00 [PHASE5A] [STAGE] inventory_parts      batch=  5    250,000/1,551,229 ( 16.1%)
2026-08-25T00:13:04.8152806-05:00 [PHASE5A] [STAGE] inventory_parts      batch=  6    300,000/1,551,229 ( 19.3%)
2026-08-25T00:13:06.6644035-05:00 [PHASE5A] [STAGE] inventory_parts      batch=  7    350,000/1,551,229 ( 22.6%)
2026-08-25T00:13:08.5435729-05:00 [PHASE5A] [STAGE] inventory_parts      batch=  8    400,000/1,551,229 ( 25.8%)
2026-08-25T00:13:10.8310351-05:00 [PHASE5A] [STAGE] inventory_parts      batch=  9    450,000/1,551,229 ( 29.0%)
2026-08-25T00:13:12.8201988-05:00 [PHASE5A] [STAGE] inventory_parts      batch= 10    500,000/1,551,229 ( 32.2%)
2026-08-25T00:13:15.3254393-05:00 [PHASE5A] [STAGE] inventory_parts      batch= 11    550,000/1,551,229 ( 35.5%)
2026-08-25T00:13:18.0178159-05:00 [PHASE5A] [STAGE] inventory_parts      batch= 12    600,000/1,551,229 ( 38.7%)
2026-08-25T00:13:25.6931269-05:00 [PHASE5A] [STAGE] inventory_parts      batch= 13    650,000/1,551,229 ( 41.9%)
2026-08-25T00:13:27.7994913-05:00 [PHASE5A] [STAGE] inventory_parts      batch= 14    700,000/1,551,229 ( 45.1%)
2026-08-25T00:13:29.6642510-05:00 [PHASE5A] [STAGE] inventory_parts      batch= 15    750,000/1,551,229 ( 48.3%)
2026-08-25T00:13:33.1053151-05:00 [PHASE5A] [STAGE] inventory_parts      batch= 16    800,000/1,551,229 ( 51.6%)
2026-08-25T00:13:35.0238227-05:00 [PHASE5A] [STAGE] inventory_parts      batch= 17    850,000/1,551,229 ( 54.8%)
2026-08-25T00:13:37.0505799-05:00 [PHASE5A] [STAGE] inventory_parts      batch= 18    900,000/1,551,229 ( 58.0%)
2026-08-25T00:13:38.9733101-05:00 [PHASE5A] [STAGE] inventory_parts      batch= 19    950,000/1,551,229 ( 61.2%)
2026-08-25T00:13:40.9886223-05:00 [PHASE5A] [STAGE] inventory_parts      batch= 20  1,000,000/1,551,229 ( 64.5%)
2026-08-25T00:14:03.0552477-05:00 [PHASE5A] [STAGE] inventory_parts      batch= 21  1,050,000/1,551,229 ( 67.7%)
2026-08-25T00:14:04.6297523-05:00 [PHASE5A] [STAGE] inventory_parts      batch= 22  1,100,000/1,551,229 ( 70.9%)
2026-08-25T00:14:13.2628591-05:00 [PHASE5A] [STAGE] inventory_parts      batch= 23  1,150,000/1,551,229 ( 74.1%)
2026-08-25T00:14:15.3659986-05:00 [PHASE5A] [STAGE] inventory_parts      batch= 24  1,200,000/1,551,229 ( 77.4%)
2026-08-25T00:14:17.0829425-05:00 [PHASE5A] [STAGE] inventory_parts      batch= 25  1,250,000/1,551,229 ( 80.6%)
2026-08-25T00:14:18.8877305-05:00 [PHASE5A] [STAGE] inventory_parts      batch= 26  1,300,000/1,551,229 ( 83.8%)
2026-08-25T00:14:20.8358297-05:00 [PHASE5A] [STAGE] inventory_parts      batch= 27  1,350,000/1,551,229 ( 87.0%)
2026-08-25T00:14:22.6082859-05:00 [PHASE5A] [STAGE] inventory_parts      batch= 28  1,400,000/1,551,229 ( 90.3%)
2026-08-25T00:14:24.6928511-05:00 [PHASE5A] [STAGE] inventory_parts      batch= 29  1,450,000/1,551,229 ( 93.5%)
2026-08-25T00:14:27.0157110-05:00 [PHASE5A] [STAGE] inventory_parts      batch= 30  1,500,000/1,551,229 ( 96.7%)
2026-08-25T00:14:29.6216952-05:00 [PHASE5A] [STAGE] inventory_parts      batch= 31  1,550,000/1,551,229 ( 99.9%)
2026-08-25T00:14:29.6636954-05:00 [PHASE5A] [STAGE] inventory_parts      batch= 32  1,551,229/1,551,229 (100.0%)
2026-08-25T00:14:47.3087602-05:00 [PHASE5A] [PASS] inventory_parts: 1,551,229 rows staged/validated
2026-08-25T00:14:47.3097616-05:00 [PHASE5A] 
2026-08-25T00:14:47.3107610-05:00 [PHASE5A] [DATASET] inventory_sets -> INVENTORY_SET (5,176 rows)
2026-08-25T00:14:47.3117635-05:00 [PHASE5A] [STAGE] inventory_sets       batch=  1      5,176/5,176 (100.0%)
2026-08-25T00:15:14.4671393-05:00 [PHASE5A] [PASS] inventory_sets: 5,176 rows staged/validated
2026-08-25T00:15:14.4681428-05:00 [PHASE5A] 
2026-08-25T00:15:14.4681428-05:00 [PHASE5A] [DATASET] inventory_minifigs -> INVENTORY_MINIFIGURE (25,738 rows)
2026-08-25T00:15:14.4691398-05:00 [PHASE5A] [STAGE] inventory_minifigs   batch=  1     25,738/25,738 (100.0%)
2026-08-25T00:15:14.6111417-05:00 [PHASE5A] [PASS] inventory_minifigs: 25,738 rows staged/validated
2026-08-25T00:15:14.6121412-05:00 [PHASE5A] 
2026-08-25T00:15:14.6131422-05:00 [PHASE5A] ==============================================================================
2026-08-25T00:15:14.6141404-05:00 [PHASE5A]  [PASS] Rebrickable Phase 5A inventory staging completed
2026-08-25T00:15:14.6151395-05:00 [PHASE5A]  [INFO] Source run: 01a03755-e950-7e17-b7dd-6fb11bc8b3d6
2026-08-25T00:15:14.6161390-05:00 [PHASE5A]  [INFO] Total rows: 1,629,359
2026-08-25T00:15:14.6161390-05:00 [PHASE5A]  [INFO] Elapsed seconds: 145.43
2026-08-25T00:15:14.6171386-05:00 [PHASE5A]  [INFO] Status: VALIDATING
2026-08-25T00:15:14.6181399-05:00 [PHASE5A] ==============================================================================
2026-08-25T00:15:14.6191392-05:00 [PHASE5A] 
2026-08-25T00:15:14.6201399-05:00 [PHASE5A] [NEXT] Phase 5B may reconcile this source run. No canonical definition/catalog DML was performed.
2026-08-25T00:15:14.6361393-05:00 [INFO] PHASE5A process exit code=0
2026-08-25T00:15:14.6371392-05:00 [PASS] PHASE5A completed
2026-08-25T00:15:14.6791406-05:00 [INFO] PHASE5A source_run_id=01a03755-e950-7e17-b7dd-6fb11bc8b3d6
2026-08-25T00:15:14.7221401-05:00 [INFO] START PHASE5B: reconcile_rebrickable_phase5b_checkpointed.py --source-run-id 01a03755-e950-7e17-b7dd-6fb11bc8b3d6
2026-08-25T00:15:15.4891442-05:00 [PHASE5B] ==============================================================================
2026-08-25T00:15:15.4901455-05:00 [PHASE5B]  BrickTrackr Rebrickable Phase 5B - Checkpointed Reconcile v5.1.2
2026-08-25T00:15:15.4911450-05:00 [PHASE5B] ==============================================================================
2026-08-25T00:15:15.4911450-05:00 [PHASE5B] [INFO] Mode:       RESUME
2026-08-25T00:15:15.4921475-05:00 [PHASE5B] [INFO] Source run: 01a03755-e950-7e17-b7dd-6fb11bc8b3d6
2026-08-25T00:15:15.4931478-05:00 [PHASE5B] [INFO] Batch size: 5,000
2026-08-25T00:15:15.4941447-05:00 [PHASE5B] [+] Checkpoint ledger ready: inventories=47,216, parts=1,551,229, sets=5,176, minifigs=25,738
2026-08-25T00:15:15.4941447-05:00 [PHASE5B] 
2026-08-25T00:15:15.4951438-05:00 [PHASE5B] -------------------------------------------------------------------------------
2026-08-25T00:15:15.4961436-05:00 [PHASE5B]  Durable Phase 5B checkpoint status
2026-08-25T00:15:15.4961436-05:00 [PHASE5B] -------------------------------------------------------------------------------
2026-08-25T00:15:15.4971475-05:00 [PHASE5B] 
2026-08-25T00:15:15.4981444-05:00 [PHASE5B] [1/10] P5B_VALIDATE
2026-08-25T00:15:15.4981444-05:00 [PHASE5B]       [1.1] SOURCE_CONTRACT              PENDING            0 / 1            0.0% batches=0
2026-08-25T00:15:15.4991476-05:00 [PHASE5B]       [1.2] PARENT_CLASSIFICATION        PENDING            0 / 1            0.0% batches=0
2026-08-25T00:15:15.5001446-05:00 [PHASE5B]       [1.3] CATALOG_REFERENCES           PENDING            0 / 1            0.0% batches=0
2026-08-25T00:15:15.5001446-05:00 [PHASE5B]       [1.4] VERSION_KEYS                 PENDING            0 / 1            0.0% batches=0
2026-08-25T00:15:15.5011443-05:00 [PHASE5B] 
2026-08-25T00:15:15.5021443-05:00 [PHASE5B] [2/10] P5B_VARIANTS
2026-08-25T00:15:15.5021443-05:00 [PHASE5B]       [2.1] BASE_PART_COLOR_VARIANTS     PENDING            0 / 1,551,229    0.0% batches=0
2026-08-25T00:15:15.5031443-05:00 [PHASE5B] 
2026-08-25T00:15:15.5041446-05:00 [PHASE5B] [3/10] P5B_DEFINITIONS
2026-08-25T00:15:15.5051463-05:00 [PHASE5B]       [3.1] PARENT_DEFINITIONS           PENDING            0 / 47,216       0.0% batches=0
2026-08-25T00:15:15.5051463-05:00 [PHASE5B] 
2026-08-25T00:15:15.5061443-05:00 [PHASE5B] [4/10] P5B_VERSIONS
2026-08-25T00:15:15.5071446-05:00 [PHASE5B]       [4.1] SOURCE_VERSIONS              PENDING            0 / 47,216       0.0% batches=0
2026-08-25T00:15:15.5071446-05:00 [PHASE5B] 
2026-08-25T00:15:15.5081472-05:00 [PHASE5B] [5/10] P5B_SET_MEMBERS
2026-08-25T00:15:15.5091449-05:00 [PHASE5B]       [5.1] PARTS                        PENDING            0 / 1,551,229    0.0% batches=0
2026-08-25T00:15:15.5091449-05:00 [PHASE5B]       [5.2] SETS                         PENDING            0 / 5,176        0.0% batches=0
2026-08-25T00:15:15.5101449-05:00 [PHASE5B]       [5.3] MINIFIGURES                  PENDING            0 / 25,738       0.0% batches=0
2026-08-25T00:15:15.5111447-05:00 [PHASE5B] 
2026-08-25T00:15:15.5111447-05:00 [PHASE5B] [6/10] P5B_MINIFIG_MEMBERS
2026-08-25T00:15:15.5121444-05:00 [PHASE5B]       [6.1] PARTS                        PENDING            0 / 1,551,229    0.0% batches=0
2026-08-25T00:15:15.5131445-05:00 [PHASE5B] 
2026-08-25T00:15:15.5131445-05:00 [PHASE5B] [7/10] P5B_MINIFIG_ANCHORS
2026-08-25T00:15:15.5141443-05:00 [PHASE5B]       [7.1] COMPOSITIONS                 PENDING            0 / 47,216       0.0% batches=0
2026-08-25T00:15:15.5151447-05:00 [PHASE5B] 
2026-08-25T00:15:15.5151447-05:00 [PHASE5B] [8/10] P5B_FINALIZE_VERSIONS
2026-08-25T00:15:15.5161461-05:00 [PHASE5B]       [8.1] HASH_AND_FINALIZE            PENDING            0 / 47,216       0.0% batches=0
2026-08-25T00:15:15.5171443-05:00 [PHASE5B] 
2026-08-25T00:15:15.5171443-05:00 [PHASE5B] [9/10] P5B_AUTHORITY
2026-08-25T00:15:15.5181448-05:00 [PHASE5B]       [9.1] LATEST_SOURCE                PENDING            0 / 47,216       0.0% batches=0
2026-08-25T00:15:15.5181448-05:00 [PHASE5B] 
2026-08-25T00:15:15.5191475-05:00 [PHASE5B] [10/10] P5B_COMPLETE
2026-08-25T00:15:15.5201448-05:00 [PHASE5B]       [10.1] VERIFY                       PENDING            0 / 1            0.0% batches=0
2026-08-25T00:15:15.5201448-05:00 [PHASE5B]       [10.2] COMPLETE_RUN                 PENDING            0 / 1            0.0% batches=0
2026-08-25T00:15:15.5211474-05:00 [PHASE5B] 
2026-08-25T00:15:15.5221453-05:00 [PHASE5B] [RUN] [1.1] P5B_VALIDATE / SOURCE_CONTRACT 0/1 (  0.0%) batch=1
2026-08-25T00:15:15.7562511-05:00 [PHASE5B] [OK ] [1.1] SOURCE_CONTRACT: 1/1 (100.0%) batches=1 elapsed=0.27s
2026-08-25T00:15:15.7572524-05:00 [PHASE5B] 
2026-08-25T00:15:15.7582539-05:00 [PHASE5B] -------------------------------------------------------------------------------
2026-08-25T00:15:15.7592502-05:00 [PHASE5B]  Durable Phase 5B checkpoint status
2026-08-25T00:15:15.7602513-05:00 [PHASE5B] -------------------------------------------------------------------------------
2026-08-25T00:15:15.7602513-05:00 [PHASE5B] 
2026-08-25T00:15:15.7612515-05:00 [PHASE5B] [1/10] P5B_VALIDATE
2026-08-25T00:15:15.7612515-05:00 [PHASE5B]       [1.1] SOURCE_CONTRACT              COMPLETED          1 / 1          100.0% batches=1
2026-08-25T00:15:15.7622525-05:00 [PHASE5B]       [1.2] PARENT_CLASSIFICATION        PENDING            0 / 1            0.0% batches=0
2026-08-25T00:15:15.7632512-05:00 [PHASE5B]       [1.3] CATALOG_REFERENCES           PENDING            0 / 1            0.0% batches=0
2026-08-25T00:15:15.7642511-05:00 [PHASE5B]       [1.4] VERSION_KEYS                 PENDING            0 / 1            0.0% batches=0
2026-08-25T00:15:15.7642511-05:00 [PHASE5B] 
2026-08-25T00:15:15.7652514-05:00 [PHASE5B] [2/10] P5B_VARIANTS
2026-08-25T00:15:15.7662544-05:00 [PHASE5B]       [2.1] BASE_PART_COLOR_VARIANTS     PENDING            0 / 1,551,229    0.0% batches=0
2026-08-25T00:15:15.7672509-05:00 [PHASE5B] 
2026-08-25T00:15:15.7682507-05:00 [PHASE5B] [3/10] P5B_DEFINITIONS
2026-08-25T00:15:15.7682507-05:00 [PHASE5B]       [3.1] PARENT_DEFINITIONS           PENDING            0 / 47,216       0.0% batches=0
2026-08-25T00:15:15.7692504-05:00 [PHASE5B] 
2026-08-25T00:15:15.7702502-05:00 [PHASE5B] [4/10] P5B_VERSIONS
2026-08-25T00:15:15.7702502-05:00 [PHASE5B]       [4.1] SOURCE_VERSIONS              PENDING            0 / 47,216       0.0% batches=0
2026-08-25T00:15:15.7712540-05:00 [PHASE5B] 
2026-08-25T00:15:15.7722514-05:00 [PHASE5B] [5/10] P5B_SET_MEMBERS
2026-08-25T00:15:15.7732508-05:00 [PHASE5B]       [5.1] PARTS                        PENDING            0 / 1,551,229    0.0% batches=0
2026-08-25T00:15:15.7732508-05:00 [PHASE5B]       [5.2] SETS                         PENDING            0 / 5,176        0.0% batches=0
2026-08-25T00:15:15.7742532-05:00 [PHASE5B]       [5.3] MINIFIGURES                  PENDING            0 / 25,738       0.0% batches=0
2026-08-25T00:15:15.7752539-05:00 [PHASE5B] 
2026-08-25T00:15:15.7752539-05:00 [PHASE5B] [6/10] P5B_MINIFIG_MEMBERS
2026-08-25T00:15:15.7762509-05:00 [PHASE5B]       [6.1] PARTS                        PENDING            0 / 1,551,229    0.0% batches=0
2026-08-25T00:15:15.7772503-05:00 [PHASE5B] 
2026-08-25T00:15:15.7772503-05:00 [PHASE5B] [7/10] P5B_MINIFIG_ANCHORS
2026-08-25T00:15:15.7782515-05:00 [PHASE5B]       [7.1] COMPOSITIONS                 PENDING            0 / 47,216       0.0% batches=0
2026-08-25T00:15:15.7792512-05:00 [PHASE5B] 
2026-08-25T00:15:15.7792512-05:00 [PHASE5B] [8/10] P5B_FINALIZE_VERSIONS
2026-08-25T00:15:15.7802506-05:00 [PHASE5B]       [8.1] HASH_AND_FINALIZE            PENDING            0 / 47,216       0.0% batches=0
2026-08-25T00:15:15.7812509-05:00 [PHASE5B] 
2026-08-25T00:15:15.7812509-05:00 [PHASE5B] [9/10] P5B_AUTHORITY
2026-08-25T00:15:15.7822507-05:00 [PHASE5B]       [9.1] LATEST_SOURCE                PENDING            0 / 47,216       0.0% batches=0
2026-08-25T00:15:15.7832509-05:00 [PHASE5B] 
2026-08-25T00:15:15.7832509-05:00 [PHASE5B] [10/10] P5B_COMPLETE
2026-08-25T00:15:15.7842508-05:00 [PHASE5B]       [10.1] VERIFY                       PENDING            0 / 1            0.0% batches=0
2026-08-25T00:15:15.7852540-05:00 [PHASE5B]       [10.2] COMPLETE_RUN                 PENDING            0 / 1            0.0% batches=0
2026-08-25T00:15:15.7852540-05:00 [PHASE5B] 
2026-08-25T00:15:15.7862507-05:00 [PHASE5B] [RUN] [1.2] P5B_VALIDATE / PARENT_CLASSIFICATION 0/1 (  0.0%) batch=1
2026-08-25T00:15:15.8392512-05:00 [PHASE5B] [OK ] [1.2] PARENT_CLASSIFICATION: 1/1 (100.0%) batches=1 elapsed=0.08s
2026-08-25T00:15:15.8402506-05:00 [PHASE5B] 
2026-08-25T00:15:15.8412511-05:00 [PHASE5B] -------------------------------------------------------------------------------
2026-08-25T00:15:15.8412511-05:00 [PHASE5B]  Durable Phase 5B checkpoint status
2026-08-25T00:15:15.8422544-05:00 [PHASE5B] -------------------------------------------------------------------------------
2026-08-25T00:15:15.8432516-05:00 [PHASE5B] 
2026-08-25T00:15:15.8432516-05:00 [PHASE5B] [1/10] P5B_VALIDATE
2026-08-25T00:15:15.8442528-05:00 [PHASE5B]       [1.1] SOURCE_CONTRACT              COMPLETED          1 / 1          100.0% batches=1
2026-08-25T00:15:15.8452516-05:00 [PHASE5B]       [1.2] PARENT_CLASSIFICATION        COMPLETED          1 / 1          100.0% batches=1
2026-08-25T00:15:15.8462507-05:00 [PHASE5B]       [1.3] CATALOG_REFERENCES           PENDING            0 / 1            0.0% batches=0
2026-08-25T00:15:15.8472509-05:00 [PHASE5B]       [1.4] VERSION_KEYS                 PENDING            0 / 1            0.0% batches=0
2026-08-25T00:15:15.8472509-05:00 [PHASE5B] 
2026-08-25T00:15:15.8482512-05:00 [PHASE5B] [2/10] P5B_VARIANTS
2026-08-25T00:15:15.8492520-05:00 [PHASE5B]       [2.1] BASE_PART_COLOR_VARIANTS     PENDING            0 / 1,551,229    0.0% batches=0
2026-08-25T00:15:15.8492520-05:00 [PHASE5B] 
2026-08-25T00:15:15.8502502-05:00 [PHASE5B] [3/10] P5B_DEFINITIONS
2026-08-25T00:15:15.8512509-05:00 [PHASE5B]       [3.1] PARENT_DEFINITIONS           PENDING            0 / 47,216       0.0% batches=0
2026-08-25T00:15:15.8512509-05:00 [PHASE5B] 
2026-08-25T00:15:15.8522508-05:00 [PHASE5B] [4/10] P5B_VERSIONS
2026-08-25T00:15:15.8532507-05:00 [PHASE5B]       [4.1] SOURCE_VERSIONS              PENDING            0 / 47,216       0.0% batches=0
2026-08-25T00:15:15.8532507-05:00 [PHASE5B] 
2026-08-25T00:15:15.8542507-05:00 [PHASE5B] [5/10] P5B_SET_MEMBERS
2026-08-25T00:15:15.8552505-05:00 [PHASE5B]       [5.1] PARTS                        PENDING            0 / 1,551,229    0.0% batches=0
2026-08-25T00:15:15.8552505-05:00 [PHASE5B]       [5.2] SETS                         PENDING            0 / 5,176        0.0% batches=0
2026-08-25T00:15:15.8562507-05:00 [PHASE5B]       [5.3] MINIFIGURES                  PENDING            0 / 25,738       0.0% batches=0
2026-08-25T00:15:15.8572508-05:00 [PHASE5B] 
2026-08-25T00:15:15.8572508-05:00 [PHASE5B] [6/10] P5B_MINIFIG_MEMBERS
2026-08-25T00:15:15.8582518-05:00 [PHASE5B]       [6.1] PARTS                        PENDING            0 / 1,551,229    0.0% batches=0
2026-08-25T00:15:15.8592510-05:00 [PHASE5B] 
2026-08-25T00:15:15.8592510-05:00 [PHASE5B] [7/10] P5B_MINIFIG_ANCHORS
2026-08-25T00:15:15.8602506-05:00 [PHASE5B]       [7.1] COMPOSITIONS                 PENDING            0 / 47,216       0.0% batches=0
2026-08-25T00:15:15.8612509-05:00 [PHASE5B] 
2026-08-25T00:15:15.8612509-05:00 [PHASE5B] [8/10] P5B_FINALIZE_VERSIONS
2026-08-25T00:15:15.8622524-05:00 [PHASE5B]       [8.1] HASH_AND_FINALIZE            PENDING            0 / 47,216       0.0% batches=0
2026-08-25T00:15:15.8632506-05:00 [PHASE5B] 
2026-08-25T00:15:15.8632506-05:00 [PHASE5B] [9/10] P5B_AUTHORITY
2026-08-25T00:15:15.8642510-05:00 [PHASE5B]       [9.1] LATEST_SOURCE                PENDING            0 / 47,216       0.0% batches=0
2026-08-25T00:15:15.8642510-05:00 [PHASE5B] 
2026-08-25T00:15:15.8652508-05:00 [PHASE5B] [10/10] P5B_COMPLETE
2026-08-25T00:15:15.8662509-05:00 [PHASE5B]       [10.1] VERIFY                       PENDING            0 / 1            0.0% batches=0
2026-08-25T00:15:15.8662509-05:00 [PHASE5B]       [10.2] COMPLETE_RUN                 PENDING            0 / 1            0.0% batches=0
2026-08-25T00:15:15.8672507-05:00 [PHASE5B] 
2026-08-25T00:15:15.8682519-05:00 [PHASE5B] [RUN] [1.3] P5B_VALIDATE / CATALOG_REFERENCES 0/1 (  0.0%) batch=1
2026-08-25T00:15:24.7903031-05:00 [PHASE5B] [OK ] [1.3] CATALOG_REFERENCES: 1/1 (100.0%) batches=1 elapsed=8.95s
2026-08-25T00:15:24.7913066-05:00 [PHASE5B] 
2026-08-25T00:15:24.7923028-05:00 [PHASE5B] -------------------------------------------------------------------------------
2026-08-25T00:15:24.7933022-05:00 [PHASE5B]  Durable Phase 5B checkpoint status
2026-08-25T00:15:24.7933022-05:00 [PHASE5B] -------------------------------------------------------------------------------
2026-08-25T00:15:24.7943029-05:00 [PHASE5B] 
2026-08-25T00:15:24.7953060-05:00 [PHASE5B] [1/10] P5B_VALIDATE
2026-08-25T00:15:24.7953060-05:00 [PHASE5B]       [1.1] SOURCE_CONTRACT              COMPLETED          1 / 1          100.0% batches=1
2026-08-25T00:15:24.7963028-05:00 [PHASE5B]       [1.2] PARENT_CLASSIFICATION        COMPLETED          1 / 1          100.0% batches=1
2026-08-25T00:15:24.7973028-05:00 [PHASE5B]       [1.3] CATALOG_REFERENCES           COMPLETED          1 / 1          100.0% batches=1
2026-08-25T00:15:24.7973028-05:00 [PHASE5B]       [1.4] VERSION_KEYS                 PENDING            0 / 1            0.0% batches=0
2026-08-25T00:15:24.7983027-05:00 [PHASE5B] 
2026-08-25T00:15:24.7993027-05:00 [PHASE5B] [2/10] P5B_VARIANTS
2026-08-25T00:15:24.7993027-05:00 [PHASE5B]       [2.1] BASE_PART_COLOR_VARIANTS     PENDING            0 / 1,551,229    0.0% batches=0
2026-08-25T00:15:24.8003026-05:00 [PHASE5B] 
2026-08-25T00:15:24.8013054-05:00 [PHASE5B] [3/10] P5B_DEFINITIONS
2026-08-25T00:15:24.8013054-05:00 [PHASE5B]       [3.1] PARENT_DEFINITIONS           PENDING            0 / 47,216       0.0% batches=0
2026-08-25T00:15:24.8023028-05:00 [PHASE5B] 
2026-08-25T00:15:24.8033058-05:00 [PHASE5B] [4/10] P5B_VERSIONS
2026-08-25T00:15:24.8033058-05:00 [PHASE5B]       [4.1] SOURCE_VERSIONS              PENDING            0 / 47,216       0.0% batches=0
2026-08-25T00:15:24.8043029-05:00 [PHASE5B] 
2026-08-25T00:15:24.8053039-05:00 [PHASE5B] [5/10] P5B_SET_MEMBERS
2026-08-25T00:15:24.8053039-05:00 [PHASE5B]       [5.1] PARTS                        PENDING            0 / 1,551,229    0.0% batches=0
2026-08-25T00:15:24.8063028-05:00 [PHASE5B]       [5.2] SETS                         PENDING            0 / 5,176        0.0% batches=0
2026-08-25T00:15:24.8073026-05:00 [PHASE5B]       [5.3] MINIFIGURES                  PENDING            0 / 25,738       0.0% batches=0
2026-08-25T00:15:24.8073026-05:00 [PHASE5B] 
2026-08-25T00:15:24.8083027-05:00 [PHASE5B] [6/10] P5B_MINIFIG_MEMBERS
2026-08-25T00:15:24.8093038-05:00 [PHASE5B]       [6.1] PARTS                        PENDING            0 / 1,551,229    0.0% batches=0
2026-08-25T00:15:24.8093038-05:00 [PHASE5B] 
2026-08-25T00:15:24.8103027-05:00 [PHASE5B] [7/10] P5B_MINIFIG_ANCHORS
2026-08-25T00:15:24.8103027-05:00 [PHASE5B]       [7.1] COMPOSITIONS                 PENDING            0 / 47,216       0.0% batches=0
2026-08-25T00:15:24.8113027-05:00 [PHASE5B] 
2026-08-25T00:15:24.8123059-05:00 [PHASE5B] [8/10] P5B_FINALIZE_VERSIONS
2026-08-25T00:15:24.8123059-05:00 [PHASE5B]       [8.1] HASH_AND_FINALIZE            PENDING            0 / 47,216       0.0% batches=0
2026-08-25T00:15:24.8133028-05:00 [PHASE5B] 
2026-08-25T00:15:24.8143038-05:00 [PHASE5B] [9/10] P5B_AUTHORITY
2026-08-25T00:15:24.8143038-05:00 [PHASE5B]       [9.1] LATEST_SOURCE                PENDING            0 / 47,216       0.0% batches=0
2026-08-25T00:15:24.8153023-05:00 [PHASE5B] 
2026-08-25T00:15:24.8163028-05:00 [PHASE5B] [10/10] P5B_COMPLETE
2026-08-25T00:15:24.8163028-05:00 [PHASE5B]       [10.1] VERIFY                       PENDING            0 / 1            0.0% batches=0
2026-08-25T00:15:24.8173035-05:00 [PHASE5B]       [10.2] COMPLETE_RUN                 PENDING            0 / 1            0.0% batches=0
2026-08-25T00:15:24.8183027-05:00 [PHASE5B] 
2026-08-25T00:15:24.8193028-05:00 [PHASE5B] [RUN] [1.4] P5B_VALIDATE / VERSION_KEYS 0/1 (  0.0%) batch=1
2026-08-25T00:15:24.9643015-05:00 [PHASE5B] [OK ] [1.4] VERSION_KEYS: 1/1 (100.0%) batches=1 elapsed=0.17s
2026-08-25T00:15:24.9653057-05:00 [PHASE5B] 
2026-08-25T00:15:24.9663063-05:00 [PHASE5B] -------------------------------------------------------------------------------
2026-08-25T00:15:24.9673052-05:00 [PHASE5B]  Durable Phase 5B checkpoint status
2026-08-25T00:15:24.9673052-05:00 [PHASE5B] -------------------------------------------------------------------------------
2026-08-25T00:15:24.9683053-05:00 [PHASE5B] 
2026-08-25T00:15:24.9693054-05:00 [PHASE5B] [1/10] P5B_VALIDATE
2026-08-25T00:15:24.9693054-05:00 [PHASE5B]       [1.1] SOURCE_CONTRACT              COMPLETED          1 / 1          100.0% batches=1
2026-08-25T00:15:24.9703069-05:00 [PHASE5B]       [1.2] PARENT_CLASSIFICATION        COMPLETED          1 / 1          100.0% batches=1
2026-08-25T00:15:24.9713069-05:00 [PHASE5B]       [1.3] CATALOG_REFERENCES           COMPLETED          1 / 1          100.0% batches=1
2026-08-25T00:15:24.9713069-05:00 [PHASE5B]       [1.4] VERSION_KEYS                 COMPLETED          1 / 1          100.0% batches=1
2026-08-25T00:15:24.9723057-05:00 [PHASE5B] 
2026-08-25T00:15:24.9723057-05:00 [PHASE5B] [2/10] P5B_VARIANTS
2026-08-25T00:15:24.9733051-05:00 [PHASE5B]       [2.1] BASE_PART_COLOR_VARIANTS     PENDING            0 / 1,551,229    0.0% batches=0
2026-08-25T00:15:24.9743054-05:00 [PHASE5B] 
2026-08-25T00:15:24.9743054-05:00 [PHASE5B] [3/10] P5B_DEFINITIONS
2026-08-25T00:15:24.9753047-05:00 [PHASE5B]       [3.1] PARENT_DEFINITIONS           PENDING            0 / 47,216       0.0% batches=0
2026-08-25T00:15:24.9763074-05:00 [PHASE5B] 
2026-08-25T00:15:24.9763074-05:00 [PHASE5B] [4/10] P5B_VERSIONS
2026-08-25T00:15:24.9773045-05:00 [PHASE5B]       [4.1] SOURCE_VERSIONS              PENDING            0 / 47,216       0.0% batches=0
2026-08-25T00:15:24.9783059-05:00 [PHASE5B] 
2026-08-25T00:15:24.9793052-05:00 [PHASE5B] [5/10] P5B_SET_MEMBERS
2026-08-25T00:15:24.9793052-05:00 [PHASE5B]       [5.1] PARTS                        PENDING            0 / 1,551,229    0.0% batches=0
2026-08-25T00:15:24.9803056-05:00 [PHASE5B]       [5.2] SETS                         PENDING            0 / 5,176        0.0% batches=0
2026-08-25T00:15:24.9813065-05:00 [PHASE5B]       [5.3] MINIFIGURES                  PENDING            0 / 25,738       0.0% batches=0
2026-08-25T00:15:24.9813065-05:00 [PHASE5B] 
2026-08-25T00:15:24.9823051-05:00 [PHASE5B] [6/10] P5B_MINIFIG_MEMBERS
2026-08-25T00:15:24.9833069-05:00 [PHASE5B]       [6.1] PARTS                        PENDING            0 / 1,551,229    0.0% batches=0
2026-08-25T00:15:24.9833069-05:00 [PHASE5B] 
2026-08-25T00:15:24.9843075-05:00 [PHASE5B] [7/10] P5B_MINIFIG_ANCHORS
2026-08-25T00:15:24.9853070-05:00 [PHASE5B]       [7.1] COMPOSITIONS                 PENDING            0 / 47,216       0.0% batches=0
2026-08-25T00:15:24.9853070-05:00 [PHASE5B] 
2026-08-25T00:15:24.9863065-05:00 [PHASE5B] [8/10] P5B_FINALIZE_VERSIONS
2026-08-25T00:15:24.9873062-05:00 [PHASE5B]       [8.1] HASH_AND_FINALIZE            PENDING            0 / 47,216       0.0% batches=0
2026-08-25T00:15:24.9873062-05:00 [PHASE5B] 
2026-08-25T00:15:24.9883050-05:00 [PHASE5B] [9/10] P5B_AUTHORITY
2026-08-25T00:15:24.9893047-05:00 [PHASE5B]       [9.1] LATEST_SOURCE                PENDING            0 / 47,216       0.0% batches=0
2026-08-25T00:15:24.9893047-05:00 [PHASE5B] 
2026-08-25T00:15:24.9903048-05:00 [PHASE5B] [10/10] P5B_COMPLETE
2026-08-25T00:15:24.9913069-05:00 [PHASE5B]       [10.1] VERIFY                       PENDING            0 / 1            0.0% batches=0
2026-08-25T00:15:24.9913069-05:00 [PHASE5B]       [10.2] COMPLETE_RUN                 PENDING            0 / 1            0.0% batches=0
2026-08-25T00:15:24.9923044-05:00 [PHASE5B] 
2026-08-25T00:15:24.9933052-05:00 [PHASE5B] [RUN] [2.1] P5B_VARIANTS / BASE_PART_COLOR_VARIANTS 0/1,551,229 (  0.0%) batch=1
2026-08-25T00:15:33.1958700-05:00 [PHASE5B] [OK ] [2.1] BASE_PART_COLOR_VARIANTS: 5,000/1,551,229 (0.3%) batches=1 elapsed=8.23s
2026-08-25T00:15:33.1968690-05:00 [PHASE5B] [RUN] [2.1] P5B_VARIANTS / BASE_PART_COLOR_VARIANTS 5,000/1,551,229 (  0.3%) batch=2
2026-08-25T00:15:41.3177778-05:00 [PHASE5B] [OK ] [2.1] BASE_PART_COLOR_VARIANTS: 10,000/1,551,229 (0.6%) batches=2 elapsed=8.12s
2026-08-25T00:15:41.3187791-05:00 [PHASE5B] [RUN] [2.1] P5B_VARIANTS / BASE_PART_COLOR_VARIANTS 10,000/1,551,229 (  0.6%) batch=3
2026-08-25T00:15:49.4823148-05:00 [PHASE5B] [OK ] [2.1] BASE_PART_COLOR_VARIANTS: 15,000/1,551,229 (1.0%) batches=3 elapsed=8.16s
2026-08-25T00:15:49.4833157-05:00 [PHASE5B] [RUN] [2.1] P5B_VARIANTS / BASE_PART_COLOR_VARIANTS 15,000/1,551,229 (  1.0%) batch=4
2026-08-25T00:15:57.6412918-05:00 [PHASE5B] [OK ] [2.1] BASE_PART_COLOR_VARIANTS: 20,000/1,551,229 (1.3%) batches=4 elapsed=8.16s
2026-08-25T00:15:57.6422930-05:00 [PHASE5B] [RUN] [2.1] P5B_VARIANTS / BASE_PART_COLOR_VARIANTS 20,000/1,551,229 (  1.3%) batch=5
2026-08-25T00:16:05.7202058-05:00 [PHASE5B] [OK ] [2.1] BASE_PART_COLOR_VARIANTS: 25,000/1,551,229 (1.6%) batches=5 elapsed=8.08s
2026-08-25T00:16:05.7212083-05:00 [PHASE5B] [RUN] [2.1] P5B_VARIANTS / BASE_PART_COLOR_VARIANTS 25,000/1,551,229 (  1.6%) batch=6
2026-08-25T00:16:13.8304282-05:00 [PHASE5B] [OK ] [2.1] BASE_PART_COLOR_VARIANTS: 30,000/1,551,229 (1.9%) batches=6 elapsed=8.11s
2026-08-25T00:16:13.8314299-05:00 [PHASE5B] [RUN] [2.1] P5B_VARIANTS / BASE_PART_COLOR_VARIANTS 30,000/1,551,229 (  1.9%) batch=7
2026-08-25T00:16:21.8822545-05:00 [PHASE5B] [OK ] [2.1] BASE_PART_COLOR_VARIANTS: 35,000/1,551,229 (2.3%) batches=7 elapsed=8.05s
2026-08-25T00:16:21.8842573-05:00 [PHASE5B] [RUN] [2.1] P5B_VARIANTS / BASE_PART_COLOR_VARIANTS 35,000/1,551,229 (  2.3%) batch=8
2026-08-25T00:16:29.9349052-05:00 [PHASE5B] [OK ] [2.1] BASE_PART_COLOR_VARIANTS: 40,000/1,551,229 (2.6%) batches=8 elapsed=8.05s
2026-08-25T00:16:29.9369059-05:00 [PHASE5B] [RUN] [2.1] P5B_VARIANTS / BASE_PART_COLOR_VARIANTS 40,000/1,551,229 (  2.6%) batch=9
2026-08-25T00:16:37.9185373-05:00 [PHASE5B] [OK ] [2.1] BASE_PART_COLOR_VARIANTS: 45,000/1,551,229 (2.9%) batches=9 elapsed=7.98s
2026-08-25T00:16:37.9195402-05:00 [PHASE5B] [RUN] [2.1] P5B_VARIANTS / BASE_PART_COLOR_VARIANTS 45,000/1,551,229 (  2.9%) batch=10
2026-08-25T00:16:45.9138484-05:00 [PHASE5B] [OK ] [2.1] BASE_PART_COLOR_VARIANTS: 50,000/1,551,229 (3.2%) batches=10 elapsed=7.99s
2026-08-25T00:16:45.9148459-05:00 [PHASE5B] [RUN] [2.1] P5B_VARIANTS / BASE_PART_COLOR_VARIANTS 50,000/1,551,229 (  3.2%) batch=11
2026-08-25T00:16:53.8215387-05:00 [PHASE5B] [OK ] [2.1] BASE_PART_COLOR_VARIANTS: 55,000/1,551,229 (3.5%) batches=11 elapsed=7.91s
2026-08-25T00:16:53.8225377-05:00 [PHASE5B] [RUN] [2.1] P5B_VARIANTS / BASE_PART_COLOR_VARIANTS 55,000/1,551,229 (  3.5%) batch=12
2026-08-25T00:17:01.7642109-05:00 [PHASE5B] [OK ] [2.1] BASE_PART_COLOR_VARIANTS: 60,000/1,551,229 (3.9%) batches=12 elapsed=7.94s
2026-08-25T00:17:01.7652101-05:00 [PHASE5B] [RUN] [2.1] P5B_VARIANTS / BASE_PART_COLOR_VARIANTS 60,000/1,551,229 (  3.9%) batch=13
2026-08-25T00:17:09.6689017-05:00 [PHASE5B] [OK ] [2.1] BASE_PART_COLOR_VARIANTS: 65,000/1,551,229 (4.2%) batches=13 elapsed=7.90s
2026-08-25T00:17:09.6699015-05:00 [PHASE5B] [RUN] [2.1] P5B_VARIANTS / BASE_PART_COLOR_VARIANTS 65,000/1,551,229 (  4.2%) batch=14
2026-08-25T00:17:17.6346658-05:00 [PHASE5B] [OK ] [2.1] BASE_PART_COLOR_VARIANTS: 70,000/1,551,229 (4.5%) batches=14 elapsed=7.97s
2026-08-25T00:17:17.6366656-05:00 [PHASE5B] [RUN] [2.1] P5B_VARIANTS / BASE_PART_COLOR_VARIANTS 70,000/1,551,229 (  4.5%) batch=15
2026-08-25T00:17:25.5195576-05:00 [PHASE5B] [OK ] [2.1] BASE_PART_COLOR_VARIANTS: 75,000/1,551,229 (4.8%) batches=15 elapsed=7.88s
2026-08-25T00:17:25.5205573-05:00 [PHASE5B] [RUN] [2.1] P5B_VARIANTS / BASE_PART_COLOR_VARIANTS 75,000/1,551,229 (  4.8%) batch=16
2026-08-25T00:17:33.5143937-05:00 [PHASE5B] [OK ] [2.1] BASE_PART_COLOR_VARIANTS: 80,000/1,551,229 (5.2%) batches=16 elapsed=7.99s
2026-08-25T00:17:33.5153996-05:00 [PHASE5B] [RUN] [2.1] P5B_VARIANTS / BASE_PART_COLOR_VARIANTS 80,000/1,551,229 (  5.2%) batch=17
2026-08-25T00:17:41.4416016-05:00 [PHASE5B] [OK ] [2.1] BASE_PART_COLOR_VARIANTS: 85,000/1,551,229 (5.5%) batches=17 elapsed=7.93s
2026-08-25T00:17:41.4436015-05:00 [PHASE5B] [RUN] [2.1] P5B_VARIANTS / BASE_PART_COLOR_VARIANTS 85,000/1,551,229 (  5.5%) batch=18
2026-08-25T00:17:49.4909839-05:00 [PHASE5B] [OK ] [2.1] BASE_PART_COLOR_VARIANTS: 90,000/1,551,229 (5.8%) batches=18 elapsed=8.05s
2026-08-25T00:17:49.4919830-05:00 [PHASE5B] [RUN] [2.1] P5B_VARIANTS / BASE_PART_COLOR_VARIANTS 90,000/1,551,229 (  5.8%) batch=19
2026-08-25T00:17:57.4298656-05:00 [PHASE5B] [OK ] [2.1] BASE_PART_COLOR_VARIANTS: 95,000/1,551,229 (6.1%) batches=19 elapsed=7.94s
2026-08-25T00:17:57.4308642-05:00 [PHASE5B] [RUN] [2.1] P5B_VARIANTS / BASE_PART_COLOR_VARIANTS 95,000/1,551,229 (  6.1%) batch=20
2026-08-25T00:18:05.1980072-05:00 [PHASE5B] [OK ] [2.1] BASE_PART_COLOR_VARIANTS: 100,000/1,551,229 (6.4%) batches=20 elapsed=7.77s
2026-08-25T00:18:05.2000072-05:00 [PHASE5B] [RUN] [2.1] P5B_VARIANTS / BASE_PART_COLOR_VARIANTS 100,000/1,551,229 (  6.4%) batch=21
2026-08-25T00:18:12.9532264-05:00 [PHASE5B] [OK ] [2.1] BASE_PART_COLOR_VARIANTS: 105,000/1,551,229 (6.8%) batches=21 elapsed=7.75s
2026-08-25T00:18:12.9552256-05:00 [PHASE5B] [RUN] [2.1] P5B_VARIANTS / BASE_PART_COLOR_VARIANTS 105,000/1,551,229 (  6.8%) batch=22
2026-08-25T00:18:20.6635230-05:00 [PHASE5B] [OK ] [2.1] BASE_PART_COLOR_VARIANTS: 110,000/1,551,229 (7.1%) batches=22 elapsed=7.71s
2026-08-25T00:18:20.6645204-05:00 [PHASE5B] [RUN] [2.1] P5B_VARIANTS / BASE_PART_COLOR_VARIANTS 110,000/1,551,229 (  7.1%) batch=23
2026-08-25T00:18:28.3993500-05:00 [PHASE5B] [OK ] [2.1] BASE_PART_COLOR_VARIANTS: 115,000/1,551,229 (7.4%) batches=23 elapsed=7.74s
2026-08-25T00:18:28.4003504-05:00 [PHASE5B] [RUN] [2.1] P5B_VARIANTS / BASE_PART_COLOR_VARIANTS 115,000/1,551,229 (  7.4%) batch=24
2026-08-25T00:18:36.1088558-05:00 [PHASE5B] [OK ] [2.1] BASE_PART_COLOR_VARIANTS: 120,000/1,551,229 (7.7%) batches=24 elapsed=7.71s
2026-08-25T00:18:36.1098556-05:00 [PHASE5B] [RUN] [2.1] P5B_VARIANTS / BASE_PART_COLOR_VARIANTS 120,000/1,551,229 (  7.7%) batch=25
2026-08-25T00:18:43.7066638-05:00 [PHASE5B] [OK ] [2.1] BASE_PART_COLOR_VARIANTS: 125,000/1,551,229 (8.1%) batches=25 elapsed=7.60s
2026-08-25T00:18:43.7076641-05:00 [PHASE5B] [RUN] [2.1] P5B_VARIANTS / BASE_PART_COLOR_VARIANTS 125,000/1,551,229 (  8.1%) batch=26
2026-08-25T00:18:51.3299104-05:00 [PHASE5B] [OK ] [2.1] BASE_PART_COLOR_VARIANTS: 130,000/1,551,229 (8.4%) batches=26 elapsed=7.62s
2026-08-25T00:18:51.3309105-05:00 [PHASE5B] [RUN] [2.1] P5B_VARIANTS / BASE_PART_COLOR_VARIANTS 130,000/1,551,229 (  8.4%) batch=27
2026-08-25T00:18:58.9180004-05:00 [PHASE5B] [OK ] [2.1] BASE_PART_COLOR_VARIANTS: 135,000/1,551,229 (8.7%) batches=27 elapsed=7.59s
2026-08-25T00:18:58.9190033-05:00 [PHASE5B] [RUN] [2.1] P5B_VARIANTS / BASE_PART_COLOR_VARIANTS 135,000/1,551,229 (  8.7%) batch=28
2026-08-25T00:19:06.4866921-05:00 [PHASE5B] [OK ] [2.1] BASE_PART_COLOR_VARIANTS: 140,000/1,551,229 (9.0%) batches=28 elapsed=7.57s
2026-08-25T00:19:06.4876954-05:00 [PHASE5B] [RUN] [2.1] P5B_VARIANTS / BASE_PART_COLOR_VARIANTS 140,000/1,551,229 (  9.0%) batch=29
2026-08-25T00:19:14.0650717-05:00 [PHASE5B] [OK ] [2.1] BASE_PART_COLOR_VARIANTS: 145,000/1,551,229 (9.3%) batches=29 elapsed=7.58s
2026-08-25T00:19:14.0660723-05:00 [PHASE5B] [RUN] [2.1] P5B_VARIANTS / BASE_PART_COLOR_VARIANTS 145,000/1,551,229 (  9.3%) batch=30
2026-08-25T00:19:21.6156716-05:00 [PHASE5B] [OK ] [2.1] BASE_PART_COLOR_VARIANTS: 150,000/1,551,229 (9.7%) batches=30 elapsed=7.55s
2026-08-25T00:19:21.6166671-05:00 [PHASE5B] [RUN] [2.1] P5B_VARIANTS / BASE_PART_COLOR_VARIANTS 150,000/1,551,229 (  9.7%) batch=31
2026-08-25T00:19:29.1263053-05:00 [PHASE5B] [OK ] [2.1] BASE_PART_COLOR_VARIANTS: 155,000/1,551,229 (10.0%) batches=31 elapsed=7.51s
2026-08-25T00:19:29.1273073-05:00 [PHASE5B] [RUN] [2.1] P5B_VARIANTS / BASE_PART_COLOR_VARIANTS 155,000/1,551,229 ( 10.0%) batch=32
2026-08-25T00:19:36.6325229-05:00 [PHASE5B] [OK ] [2.1] BASE_PART_COLOR_VARIANTS: 160,000/1,551,229 (10.3%) batches=32 elapsed=7.51s
2026-08-25T00:19:36.6335251-05:00 [PHASE5B] [RUN] [2.1] P5B_VARIANTS / BASE_PART_COLOR_VARIANTS 160,000/1,551,229 ( 10.3%) batch=33
2026-08-25T00:19:44.0453462-05:00 [PHASE5B] [OK ] [2.1] BASE_PART_COLOR_VARIANTS: 165,000/1,551,229 (10.6%) batches=33 elapsed=7.41s
2026-08-25T00:19:44.0463556-05:00 [PHASE5B] [RUN] [2.1] P5B_VARIANTS / BASE_PART_COLOR_VARIANTS 165,000/1,551,229 ( 10.6%) batch=34
2026-08-25T00:19:51.4851998-05:00 [PHASE5B] [OK ] [2.1] BASE_PART_COLOR_VARIANTS: 170,000/1,551,229 (11.0%) batches=34 elapsed=7.44s
2026-08-25T00:19:51.4861991-05:00 [PHASE5B] [RUN] [2.1] P5B_VARIANTS / BASE_PART_COLOR_VARIANTS 170,000/1,551,229 ( 11.0%) batch=35
2026-08-25T00:19:58.8358154-05:00 [PHASE5B] [OK ] [2.1] BASE_PART_COLOR_VARIANTS: 175,000/1,551,229 (11.3%) batches=35 elapsed=7.35s
2026-08-25T00:19:58.8378177-05:00 [PHASE5B] [RUN] [2.1] P5B_VARIANTS / BASE_PART_COLOR_VARIANTS 175,000/1,551,229 ( 11.3%) batch=36
2026-08-25T00:20:06.2144550-05:00 [PHASE5B] [OK ] [2.1] BASE_PART_COLOR_VARIANTS: 180,000/1,551,229 (11.6%) batches=36 elapsed=7.38s
2026-08-25T00:20:06.2154551-05:00 [PHASE5B] [RUN] [2.1] P5B_VARIANTS / BASE_PART_COLOR_VARIANTS 180,000/1,551,229 ( 11.6%) batch=37
2026-08-25T00:20:13.5911819-05:00 [PHASE5B] [OK ] [2.1] BASE_PART_COLOR_VARIANTS: 185,000/1,551,229 (11.9%) batches=37 elapsed=7.38s
2026-08-25T00:20:13.5931840-05:00 [PHASE5B] [RUN] [2.1] P5B_VARIANTS / BASE_PART_COLOR_VARIANTS 185,000/1,551,229 ( 11.9%) batch=38
2026-08-25T00:20:20.8963894-05:00 [PHASE5B] [OK ] [2.1] BASE_PART_COLOR_VARIANTS: 190,000/1,551,229 (12.2%) batches=38 elapsed=7.30s
2026-08-25T00:20:20.8973900-05:00 [PHASE5B] [RUN] [2.1] P5B_VARIANTS / BASE_PART_COLOR_VARIANTS 190,000/1,551,229 ( 12.2%) batch=39
2026-08-25T00:20:28.2143996-05:00 [PHASE5B] [OK ] [2.1] BASE_PART_COLOR_VARIANTS: 195,000/1,551,229 (12.6%) batches=39 elapsed=7.32s
2026-08-25T00:20:28.2153843-05:00 [PHASE5B] [RUN] [2.1] P5B_VARIANTS / BASE_PART_COLOR_VARIANTS 195,000/1,551,229 ( 12.6%) batch=40
2026-08-25T00:20:35.5074552-05:00 [PHASE5B] [OK ] [2.1] BASE_PART_COLOR_VARIANTS: 200,000/1,551,229 (12.9%) batches=40 elapsed=7.29s
2026-08-25T00:20:35.5084551-05:00 [PHASE5B] [RUN] [2.1] P5B_VARIANTS / BASE_PART_COLOR_VARIANTS 200,000/1,551,229 ( 12.9%) batch=41
2026-08-25T00:20:42.7092675-05:00 [PHASE5B] [OK ] [2.1] BASE_PART_COLOR_VARIANTS: 205,000/1,551,229 (13.2%) batches=41 elapsed=7.20s
2026-08-25T00:20:42.7102661-05:00 [PHASE5B] [RUN] [2.1] P5B_VARIANTS / BASE_PART_COLOR_VARIANTS 205,000/1,551,229 ( 13.2%) batch=42
2026-08-25T00:20:49.9288576-05:00 [PHASE5B] [OK ] [2.1] BASE_PART_COLOR_VARIANTS: 210,000/1,551,229 (13.5%) batches=42 elapsed=7.22s
2026-08-25T00:20:49.9298579-05:00 [PHASE5B] [RUN] [2.1] P5B_VARIANTS / BASE_PART_COLOR_VARIANTS 210,000/1,551,229 ( 13.5%) batch=43
2026-08-25T00:20:57.1352581-05:00 [PHASE5B] [OK ] [2.1] BASE_PART_COLOR_VARIANTS: 215,000/1,551,229 (13.9%) batches=43 elapsed=7.21s
2026-08-25T00:20:57.1362580-05:00 [PHASE5B] [RUN] [2.1] P5B_VARIANTS / BASE_PART_COLOR_VARIANTS 215,000/1,551,229 ( 13.9%) batch=44
2026-08-25T00:21:04.3262249-05:00 [PHASE5B] [OK ] [2.1] BASE_PART_COLOR_VARIANTS: 220,000/1,551,229 (14.2%) batches=44 elapsed=7.19s
2026-08-25T00:21:04.3272240-05:00 [PHASE5B] [RUN] [2.1] P5B_VARIANTS / BASE_PART_COLOR_VARIANTS 220,000/1,551,229 ( 14.2%) batch=45
2026-08-25T00:21:11.5332905-05:00 [PHASE5B] [OK ] [2.1] BASE_PART_COLOR_VARIANTS: 225,000/1,551,229 (14.5%) batches=45 elapsed=7.21s
2026-08-25T00:21:11.5342911-05:00 [PHASE5B] [RUN] [2.1] P5B_VARIANTS / BASE_PART_COLOR_VARIANTS 225,000/1,551,229 ( 14.5%) batch=46
2026-08-25T00:21:18.6533331-05:00 [PHASE5B] [OK ] [2.1] BASE_PART_COLOR_VARIANTS: 230,000/1,551,229 (14.8%) batches=46 elapsed=7.12s
2026-08-25T00:21:18.6543327-05:00 [PHASE5B] [RUN] [2.1] P5B_VARIANTS / BASE_PART_COLOR_VARIANTS 230,000/1,551,229 ( 14.8%) batch=47
2026-08-25T00:21:25.7460351-05:00 [PHASE5B] [OK ] [2.1] BASE_PART_COLOR_VARIANTS: 235,000/1,551,229 (15.1%) batches=47 elapsed=7.09s
2026-08-25T00:21:25.7470326-05:00 [PHASE5B] [RUN] [2.1] P5B_VARIANTS / BASE_PART_COLOR_VARIANTS 235,000/1,551,229 ( 15.1%) batch=48
2026-08-25T00:21:32.8982189-05:00 [PHASE5B] [OK ] [2.1] BASE_PART_COLOR_VARIANTS: 240,000/1,551,229 (15.5%) batches=48 elapsed=7.15s
2026-08-25T00:21:32.9002197-05:00 [PHASE5B] [RUN] [2.1] P5B_VARIANTS / BASE_PART_COLOR_VARIANTS 240,000/1,551,229 ( 15.5%) batch=49
2026-08-25T00:21:39.9607463-05:00 [PHASE5B] [OK ] [2.1] BASE_PART_COLOR_VARIANTS: 245,000/1,551,229 (15.8%) batches=49 elapsed=7.06s
2026-08-25T00:21:39.9617451-05:00 [PHASE5B] [RUN] [2.1] P5B_VARIANTS / BASE_PART_COLOR_VARIANTS 245,000/1,551,229 ( 15.8%) batch=50
2026-08-25T00:21:46.9927795-05:00 [PHASE5B] [OK ] [2.1] BASE_PART_COLOR_VARIANTS: 250,000/1,551,229 (16.1%) batches=50 elapsed=7.03s
2026-08-25T00:21:46.9947792-05:00 [PHASE5B] [RUN] [2.1] P5B_VARIANTS / BASE_PART_COLOR_VARIANTS 250,000/1,551,229 ( 16.1%) batch=51
2026-08-25T00:21:54.0518400-05:00 [PHASE5B] [OK ] [2.1] BASE_PART_COLOR_VARIANTS: 255,000/1,551,229 (16.4%) batches=51 elapsed=7.06s
2026-08-25T00:21:54.0528392-05:00 [PHASE5B] [RUN] [2.1] P5B_VARIANTS / BASE_PART_COLOR_VARIANTS 255,000/1,551,229 ( 16.4%) batch=52
2026-08-25T00:22:01.0306713-05:00 [PHASE5B] [OK ] [2.1] BASE_PART_COLOR_VARIANTS: 260,000/1,551,229 (16.8%) batches=52 elapsed=6.98s
2026-08-25T00:22:01.0316725-05:00 [PHASE5B] [RUN] [2.1] P5B_VARIANTS / BASE_PART_COLOR_VARIANTS 260,000/1,551,229 ( 16.8%) batch=53
2026-08-25T00:22:07.9493133-05:00 [PHASE5B] [OK ] [2.1] BASE_PART_COLOR_VARIANTS: 265,000/1,551,229 (17.1%) batches=53 elapsed=6.92s
2026-08-25T00:22:07.9503141-05:00 [PHASE5B] [RUN] [2.1] P5B_VARIANTS / BASE_PART_COLOR_VARIANTS 265,000/1,551,229 ( 17.1%) batch=54
2026-08-25T00:22:14.9536815-05:00 [PHASE5B] [OK ] [2.1] BASE_PART_COLOR_VARIANTS: 270,000/1,551,229 (17.4%) batches=54 elapsed=7.00s
2026-08-25T00:22:14.9546828-05:00 [PHASE5B] [RUN] [2.1] P5B_VARIANTS / BASE_PART_COLOR_VARIANTS 270,000/1,551,229 ( 17.4%) batch=55
2026-08-25T00:22:21.8543168-05:00 [PHASE5B] [OK ] [2.1] BASE_PART_COLOR_VARIANTS: 275,000/1,551,229 (17.7%) batches=55 elapsed=6.90s
2026-08-25T00:22:21.8563172-05:00 [PHASE5B] [RUN] [2.1] P5B_VARIANTS / BASE_PART_COLOR_VARIANTS 275,000/1,551,229 ( 17.7%) batch=56
2026-08-25T00:22:28.7783011-05:00 [PHASE5B] [OK ] [2.1] BASE_PART_COLOR_VARIANTS: 280,000/1,551,229 (18.1%) batches=56 elapsed=6.92s
2026-08-25T00:22:28.7802987-05:00 [PHASE5B] [RUN] [2.1] P5B_VARIANTS / BASE_PART_COLOR_VARIANTS 280,000/1,551,229 ( 18.1%) batch=57
2026-08-25T00:22:35.6908985-05:00 [PHASE5B] [OK ] [2.1] BASE_PART_COLOR_VARIANTS: 285,000/1,551,229 (18.4%) batches=57 elapsed=6.91s
2026-08-25T00:22:35.6918994-05:00 [PHASE5B] [RUN] [2.1] P5B_VARIANTS / BASE_PART_COLOR_VARIANTS 285,000/1,551,229 ( 18.4%) batch=58
2026-08-25T00:22:42.4414694-05:00 [PHASE5B] [OK ] [2.1] BASE_PART_COLOR_VARIANTS: 290,000/1,551,229 (18.7%) batches=58 elapsed=6.75s
2026-08-25T00:22:42.4424704-05:00 [PHASE5B] [RUN] [2.1] P5B_VARIANTS / BASE_PART_COLOR_VARIANTS 290,000/1,551,229 ( 18.7%) batch=59
2026-08-25T00:22:49.2666933-05:00 [PHASE5B] [OK ] [2.1] BASE_PART_COLOR_VARIANTS: 295,000/1,551,229 (19.0%) batches=59 elapsed=6.83s
2026-08-25T00:22:49.2686925-05:00 [PHASE5B] [RUN] [2.1] P5B_VARIANTS / BASE_PART_COLOR_VARIANTS 295,000/1,551,229 ( 19.0%) batch=60
2026-08-25T00:22:56.0873361-05:00 [PHASE5B] [OK ] [2.1] BASE_PART_COLOR_VARIANTS: 300,000/1,551,229 (19.3%) batches=60 elapsed=6.82s
2026-08-25T00:22:56.0883359-05:00 [PHASE5B] [RUN] [2.1] P5B_VARIANTS / BASE_PART_COLOR_VARIANTS 300,000/1,551,229 ( 19.3%) batch=61
2026-08-25T00:23:02.8890354-05:00 [PHASE5B] [OK ] [2.1] BASE_PART_COLOR_VARIANTS: 305,000/1,551,229 (19.7%) batches=61 elapsed=6.80s
2026-08-25T00:23:02.8900353-05:00 [PHASE5B] [RUN] [2.1] P5B_VARIANTS / BASE_PART_COLOR_VARIANTS 305,000/1,551,229 ( 19.7%) batch=62
2026-08-25T00:23:09.5548990-05:00 [PHASE5B] [OK ] [2.1] BASE_PART_COLOR_VARIANTS: 310,000/1,551,229 (20.0%) batches=62 elapsed=6.67s
2026-08-25T00:23:09.5558959-05:00 [PHASE5B] [RUN] [2.1] P5B_VARIANTS / BASE_PART_COLOR_VARIANTS 310,000/1,551,229 ( 20.0%) batch=63
2026-08-25T00:23:16.3225034-05:00 [PHASE5B] [OK ] [2.1] BASE_PART_COLOR_VARIANTS: 315,000/1,551,229 (20.3%) batches=63 elapsed=6.77s
2026-08-25T00:23:16.3235025-05:00 [PHASE5B] [RUN] [2.1] P5B_VARIANTS / BASE_PART_COLOR_VARIANTS 315,000/1,551,229 ( 20.3%) batch=64
2026-08-25T00:23:23.0043721-05:00 [PHASE5B] [OK ] [2.1] BASE_PART_COLOR_VARIANTS: 320,000/1,551,229 (20.6%) batches=64 elapsed=6.68s
2026-08-25T00:23:23.0053734-05:00 [PHASE5B] [RUN] [2.1] P5B_VARIANTS / BASE_PART_COLOR_VARIANTS 320,000/1,551,229 ( 20.6%) batch=65
2026-08-25T00:23:29.7445791-05:00 [PHASE5B] [OK ] [2.1] BASE_PART_COLOR_VARIANTS: 325,000/1,551,229 (21.0%) batches=65 elapsed=6.74s
2026-08-25T00:23:29.7455780-05:00 [PHASE5B] [RUN] [2.1] P5B_VARIANTS / BASE_PART_COLOR_VARIANTS 325,000/1,551,229 ( 21.0%) batch=66
2026-08-25T00:23:36.4271786-05:00 [PHASE5B] [OK ] [2.1] BASE_PART_COLOR_VARIANTS: 330,000/1,551,229 (21.3%) batches=66 elapsed=6.68s
2026-08-25T00:23:36.4281780-05:00 [PHASE5B] [RUN] [2.1] P5B_VARIANTS / BASE_PART_COLOR_VARIANTS 330,000/1,551,229 ( 21.3%) batch=67
2026-08-25T00:23:42.9087942-05:00 [PHASE5B] [OK ] [2.1] BASE_PART_COLOR_VARIANTS: 335,000/1,551,229 (21.6%) batches=67 elapsed=6.48s
2026-08-25T00:23:42.9097920-05:00 [PHASE5B] [RUN] [2.1] P5B_VARIANTS / BASE_PART_COLOR_VARIANTS 335,000/1,551,229 ( 21.6%) batch=68
2026-08-25T00:23:49.5326047-05:00 [PHASE5B] [OK ] [2.1] BASE_PART_COLOR_VARIANTS: 340,000/1,551,229 (21.9%) batches=68 elapsed=6.62s
2026-08-25T00:23:49.5336049-05:00 [PHASE5B] [RUN] [2.1] P5B_VARIANTS / BASE_PART_COLOR_VARIANTS 340,000/1,551,229 ( 21.9%) batch=69
2026-08-25T00:23:56.0847990-05:00 [PHASE5B] [OK ] [2.1] BASE_PART_COLOR_VARIANTS: 345,000/1,551,229 (22.2%) batches=69 elapsed=6.55s
2026-08-25T00:23:56.0858004-05:00 [PHASE5B] [RUN] [2.1] P5B_VARIANTS / BASE_PART_COLOR_VARIANTS 345,000/1,551,229 ( 22.2%) batch=70
2026-08-25T00:24:02.6553804-05:00 [PHASE5B] [OK ] [2.1] BASE_PART_COLOR_VARIANTS: 350,000/1,551,229 (22.6%) batches=70 elapsed=6.57s
2026-08-25T00:24:02.6563812-05:00 [PHASE5B] [RUN] [2.1] P5B_VARIANTS / BASE_PART_COLOR_VARIANTS 350,000/1,551,229 ( 22.6%) batch=71
2026-08-25T00:24:09.1628470-05:00 [PHASE5B] [OK ] [2.1] BASE_PART_COLOR_VARIANTS: 355,000/1,551,229 (22.9%) batches=71 elapsed=6.51s
2026-08-25T00:24:09.1638462-05:00 [PHASE5B] [RUN] [2.1] P5B_VARIANTS / BASE_PART_COLOR_VARIANTS 355,000/1,551,229 ( 22.9%) batch=72
2026-08-25T00:24:15.7619568-05:00 [PHASE5B] [OK ] [2.1] BASE_PART_COLOR_VARIANTS: 360,000/1,551,229 (23.2%) batches=72 elapsed=6.60s
2026-08-25T00:24:15.7629572-05:00 [PHASE5B] [RUN] [2.1] P5B_VARIANTS / BASE_PART_COLOR_VARIANTS 360,000/1,551,229 ( 23.2%) batch=73
2026-08-25T00:24:22.2217586-05:00 [PHASE5B] [OK ] [2.1] BASE_PART_COLOR_VARIANTS: 365,000/1,551,229 (23.5%) batches=73 elapsed=6.46s
2026-08-25T00:24:22.2227578-05:00 [PHASE5B] [RUN] [2.1] P5B_VARIANTS / BASE_PART_COLOR_VARIANTS 365,000/1,551,229 ( 23.5%) batch=74
2026-08-25T00:24:28.6314330-05:00 [PHASE5B] [OK ] [2.1] BASE_PART_COLOR_VARIANTS: 370,000/1,551,229 (23.9%) batches=74 elapsed=6.41s
2026-08-25T00:24:28.6324334-05:00 [PHASE5B] [RUN] [2.1] P5B_VARIANTS / BASE_PART_COLOR_VARIANTS 370,000/1,551,229 ( 23.9%) batch=75
2026-08-25T00:24:35.1004379-05:00 [PHASE5B] [OK ] [2.1] BASE_PART_COLOR_VARIANTS: 375,000/1,551,229 (24.2%) batches=75 elapsed=6.47s
2026-08-25T00:24:35.1014373-05:00 [PHASE5B] [RUN] [2.1] P5B_VARIANTS / BASE_PART_COLOR_VARIANTS 375,000/1,551,229 ( 24.2%) batch=76
2026-08-25T00:24:41.5550344-05:00 [PHASE5B] [OK ] [2.1] BASE_PART_COLOR_VARIANTS: 380,000/1,551,229 (24.5%) batches=76 elapsed=6.45s
2026-08-25T00:24:41.5560347-05:00 [PHASE5B] [RUN] [2.1] P5B_VARIANTS / BASE_PART_COLOR_VARIANTS 380,000/1,551,229 ( 24.5%) batch=77
2026-08-25T00:24:47.9693116-05:00 [PHASE5B] [OK ] [2.1] BASE_PART_COLOR_VARIANTS: 385,000/1,551,229 (24.8%) batches=77 elapsed=6.41s
2026-08-25T00:24:47.9703128-05:00 [PHASE5B] [RUN] [2.1] P5B_VARIANTS / BASE_PART_COLOR_VARIANTS 385,000/1,551,229 ( 24.8%) batch=78
2026-08-25T00:24:54.3468610-05:00 [PHASE5B] [OK ] [2.1] BASE_PART_COLOR_VARIANTS: 390,000/1,551,229 (25.1%) batches=78 elapsed=6.38s
2026-08-25T00:24:54.3478613-05:00 [PHASE5B] [RUN] [2.1] P5B_VARIANTS / BASE_PART_COLOR_VARIANTS 390,000/1,551,229 ( 25.1%) batch=79
2026-08-25T00:25:00.7079423-05:00 [PHASE5B] [OK ] [2.1] BASE_PART_COLOR_VARIANTS: 395,000/1,551,229 (25.5%) batches=79 elapsed=6.36s
2026-08-25T00:25:00.7089427-05:00 [PHASE5B] [RUN] [2.1] P5B_VARIANTS / BASE_PART_COLOR_VARIANTS 395,000/1,551,229 ( 25.5%) batch=80
2026-08-25T00:25:07.0170589-05:00 [PHASE5B] [OK ] [2.1] BASE_PART_COLOR_VARIANTS: 400,000/1,551,229 (25.8%) batches=80 elapsed=6.31s
2026-08-25T00:25:07.0190605-05:00 [PHASE5B] [RUN] [2.1] P5B_VARIANTS / BASE_PART_COLOR_VARIANTS 400,000/1,551,229 ( 25.8%) batch=81
2026-08-25T00:25:13.3993067-05:00 [PHASE5B] [OK ] [2.1] BASE_PART_COLOR_VARIANTS: 405,000/1,551,229 (26.1%) batches=81 elapsed=6.38s
2026-08-25T00:25:13.4003077-05:00 [PHASE5B] [RUN] [2.1] P5B_VARIANTS / BASE_PART_COLOR_VARIANTS 405,000/1,551,229 ( 26.1%) batch=82
2026-08-25T00:25:19.6339874-05:00 [PHASE5B] [OK ] [2.1] BASE_PART_COLOR_VARIANTS: 410,000/1,551,229 (26.4%) batches=82 elapsed=6.23s
2026-08-25T00:25:19.6349863-05:00 [PHASE5B] [RUN] [2.1] P5B_VARIANTS / BASE_PART_COLOR_VARIANTS 410,000/1,551,229 ( 26.4%) batch=83
2026-08-25T00:25:25.9215942-05:00 [PHASE5B] [OK ] [2.1] BASE_PART_COLOR_VARIANTS: 415,000/1,551,229 (26.8%) batches=83 elapsed=6.29s
2026-08-25T00:25:25.9225981-05:00 [PHASE5B] [RUN] [2.1] P5B_VARIANTS / BASE_PART_COLOR_VARIANTS 415,000/1,551,229 ( 26.8%) batch=84
2026-08-25T00:25:32.2323274-05:00 [PHASE5B] [OK ] [2.1] BASE_PART_COLOR_VARIANTS: 420,000/1,551,229 (27.1%) batches=84 elapsed=6.31s
2026-08-25T00:25:32.2333299-05:00 [PHASE5B] [RUN] [2.1] P5B_VARIANTS / BASE_PART_COLOR_VARIANTS 420,000/1,551,229 ( 27.1%) batch=85
2026-08-25T00:25:38.4322902-05:00 [PHASE5B] [OK ] [2.1] BASE_PART_COLOR_VARIANTS: 425,000/1,551,229 (27.4%) batches=85 elapsed=6.20s
2026-08-25T00:25:38.4332895-05:00 [PHASE5B] [RUN] [2.1] P5B_VARIANTS / BASE_PART_COLOR_VARIANTS 425,000/1,551,229 ( 27.4%) batch=86
2026-08-25T00:25:44.6384638-05:00 [PHASE5B] [OK ] [2.1] BASE_PART_COLOR_VARIANTS: 430,000/1,551,229 (27.7%) batches=86 elapsed=6.21s
2026-08-25T00:25:44.6394626-05:00 [PHASE5B] [RUN] [2.1] P5B_VARIANTS / BASE_PART_COLOR_VARIANTS 430,000/1,551,229 ( 27.7%) batch=87
2026-08-25T00:25:50.7962233-05:00 [PHASE5B] [OK ] [2.1] BASE_PART_COLOR_VARIANTS: 435,000/1,551,229 (28.0%) batches=87 elapsed=6.16s
2026-08-25T00:25:50.7972265-05:00 [PHASE5B] [RUN] [2.1] P5B_VARIANTS / BASE_PART_COLOR_VARIANTS 435,000/1,551,229 ( 28.0%) batch=88
2026-08-25T00:25:56.9116300-05:00 [PHASE5B] [OK ] [2.1] BASE_PART_COLOR_VARIANTS: 440,000/1,551,229 (28.4%) batches=88 elapsed=6.11s
2026-08-25T00:25:56.9126297-05:00 [PHASE5B] [RUN] [2.1] P5B_VARIANTS / BASE_PART_COLOR_VARIANTS 440,000/1,551,229 ( 28.4%) batch=89
2026-08-25T00:26:03.0305613-05:00 [PHASE5B] [OK ] [2.1] BASE_PART_COLOR_VARIANTS: 445,000/1,551,229 (28.7%) batches=89 elapsed=6.12s
2026-08-25T00:26:03.0315651-05:00 [PHASE5B] [RUN] [2.1] P5B_VARIANTS / BASE_PART_COLOR_VARIANTS 445,000/1,551,229 ( 28.7%) batch=90
2026-08-25T00:26:09.0605531-05:00 [PHASE5B] [OK ] [2.1] BASE_PART_COLOR_VARIANTS: 450,000/1,551,229 (29.0%) batches=90 elapsed=6.03s
2026-08-25T00:26:09.0615562-05:00 [PHASE5B] [RUN] [2.1] P5B_VARIANTS / BASE_PART_COLOR_VARIANTS 450,000/1,551,229 ( 29.0%) batch=91
2026-08-25T00:26:15.1924603-05:00 [PHASE5B] [OK ] [2.1] BASE_PART_COLOR_VARIANTS: 455,000/1,551,229 (29.3%) batches=91 elapsed=6.13s
2026-08-25T00:26:15.1944598-05:00 [PHASE5B] [RUN] [2.1] P5B_VARIANTS / BASE_PART_COLOR_VARIANTS 455,000/1,551,229 ( 29.3%) batch=92
2026-08-25T00:26:21.1284147-05:00 [PHASE5B] [OK ] [2.1] BASE_PART_COLOR_VARIANTS: 460,000/1,551,229 (29.7%) batches=92 elapsed=5.94s
2026-08-25T00:26:21.1294118-05:00 [PHASE5B] [RUN] [2.1] P5B_VARIANTS / BASE_PART_COLOR_VARIANTS 460,000/1,551,229 ( 29.7%) batch=93
2026-08-25T00:26:27.0419780-05:00 [PHASE5B] [OK ] [2.1] BASE_PART_COLOR_VARIANTS: 465,000/1,551,229 (30.0%) batches=93 elapsed=5.91s
2026-08-25T00:26:27.0429784-05:00 [PHASE5B] [RUN] [2.1] P5B_VARIANTS / BASE_PART_COLOR_VARIANTS 465,000/1,551,229 ( 30.0%) batch=94
2026-08-25T00:26:33.0212533-05:00 [PHASE5B] [OK ] [2.1] BASE_PART_COLOR_VARIANTS: 470,000/1,551,229 (30.3%) batches=94 elapsed=5.98s
2026-08-25T00:26:33.0232547-05:00 [PHASE5B] [RUN] [2.1] P5B_VARIANTS / BASE_PART_COLOR_VARIANTS 470,000/1,551,229 ( 30.3%) batch=95
2026-08-25T00:26:38.9481765-05:00 [PHASE5B] [OK ] [2.1] BASE_PART_COLOR_VARIANTS: 475,000/1,551,229 (30.6%) batches=95 elapsed=5.93s
2026-08-25T00:26:38.9491773-05:00 [PHASE5B] [RUN] [2.1] P5B_VARIANTS / BASE_PART_COLOR_VARIANTS 475,000/1,551,229 ( 30.6%) batch=96
2026-08-25T00:26:44.8780392-05:00 [PHASE5B] [OK ] [2.1] BASE_PART_COLOR_VARIANTS: 480,000/1,551,229 (30.9%) batches=96 elapsed=5.93s
2026-08-25T00:26:44.8790396-05:00 [PHASE5B] [RUN] [2.1] P5B_VARIANTS / BASE_PART_COLOR_VARIANTS 480,000/1,551,229 ( 30.9%) batch=97
2026-08-25T00:26:51.5848027-05:00 [PHASE5B] [OK ] [2.1] BASE_PART_COLOR_VARIANTS: 485,000/1,551,229 (31.3%) batches=97 elapsed=6.71s
2026-08-25T00:26:51.5858068-05:00 [PHASE5B] [RUN] [2.1] P5B_VARIANTS / BASE_PART_COLOR_VARIANTS 485,000/1,551,229 ( 31.3%) batch=98
2026-08-25T00:26:57.5510296-05:00 [PHASE5B] [OK ] [2.1] BASE_PART_COLOR_VARIANTS: 490,000/1,551,229 (31.6%) batches=98 elapsed=5.97s
2026-08-25T00:26:57.5530305-05:00 [PHASE5B] [RUN] [2.1] P5B_VARIANTS / BASE_PART_COLOR_VARIANTS 490,000/1,551,229 ( 31.6%) batch=99
2026-08-25T00:27:03.5090584-05:00 [PHASE5B] [OK ] [2.1] BASE_PART_COLOR_VARIANTS: 495,000/1,551,229 (31.9%) batches=99 elapsed=5.96s
2026-08-25T00:27:03.5100581-05:00 [PHASE5B] [RUN] [2.1] P5B_VARIANTS / BASE_PART_COLOR_VARIANTS 495,000/1,551,229 ( 31.9%) batch=100
2026-08-25T00:27:09.3555600-05:00 [PHASE5B] [OK ] [2.1] BASE_PART_COLOR_VARIANTS: 500,000/1,551,229 (32.2%) batches=100 elapsed=5.85s
2026-08-25T00:27:09.3565595-05:00 [PHASE5B] [RUN] [2.1] P5B_VARIANTS / BASE_PART_COLOR_VARIANTS 500,000/1,551,229 ( 32.2%) batch=101
2026-08-25T00:27:15.2407731-05:00 [PHASE5B] [OK ] [2.1] BASE_PART_COLOR_VARIANTS: 505,000/1,551,229 (32.6%) batches=101 elapsed=5.89s
2026-08-25T00:27:15.2417754-05:00 [PHASE5B] [RUN] [2.1] P5B_VARIANTS / BASE_PART_COLOR_VARIANTS 505,000/1,551,229 ( 32.6%) batch=102
2026-08-25T00:27:21.0366003-05:00 [PHASE5B] [OK ] [2.1] BASE_PART_COLOR_VARIANTS: 510,000/1,551,229 (32.9%) batches=102 elapsed=5.80s
2026-08-25T00:27:21.0376040-05:00 [PHASE5B] [RUN] [2.1] P5B_VARIANTS / BASE_PART_COLOR_VARIANTS 510,000/1,551,229 ( 32.9%) batch=103
2026-08-25T00:27:26.7074590-05:00 [PHASE5B] [OK ] [2.1] BASE_PART_COLOR_VARIANTS: 515,000/1,551,229 (33.2%) batches=103 elapsed=5.67s
2026-08-25T00:27:26.7084588-05:00 [PHASE5B] [RUN] [2.1] P5B_VARIANTS / BASE_PART_COLOR_VARIANTS 515,000/1,551,229 ( 33.2%) batch=104
2026-08-25T00:27:32.4858320-05:00 [PHASE5B] [OK ] [2.1] BASE_PART_COLOR_VARIANTS: 520,000/1,551,229 (33.5%) batches=104 elapsed=5.78s
2026-08-25T00:27:32.4868334-05:00 [PHASE5B] [RUN] [2.1] P5B_VARIANTS / BASE_PART_COLOR_VARIANTS 520,000/1,551,229 ( 33.5%) batch=105
2026-08-25T00:27:38.2541056-05:00 [PHASE5B] [OK ] [2.1] BASE_PART_COLOR_VARIANTS: 525,000/1,551,229 (33.8%) batches=105 elapsed=5.77s
2026-08-25T00:27:38.2551069-05:00 [PHASE5B] [RUN] [2.1] P5B_VARIANTS / BASE_PART_COLOR_VARIANTS 525,000/1,551,229 ( 33.8%) batch=106
2026-08-25T00:27:43.9612029-05:00 [PHASE5B] [OK ] [2.1] BASE_PART_COLOR_VARIANTS: 530,000/1,551,229 (34.2%) batches=106 elapsed=5.71s
2026-08-25T00:27:43.9622029-05:00 [PHASE5B] [RUN] [2.1] P5B_VARIANTS / BASE_PART_COLOR_VARIANTS 530,000/1,551,229 ( 34.2%) batch=107
2026-08-25T00:27:49.6486431-05:00 [PHASE5B] [OK ] [2.1] BASE_PART_COLOR_VARIANTS: 535,000/1,551,229 (34.5%) batches=107 elapsed=5.69s
2026-08-25T00:27:49.6496453-05:00 [PHASE5B] [RUN] [2.1] P5B_VARIANTS / BASE_PART_COLOR_VARIANTS 535,000/1,551,229 ( 34.5%) batch=108
2026-08-25T00:27:55.2562221-05:00 [PHASE5B] [OK ] [2.1] BASE_PART_COLOR_VARIANTS: 540,000/1,551,229 (34.8%) batches=108 elapsed=5.61s
2026-08-25T00:27:55.2572209-05:00 [PHASE5B] [RUN] [2.1] P5B_VARIANTS / BASE_PART_COLOR_VARIANTS 540,000/1,551,229 ( 34.8%) batch=109
2026-08-25T00:28:00.9156684-05:00 [PHASE5B] [OK ] [2.1] BASE_PART_COLOR_VARIANTS: 545,000/1,551,229 (35.1%) batches=109 elapsed=5.66s
2026-08-25T00:28:00.9176691-05:00 [PHASE5B] [RUN] [2.1] P5B_VARIANTS / BASE_PART_COLOR_VARIANTS 545,000/1,551,229 ( 35.1%) batch=110
2026-08-25T00:28:06.5441634-05:00 [PHASE5B] [OK ] [2.1] BASE_PART_COLOR_VARIANTS: 550,000/1,551,229 (35.5%) batches=110 elapsed=5.63s
2026-08-25T00:28:06.5451636-05:00 [PHASE5B] [RUN] [2.1] P5B_VARIANTS / BASE_PART_COLOR_VARIANTS 550,000/1,551,229 ( 35.5%) batch=111
2026-08-25T00:28:12.0830973-05:00 [PHASE5B] [OK ] [2.1] BASE_PART_COLOR_VARIANTS: 555,000/1,551,229 (35.8%) batches=111 elapsed=5.54s
2026-08-25T00:28:12.0840970-05:00 [PHASE5B] [RUN] [2.1] P5B_VARIANTS / BASE_PART_COLOR_VARIANTS 555,000/1,551,229 ( 35.8%) batch=112
2026-08-25T00:28:17.6664817-05:00 [PHASE5B] [OK ] [2.1] BASE_PART_COLOR_VARIANTS: 560,000/1,551,229 (36.1%) batches=112 elapsed=5.58s
2026-08-25T00:28:17.6674809-05:00 [PHASE5B] [RUN] [2.1] P5B_VARIANTS / BASE_PART_COLOR_VARIANTS 560,000/1,551,229 ( 36.1%) batch=113
2026-08-25T00:28:23.1944702-05:00 [PHASE5B] [OK ] [2.1] BASE_PART_COLOR_VARIANTS: 565,000/1,551,229 (36.4%) batches=113 elapsed=5.53s
2026-08-25T00:28:23.1954753-05:00 [PHASE5B] [RUN] [2.1] P5B_VARIANTS / BASE_PART_COLOR_VARIANTS 565,000/1,551,229 ( 36.4%) batch=114
2026-08-25T00:28:28.7142366-05:00 [PHASE5B] [OK ] [2.1] BASE_PART_COLOR_VARIANTS: 570,000/1,551,229 (36.7%) batches=114 elapsed=5.52s
2026-08-25T00:28:28.7152365-05:00 [PHASE5B] [RUN] [2.1] P5B_VARIANTS / BASE_PART_COLOR_VARIANTS 570,000/1,551,229 ( 36.7%) batch=115
2026-08-25T00:28:34.2392213-05:00 [PHASE5B] [OK ] [2.1] BASE_PART_COLOR_VARIANTS: 575,000/1,551,229 (37.1%) batches=115 elapsed=5.52s
2026-08-25T00:28:34.2402206-05:00 [PHASE5B] [RUN] [2.1] P5B_VARIANTS / BASE_PART_COLOR_VARIANTS 575,000/1,551,229 ( 37.1%) batch=116
2026-08-25T00:28:39.6769508-05:00 [PHASE5B] [OK ] [2.1] BASE_PART_COLOR_VARIANTS: 580,000/1,551,229 (37.4%) batches=116 elapsed=5.44s
2026-08-25T00:28:39.6779495-05:00 [PHASE5B] [RUN] [2.1] P5B_VARIANTS / BASE_PART_COLOR_VARIANTS 580,000/1,551,229 ( 37.4%) batch=117
2026-08-25T00:28:45.1296704-05:00 [PHASE5B] [OK ] [2.1] BASE_PART_COLOR_VARIANTS: 585,000/1,551,229 (37.7%) batches=117 elapsed=5.45s
2026-08-25T00:28:45.1316710-05:00 [PHASE5B] [RUN] [2.1] P5B_VARIANTS / BASE_PART_COLOR_VARIANTS 585,000/1,551,229 ( 37.7%) batch=118
2026-08-25T00:28:50.5762370-05:00 [PHASE5B] [OK ] [2.1] BASE_PART_COLOR_VARIANTS: 590,000/1,551,229 (38.0%) batches=118 elapsed=5.45s
2026-08-25T00:28:50.5772350-05:00 [PHASE5B] [RUN] [2.1] P5B_VARIANTS / BASE_PART_COLOR_VARIANTS 590,000/1,551,229 ( 38.0%) batch=119
2026-08-25T00:28:55.9208311-05:00 [PHASE5B] [OK ] [2.1] BASE_PART_COLOR_VARIANTS: 595,000/1,551,229 (38.4%) batches=119 elapsed=5.34s
2026-08-25T00:28:55.9218317-05:00 [PHASE5B] [RUN] [2.1] P5B_VARIANTS / BASE_PART_COLOR_VARIANTS 595,000/1,551,229 ( 38.4%) batch=120
2026-08-25T00:29:01.2740780-05:00 [PHASE5B] [OK ] [2.1] BASE_PART_COLOR_VARIANTS: 600,000/1,551,229 (38.7%) batches=120 elapsed=5.35s
2026-08-25T00:29:01.2750780-05:00 [PHASE5B] [RUN] [2.1] P5B_VARIANTS / BASE_PART_COLOR_VARIANTS 600,000/1,551,229 ( 38.7%) batch=121
2026-08-25T00:29:06.6309555-05:00 [PHASE5B] [OK ] [2.1] BASE_PART_COLOR_VARIANTS: 605,000/1,551,229 (39.0%) batches=121 elapsed=5.36s
2026-08-25T00:29:06.6319558-05:00 [PHASE5B] [RUN] [2.1] P5B_VARIANTS / BASE_PART_COLOR_VARIANTS 605,000/1,551,229 ( 39.0%) batch=122
2026-08-25T00:29:12.0191589-05:00 [PHASE5B] [OK ] [2.1] BASE_PART_COLOR_VARIANTS: 610,000/1,551,229 (39.3%) batches=122 elapsed=5.39s
2026-08-25T00:29:12.0201613-05:00 [PHASE5B] [RUN] [2.1] P5B_VARIANTS / BASE_PART_COLOR_VARIANTS 610,000/1,551,229 ( 39.3%) batch=123
2026-08-25T00:29:17.3544955-05:00 [PHASE5B] [OK ] [2.1] BASE_PART_COLOR_VARIANTS: 615,000/1,551,229 (39.6%) batches=123 elapsed=5.34s
2026-08-25T00:29:17.3554968-05:00 [PHASE5B] [RUN] [2.1] P5B_VARIANTS / BASE_PART_COLOR_VARIANTS 615,000/1,551,229 ( 39.6%) batch=124
2026-08-25T00:29:22.5938672-05:00 [PHASE5B] [OK ] [2.1] BASE_PART_COLOR_VARIANTS: 620,000/1,551,229 (40.0%) batches=124 elapsed=5.24s
2026-08-25T00:29:22.5948589-05:00 [PHASE5B] [RUN] [2.1] P5B_VARIANTS / BASE_PART_COLOR_VARIANTS 620,000/1,551,229 ( 40.0%) batch=125
2026-08-25T00:29:27.8167496-05:00 [PHASE5B] [OK ] [2.1] BASE_PART_COLOR_VARIANTS: 625,000/1,551,229 (40.3%) batches=125 elapsed=5.22s
2026-08-25T00:29:27.8177524-05:00 [PHASE5B] [RUN] [2.1] P5B_VARIANTS / BASE_PART_COLOR_VARIANTS 625,000/1,551,229 ( 40.3%) batch=126
2026-08-25T00:29:33.0655932-05:00 [PHASE5B] [OK ] [2.1] BASE_PART_COLOR_VARIANTS: 630,000/1,551,229 (40.6%) batches=126 elapsed=5.25s
2026-08-25T00:29:33.0665937-05:00 [PHASE5B] [RUN] [2.1] P5B_VARIANTS / BASE_PART_COLOR_VARIANTS 630,000/1,551,229 ( 40.6%) batch=127
2026-08-25T00:29:38.3154416-05:00 [PHASE5B] [OK ] [2.1] BASE_PART_COLOR_VARIANTS: 635,000/1,551,229 (40.9%) batches=127 elapsed=5.25s
2026-08-25T00:29:38.3164425-05:00 [PHASE5B] [RUN] [2.1] P5B_VARIANTS / BASE_PART_COLOR_VARIANTS 635,000/1,551,229 ( 40.9%) batch=128
2026-08-25T00:29:43.4332355-05:00 [PHASE5B] [OK ] [2.1] BASE_PART_COLOR_VARIANTS: 640,000/1,551,229 (41.3%) batches=128 elapsed=5.12s
2026-08-25T00:29:43.4342364-05:00 [PHASE5B] [RUN] [2.1] P5B_VARIANTS / BASE_PART_COLOR_VARIANTS 640,000/1,551,229 ( 41.3%) batch=129
2026-08-25T00:29:48.6666361-05:00 [PHASE5B] [OK ] [2.1] BASE_PART_COLOR_VARIANTS: 645,000/1,551,229 (41.6%) batches=129 elapsed=5.23s
2026-08-25T00:29:48.6676369-05:00 [PHASE5B] [RUN] [2.1] P5B_VARIANTS / BASE_PART_COLOR_VARIANTS 645,000/1,551,229 ( 41.6%) batch=130
2026-08-25T00:29:53.8237996-05:00 [PHASE5B] [OK ] [2.1] BASE_PART_COLOR_VARIANTS: 650,000/1,551,229 (41.9%) batches=130 elapsed=5.16s
2026-08-25T00:29:53.8247998-05:00 [PHASE5B] [RUN] [2.1] P5B_VARIANTS / BASE_PART_COLOR_VARIANTS 650,000/1,551,229 ( 41.9%) batch=131
2026-08-25T00:29:58.8555345-05:00 [PHASE5B] [OK ] [2.1] BASE_PART_COLOR_VARIANTS: 655,000/1,551,229 (42.2%) batches=131 elapsed=5.03s
2026-08-25T00:29:58.8565355-05:00 [PHASE5B] [RUN] [2.1] P5B_VARIANTS / BASE_PART_COLOR_VARIANTS 655,000/1,551,229 ( 42.2%) batch=132
2026-08-25T00:30:03.9940300-05:00 [PHASE5B] [OK ] [2.1] BASE_PART_COLOR_VARIANTS: 660,000/1,551,229 (42.5%) batches=132 elapsed=5.14s
2026-08-25T00:30:03.9950305-05:00 [PHASE5B] [RUN] [2.1] P5B_VARIANTS / BASE_PART_COLOR_VARIANTS 660,000/1,551,229 ( 42.5%) batch=133
2026-08-25T00:30:09.0384631-05:00 [PHASE5B] [OK ] [2.1] BASE_PART_COLOR_VARIANTS: 665,000/1,551,229 (42.9%) batches=133 elapsed=5.04s
2026-08-25T00:30:09.0404618-05:00 [PHASE5B] [RUN] [2.1] P5B_VARIANTS / BASE_PART_COLOR_VARIANTS 665,000/1,551,229 ( 42.9%) batch=134
2026-08-25T00:30:14.0635397-05:00 [PHASE5B] [OK ] [2.1] BASE_PART_COLOR_VARIANTS: 670,000/1,551,229 (43.2%) batches=134 elapsed=5.02s
2026-08-25T00:30:14.0645390-05:00 [PHASE5B] [RUN] [2.1] P5B_VARIANTS / BASE_PART_COLOR_VARIANTS 670,000/1,551,229 ( 43.2%) batch=135
2026-08-25T00:30:19.0979346-05:00 [PHASE5B] [OK ] [2.1] BASE_PART_COLOR_VARIANTS: 675,000/1,551,229 (43.5%) batches=135 elapsed=5.03s
2026-08-25T00:30:19.0989343-05:00 [PHASE5B] [RUN] [2.1] P5B_VARIANTS / BASE_PART_COLOR_VARIANTS 675,000/1,551,229 ( 43.5%) batch=136
2026-08-25T00:30:24.0813474-05:00 [PHASE5B] [OK ] [2.1] BASE_PART_COLOR_VARIANTS: 680,000/1,551,229 (43.8%) batches=136 elapsed=4.98s
2026-08-25T00:30:24.0823505-05:00 [PHASE5B] [RUN] [2.1] P5B_VARIANTS / BASE_PART_COLOR_VARIANTS 680,000/1,551,229 ( 43.8%) batch=137
2026-08-25T00:30:28.9778299-05:00 [PHASE5B] [OK ] [2.1] BASE_PART_COLOR_VARIANTS: 685,000/1,551,229 (44.2%) batches=137 elapsed=4.90s
2026-08-25T00:30:28.9788305-05:00 [PHASE5B] [RUN] [2.1] P5B_VARIANTS / BASE_PART_COLOR_VARIANTS 685,000/1,551,229 ( 44.2%) batch=138
2026-08-25T00:30:33.9581454-05:00 [PHASE5B] [OK ] [2.1] BASE_PART_COLOR_VARIANTS: 690,000/1,551,229 (44.5%) batches=138 elapsed=4.98s
2026-08-25T00:30:33.9591447-05:00 [PHASE5B] [RUN] [2.1] P5B_VARIANTS / BASE_PART_COLOR_VARIANTS 690,000/1,551,229 ( 44.5%) batch=139
2026-08-25T00:30:38.8613171-05:00 [PHASE5B] [OK ] [2.1] BASE_PART_COLOR_VARIANTS: 695,000/1,551,229 (44.8%) batches=139 elapsed=4.90s
2026-08-25T00:30:38.8623239-05:00 [PHASE5B] [RUN] [2.1] P5B_VARIANTS / BASE_PART_COLOR_VARIANTS 695,000/1,551,229 ( 44.8%) batch=140
2026-08-25T00:30:43.7721107-05:00 [PHASE5B] [OK ] [2.1] BASE_PART_COLOR_VARIANTS: 700,000/1,551,229 (45.1%) batches=140 elapsed=4.91s
2026-08-25T00:30:43.7731092-05:00 [PHASE5B] [RUN] [2.1] P5B_VARIANTS / BASE_PART_COLOR_VARIANTS 700,000/1,551,229 ( 45.1%) batch=141
2026-08-25T00:30:48.6795828-05:00 [PHASE5B] [OK ] [2.1] BASE_PART_COLOR_VARIANTS: 705,000/1,551,229 (45.4%) batches=141 elapsed=4.91s
2026-08-25T00:30:48.6805833-05:00 [PHASE5B] [RUN] [2.1] P5B_VARIANTS / BASE_PART_COLOR_VARIANTS 705,000/1,551,229 ( 45.4%) batch=142
2026-08-25T00:30:53.5800184-05:00 [PHASE5B] [OK ] [2.1] BASE_PART_COLOR_VARIANTS: 710,000/1,551,229 (45.8%) batches=142 elapsed=4.90s
2026-08-25T00:30:53.5810177-05:00 [PHASE5B] [RUN] [2.1] P5B_VARIANTS / BASE_PART_COLOR_VARIANTS 710,000/1,551,229 ( 45.8%) batch=143
2026-08-25T00:30:58.4237779-05:00 [PHASE5B] [OK ] [2.1] BASE_PART_COLOR_VARIANTS: 715,000/1,551,229 (46.1%) batches=143 elapsed=4.84s
2026-08-25T00:30:58.4247834-05:00 [PHASE5B] [RUN] [2.1] P5B_VARIANTS / BASE_PART_COLOR_VARIANTS 715,000/1,551,229 ( 46.1%) batch=144
2026-08-25T00:31:03.2181298-05:00 [PHASE5B] [OK ] [2.1] BASE_PART_COLOR_VARIANTS: 720,000/1,551,229 (46.4%) batches=144 elapsed=4.79s
2026-08-25T00:31:03.2191279-05:00 [PHASE5B] [RUN] [2.1] P5B_VARIANTS / BASE_PART_COLOR_VARIANTS 720,000/1,551,229 ( 46.4%) batch=145
2026-08-25T00:31:07.9514742-05:00 [PHASE5B] [OK ] [2.1] BASE_PART_COLOR_VARIANTS: 725,000/1,551,229 (46.7%) batches=145 elapsed=4.73s
2026-08-25T00:31:07.9524730-05:00 [PHASE5B] [RUN] [2.1] P5B_VARIANTS / BASE_PART_COLOR_VARIANTS 725,000/1,551,229 ( 46.7%) batch=146
2026-08-25T00:31:12.7903736-05:00 [PHASE5B] [OK ] [2.1] BASE_PART_COLOR_VARIANTS: 730,000/1,551,229 (47.1%) batches=146 elapsed=4.84s
2026-08-25T00:31:12.7913721-05:00 [PHASE5B] [RUN] [2.1] P5B_VARIANTS / BASE_PART_COLOR_VARIANTS 730,000/1,551,229 ( 47.1%) batch=147
2026-08-25T00:31:17.5425478-05:00 [PHASE5B] [OK ] [2.1] BASE_PART_COLOR_VARIANTS: 735,000/1,551,229 (47.4%) batches=147 elapsed=4.75s
2026-08-25T00:31:17.5435504-05:00 [PHASE5B] [RUN] [2.1] P5B_VARIANTS / BASE_PART_COLOR_VARIANTS 735,000/1,551,229 ( 47.4%) batch=148
2026-08-25T00:31:22.1930715-05:00 [PHASE5B] [OK ] [2.1] BASE_PART_COLOR_VARIANTS: 740,000/1,551,229 (47.7%) batches=148 elapsed=4.65s
2026-08-25T00:31:22.1950719-05:00 [PHASE5B] [RUN] [2.1] P5B_VARIANTS / BASE_PART_COLOR_VARIANTS 740,000/1,551,229 ( 47.7%) batch=149
2026-08-25T00:31:26.8329112-05:00 [PHASE5B] [OK ] [2.1] BASE_PART_COLOR_VARIANTS: 745,000/1,551,229 (48.0%) batches=149 elapsed=4.64s
2026-08-25T00:31:26.8339122-05:00 [PHASE5B] [RUN] [2.1] P5B_VARIANTS / BASE_PART_COLOR_VARIANTS 745,000/1,551,229 ( 48.0%) batch=150
2026-08-25T00:31:31.4832778-05:00 [PHASE5B] [OK ] [2.1] BASE_PART_COLOR_VARIANTS: 750,000/1,551,229 (48.3%) batches=150 elapsed=4.65s
2026-08-25T00:31:31.4842777-05:00 [PHASE5B] [RUN] [2.1] P5B_VARIANTS / BASE_PART_COLOR_VARIANTS 750,000/1,551,229 ( 48.3%) batch=151
2026-08-25T00:31:36.1191855-05:00 [PHASE5B] [OK ] [2.1] BASE_PART_COLOR_VARIANTS: 755,000/1,551,229 (48.7%) batches=151 elapsed=4.64s
2026-08-25T00:31:36.1201857-05:00 [PHASE5B] [RUN] [2.1] P5B_VARIANTS / BASE_PART_COLOR_VARIANTS 755,000/1,551,229 ( 48.7%) batch=152
2026-08-25T00:31:40.7355879-05:00 [PHASE5B] [OK ] [2.1] BASE_PART_COLOR_VARIANTS: 760,000/1,551,229 (49.0%) batches=152 elapsed=4.62s
2026-08-25T00:31:40.7375861-05:00 [PHASE5B] [RUN] [2.1] P5B_VARIANTS / BASE_PART_COLOR_VARIANTS 760,000/1,551,229 ( 49.0%) batch=153
2026-08-25T00:31:45.3474846-05:00 [PHASE5B] [OK ] [2.1] BASE_PART_COLOR_VARIANTS: 765,000/1,551,229 (49.3%) batches=153 elapsed=4.61s
2026-08-25T00:31:45.3484858-05:00 [PHASE5B] [RUN] [2.1] P5B_VARIANTS / BASE_PART_COLOR_VARIANTS 765,000/1,551,229 ( 49.3%) batch=154
2026-08-25T00:31:49.8856057-05:00 [PHASE5B] [OK ] [2.1] BASE_PART_COLOR_VARIANTS: 770,000/1,551,229 (49.6%) batches=154 elapsed=4.54s
2026-08-25T00:31:49.8876067-05:00 [PHASE5B] [RUN] [2.1] P5B_VARIANTS / BASE_PART_COLOR_VARIANTS 770,000/1,551,229 ( 49.6%) batch=155
2026-08-25T00:31:54.4167195-05:00 [PHASE5B] [OK ] [2.1] BASE_PART_COLOR_VARIANTS: 775,000/1,551,229 (50.0%) batches=155 elapsed=4.53s
2026-08-25T00:31:54.4177278-05:00 [PHASE5B] [RUN] [2.1] P5B_VARIANTS / BASE_PART_COLOR_VARIANTS 775,000/1,551,229 ( 50.0%) batch=156
2026-08-25T00:31:58.8400619-05:00 [PHASE5B] [OK ] [2.1] BASE_PART_COLOR_VARIANTS: 780,000/1,551,229 (50.3%) batches=156 elapsed=4.42s
2026-08-25T00:31:58.8410623-05:00 [PHASE5B] [RUN] [2.1] P5B_VARIANTS / BASE_PART_COLOR_VARIANTS 780,000/1,551,229 ( 50.3%) batch=157
2026-08-25T00:32:03.3338120-05:00 [PHASE5B] [OK ] [2.1] BASE_PART_COLOR_VARIANTS: 785,000/1,551,229 (50.6%) batches=157 elapsed=4.49s
2026-08-25T00:32:03.3348178-05:00 [PHASE5B] [RUN] [2.1] P5B_VARIANTS / BASE_PART_COLOR_VARIANTS 785,000/1,551,229 ( 50.6%) batch=158
2026-08-25T00:32:07.7304220-05:00 [PHASE5B] [OK ] [2.1] BASE_PART_COLOR_VARIANTS: 790,000/1,551,229 (50.9%) batches=158 elapsed=4.40s
2026-08-25T00:32:07.7314201-05:00 [PHASE5B] [RUN] [2.1] P5B_VARIANTS / BASE_PART_COLOR_VARIANTS 790,000/1,551,229 ( 50.9%) batch=159
2026-08-25T00:32:12.1878037-05:00 [PHASE5B] [OK ] [2.1] BASE_PART_COLOR_VARIANTS: 795,000/1,551,229 (51.2%) batches=159 elapsed=4.46s
2026-08-25T00:32:12.1888058-05:00 [PHASE5B] [RUN] [2.1] P5B_VARIANTS / BASE_PART_COLOR_VARIANTS 795,000/1,551,229 ( 51.2%) batch=160
2026-08-25T00:32:16.6016129-05:00 [PHASE5B] [OK ] [2.1] BASE_PART_COLOR_VARIANTS: 800,000/1,551,229 (51.6%) batches=160 elapsed=4.41s
2026-08-25T00:32:16.6026138-05:00 [PHASE5B] [RUN] [2.1] P5B_VARIANTS / BASE_PART_COLOR_VARIANTS 800,000/1,551,229 ( 51.6%) batch=161
2026-08-25T00:32:20.9450964-05:00 [PHASE5B] [OK ] [2.1] BASE_PART_COLOR_VARIANTS: 805,000/1,551,229 (51.9%) batches=161 elapsed=4.34s
2026-08-25T00:32:20.9460983-05:00 [PHASE5B] [RUN] [2.1] P5B_VARIANTS / BASE_PART_COLOR_VARIANTS 805,000/1,551,229 ( 51.9%) batch=162
2026-08-25T00:32:25.2143076-05:00 [PHASE5B] [OK ] [2.1] BASE_PART_COLOR_VARIANTS: 810,000/1,551,229 (52.2%) batches=162 elapsed=4.27s
2026-08-25T00:32:25.2153083-05:00 [PHASE5B] [RUN] [2.1] P5B_VARIANTS / BASE_PART_COLOR_VARIANTS 810,000/1,551,229 ( 52.2%) batch=163
2026-08-25T00:32:29.4566861-05:00 [PHASE5B] [OK ] [2.1] BASE_PART_COLOR_VARIANTS: 815,000/1,551,229 (52.5%) batches=163 elapsed=4.24s
2026-08-25T00:32:29.4586867-05:00 [PHASE5B] [RUN] [2.1] P5B_VARIANTS / BASE_PART_COLOR_VARIANTS 815,000/1,551,229 ( 52.5%) batch=164
2026-08-25T00:32:33.7440118-05:00 [PHASE5B] [OK ] [2.1] BASE_PART_COLOR_VARIANTS: 820,000/1,551,229 (52.9%) batches=164 elapsed=4.29s
2026-08-25T00:32:33.7450096-05:00 [PHASE5B] [RUN] [2.1] P5B_VARIANTS / BASE_PART_COLOR_VARIANTS 820,000/1,551,229 ( 52.9%) batch=165
2026-08-25T00:32:37.9993726-05:00 [PHASE5B] [OK ] [2.1] BASE_PART_COLOR_VARIANTS: 825,000/1,551,229 (53.2%) batches=165 elapsed=4.26s
2026-08-25T00:32:38.0013727-05:00 [PHASE5B] [RUN] [2.1] P5B_VARIANTS / BASE_PART_COLOR_VARIANTS 825,000/1,551,229 ( 53.2%) batch=166
2026-08-25T00:32:42.2897357-05:00 [PHASE5B] [OK ] [2.1] BASE_PART_COLOR_VARIANTS: 830,000/1,551,229 (53.5%) batches=166 elapsed=4.29s
2026-08-25T00:32:42.2907361-05:00 [PHASE5B] [RUN] [2.1] P5B_VARIANTS / BASE_PART_COLOR_VARIANTS 830,000/1,551,229 ( 53.5%) batch=167
2026-08-25T00:32:46.5332653-05:00 [PHASE5B] [OK ] [2.1] BASE_PART_COLOR_VARIANTS: 835,000/1,551,229 (53.8%) batches=167 elapsed=4.24s
2026-08-25T00:32:46.5352639-05:00 [PHASE5B] [RUN] [2.1] P5B_VARIANTS / BASE_PART_COLOR_VARIANTS 835,000/1,551,229 ( 53.8%) batch=168
2026-08-25T00:32:50.7095932-05:00 [PHASE5B] [OK ] [2.1] BASE_PART_COLOR_VARIANTS: 840,000/1,551,229 (54.2%) batches=168 elapsed=4.18s
2026-08-25T00:32:50.7105946-05:00 [PHASE5B] [RUN] [2.1] P5B_VARIANTS / BASE_PART_COLOR_VARIANTS 840,000/1,551,229 ( 54.2%) batch=169
2026-08-25T00:32:54.8504816-05:00 [PHASE5B] [OK ] [2.1] BASE_PART_COLOR_VARIANTS: 845,000/1,551,229 (54.5%) batches=169 elapsed=4.14s
2026-08-25T00:32:54.8524813-05:00 [PHASE5B] [RUN] [2.1] P5B_VARIANTS / BASE_PART_COLOR_VARIANTS 845,000/1,551,229 ( 54.5%) batch=170
2026-08-25T00:32:58.9840242-05:00 [PHASE5B] [OK ] [2.1] BASE_PART_COLOR_VARIANTS: 850,000/1,551,229 (54.8%) batches=170 elapsed=4.13s
2026-08-25T00:32:58.9850263-05:00 [PHASE5B] [RUN] [2.1] P5B_VARIANTS / BASE_PART_COLOR_VARIANTS 850,000/1,551,229 ( 54.8%) batch=171
2026-08-25T00:33:03.1443223-05:00 [PHASE5B] [OK ] [2.1] BASE_PART_COLOR_VARIANTS: 855,000/1,551,229 (55.1%) batches=171 elapsed=4.16s
2026-08-25T00:33:03.1453215-05:00 [PHASE5B] [RUN] [2.1] P5B_VARIANTS / BASE_PART_COLOR_VARIANTS 855,000/1,551,229 ( 55.1%) batch=172
2026-08-25T00:33:07.2359695-05:00 [PHASE5B] [OK ] [2.1] BASE_PART_COLOR_VARIANTS: 860,000/1,551,229 (55.4%) batches=172 elapsed=4.09s
2026-08-25T00:33:07.2369696-05:00 [PHASE5B] [RUN] [2.1] P5B_VARIANTS / BASE_PART_COLOR_VARIANTS 860,000/1,551,229 ( 55.4%) batch=173
2026-08-25T00:33:11.3545172-05:00 [PHASE5B] [OK ] [2.1] BASE_PART_COLOR_VARIANTS: 865,000/1,551,229 (55.8%) batches=173 elapsed=4.12s
2026-08-25T00:33:11.3565171-05:00 [PHASE5B] [RUN] [2.1] P5B_VARIANTS / BASE_PART_COLOR_VARIANTS 865,000/1,551,229 ( 55.8%) batch=174
2026-08-25T00:33:15.4696883-05:00 [PHASE5B] [OK ] [2.1] BASE_PART_COLOR_VARIANTS: 870,000/1,551,229 (56.1%) batches=174 elapsed=4.11s
2026-08-25T00:33:15.4706895-05:00 [PHASE5B] [RUN] [2.1] P5B_VARIANTS / BASE_PART_COLOR_VARIANTS 870,000/1,551,229 ( 56.1%) batch=175
2026-08-25T00:33:19.5358967-05:00 [PHASE5B] [OK ] [2.1] BASE_PART_COLOR_VARIANTS: 875,000/1,551,229 (56.4%) batches=175 elapsed=4.07s
2026-08-25T00:33:19.5378982-05:00 [PHASE5B] [RUN] [2.1] P5B_VARIANTS / BASE_PART_COLOR_VARIANTS 875,000/1,551,229 ( 56.4%) batch=176
2026-08-25T00:33:23.5591880-05:00 [PHASE5B] [OK ] [2.1] BASE_PART_COLOR_VARIANTS: 880,000/1,551,229 (56.7%) batches=176 elapsed=4.02s
2026-08-25T00:33:23.5601869-05:00 [PHASE5B] [RUN] [2.1] P5B_VARIANTS / BASE_PART_COLOR_VARIANTS 880,000/1,551,229 ( 56.7%) batch=177
2026-08-25T00:33:27.5679622-05:00 [PHASE5B] [OK ] [2.1] BASE_PART_COLOR_VARIANTS: 885,000/1,551,229 (57.1%) batches=177 elapsed=4.01s
2026-08-25T00:33:27.5689648-05:00 [PHASE5B] [RUN] [2.1] P5B_VARIANTS / BASE_PART_COLOR_VARIANTS 885,000/1,551,229 ( 57.1%) batch=178
2026-08-25T00:33:31.5294874-05:00 [PHASE5B] [OK ] [2.1] BASE_PART_COLOR_VARIANTS: 890,000/1,551,229 (57.4%) batches=178 elapsed=3.96s
2026-08-25T00:33:31.5314882-05:00 [PHASE5B] [RUN] [2.1] P5B_VARIANTS / BASE_PART_COLOR_VARIANTS 890,000/1,551,229 ( 57.4%) batch=179
2026-08-25T00:33:35.5033847-05:00 [PHASE5B] [OK ] [2.1] BASE_PART_COLOR_VARIANTS: 895,000/1,551,229 (57.7%) batches=179 elapsed=3.97s
2026-08-25T00:33:35.5043848-05:00 [PHASE5B] [RUN] [2.1] P5B_VARIANTS / BASE_PART_COLOR_VARIANTS 895,000/1,551,229 ( 57.7%) batch=180
2026-08-25T00:33:39.4476724-05:00 [PHASE5B] [OK ] [2.1] BASE_PART_COLOR_VARIANTS: 900,000/1,551,229 (58.0%) batches=180 elapsed=3.94s
2026-08-25T00:33:39.4496730-05:00 [PHASE5B] [RUN] [2.1] P5B_VARIANTS / BASE_PART_COLOR_VARIANTS 900,000/1,551,229 ( 58.0%) batch=181
2026-08-25T00:33:43.3447754-05:00 [PHASE5B] [OK ] [2.1] BASE_PART_COLOR_VARIANTS: 905,000/1,551,229 (58.3%) batches=181 elapsed=3.90s
2026-08-25T00:33:43.3457760-05:00 [PHASE5B] [RUN] [2.1] P5B_VARIANTS / BASE_PART_COLOR_VARIANTS 905,000/1,551,229 ( 58.3%) batch=182
2026-08-25T00:33:47.2383188-05:00 [PHASE5B] [OK ] [2.1] BASE_PART_COLOR_VARIANTS: 910,000/1,551,229 (58.7%) batches=182 elapsed=3.89s
2026-08-25T00:33:47.2393184-05:00 [PHASE5B] [RUN] [2.1] P5B_VARIANTS / BASE_PART_COLOR_VARIANTS 910,000/1,551,229 ( 58.7%) batch=183
2026-08-25T00:33:51.0786787-05:00 [PHASE5B] [OK ] [2.1] BASE_PART_COLOR_VARIANTS: 915,000/1,551,229 (59.0%) batches=183 elapsed=3.84s
2026-08-25T00:33:51.0796790-05:00 [PHASE5B] [RUN] [2.1] P5B_VARIANTS / BASE_PART_COLOR_VARIANTS 915,000/1,551,229 ( 59.0%) batch=184
2026-08-25T00:33:54.9105911-05:00 [PHASE5B] [OK ] [2.1] BASE_PART_COLOR_VARIANTS: 920,000/1,551,229 (59.3%) batches=184 elapsed=3.83s
2026-08-25T00:33:54.9115941-05:00 [PHASE5B] [RUN] [2.1] P5B_VARIANTS / BASE_PART_COLOR_VARIANTS 920,000/1,551,229 ( 59.3%) batch=185
2026-08-25T00:33:58.7139114-05:00 [PHASE5B] [OK ] [2.1] BASE_PART_COLOR_VARIANTS: 925,000/1,551,229 (59.6%) batches=185 elapsed=3.80s
2026-08-25T00:33:58.7159124-05:00 [PHASE5B] [RUN] [2.1] P5B_VARIANTS / BASE_PART_COLOR_VARIANTS 925,000/1,551,229 ( 59.6%) batch=186
2026-08-25T00:34:02.5225553-05:00 [PHASE5B] [OK ] [2.1] BASE_PART_COLOR_VARIANTS: 930,000/1,551,229 (60.0%) batches=186 elapsed=3.81s
2026-08-25T00:34:02.5235572-05:00 [PHASE5B] [RUN] [2.1] P5B_VARIANTS / BASE_PART_COLOR_VARIANTS 930,000/1,551,229 ( 60.0%) batch=187
2026-08-25T00:34:06.3004907-05:00 [PHASE5B] [OK ] [2.1] BASE_PART_COLOR_VARIANTS: 935,000/1,551,229 (60.3%) batches=187 elapsed=3.78s
2026-08-25T00:34:06.3014914-05:00 [PHASE5B] [RUN] [2.1] P5B_VARIANTS / BASE_PART_COLOR_VARIANTS 935,000/1,551,229 ( 60.3%) batch=188
2026-08-25T00:34:10.0130809-05:00 [PHASE5B] [OK ] [2.1] BASE_PART_COLOR_VARIANTS: 940,000/1,551,229 (60.6%) batches=188 elapsed=3.71s
2026-08-25T00:34:10.0140790-05:00 [PHASE5B] [RUN] [2.1] P5B_VARIANTS / BASE_PART_COLOR_VARIANTS 940,000/1,551,229 ( 60.6%) batch=189
2026-08-25T00:34:13.7867606-05:00 [PHASE5B] [OK ] [2.1] BASE_PART_COLOR_VARIANTS: 945,000/1,551,229 (60.9%) batches=189 elapsed=3.77s
2026-08-25T00:34:13.7877596-05:00 [PHASE5B] [RUN] [2.1] P5B_VARIANTS / BASE_PART_COLOR_VARIANTS 945,000/1,551,229 ( 60.9%) batch=190
2026-08-25T00:34:17.5391246-05:00 [PHASE5B] [OK ] [2.1] BASE_PART_COLOR_VARIANTS: 950,000/1,551,229 (61.2%) batches=190 elapsed=3.75s
2026-08-25T00:34:17.5411248-05:00 [PHASE5B] [RUN] [2.1] P5B_VARIANTS / BASE_PART_COLOR_VARIANTS 950,000/1,551,229 ( 61.2%) batch=191
2026-08-25T00:34:21.2063608-05:00 [PHASE5B] [OK ] [2.1] BASE_PART_COLOR_VARIANTS: 955,000/1,551,229 (61.6%) batches=191 elapsed=3.67s
2026-08-25T00:34:21.2073645-05:00 [PHASE5B] [RUN] [2.1] P5B_VARIANTS / BASE_PART_COLOR_VARIANTS 955,000/1,551,229 ( 61.6%) batch=192
2026-08-25T00:34:24.8175263-05:00 [PHASE5B] [OK ] [2.1] BASE_PART_COLOR_VARIANTS: 960,000/1,551,229 (61.9%) batches=192 elapsed=3.61s
2026-08-25T00:34:24.8185279-05:00 [PHASE5B] [RUN] [2.1] P5B_VARIANTS / BASE_PART_COLOR_VARIANTS 960,000/1,551,229 ( 61.9%) batch=193
2026-08-25T00:34:28.3720720-05:00 [PHASE5B] [OK ] [2.1] BASE_PART_COLOR_VARIANTS: 965,000/1,551,229 (62.2%) batches=193 elapsed=3.55s
2026-08-25T00:34:28.3730712-05:00 [PHASE5B] [RUN] [2.1] P5B_VARIANTS / BASE_PART_COLOR_VARIANTS 965,000/1,551,229 ( 62.2%) batch=194
2026-08-25T00:34:31.9422576-05:00 [PHASE5B] [OK ] [2.1] BASE_PART_COLOR_VARIANTS: 970,000/1,551,229 (62.5%) batches=194 elapsed=3.57s
2026-08-25T00:34:31.9442587-05:00 [PHASE5B] [RUN] [2.1] P5B_VARIANTS / BASE_PART_COLOR_VARIANTS 970,000/1,551,229 ( 62.5%) batch=195
2026-08-25T00:34:35.4445409-05:00 [PHASE5B] [OK ] [2.1] BASE_PART_COLOR_VARIANTS: 975,000/1,551,229 (62.9%) batches=195 elapsed=3.50s
2026-08-25T00:34:35.4455404-05:00 [PHASE5B] [RUN] [2.1] P5B_VARIANTS / BASE_PART_COLOR_VARIANTS 975,000/1,551,229 ( 62.9%) batch=196
2026-08-25T00:34:38.9660905-05:00 [PHASE5B] [OK ] [2.1] BASE_PART_COLOR_VARIANTS: 980,000/1,551,229 (63.2%) batches=196 elapsed=3.52s
2026-08-25T00:34:38.9670908-05:00 [PHASE5B] [RUN] [2.1] P5B_VARIANTS / BASE_PART_COLOR_VARIANTS 980,000/1,551,229 ( 63.2%) batch=197
2026-08-25T00:34:42.4797472-05:00 [PHASE5B] [OK ] [2.1] BASE_PART_COLOR_VARIANTS: 985,000/1,551,229 (63.5%) batches=197 elapsed=3.51s
2026-08-25T00:34:42.4807489-05:00 [PHASE5B] [RUN] [2.1] P5B_VARIANTS / BASE_PART_COLOR_VARIANTS 985,000/1,551,229 ( 63.5%) batch=198
2026-08-25T00:34:46.0400220-05:00 [PHASE5B] [OK ] [2.1] BASE_PART_COLOR_VARIANTS: 990,000/1,551,229 (63.8%) batches=198 elapsed=3.56s
2026-08-25T00:34:46.0410222-05:00 [PHASE5B] [RUN] [2.1] P5B_VARIANTS / BASE_PART_COLOR_VARIANTS 990,000/1,551,229 ( 63.8%) batch=199
2026-08-25T00:34:49.5293390-05:00 [PHASE5B] [OK ] [2.1] BASE_PART_COLOR_VARIANTS: 995,000/1,551,229 (64.1%) batches=199 elapsed=3.49s
2026-08-25T00:34:49.5303394-05:00 [PHASE5B] [RUN] [2.1] P5B_VARIANTS / BASE_PART_COLOR_VARIANTS 995,000/1,551,229 ( 64.1%) batch=200
2026-08-25T00:34:53.0109582-05:00 [PHASE5B] [OK ] [2.1] BASE_PART_COLOR_VARIANTS: 1,000,000/1,551,229 (64.5%) batches=200 elapsed=3.48s
2026-08-25T00:34:53.0119553-05:00 [PHASE5B] [RUN] [2.1] P5B_VARIANTS / BASE_PART_COLOR_VARIANTS 1,000,000/1,551,229 ( 64.5%) batch=201
2026-08-25T00:34:56.4266900-05:00 [PHASE5B] [OK ] [2.1] BASE_PART_COLOR_VARIANTS: 1,005,000/1,551,229 (64.8%) batches=201 elapsed=3.42s
2026-08-25T00:34:56.4276937-05:00 [PHASE5B] [RUN] [2.1] P5B_VARIANTS / BASE_PART_COLOR_VARIANTS 1,005,000/1,551,229 ( 64.8%) batch=202
2026-08-25T00:34:59.8320088-05:00 [PHASE5B] [OK ] [2.1] BASE_PART_COLOR_VARIANTS: 1,010,000/1,551,229 (65.1%) batches=202 elapsed=3.41s
2026-08-25T00:34:59.8330072-05:00 [PHASE5B] [RUN] [2.1] P5B_VARIANTS / BASE_PART_COLOR_VARIANTS 1,010,000/1,551,229 ( 65.1%) batch=203
2026-08-25T00:35:03.1863143-05:00 [PHASE5B] [OK ] [2.1] BASE_PART_COLOR_VARIANTS: 1,015,000/1,551,229 (65.4%) batches=203 elapsed=3.35s
2026-08-25T00:35:03.1873131-05:00 [PHASE5B] [RUN] [2.1] P5B_VARIANTS / BASE_PART_COLOR_VARIANTS 1,015,000/1,551,229 ( 65.4%) batch=204
2026-08-25T00:35:06.5445263-05:00 [PHASE5B] [OK ] [2.1] BASE_PART_COLOR_VARIANTS: 1,020,000/1,551,229 (65.8%) batches=204 elapsed=3.36s
2026-08-25T00:35:06.5465286-05:00 [PHASE5B] [RUN] [2.1] P5B_VARIANTS / BASE_PART_COLOR_VARIANTS 1,020,000/1,551,229 ( 65.8%) batch=205
2026-08-25T00:35:09.8900496-05:00 [PHASE5B] [OK ] [2.1] BASE_PART_COLOR_VARIANTS: 1,025,000/1,551,229 (66.1%) batches=205 elapsed=3.34s
2026-08-25T00:35:09.8920486-05:00 [PHASE5B] [RUN] [2.1] P5B_VARIANTS / BASE_PART_COLOR_VARIANTS 1,025,000/1,551,229 ( 66.1%) batch=206
2026-08-25T00:35:13.2502991-05:00 [PHASE5B] [OK ] [2.1] BASE_PART_COLOR_VARIANTS: 1,030,000/1,551,229 (66.4%) batches=206 elapsed=3.36s
2026-08-25T00:35:13.2512990-05:00 [PHASE5B] [RUN] [2.1] P5B_VARIANTS / BASE_PART_COLOR_VARIANTS 1,030,000/1,551,229 ( 66.4%) batch=207
2026-08-25T00:35:16.5565556-05:00 [PHASE5B] [OK ] [2.1] BASE_PART_COLOR_VARIANTS: 1,035,000/1,551,229 (66.7%) batches=207 elapsed=3.31s
2026-08-25T00:35:16.5575574-05:00 [PHASE5B] [RUN] [2.1] P5B_VARIANTS / BASE_PART_COLOR_VARIANTS 1,035,000/1,551,229 ( 66.7%) batch=208
2026-08-25T00:35:19.8278928-05:00 [PHASE5B] [OK ] [2.1] BASE_PART_COLOR_VARIANTS: 1,040,000/1,551,229 (67.0%) batches=208 elapsed=3.27s
2026-08-25T00:35:19.8298934-05:00 [PHASE5B] [RUN] [2.1] P5B_VARIANTS / BASE_PART_COLOR_VARIANTS 1,040,000/1,551,229 ( 67.0%) batch=209
2026-08-25T00:35:23.0621293-05:00 [PHASE5B] [OK ] [2.1] BASE_PART_COLOR_VARIANTS: 1,045,000/1,551,229 (67.4%) batches=209 elapsed=3.23s
2026-08-25T00:35:23.0631316-05:00 [PHASE5B] [RUN] [2.1] P5B_VARIANTS / BASE_PART_COLOR_VARIANTS 1,045,000/1,551,229 ( 67.4%) batch=210
2026-08-25T00:35:26.2654399-05:00 [PHASE5B] [OK ] [2.1] BASE_PART_COLOR_VARIANTS: 1,050,000/1,551,229 (67.7%) batches=210 elapsed=3.20s
2026-08-25T00:35:26.2674420-05:00 [PHASE5B] [RUN] [2.1] P5B_VARIANTS / BASE_PART_COLOR_VARIANTS 1,050,000/1,551,229 ( 67.7%) batch=211
2026-08-25T00:35:29.3926858-05:00 [PHASE5B] [OK ] [2.1] BASE_PART_COLOR_VARIANTS: 1,055,000/1,551,229 (68.0%) batches=211 elapsed=3.13s
2026-08-25T00:35:29.3936863-05:00 [PHASE5B] [RUN] [2.1] P5B_VARIANTS / BASE_PART_COLOR_VARIANTS 1,055,000/1,551,229 ( 68.0%) batch=212
2026-08-25T00:35:32.6266002-05:00 [PHASE5B] [OK ] [2.1] BASE_PART_COLOR_VARIANTS: 1,060,000/1,551,229 (68.3%) batches=212 elapsed=3.23s
2026-08-25T00:35:32.6275986-05:00 [PHASE5B] [RUN] [2.1] P5B_VARIANTS / BASE_PART_COLOR_VARIANTS 1,060,000/1,551,229 ( 68.3%) batch=213
2026-08-25T00:35:35.7879255-05:00 [PHASE5B] [OK ] [2.1] BASE_PART_COLOR_VARIANTS: 1,065,000/1,551,229 (68.7%) batches=213 elapsed=3.16s
2026-08-25T00:35:35.7889267-05:00 [PHASE5B] [RUN] [2.1] P5B_VARIANTS / BASE_PART_COLOR_VARIANTS 1,065,000/1,551,229 ( 68.7%) batch=214
2026-08-25T00:35:38.8961914-05:00 [PHASE5B] [OK ] [2.1] BASE_PART_COLOR_VARIANTS: 1,070,000/1,551,229 (69.0%) batches=214 elapsed=3.11s
2026-08-25T00:35:38.8971925-05:00 [PHASE5B] [RUN] [2.1] P5B_VARIANTS / BASE_PART_COLOR_VARIANTS 1,070,000/1,551,229 ( 69.0%) batch=215
2026-08-25T00:35:41.9842964-05:00 [PHASE5B] [OK ] [2.1] BASE_PART_COLOR_VARIANTS: 1,075,000/1,551,229 (69.3%) batches=215 elapsed=3.09s
2026-08-25T00:35:41.9853077-05:00 [PHASE5B] [RUN] [2.1] P5B_VARIANTS / BASE_PART_COLOR_VARIANTS 1,075,000/1,551,229 ( 69.3%) batch=216
2026-08-25T00:35:45.1126132-05:00 [PHASE5B] [OK ] [2.1] BASE_PART_COLOR_VARIANTS: 1,080,000/1,551,229 (69.6%) batches=216 elapsed=3.13s
2026-08-25T00:35:45.1136170-05:00 [PHASE5B] [RUN] [2.1] P5B_VARIANTS / BASE_PART_COLOR_VARIANTS 1,080,000/1,551,229 ( 69.6%) batch=217
2026-08-25T00:35:48.1829049-05:00 [PHASE5B] [OK ] [2.1] BASE_PART_COLOR_VARIANTS: 1,085,000/1,551,229 (69.9%) batches=217 elapsed=3.07s
2026-08-25T00:35:48.1839050-05:00 [PHASE5B] [RUN] [2.1] P5B_VARIANTS / BASE_PART_COLOR_VARIANTS 1,085,000/1,551,229 ( 69.9%) batch=218
2026-08-25T00:35:51.2302430-05:00 [PHASE5B] [OK ] [2.1] BASE_PART_COLOR_VARIANTS: 1,090,000/1,551,229 (70.3%) batches=218 elapsed=3.05s
2026-08-25T00:35:51.2312422-05:00 [PHASE5B] [RUN] [2.1] P5B_VARIANTS / BASE_PART_COLOR_VARIANTS 1,090,000/1,551,229 ( 70.3%) batch=219
2026-08-25T00:35:54.2565013-05:00 [PHASE5B] [OK ] [2.1] BASE_PART_COLOR_VARIANTS: 1,095,000/1,551,229 (70.6%) batches=219 elapsed=3.03s
2026-08-25T00:35:54.2575012-05:00 [PHASE5B] [RUN] [2.1] P5B_VARIANTS / BASE_PART_COLOR_VARIANTS 1,095,000/1,551,229 ( 70.6%) batch=220
2026-08-25T00:35:57.2399672-05:00 [PHASE5B] [OK ] [2.1] BASE_PART_COLOR_VARIANTS: 1,100,000/1,551,229 (70.9%) batches=220 elapsed=2.98s
2026-08-25T00:35:57.2409694-05:00 [PHASE5B] [RUN] [2.1] P5B_VARIANTS / BASE_PART_COLOR_VARIANTS 1,100,000/1,551,229 ( 70.9%) batch=221
2026-08-25T00:36:00.1781721-05:00 [PHASE5B] [OK ] [2.1] BASE_PART_COLOR_VARIANTS: 1,105,000/1,551,229 (71.2%) batches=221 elapsed=2.94s
2026-08-25T00:36:00.1791721-05:00 [PHASE5B] [RUN] [2.1] P5B_VARIANTS / BASE_PART_COLOR_VARIANTS 1,105,000/1,551,229 ( 71.2%) batch=222
2026-08-25T00:36:03.1353776-05:00 [PHASE5B] [OK ] [2.1] BASE_PART_COLOR_VARIANTS: 1,110,000/1,551,229 (71.6%) batches=222 elapsed=2.96s
2026-08-25T00:36:03.1363778-05:00 [PHASE5B] [RUN] [2.1] P5B_VARIANTS / BASE_PART_COLOR_VARIANTS 1,110,000/1,551,229 ( 71.6%) batch=223
2026-08-25T00:36:06.0590163-05:00 [PHASE5B] [OK ] [2.1] BASE_PART_COLOR_VARIANTS: 1,115,000/1,551,229 (71.9%) batches=223 elapsed=2.92s
2026-08-25T00:36:06.0610167-05:00 [PHASE5B] [RUN] [2.1] P5B_VARIANTS / BASE_PART_COLOR_VARIANTS 1,115,000/1,551,229 ( 71.9%) batch=224
2026-08-25T00:36:08.9142836-05:00 [PHASE5B] [OK ] [2.1] BASE_PART_COLOR_VARIANTS: 1,120,000/1,551,229 (72.2%) batches=224 elapsed=2.85s
2026-08-25T00:36:08.9152835-05:00 [PHASE5B] [RUN] [2.1] P5B_VARIANTS / BASE_PART_COLOR_VARIANTS 1,120,000/1,551,229 ( 72.2%) batch=225
2026-08-25T00:36:11.8544014-05:00 [PHASE5B] [OK ] [2.1] BASE_PART_COLOR_VARIANTS: 1,125,000/1,551,229 (72.5%) batches=225 elapsed=2.94s
2026-08-25T00:36:11.8554011-05:00 [PHASE5B] [RUN] [2.1] P5B_VARIANTS / BASE_PART_COLOR_VARIANTS 1,125,000/1,551,229 ( 72.5%) batch=226
2026-08-25T00:36:14.7346664-05:00 [PHASE5B] [OK ] [2.1] BASE_PART_COLOR_VARIANTS: 1,130,000/1,551,229 (72.8%) batches=226 elapsed=2.88s
2026-08-25T00:36:14.7356683-05:00 [PHASE5B] [RUN] [2.1] P5B_VARIANTS / BASE_PART_COLOR_VARIANTS 1,130,000/1,551,229 ( 72.8%) batch=227
2026-08-25T00:36:17.6194599-05:00 [PHASE5B] [OK ] [2.1] BASE_PART_COLOR_VARIANTS: 1,135,000/1,551,229 (73.2%) batches=227 elapsed=2.88s
2026-08-25T00:36:17.6214609-05:00 [PHASE5B] [RUN] [2.1] P5B_VARIANTS / BASE_PART_COLOR_VARIANTS 1,135,000/1,551,229 ( 73.2%) batch=228
2026-08-25T00:36:20.3687181-05:00 [PHASE5B] [OK ] [2.1] BASE_PART_COLOR_VARIANTS: 1,140,000/1,551,229 (73.5%) batches=228 elapsed=2.75s
2026-08-25T00:36:20.3697194-05:00 [PHASE5B] [RUN] [2.1] P5B_VARIANTS / BASE_PART_COLOR_VARIANTS 1,140,000/1,551,229 ( 73.5%) batch=229
2026-08-25T00:36:23.1342279-05:00 [PHASE5B] [OK ] [2.1] BASE_PART_COLOR_VARIANTS: 1,145,000/1,551,229 (73.8%) batches=229 elapsed=2.77s
2026-08-25T00:36:23.1352304-05:00 [PHASE5B] [RUN] [2.1] P5B_VARIANTS / BASE_PART_COLOR_VARIANTS 1,145,000/1,551,229 ( 73.8%) batch=230
2026-08-25T00:36:25.8514861-05:00 [PHASE5B] [OK ] [2.1] BASE_PART_COLOR_VARIANTS: 1,150,000/1,551,229 (74.1%) batches=230 elapsed=2.72s
2026-08-25T00:36:25.8524870-05:00 [PHASE5B] [RUN] [2.1] P5B_VARIANTS / BASE_PART_COLOR_VARIANTS 1,150,000/1,551,229 ( 74.1%) batch=231
2026-08-25T00:36:28.5620299-05:00 [PHASE5B] [OK ] [2.1] BASE_PART_COLOR_VARIANTS: 1,155,000/1,551,229 (74.5%) batches=231 elapsed=2.71s
2026-08-25T00:36:28.5630306-05:00 [PHASE5B] [RUN] [2.1] P5B_VARIANTS / BASE_PART_COLOR_VARIANTS 1,155,000/1,551,229 ( 74.5%) batch=232
2026-08-25T00:36:31.3214718-05:00 [PHASE5B] [OK ] [2.1] BASE_PART_COLOR_VARIANTS: 1,160,000/1,551,229 (74.8%) batches=232 elapsed=2.76s
2026-08-25T00:36:31.3234718-05:00 [PHASE5B] [RUN] [2.1] P5B_VARIANTS / BASE_PART_COLOR_VARIANTS 1,160,000/1,551,229 ( 74.8%) batch=233
2026-08-25T00:36:34.0250948-05:00 [PHASE5B] [OK ] [2.1] BASE_PART_COLOR_VARIANTS: 1,165,000/1,551,229 (75.1%) batches=233 elapsed=2.70s
2026-08-25T00:36:34.0260954-05:00 [PHASE5B] [RUN] [2.1] P5B_VARIANTS / BASE_PART_COLOR_VARIANTS 1,165,000/1,551,229 ( 75.1%) batch=234
2026-08-25T00:36:36.6743122-05:00 [PHASE5B] [OK ] [2.1] BASE_PART_COLOR_VARIANTS: 1,170,000/1,551,229 (75.4%) batches=234 elapsed=2.65s
2026-08-25T00:36:36.6753120-05:00 [PHASE5B] [RUN] [2.1] P5B_VARIANTS / BASE_PART_COLOR_VARIANTS 1,170,000/1,551,229 ( 75.4%) batch=235
2026-08-25T00:36:39.3024845-05:00 [PHASE5B] [OK ] [2.1] BASE_PART_COLOR_VARIANTS: 1,175,000/1,551,229 (75.7%) batches=235 elapsed=2.63s
2026-08-25T00:36:39.3034847-05:00 [PHASE5B] [RUN] [2.1] P5B_VARIANTS / BASE_PART_COLOR_VARIANTS 1,175,000/1,551,229 ( 75.7%) batch=236
2026-08-25T00:36:41.8741399-05:00 [PHASE5B] [OK ] [2.1] BASE_PART_COLOR_VARIANTS: 1,180,000/1,551,229 (76.1%) batches=236 elapsed=2.57s
2026-08-25T00:36:41.8751398-05:00 [PHASE5B] [RUN] [2.1] P5B_VARIANTS / BASE_PART_COLOR_VARIANTS 1,180,000/1,551,229 ( 76.1%) batch=237
2026-08-25T00:36:44.4873429-05:00 [PHASE5B] [OK ] [2.1] BASE_PART_COLOR_VARIANTS: 1,185,000/1,551,229 (76.4%) batches=237 elapsed=2.61s
2026-08-25T00:36:44.4883424-05:00 [PHASE5B] [RUN] [2.1] P5B_VARIANTS / BASE_PART_COLOR_VARIANTS 1,185,000/1,551,229 ( 76.4%) batch=238
2026-08-25T00:36:47.1345401-05:00 [PHASE5B] [OK ] [2.1] BASE_PART_COLOR_VARIANTS: 1,190,000/1,551,229 (76.7%) batches=238 elapsed=2.65s
2026-08-25T00:36:47.1355406-05:00 [PHASE5B] [RUN] [2.1] P5B_VARIANTS / BASE_PART_COLOR_VARIANTS 1,190,000/1,551,229 ( 76.7%) batch=239
2026-08-25T00:36:49.7000765-05:00 [PHASE5B] [OK ] [2.1] BASE_PART_COLOR_VARIANTS: 1,195,000/1,551,229 (77.0%) batches=239 elapsed=2.57s
2026-08-25T00:36:49.7020828-05:00 [PHASE5B] [RUN] [2.1] P5B_VARIANTS / BASE_PART_COLOR_VARIANTS 1,195,000/1,551,229 ( 77.0%) batch=240
2026-08-25T00:36:52.2263035-05:00 [PHASE5B] [OK ] [2.1] BASE_PART_COLOR_VARIANTS: 1,200,000/1,551,229 (77.4%) batches=240 elapsed=2.53s
2026-08-25T00:36:52.2273032-05:00 [PHASE5B] [RUN] [2.1] P5B_VARIANTS / BASE_PART_COLOR_VARIANTS 1,200,000/1,551,229 ( 77.4%) batch=241
2026-08-25T00:36:54.7385184-05:00 [PHASE5B] [OK ] [2.1] BASE_PART_COLOR_VARIANTS: 1,205,000/1,551,229 (77.7%) batches=241 elapsed=2.51s
2026-08-25T00:36:54.7395186-05:00 [PHASE5B] [RUN] [2.1] P5B_VARIANTS / BASE_PART_COLOR_VARIANTS 1,205,000/1,551,229 ( 77.7%) batch=242
2026-08-25T00:36:57.2009891-05:00 [PHASE5B] [OK ] [2.1] BASE_PART_COLOR_VARIANTS: 1,210,000/1,551,229 (78.0%) batches=242 elapsed=2.46s
2026-08-25T00:36:57.2019872-05:00 [PHASE5B] [RUN] [2.1] P5B_VARIANTS / BASE_PART_COLOR_VARIANTS 1,210,000/1,551,229 ( 78.0%) batch=243
2026-08-25T00:36:59.6214977-05:00 [PHASE5B] [OK ] [2.1] BASE_PART_COLOR_VARIANTS: 1,215,000/1,551,229 (78.3%) batches=243 elapsed=2.42s
2026-08-25T00:36:59.6224983-05:00 [PHASE5B] [RUN] [2.1] P5B_VARIANTS / BASE_PART_COLOR_VARIANTS 1,215,000/1,551,229 ( 78.3%) batch=244
2026-08-25T00:37:02.0376201-05:00 [PHASE5B] [OK ] [2.1] BASE_PART_COLOR_VARIANTS: 1,220,000/1,551,229 (78.6%) batches=244 elapsed=2.42s
2026-08-25T00:37:02.0396217-05:00 [PHASE5B] [RUN] [2.1] P5B_VARIANTS / BASE_PART_COLOR_VARIANTS 1,220,000/1,551,229 ( 78.6%) batch=245
2026-08-25T00:37:04.4757730-05:00 [PHASE5B] [OK ] [2.1] BASE_PART_COLOR_VARIANTS: 1,225,000/1,551,229 (79.0%) batches=245 elapsed=2.44s
2026-08-25T00:37:04.4767710-05:00 [PHASE5B] [RUN] [2.1] P5B_VARIANTS / BASE_PART_COLOR_VARIANTS 1,225,000/1,551,229 ( 79.0%) batch=246
2026-08-25T00:37:06.8744105-05:00 [PHASE5B] [OK ] [2.1] BASE_PART_COLOR_VARIANTS: 1,230,000/1,551,229 (79.3%) batches=246 elapsed=2.40s
2026-08-25T00:37:06.8754103-05:00 [PHASE5B] [RUN] [2.1] P5B_VARIANTS / BASE_PART_COLOR_VARIANTS 1,230,000/1,551,229 ( 79.3%) batch=247
2026-08-25T00:37:09.2265897-05:00 [PHASE5B] [OK ] [2.1] BASE_PART_COLOR_VARIANTS: 1,235,000/1,551,229 (79.6%) batches=247 elapsed=2.35s
2026-08-25T00:37:09.2275906-05:00 [PHASE5B] [RUN] [2.1] P5B_VARIANTS / BASE_PART_COLOR_VARIANTS 1,235,000/1,551,229 ( 79.6%) batch=248
2026-08-25T00:37:11.6337392-05:00 [PHASE5B] [OK ] [2.1] BASE_PART_COLOR_VARIANTS: 1,240,000/1,551,229 (79.9%) batches=248 elapsed=2.41s
2026-08-25T00:37:11.6347380-05:00 [PHASE5B] [RUN] [2.1] P5B_VARIANTS / BASE_PART_COLOR_VARIANTS 1,240,000/1,551,229 ( 79.9%) batch=249
2026-08-25T00:37:13.9244811-05:00 [PHASE5B] [OK ] [2.1] BASE_PART_COLOR_VARIANTS: 1,245,000/1,551,229 (80.3%) batches=249 elapsed=2.29s
2026-08-25T00:37:13.9254812-05:00 [PHASE5B] [RUN] [2.1] P5B_VARIANTS / BASE_PART_COLOR_VARIANTS 1,245,000/1,551,229 ( 80.3%) batch=250
2026-08-25T00:37:16.2420202-05:00 [PHASE5B] [OK ] [2.1] BASE_PART_COLOR_VARIANTS: 1,250,000/1,551,229 (80.6%) batches=250 elapsed=2.32s
2026-08-25T00:37:16.2430226-05:00 [PHASE5B] [RUN] [2.1] P5B_VARIANTS / BASE_PART_COLOR_VARIANTS 1,250,000/1,551,229 ( 80.6%) batch=251
2026-08-25T00:37:18.4731676-05:00 [PHASE5B] [OK ] [2.1] BASE_PART_COLOR_VARIANTS: 1,255,000/1,551,229 (80.9%) batches=251 elapsed=2.23s
2026-08-25T00:37:18.4741667-05:00 [PHASE5B] [RUN] [2.1] P5B_VARIANTS / BASE_PART_COLOR_VARIANTS 1,255,000/1,551,229 ( 80.9%) batch=252
2026-08-25T00:37:20.6990967-05:00 [PHASE5B] [OK ] [2.1] BASE_PART_COLOR_VARIANTS: 1,260,000/1,551,229 (81.2%) batches=252 elapsed=2.23s
2026-08-25T00:37:20.7010978-05:00 [PHASE5B] [RUN] [2.1] P5B_VARIANTS / BASE_PART_COLOR_VARIANTS 1,260,000/1,551,229 ( 81.2%) batch=253
2026-08-25T00:37:22.9131425-05:00 [PHASE5B] [OK ] [2.1] BASE_PART_COLOR_VARIANTS: 1,265,000/1,551,229 (81.5%) batches=253 elapsed=2.21s
2026-08-25T00:37:22.9141415-05:00 [PHASE5B] [RUN] [2.1] P5B_VARIANTS / BASE_PART_COLOR_VARIANTS 1,265,000/1,551,229 ( 81.5%) batch=254
2026-08-25T00:37:25.1076125-05:00 [PHASE5B] [OK ] [2.1] BASE_PART_COLOR_VARIANTS: 1,270,000/1,551,229 (81.9%) batches=254 elapsed=2.19s
2026-08-25T00:37:25.1096134-05:00 [PHASE5B] [RUN] [2.1] P5B_VARIANTS / BASE_PART_COLOR_VARIANTS 1,270,000/1,551,229 ( 81.9%) batch=255
2026-08-25T00:37:27.2350570-05:00 [PHASE5B] [OK ] [2.1] BASE_PART_COLOR_VARIANTS: 1,275,000/1,551,229 (82.2%) batches=255 elapsed=2.13s
2026-08-25T00:37:27.2360585-05:00 [PHASE5B] [RUN] [2.1] P5B_VARIANTS / BASE_PART_COLOR_VARIANTS 1,275,000/1,551,229 ( 82.2%) batch=256
2026-08-25T00:37:29.3772059-05:00 [PHASE5B] [OK ] [2.1] BASE_PART_COLOR_VARIANTS: 1,280,000/1,551,229 (82.5%) batches=256 elapsed=2.14s
2026-08-25T00:37:29.3782064-05:00 [PHASE5B] [RUN] [2.1] P5B_VARIANTS / BASE_PART_COLOR_VARIANTS 1,280,000/1,551,229 ( 82.5%) batch=257
2026-08-25T00:37:31.5026868-05:00 [PHASE5B] [OK ] [2.1] BASE_PART_COLOR_VARIANTS: 1,285,000/1,551,229 (82.8%) batches=257 elapsed=2.13s
2026-08-25T00:37:31.5036838-05:00 [PHASE5B] [RUN] [2.1] P5B_VARIANTS / BASE_PART_COLOR_VARIANTS 1,285,000/1,551,229 ( 82.8%) batch=258
2026-08-25T00:37:33.6078573-05:00 [PHASE5B] [OK ] [2.1] BASE_PART_COLOR_VARIANTS: 1,290,000/1,551,229 (83.2%) batches=258 elapsed=2.10s
2026-08-25T00:37:33.6088590-05:00 [PHASE5B] [RUN] [2.1] P5B_VARIANTS / BASE_PART_COLOR_VARIANTS 1,290,000/1,551,229 ( 83.2%) batch=259
2026-08-25T00:37:35.7362905-05:00 [PHASE5B] [OK ] [2.1] BASE_PART_COLOR_VARIANTS: 1,295,000/1,551,229 (83.5%) batches=259 elapsed=2.13s
2026-08-25T00:37:35.7372906-05:00 [PHASE5B] [RUN] [2.1] P5B_VARIANTS / BASE_PART_COLOR_VARIANTS 1,295,000/1,551,229 ( 83.5%) batch=260
2026-08-25T00:37:48.5035389-05:00 [PHASE5B] [OK ] [2.1] BASE_PART_COLOR_VARIANTS: 1,300,000/1,551,229 (83.8%) batches=260 elapsed=12.77s
2026-08-25T00:37:48.5045407-05:00 [PHASE5B] [RUN] [2.1] P5B_VARIANTS / BASE_PART_COLOR_VARIANTS 1,300,000/1,551,229 ( 83.8%) batch=261
2026-08-25T00:38:00.9143299-05:00 [PHASE5B] [OK ] [2.1] BASE_PART_COLOR_VARIANTS: 1,305,000/1,551,229 (84.1%) batches=261 elapsed=12.41s
2026-08-25T00:38:00.9153312-05:00 [PHASE5B] [RUN] [2.1] P5B_VARIANTS / BASE_PART_COLOR_VARIANTS 1,305,000/1,551,229 ( 84.1%) batch=262
2026-08-25T00:38:13.3997685-05:00 [PHASE5B] [OK ] [2.1] BASE_PART_COLOR_VARIANTS: 1,310,000/1,551,229 (84.4%) batches=262 elapsed=12.49s
2026-08-25T00:38:13.4007693-05:00 [PHASE5B] [RUN] [2.1] P5B_VARIANTS / BASE_PART_COLOR_VARIANTS 1,310,000/1,551,229 ( 84.4%) batch=263
2026-08-25T00:38:25.5522934-05:00 [PHASE5B] [OK ] [2.1] BASE_PART_COLOR_VARIANTS: 1,315,000/1,551,229 (84.8%) batches=263 elapsed=12.15s
2026-08-25T00:38:25.5532926-05:00 [PHASE5B] [RUN] [2.1] P5B_VARIANTS / BASE_PART_COLOR_VARIANTS 1,315,000/1,551,229 ( 84.8%) batch=264
2026-08-25T00:38:37.6879841-05:00 [PHASE5B] [OK ] [2.1] BASE_PART_COLOR_VARIANTS: 1,320,000/1,551,229 (85.1%) batches=264 elapsed=12.13s
2026-08-25T00:38:37.6889840-05:00 [PHASE5B] [RUN] [2.1] P5B_VARIANTS / BASE_PART_COLOR_VARIANTS 1,320,000/1,551,229 ( 85.1%) batch=265
2026-08-25T00:38:49.5304988-05:00 [PHASE5B] [OK ] [2.1] BASE_PART_COLOR_VARIANTS: 1,325,000/1,551,229 (85.4%) batches=265 elapsed=11.84s
2026-08-25T00:38:49.5314995-05:00 [PHASE5B] [RUN] [2.1] P5B_VARIANTS / BASE_PART_COLOR_VARIANTS 1,325,000/1,551,229 ( 85.4%) batch=266
2026-08-25T00:39:00.8447790-05:00 [PHASE5B] [OK ] [2.1] BASE_PART_COLOR_VARIANTS: 1,330,000/1,551,229 (85.7%) batches=266 elapsed=11.31s
2026-08-25T00:39:00.8457777-05:00 [PHASE5B] [RUN] [2.1] P5B_VARIANTS / BASE_PART_COLOR_VARIANTS 1,330,000/1,551,229 ( 85.7%) batch=267
2026-08-25T00:39:09.6863676-05:00 [PHASE5B] [OK ] [2.1] BASE_PART_COLOR_VARIANTS: 1,335,000/1,551,229 (86.1%) batches=267 elapsed=8.84s
2026-08-25T00:39:09.6873672-05:00 [PHASE5B] [RUN] [2.1] P5B_VARIANTS / BASE_PART_COLOR_VARIANTS 1,335,000/1,551,229 ( 86.1%) batch=268
2026-08-25T00:39:18.1151020-05:00 [PHASE5B] [OK ] [2.1] BASE_PART_COLOR_VARIANTS: 1,340,000/1,551,229 (86.4%) batches=268 elapsed=8.43s
2026-08-25T00:39:18.1171023-05:00 [PHASE5B] [RUN] [2.1] P5B_VARIANTS / BASE_PART_COLOR_VARIANTS 1,340,000/1,551,229 ( 86.4%) batch=269
2026-08-25T00:39:26.5265352-05:00 [PHASE5B] [OK ] [2.1] BASE_PART_COLOR_VARIANTS: 1,345,000/1,551,229 (86.7%) batches=269 elapsed=8.41s
2026-08-25T00:39:26.5275356-05:00 [PHASE5B] [RUN] [2.1] P5B_VARIANTS / BASE_PART_COLOR_VARIANTS 1,345,000/1,551,229 ( 86.7%) batch=270
2026-08-25T00:39:34.5795522-05:00 [PHASE5B] [OK ] [2.1] BASE_PART_COLOR_VARIANTS: 1,350,000/1,551,229 (87.0%) batches=270 elapsed=8.05s
2026-08-25T00:39:34.5805537-05:00 [PHASE5B] [RUN] [2.1] P5B_VARIANTS / BASE_PART_COLOR_VARIANTS 1,350,000/1,551,229 ( 87.0%) batch=271
2026-08-25T00:39:43.1242886-05:00 [PHASE5B] [OK ] [2.1] BASE_PART_COLOR_VARIANTS: 1,355,000/1,551,229 (87.4%) batches=271 elapsed=8.54s
2026-08-25T00:39:43.1262880-05:00 [PHASE5B] [RUN] [2.1] P5B_VARIANTS / BASE_PART_COLOR_VARIANTS 1,355,000/1,551,229 ( 87.4%) batch=272
2026-08-25T00:39:43.2232885-05:00 [PHASE5B] [OK ] [2.1] BASE_PART_COLOR_VARIANTS: 1,360,000/1,551,229 (87.7%) batches=272 elapsed=0.10s
2026-08-25T00:39:43.2242882-05:00 [PHASE5B] [RUN] [2.1] P5B_VARIANTS / BASE_PART_COLOR_VARIANTS 1,360,000/1,551,229 ( 87.7%) batch=273
2026-08-25T00:39:43.3217269-05:00 [PHASE5B] [OK ] [2.1] BASE_PART_COLOR_VARIANTS: 1,365,000/1,551,229 (88.0%) batches=273 elapsed=0.10s
2026-08-25T00:39:43.3237255-05:00 [PHASE5B] [RUN] [2.1] P5B_VARIANTS / BASE_PART_COLOR_VARIANTS 1,365,000/1,551,229 ( 88.0%) batch=274
2026-08-25T00:39:43.4137279-05:00 [PHASE5B] [OK ] [2.1] BASE_PART_COLOR_VARIANTS: 1,370,000/1,551,229 (88.3%) batches=274 elapsed=0.09s
2026-08-25T00:39:43.4147268-05:00 [PHASE5B] [RUN] [2.1] P5B_VARIANTS / BASE_PART_COLOR_VARIANTS 1,370,000/1,551,229 ( 88.3%) batch=275
2026-08-25T00:39:43.5087284-05:00 [PHASE5B] [OK ] [2.1] BASE_PART_COLOR_VARIANTS: 1,375,000/1,551,229 (88.6%) batches=275 elapsed=0.09s
2026-08-25T00:39:43.5097260-05:00 [PHASE5B] [RUN] [2.1] P5B_VARIANTS / BASE_PART_COLOR_VARIANTS 1,375,000/1,551,229 ( 88.6%) batch=276
2026-08-25T00:39:43.6077259-05:00 [PHASE5B] [OK ] [2.1] BASE_PART_COLOR_VARIANTS: 1,380,000/1,551,229 (89.0%) batches=276 elapsed=0.10s
2026-08-25T00:39:43.6087303-05:00 [PHASE5B] [RUN] [2.1] P5B_VARIANTS / BASE_PART_COLOR_VARIANTS 1,380,000/1,551,229 ( 89.0%) batch=277
2026-08-25T00:39:43.7077285-05:00 [PHASE5B] [OK ] [2.1] BASE_PART_COLOR_VARIANTS: 1,385,000/1,551,229 (89.3%) batches=277 elapsed=0.10s
2026-08-25T00:39:43.7097269-05:00 [PHASE5B] [RUN] [2.1] P5B_VARIANTS / BASE_PART_COLOR_VARIANTS 1,385,000/1,551,229 ( 89.3%) batch=278
2026-08-25T00:39:43.8037266-05:00 [PHASE5B] [OK ] [2.1] BASE_PART_COLOR_VARIANTS: 1,390,000/1,551,229 (89.6%) batches=278 elapsed=0.10s
2026-08-25T00:39:43.8047270-05:00 [PHASE5B] [RUN] [2.1] P5B_VARIANTS / BASE_PART_COLOR_VARIANTS 1,390,000/1,551,229 ( 89.6%) batch=279
2026-08-25T00:39:43.9017280-05:00 [PHASE5B] [OK ] [2.1] BASE_PART_COLOR_VARIANTS: 1,395,000/1,551,229 (89.9%) batches=279 elapsed=0.10s
2026-08-25T00:39:43.9027282-05:00 [PHASE5B] [RUN] [2.1] P5B_VARIANTS / BASE_PART_COLOR_VARIANTS 1,395,000/1,551,229 ( 89.9%) batch=280
2026-08-25T00:39:44.0017267-05:00 [PHASE5B] [OK ] [2.1] BASE_PART_COLOR_VARIANTS: 1,400,000/1,551,229 (90.3%) batches=280 elapsed=0.10s
2026-08-25T00:39:44.0037255-05:00 [PHASE5B] [RUN] [2.1] P5B_VARIANTS / BASE_PART_COLOR_VARIANTS 1,400,000/1,551,229 ( 90.3%) batch=281
2026-08-25T00:39:44.1057259-05:00 [PHASE5B] [OK ] [2.1] BASE_PART_COLOR_VARIANTS: 1,405,000/1,551,229 (90.6%) batches=281 elapsed=0.10s
2026-08-25T00:39:44.1067293-05:00 [PHASE5B] [RUN] [2.1] P5B_VARIANTS / BASE_PART_COLOR_VARIANTS 1,405,000/1,551,229 ( 90.6%) batch=282
2026-08-25T00:39:44.2037253-05:00 [PHASE5B] [OK ] [2.1] BASE_PART_COLOR_VARIANTS: 1,410,000/1,551,229 (90.9%) batches=282 elapsed=0.10s
2026-08-25T00:39:44.2047282-05:00 [PHASE5B] [RUN] [2.1] P5B_VARIANTS / BASE_PART_COLOR_VARIANTS 1,410,000/1,551,229 ( 90.9%) batch=283
2026-08-25T00:39:44.3006448-05:00 [PHASE5B] [OK ] [2.1] BASE_PART_COLOR_VARIANTS: 1,415,000/1,551,229 (91.2%) batches=283 elapsed=0.10s
2026-08-25T00:39:44.3016885-05:00 [PHASE5B] [RUN] [2.1] P5B_VARIANTS / BASE_PART_COLOR_VARIANTS 1,415,000/1,551,229 ( 91.2%) batch=284
2026-08-25T00:39:44.3952780-05:00 [PHASE5B] [OK ] [2.1] BASE_PART_COLOR_VARIANTS: 1,420,000/1,551,229 (91.5%) batches=284 elapsed=0.10s
2026-08-25T00:39:44.3972771-05:00 [PHASE5B] [RUN] [2.1] P5B_VARIANTS / BASE_PART_COLOR_VARIANTS 1,420,000/1,551,229 ( 91.5%) batch=285
2026-08-25T00:39:44.4932760-05:00 [PHASE5B] [OK ] [2.1] BASE_PART_COLOR_VARIANTS: 1,425,000/1,551,229 (91.9%) batches=285 elapsed=0.10s
2026-08-25T00:39:44.4942796-05:00 [PHASE5B] [RUN] [2.1] P5B_VARIANTS / BASE_PART_COLOR_VARIANTS 1,425,000/1,551,229 ( 91.9%) batch=286
2026-08-25T00:39:44.5952779-05:00 [PHASE5B] [OK ] [2.1] BASE_PART_COLOR_VARIANTS: 1,430,000/1,551,229 (92.2%) batches=286 elapsed=0.10s
2026-08-25T00:39:44.5962778-05:00 [PHASE5B] [RUN] [2.1] P5B_VARIANTS / BASE_PART_COLOR_VARIANTS 1,430,000/1,551,229 ( 92.2%) batch=287
2026-08-25T00:39:44.6942782-05:00 [PHASE5B] [OK ] [2.1] BASE_PART_COLOR_VARIANTS: 1,435,000/1,551,229 (92.5%) batches=287 elapsed=0.10s
2026-08-25T00:39:44.6952814-05:00 [PHASE5B] [RUN] [2.1] P5B_VARIANTS / BASE_PART_COLOR_VARIANTS 1,435,000/1,551,229 ( 92.5%) batch=288
2026-08-25T00:39:44.7912776-05:00 [PHASE5B] [OK ] [2.1] BASE_PART_COLOR_VARIANTS: 1,440,000/1,551,229 (92.8%) batches=288 elapsed=0.10s
2026-08-25T00:39:44.7932813-05:00 [PHASE5B] [RUN] [2.1] P5B_VARIANTS / BASE_PART_COLOR_VARIANTS 1,440,000/1,551,229 ( 92.8%) batch=289
2026-08-25T00:39:44.8902789-05:00 [PHASE5B] [OK ] [2.1] BASE_PART_COLOR_VARIANTS: 1,445,000/1,551,229 (93.2%) batches=289 elapsed=0.10s
2026-08-25T00:39:44.8912792-05:00 [PHASE5B] [RUN] [2.1] P5B_VARIANTS / BASE_PART_COLOR_VARIANTS 1,445,000/1,551,229 ( 93.2%) batch=290
2026-08-25T00:39:44.9902787-05:00 [PHASE5B] [OK ] [2.1] BASE_PART_COLOR_VARIANTS: 1,450,000/1,551,229 (93.5%) batches=290 elapsed=0.10s
2026-08-25T00:39:44.9922796-05:00 [PHASE5B] [RUN] [2.1] P5B_VARIANTS / BASE_PART_COLOR_VARIANTS 1,450,000/1,551,229 ( 93.5%) batch=291
2026-08-25T00:39:45.0882765-05:00 [PHASE5B] [OK ] [2.1] BASE_PART_COLOR_VARIANTS: 1,455,000/1,551,229 (93.8%) batches=291 elapsed=0.10s
2026-08-25T00:39:45.0892768-05:00 [PHASE5B] [RUN] [2.1] P5B_VARIANTS / BASE_PART_COLOR_VARIANTS 1,455,000/1,551,229 ( 93.8%) batch=292
2026-08-25T00:39:45.1852785-05:00 [PHASE5B] [OK ] [2.1] BASE_PART_COLOR_VARIANTS: 1,460,000/1,551,229 (94.1%) batches=292 elapsed=0.10s
2026-08-25T00:39:45.1862788-05:00 [PHASE5B] [RUN] [2.1] P5B_VARIANTS / BASE_PART_COLOR_VARIANTS 1,460,000/1,551,229 ( 94.1%) batch=293
2026-08-25T00:39:45.2812785-05:00 [PHASE5B] [OK ] [2.1] BASE_PART_COLOR_VARIANTS: 1,465,000/1,551,229 (94.4%) batches=293 elapsed=0.10s
2026-08-25T00:39:45.2822786-05:00 [PHASE5B] [RUN] [2.1] P5B_VARIANTS / BASE_PART_COLOR_VARIANTS 1,465,000/1,551,229 ( 94.4%) batch=294
2026-08-25T00:39:45.3823645-05:00 [PHASE5B] [OK ] [2.1] BASE_PART_COLOR_VARIANTS: 1,470,000/1,551,229 (94.8%) batches=294 elapsed=0.10s
2026-08-25T00:39:45.3833669-05:00 [PHASE5B] [RUN] [2.1] P5B_VARIANTS / BASE_PART_COLOR_VARIANTS 1,470,000/1,551,229 ( 94.8%) batch=295
2026-08-25T00:39:45.4823665-05:00 [PHASE5B] [OK ] [2.1] BASE_PART_COLOR_VARIANTS: 1,475,000/1,551,229 (95.1%) batches=295 elapsed=0.10s
2026-08-25T00:39:45.4833665-05:00 [PHASE5B] [RUN] [2.1] P5B_VARIANTS / BASE_PART_COLOR_VARIANTS 1,475,000/1,551,229 ( 95.1%) batch=296
2026-08-25T00:39:45.5803655-05:00 [PHASE5B] [OK ] [2.1] BASE_PART_COLOR_VARIANTS: 1,480,000/1,551,229 (95.4%) batches=296 elapsed=0.10s
2026-08-25T00:39:45.5813670-05:00 [PHASE5B] [RUN] [2.1] P5B_VARIANTS / BASE_PART_COLOR_VARIANTS 1,480,000/1,551,229 ( 95.4%) batch=297
2026-08-25T00:39:45.6773661-05:00 [PHASE5B] [OK ] [2.1] BASE_PART_COLOR_VARIANTS: 1,485,000/1,551,229 (95.7%) batches=297 elapsed=0.10s
2026-08-25T00:39:45.6793647-05:00 [PHASE5B] [RUN] [2.1] P5B_VARIANTS / BASE_PART_COLOR_VARIANTS 1,485,000/1,551,229 ( 95.7%) batch=298
2026-08-25T00:39:45.7733658-05:00 [PHASE5B] [OK ] [2.1] BASE_PART_COLOR_VARIANTS: 1,490,000/1,551,229 (96.1%) batches=298 elapsed=0.10s
2026-08-25T00:39:45.7743648-05:00 [PHASE5B] [RUN] [2.1] P5B_VARIANTS / BASE_PART_COLOR_VARIANTS 1,490,000/1,551,229 ( 96.1%) batch=299
2026-08-25T00:39:45.8793674-05:00 [PHASE5B] [OK ] [2.1] BASE_PART_COLOR_VARIANTS: 1,495,000/1,551,229 (96.4%) batches=299 elapsed=0.11s
2026-08-25T00:39:45.8803667-05:00 [PHASE5B] [RUN] [2.1] P5B_VARIANTS / BASE_PART_COLOR_VARIANTS 1,495,000/1,551,229 ( 96.4%) batch=300
2026-08-25T00:39:45.9773663-05:00 [PHASE5B] [OK ] [2.1] BASE_PART_COLOR_VARIANTS: 1,500,000/1,551,229 (96.7%) batches=300 elapsed=0.10s
2026-08-25T00:39:45.9783645-05:00 [PHASE5B] [RUN] [2.1] P5B_VARIANTS / BASE_PART_COLOR_VARIANTS 1,500,000/1,551,229 ( 96.7%) batch=301
2026-08-25T00:39:46.0813643-05:00 [PHASE5B] [OK ] [2.1] BASE_PART_COLOR_VARIANTS: 1,505,000/1,551,229 (97.0%) batches=301 elapsed=0.10s
2026-08-25T00:39:46.0823650-05:00 [PHASE5B] [RUN] [2.1] P5B_VARIANTS / BASE_PART_COLOR_VARIANTS 1,505,000/1,551,229 ( 97.0%) batch=302
2026-08-25T00:39:46.1843653-05:00 [PHASE5B] [OK ] [2.1] BASE_PART_COLOR_VARIANTS: 1,510,000/1,551,229 (97.3%) batches=302 elapsed=0.10s
2026-08-25T00:39:46.1853643-05:00 [PHASE5B] [RUN] [2.1] P5B_VARIANTS / BASE_PART_COLOR_VARIANTS 1,510,000/1,551,229 ( 97.3%) batch=303
2026-08-25T00:39:46.2803641-05:00 [PHASE5B] [OK ] [2.1] BASE_PART_COLOR_VARIANTS: 1,515,000/1,551,229 (97.7%) batches=303 elapsed=0.10s
2026-08-25T00:39:46.2813648-05:00 [PHASE5B] [RUN] [2.1] P5B_VARIANTS / BASE_PART_COLOR_VARIANTS 1,515,000/1,551,229 ( 97.7%) batch=304
2026-08-25T00:39:46.3788742-05:00 [PHASE5B] [OK ] [2.1] BASE_PART_COLOR_VARIANTS: 1,520,000/1,551,229 (98.0%) batches=304 elapsed=0.10s
2026-08-25T00:39:46.3798722-05:00 [PHASE5B] [RUN] [2.1] P5B_VARIANTS / BASE_PART_COLOR_VARIANTS 1,520,000/1,551,229 ( 98.0%) batch=305
2026-08-25T00:39:46.4738729-05:00 [PHASE5B] [OK ] [2.1] BASE_PART_COLOR_VARIANTS: 1,525,000/1,551,229 (98.3%) batches=305 elapsed=0.09s
2026-08-25T00:39:46.4748736-05:00 [PHASE5B] [RUN] [2.1] P5B_VARIANTS / BASE_PART_COLOR_VARIANTS 1,525,000/1,551,229 ( 98.3%) batch=306
2026-08-25T00:39:46.5718730-05:00 [PHASE5B] [OK ] [2.1] BASE_PART_COLOR_VARIANTS: 1,530,000/1,551,229 (98.6%) batches=306 elapsed=0.10s
2026-08-25T00:39:46.5728717-05:00 [PHASE5B] [RUN] [2.1] P5B_VARIANTS / BASE_PART_COLOR_VARIANTS 1,530,000/1,551,229 ( 98.6%) batch=307
2026-08-25T00:39:46.6738733-05:00 [PHASE5B] [OK ] [2.1] BASE_PART_COLOR_VARIANTS: 1,535,000/1,551,229 (99.0%) batches=307 elapsed=0.10s
2026-08-25T00:39:46.6748747-05:00 [PHASE5B] [RUN] [2.1] P5B_VARIANTS / BASE_PART_COLOR_VARIANTS 1,535,000/1,551,229 ( 99.0%) batch=308
2026-08-25T00:39:46.7768751-05:00 [PHASE5B] [OK ] [2.1] BASE_PART_COLOR_VARIANTS: 1,540,000/1,551,229 (99.3%) batches=308 elapsed=0.10s
2026-08-25T00:39:46.7778727-05:00 [PHASE5B] [RUN] [2.1] P5B_VARIANTS / BASE_PART_COLOR_VARIANTS 1,540,000/1,551,229 ( 99.3%) batch=309
2026-08-25T00:39:46.8828721-05:00 [PHASE5B] [OK ] [2.1] BASE_PART_COLOR_VARIANTS: 1,545,000/1,551,229 (99.6%) batches=309 elapsed=0.11s
2026-08-25T00:39:46.8858717-05:00 [PHASE5B] [RUN] [2.1] P5B_VARIANTS / BASE_PART_COLOR_VARIANTS 1,545,000/1,551,229 ( 99.6%) batch=310
2026-08-25T00:39:46.9878721-05:00 [PHASE5B] [OK ] [2.1] BASE_PART_COLOR_VARIANTS: 1,550,000/1,551,229 (99.9%) batches=310 elapsed=0.10s
2026-08-25T00:39:46.9888728-05:00 [PHASE5B] [RUN] [2.1] P5B_VARIANTS / BASE_PART_COLOR_VARIANTS 1,550,000/1,551,229 ( 99.9%) batch=311
2026-08-25T00:39:47.0168721-05:00 [PHASE5B] [OK ] [2.1] BASE_PART_COLOR_VARIANTS: 1,551,229/1,551,229 (100.0%) batches=311 elapsed=0.03s
2026-08-25T00:39:47.0188720-05:00 [PHASE5B] 
2026-08-25T00:39:47.0188720-05:00 [PHASE5B] -------------------------------------------------------------------------------
2026-08-25T00:39:47.0198732-05:00 [PHASE5B]  Durable Phase 5B checkpoint status
2026-08-25T00:39:47.0208713-05:00 [PHASE5B] -------------------------------------------------------------------------------
2026-08-25T00:39:47.0208713-05:00 [PHASE5B] 
2026-08-25T00:39:47.0218725-05:00 [PHASE5B] [1/10] P5B_VALIDATE
2026-08-25T00:39:47.0228718-05:00 [PHASE5B]       [1.1] SOURCE_CONTRACT              COMPLETED          1 / 1          100.0% batches=1
2026-08-25T00:39:47.0228718-05:00 [PHASE5B]       [1.2] PARENT_CLASSIFICATION        COMPLETED          1 / 1          100.0% batches=1
2026-08-25T00:39:47.0238712-05:00 [PHASE5B]       [1.3] CATALOG_REFERENCES           COMPLETED          1 / 1          100.0% batches=1
2026-08-25T00:39:47.0248711-05:00 [PHASE5B]       [1.4] VERSION_KEYS                 COMPLETED          1 / 1          100.0% batches=1
2026-08-25T00:39:47.0248711-05:00 [PHASE5B] 
2026-08-25T00:39:47.0258710-05:00 [PHASE5B] [2/10] P5B_VARIANTS
2026-08-25T00:39:47.0268710-05:00 [PHASE5B]       [2.1] BASE_PART_COLOR_VARIANTS     COMPLETED  1,551,229 / 1,551,229  100.0% batches=311
2026-08-25T00:39:47.0268710-05:00 [PHASE5B] 
2026-08-25T00:39:47.0278712-05:00 [PHASE5B] [3/10] P5B_DEFINITIONS
2026-08-25T00:39:47.0288715-05:00 [PHASE5B]       [3.1] PARENT_DEFINITIONS           PENDING            0 / 47,216       0.0% batches=0
2026-08-25T00:39:47.0288715-05:00 [PHASE5B] 
2026-08-25T00:39:47.0298715-05:00 [PHASE5B] [4/10] P5B_VERSIONS
2026-08-25T00:39:47.0308713-05:00 [PHASE5B]       [4.1] SOURCE_VERSIONS              PENDING            0 / 47,216       0.0% batches=0
2026-08-25T00:39:47.0308713-05:00 [PHASE5B] 
2026-08-25T00:39:47.0318711-05:00 [PHASE5B] [5/10] P5B_SET_MEMBERS
2026-08-25T00:39:47.0328713-05:00 [PHASE5B]       [5.1] PARTS                        PENDING            0 / 1,551,229    0.0% batches=0
2026-08-25T00:39:47.0338709-05:00 [PHASE5B]       [5.2] SETS                         PENDING            0 / 5,176        0.0% batches=0
2026-08-25T00:39:47.0338709-05:00 [PHASE5B]       [5.3] MINIFIGURES                  PENDING            0 / 25,738       0.0% batches=0
2026-08-25T00:39:47.0348706-05:00 [PHASE5B] 
2026-08-25T00:39:47.0358716-05:00 [PHASE5B] [6/10] P5B_MINIFIG_MEMBERS
2026-08-25T00:39:47.0358716-05:00 [PHASE5B]       [6.1] PARTS                        PENDING            0 / 1,551,229    0.0% batches=0
2026-08-25T00:39:47.0368708-05:00 [PHASE5B] 
2026-08-25T00:39:47.0368708-05:00 [PHASE5B] [7/10] P5B_MINIFIG_ANCHORS
2026-08-25T00:39:47.0378707-05:00 [PHASE5B]       [7.1] COMPOSITIONS                 PENDING            0 / 47,216       0.0% batches=0
2026-08-25T00:39:47.0388709-05:00 [PHASE5B] 
2026-08-25T00:39:47.0398707-05:00 [PHASE5B] [8/10] P5B_FINALIZE_VERSIONS
2026-08-25T00:39:47.0408707-05:00 [PHASE5B]       [8.1] HASH_AND_FINALIZE            PENDING            0 / 47,216       0.0% batches=0
2026-08-25T00:39:47.0408707-05:00 [PHASE5B] 
2026-08-25T00:39:47.0418706-05:00 [PHASE5B] [9/10] P5B_AUTHORITY
2026-08-25T00:39:47.0428708-05:00 [PHASE5B]       [9.1] LATEST_SOURCE                PENDING            0 / 47,216       0.0% batches=0
2026-08-25T00:39:47.0428708-05:00 [PHASE5B] 
2026-08-25T00:39:47.0438706-05:00 [PHASE5B] [10/10] P5B_COMPLETE
2026-08-25T00:39:47.0438706-05:00 [PHASE5B]       [10.1] VERIFY                       PENDING            0 / 1            0.0% batches=0
2026-08-25T00:39:47.0448706-05:00 [PHASE5B]       [10.2] COMPLETE_RUN                 PENDING            0 / 1            0.0% batches=0
2026-08-25T00:39:47.0458707-05:00 [PHASE5B] 
2026-08-25T00:39:47.0458707-05:00 [PHASE5B] [RUN] [3.1] P5B_DEFINITIONS / PARENT_DEFINITIONS 0/47,216 (  0.0%) batch=1
2026-08-25T00:39:47.2468815-05:00 [PHASE5B] [OK ] [3.1] PARENT_DEFINITIONS: 5,000/47,216 (10.6%) batches=1 elapsed=0.23s
2026-08-25T00:39:47.2478818-05:00 [PHASE5B] [RUN] [3.1] P5B_DEFINITIONS / PARENT_DEFINITIONS 5,000/47,216 ( 10.6%) batch=2
2026-08-25T00:39:47.4269446-05:00 [PHASE5B] [OK ] [3.1] PARENT_DEFINITIONS: 10,000/47,216 (21.2%) batches=2 elapsed=0.18s
2026-08-25T00:39:47.4279462-05:00 [PHASE5B] [RUN] [3.1] P5B_DEFINITIONS / PARENT_DEFINITIONS 10,000/47,216 ( 21.2%) batch=3
2026-08-25T00:39:47.6009442-05:00 [PHASE5B] [OK ] [3.1] PARENT_DEFINITIONS: 15,000/47,216 (31.8%) batches=3 elapsed=0.17s
2026-08-25T00:39:47.6019438-05:00 [PHASE5B] [RUN] [3.1] P5B_DEFINITIONS / PARENT_DEFINITIONS 15,000/47,216 ( 31.8%) batch=4
2026-08-25T00:39:47.7649445-05:00 [PHASE5B] [OK ] [3.1] PARENT_DEFINITIONS: 20,000/47,216 (42.4%) batches=4 elapsed=0.16s
2026-08-25T00:39:47.7659441-05:00 [PHASE5B] [RUN] [3.1] P5B_DEFINITIONS / PARENT_DEFINITIONS 20,000/47,216 ( 42.4%) batch=5
2026-08-25T00:39:47.9029443-05:00 [PHASE5B] [OK ] [3.1] PARENT_DEFINITIONS: 25,000/47,216 (52.9%) batches=5 elapsed=0.14s
2026-08-25T00:39:47.9039445-05:00 [PHASE5B] [RUN] [3.1] P5B_DEFINITIONS / PARENT_DEFINITIONS 25,000/47,216 ( 52.9%) batch=6
2026-08-25T00:39:48.0189446-05:00 [PHASE5B] [OK ] [3.1] PARENT_DEFINITIONS: 30,000/47,216 (63.5%) batches=6 elapsed=0.12s
2026-08-25T00:39:48.0199454-05:00 [PHASE5B] [RUN] [3.1] P5B_DEFINITIONS / PARENT_DEFINITIONS 30,000/47,216 ( 63.5%) batch=7
2026-08-25T00:39:48.1259442-05:00 [PHASE5B] [OK ] [3.1] PARENT_DEFINITIONS: 35,000/47,216 (74.1%) batches=7 elapsed=0.11s
2026-08-25T00:39:48.1269489-05:00 [PHASE5B] [RUN] [3.1] P5B_DEFINITIONS / PARENT_DEFINITIONS 35,000/47,216 ( 74.1%) batch=8
2026-08-25T00:39:48.2209496-05:00 [PHASE5B] [OK ] [3.1] PARENT_DEFINITIONS: 40,000/47,216 (84.7%) batches=8 elapsed=0.09s
2026-08-25T00:39:48.2219455-05:00 [PHASE5B] [RUN] [3.1] P5B_DEFINITIONS / PARENT_DEFINITIONS 40,000/47,216 ( 84.7%) batch=9
2026-08-25T00:39:48.3079456-05:00 [PHASE5B] [OK ] [3.1] PARENT_DEFINITIONS: 45,000/47,216 (95.3%) batches=9 elapsed=0.09s
2026-08-25T00:39:48.3089457-05:00 [PHASE5B] [RUN] [3.1] P5B_DEFINITIONS / PARENT_DEFINITIONS 45,000/47,216 ( 95.3%) batch=10
2026-08-25T00:39:48.3520438-05:00 [PHASE5B] [OK ] [3.1] PARENT_DEFINITIONS: 47,214/47,216 (100.0%) batches=10 elapsed=0.04s
2026-08-25T00:39:48.3530426-05:00 [PHASE5B] [RUN] [3.1] P5B_DEFINITIONS / PARENT_DEFINITIONS 47,214/47,216 (100.0%) batch=11
2026-08-25T00:39:48.3570434-05:00 [PHASE5B] [OK ] [3.1] PARENT_DEFINITIONS: 47,216/47,216 (100.0%) batches=10 elapsed=0.00s
2026-08-25T00:39:48.3580427-05:00 [PHASE5B] 
2026-08-25T00:39:48.3590435-05:00 [PHASE5B] -------------------------------------------------------------------------------
2026-08-25T00:39:48.3600439-05:00 [PHASE5B]  Durable Phase 5B checkpoint status
2026-08-25T00:39:48.3600439-05:00 [PHASE5B] -------------------------------------------------------------------------------
2026-08-25T00:39:48.3610442-05:00 [PHASE5B] 
2026-08-25T00:39:48.3610442-05:00 [PHASE5B] [1/10] P5B_VALIDATE
2026-08-25T00:39:48.3620416-05:00 [PHASE5B]       [1.1] SOURCE_CONTRACT              COMPLETED          1 / 1          100.0% batches=1
2026-08-25T00:39:48.3630415-05:00 [PHASE5B]       [1.2] PARENT_CLASSIFICATION        COMPLETED          1 / 1          100.0% batches=1
2026-08-25T00:39:48.3630415-05:00 [PHASE5B]       [1.3] CATALOG_REFERENCES           COMPLETED          1 / 1          100.0% batches=1
2026-08-25T00:39:48.3640417-05:00 [PHASE5B]       [1.4] VERSION_KEYS                 COMPLETED          1 / 1          100.0% batches=1
2026-08-25T00:39:48.3650444-05:00 [PHASE5B] 
2026-08-25T00:39:48.3660410-05:00 [PHASE5B] [2/10] P5B_VARIANTS
2026-08-25T00:39:48.3660410-05:00 [PHASE5B]       [2.1] BASE_PART_COLOR_VARIANTS     COMPLETED  1,551,229 / 1,551,229  100.0% batches=311
2026-08-25T00:39:48.3670430-05:00 [PHASE5B] 
2026-08-25T00:39:48.3680415-05:00 [PHASE5B] [3/10] P5B_DEFINITIONS
2026-08-25T00:39:48.3680415-05:00 [PHASE5B]       [3.1] PARENT_DEFINITIONS           COMPLETED     47,216 / 47,216     100.0% batches=10
2026-08-25T00:39:48.3690414-05:00 [PHASE5B] 
2026-08-25T00:39:48.3700420-05:00 [PHASE5B] [4/10] P5B_VERSIONS
2026-08-25T00:39:48.3700420-05:00 [PHASE5B]       [4.1] SOURCE_VERSIONS              PENDING            0 / 47,216       0.0% batches=0
2026-08-25T00:39:48.3710419-05:00 [PHASE5B] 
2026-08-25T00:39:48.3720419-05:00 [PHASE5B] [5/10] P5B_SET_MEMBERS
2026-08-25T00:39:48.3730437-05:00 [PHASE5B]       [5.1] PARTS                        PENDING            0 / 1,551,229    0.0% batches=0
2026-08-25T00:39:48.3740429-05:00 [PHASE5B]       [5.2] SETS                         PENDING            0 / 5,176        0.0% batches=0
2026-08-25T00:39:48.3740429-05:00 [PHASE5B]       [5.3] MINIFIGURES                  PENDING            0 / 25,738       0.0% batches=0
2026-08-25T00:39:48.3750424-05:00 [PHASE5B] 
2026-08-25T00:39:48.3760417-05:00 [PHASE5B] [6/10] P5B_MINIFIG_MEMBERS
2026-08-25T00:39:48.3760417-05:00 [PHASE5B]       [6.1] PARTS                        PENDING            0 / 1,551,229    0.0% batches=0
2026-08-25T00:39:48.3770419-05:00 [PHASE5B] 
2026-08-25T00:39:48.3770419-05:00 [PHASE5B] [7/10] P5B_MINIFIG_ANCHORS
2026-08-25T00:39:48.3780416-05:00 [PHASE5B]       [7.1] COMPOSITIONS                 PENDING            0 / 47,216       0.0% batches=0
2026-08-25T00:39:48.3790413-05:00 [PHASE5B] 
2026-08-25T00:39:48.3800435-05:00 [PHASE5B] [8/10] P5B_FINALIZE_VERSIONS
2026-08-25T00:39:48.3800435-05:00 [PHASE5B]       [8.1] HASH_AND_FINALIZE            PENDING            0 / 47,216       0.0% batches=0
2026-08-25T00:39:48.3810423-05:00 [PHASE5B] 
2026-08-25T00:39:48.3820438-05:00 [PHASE5B] [9/10] P5B_AUTHORITY
2026-08-25T00:39:48.3820438-05:00 [PHASE5B]       [9.1] LATEST_SOURCE                PENDING            0 / 47,216       0.0% batches=0
2026-08-25T00:39:48.3830427-05:00 [PHASE5B] 
2026-08-25T00:39:48.3840417-05:00 [PHASE5B] [10/10] P5B_COMPLETE
2026-08-25T00:39:48.3850422-05:00 [PHASE5B]       [10.1] VERIFY                       PENDING            0 / 1            0.0% batches=0
2026-08-25T00:39:48.3850422-05:00 [PHASE5B]       [10.2] COMPLETE_RUN                 PENDING            0 / 1            0.0% batches=0
2026-08-25T00:39:48.3860441-05:00 [PHASE5B] 
2026-08-25T00:39:48.3870418-05:00 [PHASE5B] [RUN] [4.1] P5B_VERSIONS / SOURCE_VERSIONS 0/47,216 (  0.0%) batch=1
2026-08-25T00:39:48.6940430-05:00 [PHASE5B] [OK ] [4.1] SOURCE_VERSIONS: 5,000/47,216 (10.6%) batches=1 elapsed=0.34s
2026-08-25T00:39:48.6950444-05:00 [PHASE5B] [RUN] [4.1] P5B_VERSIONS / SOURCE_VERSIONS 5,000/47,216 ( 10.6%) batch=2
2026-08-25T00:39:49.0060437-05:00 [PHASE5B] [OK ] [4.1] SOURCE_VERSIONS: 10,000/47,216 (21.2%) batches=2 elapsed=0.31s
2026-08-25T00:39:49.0080418-05:00 [PHASE5B] [RUN] [4.1] P5B_VERSIONS / SOURCE_VERSIONS 10,000/47,216 ( 21.2%) batch=3
2026-08-25T00:39:49.2900419-05:00 [PHASE5B] [OK ] [4.1] SOURCE_VERSIONS: 15,000/47,216 (31.8%) batches=3 elapsed=0.28s
2026-08-25T00:39:49.2910429-05:00 [PHASE5B] [RUN] [4.1] P5B_VERSIONS / SOURCE_VERSIONS 15,000/47,216 ( 31.8%) batch=4
2026-08-25T00:39:49.5691559-05:00 [PHASE5B] [OK ] [4.1] SOURCE_VERSIONS: 20,000/47,216 (42.4%) batches=4 elapsed=0.28s
2026-08-25T00:39:49.5701554-05:00 [PHASE5B] [RUN] [4.1] P5B_VERSIONS / SOURCE_VERSIONS 20,000/47,216 ( 42.4%) batch=5
2026-08-25T00:39:49.8197042-05:00 [PHASE5B] [OK ] [4.1] SOURCE_VERSIONS: 25,000/47,216 (52.9%) batches=5 elapsed=0.25s
2026-08-25T00:39:49.8207056-05:00 [PHASE5B] [RUN] [4.1] P5B_VERSIONS / SOURCE_VERSIONS 25,000/47,216 ( 52.9%) batch=6
2026-08-25T00:39:50.0417043-05:00 [PHASE5B] [OK ] [4.1] SOURCE_VERSIONS: 30,000/47,216 (63.5%) batches=6 elapsed=0.22s
2026-08-25T00:39:50.0427056-05:00 [PHASE5B] [RUN] [4.1] P5B_VERSIONS / SOURCE_VERSIONS 30,000/47,216 ( 63.5%) batch=7
2026-08-25T00:39:50.2506316-05:00 [PHASE5B] [OK ] [4.1] SOURCE_VERSIONS: 35,000/47,216 (74.1%) batches=7 elapsed=0.21s
2026-08-25T00:39:50.2526309-05:00 [PHASE5B] [RUN] [4.1] P5B_VERSIONS / SOURCE_VERSIONS 35,000/47,216 ( 74.1%) batch=8
2026-08-25T00:39:50.4457054-05:00 [PHASE5B] [OK ] [4.1] SOURCE_VERSIONS: 40,000/47,216 (84.7%) batches=8 elapsed=0.19s
2026-08-25T00:39:50.4467055-05:00 [PHASE5B] [RUN] [4.1] P5B_VERSIONS / SOURCE_VERSIONS 40,000/47,216 ( 84.7%) batch=9
2026-08-25T00:39:50.6197045-05:00 [PHASE5B] [OK ] [4.1] SOURCE_VERSIONS: 45,000/47,216 (95.3%) batches=9 elapsed=0.17s
2026-08-25T00:39:50.6207049-05:00 [PHASE5B] [RUN] [4.1] P5B_VERSIONS / SOURCE_VERSIONS 45,000/47,216 ( 95.3%) batch=10
2026-08-25T00:39:50.7127047-05:00 [PHASE5B] [OK ] [4.1] SOURCE_VERSIONS: 47,214/47,216 (100.0%) batches=10 elapsed=0.09s
2026-08-25T00:39:50.7147049-05:00 [PHASE5B] [RUN] [4.1] P5B_VERSIONS / SOURCE_VERSIONS 47,214/47,216 (100.0%) batch=11
2026-08-25T00:39:50.7197042-05:00 [PHASE5B] [OK ] [4.1] SOURCE_VERSIONS: 47,216/47,216 (100.0%) batches=10 elapsed=0.01s
2026-08-25T00:39:50.7207050-05:00 [PHASE5B] 
2026-08-25T00:39:50.7217062-05:00 [PHASE5B] -------------------------------------------------------------------------------
2026-08-25T00:39:50.7227056-05:00 [PHASE5B]  Durable Phase 5B checkpoint status
2026-08-25T00:39:50.7237052-05:00 [PHASE5B] -------------------------------------------------------------------------------
2026-08-25T00:39:50.7237052-05:00 [PHASE5B] 
2026-08-25T00:39:50.7247051-05:00 [PHASE5B] [1/10] P5B_VALIDATE
2026-08-25T00:39:50.7257069-05:00 [PHASE5B]       [1.1] SOURCE_CONTRACT              COMPLETED          1 / 1          100.0% batches=1
2026-08-25T00:39:50.7257069-05:00 [PHASE5B]       [1.2] PARENT_CLASSIFICATION        COMPLETED          1 / 1          100.0% batches=1
2026-08-25T00:39:50.7267064-05:00 [PHASE5B]       [1.3] CATALOG_REFERENCES           COMPLETED          1 / 1          100.0% batches=1
2026-08-25T00:39:50.7277072-05:00 [PHASE5B]       [1.4] VERSION_KEYS                 COMPLETED          1 / 1          100.0% batches=1
2026-08-25T00:39:50.7277072-05:00 [PHASE5B] 
2026-08-25T00:39:50.7327049-05:00 [PHASE5B] [2/10] P5B_VARIANTS
2026-08-25T00:39:50.7327049-05:00 [PHASE5B]       [2.1] BASE_PART_COLOR_VARIANTS     COMPLETED  1,551,229 / 1,551,229  100.0% batches=311
2026-08-25T00:39:50.7337052-05:00 [PHASE5B] 
2026-08-25T00:39:50.7347077-05:00 [PHASE5B] [3/10] P5B_DEFINITIONS
2026-08-25T00:39:50.7357051-05:00 [PHASE5B]       [3.1] PARENT_DEFINITIONS           COMPLETED     47,216 / 47,216     100.0% batches=10
2026-08-25T00:39:50.7357051-05:00 [PHASE5B] 
2026-08-25T00:39:50.7367048-05:00 [PHASE5B] [4/10] P5B_VERSIONS
2026-08-25T00:39:50.7377069-05:00 [PHASE5B]       [4.1] SOURCE_VERSIONS              COMPLETED     47,216 / 47,216     100.0% batches=10
2026-08-25T00:39:50.7377069-05:00 [PHASE5B] 
2026-08-25T00:39:50.7387054-05:00 [PHASE5B] [5/10] P5B_SET_MEMBERS
2026-08-25T00:39:50.7397043-05:00 [PHASE5B]       [5.1] PARTS                        PENDING            0 / 1,551,229    0.0% batches=0
2026-08-25T00:39:50.7397043-05:00 [PHASE5B]       [5.2] SETS                         PENDING            0 / 5,176        0.0% batches=0
2026-08-25T00:39:50.7407053-05:00 [PHASE5B]       [5.3] MINIFIGURES                  PENDING            0 / 25,738       0.0% batches=0
2026-08-25T00:39:50.7417063-05:00 [PHASE5B] 
2026-08-25T00:39:50.7417063-05:00 [PHASE5B] [6/10] P5B_MINIFIG_MEMBERS
2026-08-25T00:39:50.7427048-05:00 [PHASE5B]       [6.1] PARTS                        PENDING            0 / 1,551,229    0.0% batches=0
2026-08-25T00:39:50.7427048-05:00 [PHASE5B] 
2026-08-25T00:39:50.7437069-05:00 [PHASE5B] [7/10] P5B_MINIFIG_ANCHORS
2026-08-25T00:39:50.7447049-05:00 [PHASE5B]       [7.1] COMPOSITIONS                 PENDING            0 / 47,216       0.0% batches=0
2026-08-25T00:39:50.7457058-05:00 [PHASE5B] 
2026-08-25T00:39:50.7467049-05:00 [PHASE5B] [8/10] P5B_FINALIZE_VERSIONS
2026-08-25T00:39:50.7467049-05:00 [PHASE5B]       [8.1] HASH_AND_FINALIZE            PENDING            0 / 47,216       0.0% batches=0
2026-08-25T00:39:50.7477049-05:00 [PHASE5B] 
2026-08-25T00:39:50.7487051-05:00 [PHASE5B] [9/10] P5B_AUTHORITY
2026-08-25T00:39:50.7487051-05:00 [PHASE5B]       [9.1] LATEST_SOURCE                PENDING            0 / 47,216       0.0% batches=0
2026-08-25T00:39:50.7497069-05:00 [PHASE5B] 
2026-08-25T00:39:50.7507047-05:00 [PHASE5B] [10/10] P5B_COMPLETE
2026-08-25T00:39:50.7507047-05:00 [PHASE5B]       [10.1] VERIFY                       PENDING            0 / 1            0.0% batches=0
2026-08-25T00:39:50.7517045-05:00 [PHASE5B]       [10.2] COMPLETE_RUN                 PENDING            0 / 1            0.0% batches=0
2026-08-25T00:39:50.7527068-05:00 [PHASE5B] 
2026-08-25T00:39:50.7527068-05:00 [PHASE5B] [RUN] [5.1] P5B_SET_MEMBERS / PARTS 0/1,551,229 (  0.0%) batch=1
2026-08-25T00:39:51.3965551-05:00 [PHASE5B] [OK ] [5.1] PARTS: 5,000/1,551,229 (0.3%) batches=1 elapsed=0.68s
2026-08-25T00:39:51.3975553-05:00 [PHASE5B] [RUN] [5.1] P5B_SET_MEMBERS / PARTS 5,000/1,551,229 (  0.3%) batch=2
2026-08-25T00:39:52.1594476-05:00 [PHASE5B] [OK ] [5.1] PARTS: 10,000/1,551,229 (0.6%) batches=2 elapsed=0.76s
2026-08-25T00:39:52.1604467-05:00 [PHASE5B] [RUN] [5.1] P5B_SET_MEMBERS / PARTS 10,000/1,551,229 (  0.6%) batch=3
2026-08-25T00:39:52.7495335-05:00 [PHASE5B] [OK ] [5.1] PARTS: 15,000/1,551,229 (1.0%) batches=3 elapsed=0.59s
2026-08-25T00:39:52.7505362-05:00 [PHASE5B] [RUN] [5.1] P5B_SET_MEMBERS / PARTS 15,000/1,551,229 (  1.0%) batch=4
2026-08-25T00:39:53.3766350-05:00 [PHASE5B] [OK ] [5.1] PARTS: 20,000/1,551,229 (1.3%) batches=4 elapsed=0.63s
2026-08-25T00:39:53.3776300-05:00 [PHASE5B] [RUN] [5.1] P5B_SET_MEMBERS / PARTS 20,000/1,551,229 (  1.3%) batch=5
2026-08-25T00:39:53.9998151-05:00 [PHASE5B] [OK ] [5.1] PARTS: 25,000/1,551,229 (1.6%) batches=5 elapsed=0.62s
2026-08-25T00:39:54.0018138-05:00 [PHASE5B] [RUN] [5.1] P5B_SET_MEMBERS / PARTS 25,000/1,551,229 (  1.6%) batch=6
2026-08-25T00:39:54.6261601-05:00 [PHASE5B] [OK ] [5.1] PARTS: 30,000/1,551,229 (1.9%) batches=6 elapsed=0.63s
2026-08-25T00:39:54.6271602-05:00 [PHASE5B] [RUN] [5.1] P5B_SET_MEMBERS / PARTS 30,000/1,551,229 (  1.9%) batch=7
2026-08-25T00:39:55.2679661-05:00 [PHASE5B] [OK ] [5.1] PARTS: 35,000/1,551,229 (2.3%) batches=7 elapsed=0.64s
2026-08-25T00:39:55.2689664-05:00 [PHASE5B] [RUN] [5.1] P5B_SET_MEMBERS / PARTS 35,000/1,551,229 (  2.3%) batch=8
2026-08-25T00:39:55.8705546-05:00 [PHASE5B] [OK ] [5.1] PARTS: 40,000/1,551,229 (2.6%) batches=8 elapsed=0.60s
2026-08-25T00:39:55.8715568-05:00 [PHASE5B] [RUN] [5.1] P5B_SET_MEMBERS / PARTS 40,000/1,551,229 (  2.6%) batch=9
2026-08-25T00:39:56.5359237-05:00 [PHASE5B] [OK ] [5.1] PARTS: 45,000/1,551,229 (2.9%) batches=9 elapsed=0.67s
2026-08-25T00:39:56.5379262-05:00 [PHASE5B] [RUN] [5.1] P5B_SET_MEMBERS / PARTS 45,000/1,551,229 (  2.9%) batch=10
2026-08-25T00:39:57.1369364-05:00 [PHASE5B] [OK ] [5.1] PARTS: 50,000/1,551,229 (3.2%) batches=10 elapsed=0.60s
2026-08-25T00:39:57.1379363-05:00 [PHASE5B] [RUN] [5.1] P5B_SET_MEMBERS / PARTS 50,000/1,551,229 (  3.2%) batch=11
2026-08-25T00:39:57.7696208-05:00 [PHASE5B] [OK ] [5.1] PARTS: 55,000/1,551,229 (3.5%) batches=11 elapsed=0.63s
2026-08-25T00:39:57.7706190-05:00 [PHASE5B] [RUN] [5.1] P5B_SET_MEMBERS / PARTS 55,000/1,551,229 (  3.5%) batch=12
2026-08-25T00:39:58.3884950-05:00 [PHASE5B] [OK ] [5.1] PARTS: 60,000/1,551,229 (3.9%) batches=12 elapsed=0.62s
2026-08-25T00:39:58.3894967-05:00 [PHASE5B] [RUN] [5.1] P5B_SET_MEMBERS / PARTS 60,000/1,551,229 (  3.9%) batch=13
2026-08-25T00:39:59.0653028-05:00 [PHASE5B] [OK ] [5.1] PARTS: 65,000/1,551,229 (4.2%) batches=13 elapsed=0.68s
2026-08-25T00:39:59.0663030-05:00 [PHASE5B] [RUN] [5.1] P5B_SET_MEMBERS / PARTS 65,000/1,551,229 (  4.2%) batch=14
2026-08-25T00:39:59.6740812-05:00 [PHASE5B] [OK ] [5.1] PARTS: 70,000/1,551,229 (4.5%) batches=14 elapsed=0.61s
2026-08-25T00:39:59.6750826-05:00 [PHASE5B] [RUN] [5.1] P5B_SET_MEMBERS / PARTS 70,000/1,551,229 (  4.5%) batch=15
2026-08-25T00:40:00.3270815-05:00 [PHASE5B] [OK ] [5.1] PARTS: 75,000/1,551,229 (4.8%) batches=15 elapsed=0.65s
2026-08-25T00:40:00.3280828-05:00 [PHASE5B] [RUN] [5.1] P5B_SET_MEMBERS / PARTS 75,000/1,551,229 (  4.8%) batch=16
2026-08-25T00:40:00.9287006-05:00 [PHASE5B] [OK ] [5.1] PARTS: 80,000/1,551,229 (5.2%) batches=16 elapsed=0.60s
2026-08-25T00:40:00.9297000-05:00 [PHASE5B] [RUN] [5.1] P5B_SET_MEMBERS / PARTS 80,000/1,551,229 (  5.2%) batch=17
2026-08-25T00:40:01.5954448-05:00 [PHASE5B] [OK ] [5.1] PARTS: 85,000/1,551,229 (5.5%) batches=17 elapsed=0.67s
2026-08-25T00:40:01.5964448-05:00 [PHASE5B] [RUN] [5.1] P5B_SET_MEMBERS / PARTS 85,000/1,551,229 (  5.5%) batch=18
2026-08-25T00:40:02.2286687-05:00 [PHASE5B] [OK ] [5.1] PARTS: 90,000/1,551,229 (5.8%) batches=18 elapsed=0.63s
2026-08-25T00:40:02.2296682-05:00 [PHASE5B] [RUN] [5.1] P5B_SET_MEMBERS / PARTS 90,000/1,551,229 (  5.8%) batch=19
2026-08-25T00:40:02.8592215-05:00 [PHASE5B] [OK ] [5.1] PARTS: 95,000/1,551,229 (6.1%) batches=19 elapsed=0.63s
2026-08-25T00:40:02.8612176-05:00 [PHASE5B] [RUN] [5.1] P5B_SET_MEMBERS / PARTS 95,000/1,551,229 (  6.1%) batch=20
2026-08-25T00:40:03.4871530-05:00 [PHASE5B] [OK ] [5.1] PARTS: 100,000/1,551,229 (6.4%) batches=20 elapsed=0.63s
2026-08-25T00:40:03.4887032-05:00 [PHASE5B] [RUN] [5.1] P5B_SET_MEMBERS / PARTS 100,000/1,551,229 (  6.4%) batch=21
2026-08-25T00:40:04.1196266-05:00 [PHASE5B] [OK ] [5.1] PARTS: 105,000/1,551,229 (6.8%) batches=21 elapsed=0.63s
2026-08-25T00:40:04.1206279-05:00 [PHASE5B] [RUN] [5.1] P5B_SET_MEMBERS / PARTS 105,000/1,551,229 (  6.8%) batch=22
2026-08-25T00:40:04.7382836-05:00 [PHASE5B] [OK ] [5.1] PARTS: 110,000/1,551,229 (7.1%) batches=22 elapsed=0.62s
2026-08-25T00:40:04.7392840-05:00 [PHASE5B] [RUN] [5.1] P5B_SET_MEMBERS / PARTS 110,000/1,551,229 (  7.1%) batch=23
2026-08-25T00:40:05.3687819-05:00 [PHASE5B] [OK ] [5.1] PARTS: 115,000/1,551,229 (7.4%) batches=23 elapsed=0.63s
2026-08-25T00:40:05.3707811-05:00 [PHASE5B] [RUN] [5.1] P5B_SET_MEMBERS / PARTS 115,000/1,551,229 (  7.4%) batch=24
2026-08-25T00:40:05.9633938-05:00 [PHASE5B] [OK ] [5.1] PARTS: 120,000/1,551,229 (7.7%) batches=24 elapsed=0.59s
2026-08-25T00:40:05.9643946-05:00 [PHASE5B] [RUN] [5.1] P5B_SET_MEMBERS / PARTS 120,000/1,551,229 (  7.7%) batch=25
2026-08-25T00:40:06.5742833-05:00 [PHASE5B] [OK ] [5.1] PARTS: 125,000/1,551,229 (8.1%) batches=25 elapsed=0.61s
2026-08-25T00:40:06.5752823-05:00 [PHASE5B] [RUN] [5.1] P5B_SET_MEMBERS / PARTS 125,000/1,551,229 (  8.1%) batch=26
2026-08-25T00:40:08.1698054-05:00 [PHASE5B] [OK ] [5.1] PARTS: 130,000/1,551,229 (8.4%) batches=26 elapsed=1.60s
2026-08-25T00:40:08.1718103-05:00 [PHASE5B] [RUN] [5.1] P5B_SET_MEMBERS / PARTS 130,000/1,551,229 (  8.4%) batch=27
2026-08-25T00:40:10.7590072-05:00 [PHASE5B] [OK ] [5.1] PARTS: 135,000/1,551,229 (8.7%) batches=27 elapsed=2.59s
2026-08-25T00:40:10.7600066-05:00 [PHASE5B] [RUN] [5.1] P5B_SET_MEMBERS / PARTS 135,000/1,551,229 (  8.7%) batch=28
2026-08-25T00:40:13.1272955-05:00 [PHASE5B] [OK ] [5.1] PARTS: 140,000/1,551,229 (9.0%) batches=28 elapsed=2.37s
2026-08-25T00:40:13.1282947-05:00 [PHASE5B] [RUN] [5.1] P5B_SET_MEMBERS / PARTS 140,000/1,551,229 (  9.0%) batch=29
2026-08-25T00:40:13.8593972-05:00 [PHASE5B] [OK ] [5.1] PARTS: 145,000/1,551,229 (9.3%) batches=29 elapsed=0.73s
2026-08-25T00:40:13.8603974-05:00 [PHASE5B] [RUN] [5.1] P5B_SET_MEMBERS / PARTS 145,000/1,551,229 (  9.3%) batch=30
2026-08-25T00:40:14.4945882-05:00 [PHASE5B] [OK ] [5.1] PARTS: 150,000/1,551,229 (9.7%) batches=30 elapsed=0.64s
2026-08-25T00:40:14.4965891-05:00 [PHASE5B] [RUN] [5.1] P5B_SET_MEMBERS / PARTS 150,000/1,551,229 (  9.7%) batch=31
2026-08-25T00:40:15.0776387-05:00 [PHASE5B] [OK ] [5.1] PARTS: 155,000/1,551,229 (10.0%) batches=31 elapsed=0.58s
2026-08-25T00:40:15.0786396-05:00 [PHASE5B] [RUN] [5.1] P5B_SET_MEMBERS / PARTS 155,000/1,551,229 ( 10.0%) batch=32
2026-08-25T00:40:15.6789993-05:00 [PHASE5B] [OK ] [5.1] PARTS: 160,000/1,551,229 (10.3%) batches=32 elapsed=0.60s
2026-08-25T00:40:15.6810012-05:00 [PHASE5B] [RUN] [5.1] P5B_SET_MEMBERS / PARTS 160,000/1,551,229 ( 10.3%) batch=33
2026-08-25T00:40:16.2868242-05:00 [PHASE5B] [OK ] [5.1] PARTS: 165,000/1,551,229 (10.6%) batches=33 elapsed=0.61s
2026-08-25T00:40:16.2878251-05:00 [PHASE5B] [RUN] [5.1] P5B_SET_MEMBERS / PARTS 165,000/1,551,229 ( 10.6%) batch=34
2026-08-25T00:40:16.9243905-05:00 [PHASE5B] [OK ] [5.1] PARTS: 170,000/1,551,229 (11.0%) batches=34 elapsed=0.64s
2026-08-25T00:40:16.9253935-05:00 [PHASE5B] [RUN] [5.1] P5B_SET_MEMBERS / PARTS 170,000/1,551,229 ( 11.0%) batch=35
2026-08-25T00:40:17.5233917-05:00 [PHASE5B] [OK ] [5.1] PARTS: 175,000/1,551,229 (11.3%) batches=35 elapsed=0.60s
2026-08-25T00:40:17.5243915-05:00 [PHASE5B] [RUN] [5.1] P5B_SET_MEMBERS / PARTS 175,000/1,551,229 ( 11.3%) batch=36
2026-08-25T00:40:18.2171506-05:00 [PHASE5B] [OK ] [5.1] PARTS: 180,000/1,551,229 (11.6%) batches=36 elapsed=0.69s
2026-08-25T00:40:18.2181486-05:00 [PHASE5B] [RUN] [5.1] P5B_SET_MEMBERS / PARTS 180,000/1,551,229 ( 11.6%) batch=37
2026-08-25T00:40:19.1874722-05:00 [PHASE5B] [OK ] [5.1] PARTS: 185,000/1,551,229 (11.9%) batches=37 elapsed=0.97s
2026-08-25T00:40:19.1884696-05:00 [PHASE5B] [RUN] [5.1] P5B_SET_MEMBERS / PARTS 185,000/1,551,229 ( 11.9%) batch=38
2026-08-25T00:40:19.8526341-05:00 [PHASE5B] [OK ] [5.1] PARTS: 190,000/1,551,229 (12.2%) batches=38 elapsed=0.67s
2026-08-25T00:40:19.8536343-05:00 [PHASE5B] [RUN] [5.1] P5B_SET_MEMBERS / PARTS 190,000/1,551,229 ( 12.2%) batch=39
2026-08-25T00:40:20.5152310-05:00 [PHASE5B] [OK ] [5.1] PARTS: 195,000/1,551,229 (12.6%) batches=39 elapsed=0.66s
2026-08-25T00:40:20.5162308-05:00 [PHASE5B] [RUN] [5.1] P5B_SET_MEMBERS / PARTS 195,000/1,551,229 ( 12.6%) batch=40
2026-08-25T00:40:21.1649874-05:00 [PHASE5B] [OK ] [5.1] PARTS: 200,000/1,551,229 (12.9%) batches=40 elapsed=0.65s
2026-08-25T00:40:21.1659872-05:00 [PHASE5B] [RUN] [5.1] P5B_SET_MEMBERS / PARTS 200,000/1,551,229 ( 12.9%) batch=41
2026-08-25T00:40:21.8514286-05:00 [PHASE5B] [OK ] [5.1] PARTS: 205,000/1,551,229 (13.2%) batches=41 elapsed=0.69s
2026-08-25T00:40:21.8534287-05:00 [PHASE5B] [RUN] [5.1] P5B_SET_MEMBERS / PARTS 205,000/1,551,229 ( 13.2%) batch=42
2026-08-25T00:40:22.5134277-05:00 [PHASE5B] [OK ] [5.1] PARTS: 210,000/1,551,229 (13.5%) batches=42 elapsed=0.66s
2026-08-25T00:40:22.5144282-05:00 [PHASE5B] [RUN] [5.1] P5B_SET_MEMBERS / PARTS 210,000/1,551,229 ( 13.5%) batch=43
2026-08-25T00:40:23.1951795-05:00 [PHASE5B] [OK ] [5.1] PARTS: 215,000/1,551,229 (13.9%) batches=43 elapsed=0.68s
2026-08-25T00:40:23.1961831-05:00 [PHASE5B] [RUN] [5.1] P5B_SET_MEMBERS / PARTS 215,000/1,551,229 ( 13.9%) batch=44
2026-08-25T00:40:23.8864217-05:00 [PHASE5B] [OK ] [5.1] PARTS: 220,000/1,551,229 (14.2%) batches=44 elapsed=0.69s
2026-08-25T00:40:23.8874223-05:00 [PHASE5B] [RUN] [5.1] P5B_SET_MEMBERS / PARTS 220,000/1,551,229 ( 14.2%) batch=45
2026-08-25T00:40:24.5978006-05:00 [PHASE5B] [OK ] [5.1] PARTS: 225,000/1,551,229 (14.5%) batches=45 elapsed=0.71s
2026-08-25T00:40:24.5988005-05:00 [PHASE5B] [RUN] [5.1] P5B_SET_MEMBERS / PARTS 225,000/1,551,229 ( 14.5%) batch=46
2026-08-25T00:40:25.2885545-05:00 [PHASE5B] [OK ] [5.1] PARTS: 230,000/1,551,229 (14.8%) batches=46 elapsed=0.69s
2026-08-25T00:40:25.2895553-05:00 [PHASE5B] [RUN] [5.1] P5B_SET_MEMBERS / PARTS 230,000/1,551,229 ( 14.8%) batch=47
2026-08-25T00:40:26.0229623-05:00 [PHASE5B] [OK ] [5.1] PARTS: 235,000/1,551,229 (15.1%) batches=47 elapsed=0.73s
2026-08-25T00:40:26.0239619-05:00 [PHASE5B] [RUN] [5.1] P5B_SET_MEMBERS / PARTS 235,000/1,551,229 ( 15.1%) batch=48
2026-08-25T00:40:26.7028914-05:00 [PHASE5B] [OK ] [5.1] PARTS: 240,000/1,551,229 (15.5%) batches=48 elapsed=0.68s
2026-08-25T00:40:26.7038924-05:00 [PHASE5B] [RUN] [5.1] P5B_SET_MEMBERS / PARTS 240,000/1,551,229 ( 15.5%) batch=49
2026-08-25T00:40:27.3652299-05:00 [PHASE5B] [OK ] [5.1] PARTS: 245,000/1,551,229 (15.8%) batches=49 elapsed=0.66s
2026-08-25T00:40:27.3662308-05:00 [PHASE5B] [RUN] [5.1] P5B_SET_MEMBERS / PARTS 245,000/1,551,229 ( 15.8%) batch=50
2026-08-25T00:40:28.0366327-05:00 [PHASE5B] [OK ] [5.1] PARTS: 250,000/1,551,229 (16.1%) batches=50 elapsed=0.67s
2026-08-25T00:40:28.0376357-05:00 [PHASE5B] [RUN] [5.1] P5B_SET_MEMBERS / PARTS 250,000/1,551,229 ( 16.1%) batch=51
2026-08-25T00:40:28.7452151-05:00 [PHASE5B] [OK ] [5.1] PARTS: 255,000/1,551,229 (16.4%) batches=51 elapsed=0.71s
2026-08-25T00:40:28.7462126-05:00 [PHASE5B] [RUN] [5.1] P5B_SET_MEMBERS / PARTS 255,000/1,551,229 ( 16.4%) batch=52
2026-08-25T00:40:29.4478684-05:00 [PHASE5B] [OK ] [5.1] PARTS: 260,000/1,551,229 (16.8%) batches=52 elapsed=0.70s
2026-08-25T00:40:29.4488686-05:00 [PHASE5B] [RUN] [5.1] P5B_SET_MEMBERS / PARTS 260,000/1,551,229 ( 16.8%) batch=53
2026-08-25T00:40:30.1279656-05:00 [PHASE5B] [OK ] [5.1] PARTS: 265,000/1,551,229 (17.1%) batches=53 elapsed=0.68s
2026-08-25T00:40:30.1289653-05:00 [PHASE5B] [RUN] [5.1] P5B_SET_MEMBERS / PARTS 265,000/1,551,229 ( 17.1%) batch=54
2026-08-25T00:40:31.0117882-05:00 [PHASE5B] [OK ] [5.1] PARTS: 270,000/1,551,229 (17.4%) batches=54 elapsed=0.88s
2026-08-25T00:40:31.0137879-05:00 [PHASE5B] [RUN] [5.1] P5B_SET_MEMBERS / PARTS 270,000/1,551,229 ( 17.4%) batch=55
2026-08-25T00:40:31.8869271-05:00 [PHASE5B] [OK ] [5.1] PARTS: 275,000/1,551,229 (17.7%) batches=55 elapsed=0.87s
2026-08-25T00:40:31.8879284-05:00 [PHASE5B] [RUN] [5.1] P5B_SET_MEMBERS / PARTS 275,000/1,551,229 ( 17.7%) batch=56
2026-08-25T00:40:32.6388318-05:00 [PHASE5B] [OK ] [5.1] PARTS: 280,000/1,551,229 (18.1%) batches=56 elapsed=0.75s
2026-08-25T00:40:32.6408326-05:00 [PHASE5B] [RUN] [5.1] P5B_SET_MEMBERS / PARTS 280,000/1,551,229 ( 18.1%) batch=57
2026-08-25T00:40:33.3493156-05:00 [PHASE5B] [OK ] [5.1] PARTS: 285,000/1,551,229 (18.4%) batches=57 elapsed=0.71s
2026-08-25T00:40:33.3503137-05:00 [PHASE5B] [RUN] [5.1] P5B_SET_MEMBERS / PARTS 285,000/1,551,229 ( 18.4%) batch=58
2026-08-25T00:40:34.0734070-05:00 [PHASE5B] [OK ] [5.1] PARTS: 290,000/1,551,229 (18.7%) batches=58 elapsed=0.72s
2026-08-25T00:40:34.0754097-05:00 [PHASE5B] [RUN] [5.1] P5B_SET_MEMBERS / PARTS 290,000/1,551,229 ( 18.7%) batch=59
2026-08-25T00:40:34.8025287-05:00 [PHASE5B] [OK ] [5.1] PARTS: 295,000/1,551,229 (19.0%) batches=59 elapsed=0.73s
2026-08-25T00:40:34.8035278-05:00 [PHASE5B] [RUN] [5.1] P5B_SET_MEMBERS / PARTS 295,000/1,551,229 ( 19.0%) batch=60
2026-08-25T00:40:35.5774315-05:00 [PHASE5B] [OK ] [5.1] PARTS: 300,000/1,551,229 (19.3%) batches=60 elapsed=0.77s
2026-08-25T00:40:35.5784296-05:00 [PHASE5B] [RUN] [5.1] P5B_SET_MEMBERS / PARTS 300,000/1,551,229 ( 19.3%) batch=61
2026-08-25T00:40:36.3219312-05:00 [PHASE5B] [OK ] [5.1] PARTS: 305,000/1,551,229 (19.7%) batches=61 elapsed=0.74s
2026-08-25T00:40:36.3229323-05:00 [PHASE5B] [RUN] [5.1] P5B_SET_MEMBERS / PARTS 305,000/1,551,229 ( 19.7%) batch=62
2026-08-25T00:40:37.0278764-05:00 [PHASE5B] [OK ] [5.1] PARTS: 310,000/1,551,229 (20.0%) batches=62 elapsed=0.70s
2026-08-25T00:40:37.0288764-05:00 [PHASE5B] [RUN] [5.1] P5B_SET_MEMBERS / PARTS 310,000/1,551,229 ( 20.0%) batch=63
2026-08-25T00:40:37.7538753-05:00 [PHASE5B] [OK ] [5.1] PARTS: 315,000/1,551,229 (20.3%) batches=63 elapsed=0.73s
2026-08-25T00:40:37.7548757-05:00 [PHASE5B] [RUN] [5.1] P5B_SET_MEMBERS / PARTS 315,000/1,551,229 ( 20.3%) batch=64
2026-08-25T00:40:38.4399539-05:00 [PHASE5B] [OK ] [5.1] PARTS: 320,000/1,551,229 (20.6%) batches=64 elapsed=0.69s
2026-08-25T00:40:38.4409534-05:00 [PHASE5B] [RUN] [5.1] P5B_SET_MEMBERS / PARTS 320,000/1,551,229 ( 20.6%) batch=65
2026-08-25T00:40:39.1520426-05:00 [PHASE5B] [OK ] [5.1] PARTS: 325,000/1,551,229 (21.0%) batches=65 elapsed=0.71s
2026-08-25T00:40:39.1530424-05:00 [PHASE5B] [RUN] [5.1] P5B_SET_MEMBERS / PARTS 325,000/1,551,229 ( 21.0%) batch=66
2026-08-25T00:40:40.2195333-05:00 [PHASE5B] [OK ] [5.1] PARTS: 330,000/1,551,229 (21.3%) batches=66 elapsed=1.07s
2026-08-25T00:40:40.2205324-05:00 [PHASE5B] [RUN] [5.1] P5B_SET_MEMBERS / PARTS 330,000/1,551,229 ( 21.3%) batch=67
2026-08-25T00:40:40.9735157-05:00 [PHASE5B] [OK ] [5.1] PARTS: 335,000/1,551,229 (21.6%) batches=67 elapsed=0.75s
2026-08-25T00:40:40.9745164-05:00 [PHASE5B] [RUN] [5.1] P5B_SET_MEMBERS / PARTS 335,000/1,551,229 ( 21.6%) batch=68
2026-08-25T00:40:41.7170975-05:00 [PHASE5B] [OK ] [5.1] PARTS: 340,000/1,551,229 (21.9%) batches=68 elapsed=0.74s
2026-08-25T00:40:41.7180969-05:00 [PHASE5B] [RUN] [5.1] P5B_SET_MEMBERS / PARTS 340,000/1,551,229 ( 21.9%) batch=69
2026-08-25T00:40:42.4444480-05:00 [PHASE5B] [OK ] [5.1] PARTS: 345,000/1,551,229 (22.2%) batches=69 elapsed=0.73s
2026-08-25T00:40:42.4469411-05:00 [PHASE5B] [RUN] [5.1] P5B_SET_MEMBERS / PARTS 345,000/1,551,229 ( 22.2%) batch=70
2026-08-25T00:40:43.1502737-05:00 [PHASE5B] [OK ] [5.1] PARTS: 350,000/1,551,229 (22.6%) batches=70 elapsed=0.70s
2026-08-25T00:40:43.1512738-05:00 [PHASE5B] [RUN] [5.1] P5B_SET_MEMBERS / PARTS 350,000/1,551,229 ( 22.6%) batch=71
2026-08-25T00:40:43.9118366-05:00 [PHASE5B] [OK ] [5.1] PARTS: 355,000/1,551,229 (22.9%) batches=71 elapsed=0.76s
2026-08-25T00:40:43.9128368-05:00 [PHASE5B] [RUN] [5.1] P5B_SET_MEMBERS / PARTS 355,000/1,551,229 ( 22.9%) batch=72
2026-08-25T00:40:44.6678952-05:00 [PHASE5B] [OK ] [5.1] PARTS: 360,000/1,551,229 (23.2%) batches=72 elapsed=0.76s
2026-08-25T00:40:44.6688944-05:00 [PHASE5B] [RUN] [5.1] P5B_SET_MEMBERS / PARTS 360,000/1,551,229 ( 23.2%) batch=73
2026-08-25T00:40:45.4133925-05:00 [PHASE5B] [OK ] [5.1] PARTS: 365,000/1,551,229 (23.5%) batches=73 elapsed=0.74s
2026-08-25T00:40:45.4143953-05:00 [PHASE5B] [RUN] [5.1] P5B_SET_MEMBERS / PARTS 365,000/1,551,229 ( 23.5%) batch=74
2026-08-25T00:40:46.1244901-05:00 [PHASE5B] [OK ] [5.1] PARTS: 370,000/1,551,229 (23.9%) batches=74 elapsed=0.71s
2026-08-25T00:40:46.1254896-05:00 [PHASE5B] [RUN] [5.1] P5B_SET_MEMBERS / PARTS 370,000/1,551,229 ( 23.9%) batch=75
2026-08-25T00:40:47.3086142-05:00 [PHASE5B] [OK ] [5.1] PARTS: 375,000/1,551,229 (24.2%) batches=75 elapsed=1.18s
2026-08-25T00:40:47.3096141-05:00 [PHASE5B] [RUN] [5.1] P5B_SET_MEMBERS / PARTS 375,000/1,551,229 ( 24.2%) batch=76
2026-08-25T00:40:48.0254822-05:00 [PHASE5B] [OK ] [5.1] PARTS: 380,000/1,551,229 (24.5%) batches=76 elapsed=0.72s
2026-08-25T00:40:48.0264832-05:00 [PHASE5B] [RUN] [5.1] P5B_SET_MEMBERS / PARTS 380,000/1,551,229 ( 24.5%) batch=77
2026-08-25T00:40:48.7695807-05:00 [PHASE5B] [OK ] [5.1] PARTS: 385,000/1,551,229 (24.8%) batches=77 elapsed=0.74s
2026-08-25T00:40:48.7705822-05:00 [PHASE5B] [RUN] [5.1] P5B_SET_MEMBERS / PARTS 385,000/1,551,229 ( 24.8%) batch=78
2026-08-25T00:40:49.5016786-05:00 [PHASE5B] [OK ] [5.1] PARTS: 390,000/1,551,229 (25.1%) batches=78 elapsed=0.73s
2026-08-25T00:40:49.5026784-05:00 [PHASE5B] [RUN] [5.1] P5B_SET_MEMBERS / PARTS 390,000/1,551,229 ( 25.1%) batch=79
2026-08-25T00:40:50.2917521-05:00 [PHASE5B] [OK ] [5.1] PARTS: 395,000/1,551,229 (25.5%) batches=79 elapsed=0.79s
2026-08-25T00:40:50.2927527-05:00 [PHASE5B] [RUN] [5.1] P5B_SET_MEMBERS / PARTS 395,000/1,551,229 ( 25.5%) batch=80
2026-08-25T00:40:51.0463833-05:00 [PHASE5B] [OK ] [5.1] PARTS: 400,000/1,551,229 (25.8%) batches=80 elapsed=0.76s
2026-08-25T00:40:51.0483853-05:00 [PHASE5B] [RUN] [5.1] P5B_SET_MEMBERS / PARTS 400,000/1,551,229 ( 25.8%) batch=81
2026-08-25T00:40:51.7563534-05:00 [PHASE5B] [OK ] [5.1] PARTS: 405,000/1,551,229 (26.1%) batches=81 elapsed=0.71s
2026-08-25T00:40:51.7573525-05:00 [PHASE5B] [RUN] [5.1] P5B_SET_MEMBERS / PARTS 405,000/1,551,229 ( 26.1%) batch=82
2026-08-25T00:40:52.5366955-05:00 [PHASE5B] [OK ] [5.1] PARTS: 410,000/1,551,229 (26.4%) batches=82 elapsed=0.78s
2026-08-25T00:40:52.5376952-05:00 [PHASE5B] [RUN] [5.1] P5B_SET_MEMBERS / PARTS 410,000/1,551,229 ( 26.4%) batch=83
2026-08-25T00:40:53.2917386-05:00 [PHASE5B] [OK ] [5.1] PARTS: 415,000/1,551,229 (26.8%) batches=83 elapsed=0.75s
2026-08-25T00:40:53.2927398-05:00 [PHASE5B] [RUN] [5.1] P5B_SET_MEMBERS / PARTS 415,000/1,551,229 ( 26.8%) batch=84
2026-08-25T00:40:54.1067462-05:00 [PHASE5B] [OK ] [5.1] PARTS: 420,000/1,551,229 (27.1%) batches=84 elapsed=0.81s
2026-08-25T00:40:54.1077450-05:00 [PHASE5B] [RUN] [5.1] P5B_SET_MEMBERS / PARTS 420,000/1,551,229 ( 27.1%) batch=85
2026-08-25T00:40:54.9059170-05:00 [PHASE5B] [OK ] [5.1] PARTS: 425,000/1,551,229 (27.4%) batches=85 elapsed=0.80s
2026-08-25T00:40:54.9069179-05:00 [PHASE5B] [RUN] [5.1] P5B_SET_MEMBERS / PARTS 425,000/1,551,229 ( 27.4%) batch=86
2026-08-25T00:40:55.8671001-05:00 [PHASE5B] [OK ] [5.1] PARTS: 430,000/1,551,229 (27.7%) batches=86 elapsed=0.96s
2026-08-25T00:40:55.8691006-05:00 [PHASE5B] [RUN] [5.1] P5B_SET_MEMBERS / PARTS 430,000/1,551,229 ( 27.7%) batch=87
2026-08-25T00:40:56.6172047-05:00 [PHASE5B] [OK ] [5.1] PARTS: 435,000/1,551,229 (28.0%) batches=87 elapsed=0.75s
2026-08-25T00:40:56.6182041-05:00 [PHASE5B] [RUN] [5.1] P5B_SET_MEMBERS / PARTS 435,000/1,551,229 ( 28.0%) batch=88
2026-08-25T00:40:57.2276492-05:00 [PHASE5B] [OK ] [5.1] PARTS: 440,000/1,551,229 (28.4%) batches=88 elapsed=0.61s
2026-08-25T00:40:57.2286495-05:00 [PHASE5B] [RUN] [5.1] P5B_SET_MEMBERS / PARTS 440,000/1,551,229 ( 28.4%) batch=89
2026-08-25T00:40:57.9316145-05:00 [PHASE5B] [OK ] [5.1] PARTS: 445,000/1,551,229 (28.7%) batches=89 elapsed=0.70s
2026-08-25T00:40:57.9326142-05:00 [PHASE5B] [RUN] [5.1] P5B_SET_MEMBERS / PARTS 445,000/1,551,229 ( 28.7%) batch=90
2026-08-25T00:40:58.5166834-05:00 [PHASE5B] [OK ] [5.1] PARTS: 450,000/1,551,229 (29.0%) batches=90 elapsed=0.58s
2026-08-25T00:40:58.5176833-05:00 [PHASE5B] [RUN] [5.1] P5B_SET_MEMBERS / PARTS 450,000/1,551,229 ( 29.0%) batch=91
2026-08-25T00:40:59.1103106-05:00 [PHASE5B] [OK ] [5.1] PARTS: 455,000/1,551,229 (29.3%) batches=91 elapsed=0.59s
2026-08-25T00:40:59.1113111-05:00 [PHASE5B] [RUN] [5.1] P5B_SET_MEMBERS / PARTS 455,000/1,551,229 ( 29.3%) batch=92
2026-08-25T00:40:59.7173104-05:00 [PHASE5B] [OK ] [5.1] PARTS: 460,000/1,551,229 (29.7%) batches=92 elapsed=0.61s
2026-08-25T00:40:59.7183129-05:00 [PHASE5B] [RUN] [5.1] P5B_SET_MEMBERS / PARTS 460,000/1,551,229 ( 29.7%) batch=93
2026-08-25T00:41:00.3834392-05:00 [PHASE5B] [OK ] [5.1] PARTS: 465,000/1,551,229 (30.0%) batches=93 elapsed=0.67s
2026-08-25T00:41:00.3844422-05:00 [PHASE5B] [RUN] [5.1] P5B_SET_MEMBERS / PARTS 465,000/1,551,229 ( 30.0%) batch=94
2026-08-25T00:41:00.9920526-05:00 [PHASE5B] [OK ] [5.1] PARTS: 470,000/1,551,229 (30.3%) batches=94 elapsed=0.61s
2026-08-25T00:41:00.9930551-05:00 [PHASE5B] [RUN] [5.1] P5B_SET_MEMBERS / PARTS 470,000/1,551,229 ( 30.3%) batch=95
2026-08-25T00:41:01.8198434-05:00 [PHASE5B] [OK ] [5.1] PARTS: 475,000/1,551,229 (30.6%) batches=95 elapsed=0.83s
2026-08-25T00:41:01.8208441-05:00 [PHASE5B] [RUN] [5.1] P5B_SET_MEMBERS / PARTS 475,000/1,551,229 ( 30.6%) batch=96
2026-08-25T00:41:02.4356217-05:00 [PHASE5B] [OK ] [5.1] PARTS: 480,000/1,551,229 (30.9%) batches=96 elapsed=0.62s
2026-08-25T00:41:02.4376223-05:00 [PHASE5B] [RUN] [5.1] P5B_SET_MEMBERS / PARTS 480,000/1,551,229 ( 30.9%) batch=97
2026-08-25T00:41:03.2649964-05:00 [PHASE5B] [OK ] [5.1] PARTS: 485,000/1,551,229 (31.3%) batches=97 elapsed=0.83s
2026-08-25T00:41:03.2669972-05:00 [PHASE5B] [RUN] [5.1] P5B_SET_MEMBERS / PARTS 485,000/1,551,229 ( 31.3%) batch=98
2026-08-25T00:41:03.8647366-05:00 [PHASE5B] [OK ] [5.1] PARTS: 490,000/1,551,229 (31.6%) batches=98 elapsed=0.60s
2026-08-25T00:41:03.8657367-05:00 [PHASE5B] [RUN] [5.1] P5B_SET_MEMBERS / PARTS 490,000/1,551,229 ( 31.6%) batch=99
2026-08-25T00:41:04.6470962-05:00 [PHASE5B] [OK ] [5.1] PARTS: 495,000/1,551,229 (31.9%) batches=99 elapsed=0.78s
2026-08-25T00:41:04.6490951-05:00 [PHASE5B] [RUN] [5.1] P5B_SET_MEMBERS / PARTS 495,000/1,551,229 ( 31.9%) batch=100
2026-08-25T00:41:05.2854911-05:00 [PHASE5B] [OK ] [5.1] PARTS: 500,000/1,551,229 (32.2%) batches=100 elapsed=0.64s
2026-08-25T00:41:05.2864901-05:00 [PHASE5B] [RUN] [5.1] P5B_SET_MEMBERS / PARTS 500,000/1,551,229 ( 32.2%) batch=101
2026-08-25T00:41:05.9109986-05:00 [PHASE5B] [OK ] [5.1] PARTS: 505,000/1,551,229 (32.6%) batches=101 elapsed=0.62s
2026-08-25T00:41:05.9119983-05:00 [PHASE5B] [RUN] [5.1] P5B_SET_MEMBERS / PARTS 505,000/1,551,229 ( 32.6%) batch=102
2026-08-25T00:41:06.5367451-05:00 [PHASE5B] [OK ] [5.1] PARTS: 510,000/1,551,229 (32.9%) batches=102 elapsed=0.63s
2026-08-25T00:41:06.5377444-05:00 [PHASE5B] [RUN] [5.1] P5B_SET_MEMBERS / PARTS 510,000/1,551,229 ( 32.9%) batch=103
2026-08-25T00:41:07.1325846-05:00 [PHASE5B] [OK ] [5.1] PARTS: 515,000/1,551,229 (33.2%) batches=103 elapsed=0.60s
2026-08-25T00:41:07.1335853-05:00 [PHASE5B] [RUN] [5.1] P5B_SET_MEMBERS / PARTS 515,000/1,551,229 ( 33.2%) batch=104
2026-08-25T00:41:07.6975843-05:00 [PHASE5B] [OK ] [5.1] PARTS: 520,000/1,551,229 (33.5%) batches=104 elapsed=0.56s
2026-08-25T00:41:07.6985847-05:00 [PHASE5B] [RUN] [5.1] P5B_SET_MEMBERS / PARTS 520,000/1,551,229 ( 33.5%) batch=105
2026-08-25T00:41:08.3692751-05:00 [PHASE5B] [OK ] [5.1] PARTS: 525,000/1,551,229 (33.8%) batches=105 elapsed=0.67s
2026-08-25T00:41:08.3702751-05:00 [PHASE5B] [RUN] [5.1] P5B_SET_MEMBERS / PARTS 525,000/1,551,229 ( 33.8%) batch=106
2026-08-25T00:41:08.9697888-05:00 [PHASE5B] [OK ] [5.1] PARTS: 530,000/1,551,229 (34.2%) batches=106 elapsed=0.60s
2026-08-25T00:41:08.9707890-05:00 [PHASE5B] [RUN] [5.1] P5B_SET_MEMBERS / PARTS 530,000/1,551,229 ( 34.2%) batch=107
2026-08-25T00:41:09.5977531-05:00 [PHASE5B] [OK ] [5.1] PARTS: 535,000/1,551,229 (34.5%) batches=107 elapsed=0.63s
2026-08-25T00:41:09.5997515-05:00 [PHASE5B] [RUN] [5.1] P5B_SET_MEMBERS / PARTS 535,000/1,551,229 ( 34.5%) batch=108
2026-08-25T00:41:10.2138074-05:00 [PHASE5B] [OK ] [5.1] PARTS: 540,000/1,551,229 (34.8%) batches=108 elapsed=0.62s
2026-08-25T00:41:10.2158071-05:00 [PHASE5B] [RUN] [5.1] P5B_SET_MEMBERS / PARTS 540,000/1,551,229 ( 34.8%) batch=109
2026-08-25T00:41:10.8768079-05:00 [PHASE5B] [OK ] [5.1] PARTS: 545,000/1,551,229 (35.1%) batches=109 elapsed=0.66s
2026-08-25T00:41:10.8778082-05:00 [PHASE5B] [RUN] [5.1] P5B_SET_MEMBERS / PARTS 545,000/1,551,229 ( 35.1%) batch=110
2026-08-25T00:41:11.4759110-05:00 [PHASE5B] [OK ] [5.1] PARTS: 550,000/1,551,229 (35.5%) batches=110 elapsed=0.60s
2026-08-25T00:41:11.4769128-05:00 [PHASE5B] [RUN] [5.1] P5B_SET_MEMBERS / PARTS 550,000/1,551,229 ( 35.5%) batch=111
2026-08-25T00:41:12.1067913-05:00 [PHASE5B] [OK ] [5.1] PARTS: 555,000/1,551,229 (35.8%) batches=111 elapsed=0.63s
2026-08-25T00:41:12.1077915-05:00 [PHASE5B] [RUN] [5.1] P5B_SET_MEMBERS / PARTS 555,000/1,551,229 ( 35.8%) batch=112
2026-08-25T00:41:12.7280293-05:00 [PHASE5B] [OK ] [5.1] PARTS: 560,000/1,551,229 (36.1%) batches=112 elapsed=0.62s
2026-08-25T00:41:12.7300298-05:00 [PHASE5B] [RUN] [5.1] P5B_SET_MEMBERS / PARTS 560,000/1,551,229 ( 36.1%) batch=113
2026-08-25T00:41:13.3767240-05:00 [PHASE5B] [OK ] [5.1] PARTS: 565,000/1,551,229 (36.4%) batches=113 elapsed=0.65s
2026-08-25T00:41:13.3777259-05:00 [PHASE5B] [RUN] [5.1] P5B_SET_MEMBERS / PARTS 565,000/1,551,229 ( 36.4%) batch=114
2026-08-25T00:41:14.0509684-05:00 [PHASE5B] [OK ] [5.1] PARTS: 570,000/1,551,229 (36.7%) batches=114 elapsed=0.67s
2026-08-25T00:41:14.0519690-05:00 [PHASE5B] [RUN] [5.1] P5B_SET_MEMBERS / PARTS 570,000/1,551,229 ( 36.7%) batch=115
2026-08-25T00:41:14.7230674-05:00 [PHASE5B] [OK ] [5.1] PARTS: 575,000/1,551,229 (37.1%) batches=115 elapsed=0.67s
2026-08-25T00:41:14.7240673-05:00 [PHASE5B] [RUN] [5.1] P5B_SET_MEMBERS / PARTS 575,000/1,551,229 ( 37.1%) batch=116
2026-08-25T00:41:15.3420758-05:00 [PHASE5B] [OK ] [5.1] PARTS: 580,000/1,551,229 (37.4%) batches=116 elapsed=0.62s
2026-08-25T00:41:15.3430760-05:00 [PHASE5B] [RUN] [5.1] P5B_SET_MEMBERS / PARTS 580,000/1,551,229 ( 37.4%) batch=117
2026-08-25T00:41:16.0495893-05:00 [PHASE5B] [OK ] [5.1] PARTS: 585,000/1,551,229 (37.7%) batches=117 elapsed=0.71s
2026-08-25T00:41:16.0505897-05:00 [PHASE5B] [RUN] [5.1] P5B_SET_MEMBERS / PARTS 585,000/1,551,229 ( 37.7%) batch=118
2026-08-25T00:41:16.8043654-05:00 [PHASE5B] [OK ] [5.1] PARTS: 590,000/1,551,229 (38.0%) batches=118 elapsed=0.75s
2026-08-25T00:41:16.8053637-05:00 [PHASE5B] [RUN] [5.1] P5B_SET_MEMBERS / PARTS 590,000/1,551,229 ( 38.0%) batch=119
2026-08-25T00:41:17.4186932-05:00 [PHASE5B] [OK ] [5.1] PARTS: 595,000/1,551,229 (38.4%) batches=119 elapsed=0.61s
2026-08-25T00:41:17.4196933-05:00 [PHASE5B] [RUN] [5.1] P5B_SET_MEMBERS / PARTS 595,000/1,551,229 ( 38.4%) batch=120
2026-08-25T00:41:18.0647108-05:00 [PHASE5B] [OK ] [5.1] PARTS: 600,000/1,551,229 (38.7%) batches=120 elapsed=0.65s
2026-08-25T00:41:18.0657105-05:00 [PHASE5B] [RUN] [5.1] P5B_SET_MEMBERS / PARTS 600,000/1,551,229 ( 38.7%) batch=121
2026-08-25T00:41:18.6451060-05:00 [PHASE5B] [OK ] [5.1] PARTS: 605,000/1,551,229 (39.0%) batches=121 elapsed=0.58s
2026-08-25T00:41:18.6461057-05:00 [PHASE5B] [RUN] [5.1] P5B_SET_MEMBERS / PARTS 605,000/1,551,229 ( 39.0%) batch=122
2026-08-25T00:41:19.2784383-05:00 [PHASE5B] [OK ] [5.1] PARTS: 610,000/1,551,229 (39.3%) batches=122 elapsed=0.63s
2026-08-25T00:41:19.2794419-05:00 [PHASE5B] [RUN] [5.1] P5B_SET_MEMBERS / PARTS 610,000/1,551,229 ( 39.3%) batch=123
2026-08-25T00:41:19.9077521-05:00 [PHASE5B] [OK ] [5.1] PARTS: 615,000/1,551,229 (39.6%) batches=123 elapsed=0.63s
2026-08-25T00:41:19.9087527-05:00 [PHASE5B] [RUN] [5.1] P5B_SET_MEMBERS / PARTS 615,000/1,551,229 ( 39.6%) batch=124
2026-08-25T00:41:20.4810636-05:00 [PHASE5B] [OK ] [5.1] PARTS: 620,000/1,551,229 (40.0%) batches=124 elapsed=0.57s
2026-08-25T00:41:20.4820633-05:00 [PHASE5B] [RUN] [5.1] P5B_SET_MEMBERS / PARTS 620,000/1,551,229 ( 40.0%) batch=125
2026-08-25T00:41:21.1067138-05:00 [PHASE5B] [OK ] [5.1] PARTS: 625,000/1,551,229 (40.3%) batches=125 elapsed=0.63s
2026-08-25T00:41:21.1087148-05:00 [PHASE5B] [RUN] [5.1] P5B_SET_MEMBERS / PARTS 625,000/1,551,229 ( 40.3%) batch=126
2026-08-25T00:41:21.6867828-05:00 [PHASE5B] [OK ] [5.1] PARTS: 630,000/1,551,229 (40.6%) batches=126 elapsed=0.58s
2026-08-25T00:41:21.6877845-05:00 [PHASE5B] [RUN] [5.1] P5B_SET_MEMBERS / PARTS 630,000/1,551,229 ( 40.6%) batch=127
2026-08-25T00:41:22.3248041-05:00 [PHASE5B] [OK ] [5.1] PARTS: 635,000/1,551,229 (40.9%) batches=127 elapsed=0.64s
2026-08-25T00:41:22.3258042-05:00 [PHASE5B] [RUN] [5.1] P5B_SET_MEMBERS / PARTS 635,000/1,551,229 ( 40.9%) batch=128
2026-08-25T00:41:22.8498036-05:00 [PHASE5B] [OK ] [5.1] PARTS: 640,000/1,551,229 (41.3%) batches=128 elapsed=0.53s
2026-08-25T00:41:22.8508038-05:00 [PHASE5B] [RUN] [5.1] P5B_SET_MEMBERS / PARTS 640,000/1,551,229 ( 41.3%) batch=129
2026-08-25T00:41:23.4680555-05:00 [PHASE5B] [OK ] [5.1] PARTS: 645,000/1,551,229 (41.6%) batches=129 elapsed=0.62s
2026-08-25T00:41:23.4690555-05:00 [PHASE5B] [RUN] [5.1] P5B_SET_MEMBERS / PARTS 645,000/1,551,229 ( 41.6%) batch=130
2026-08-25T00:41:24.0240575-05:00 [PHASE5B] [OK ] [5.1] PARTS: 650,000/1,551,229 (41.9%) batches=130 elapsed=0.56s
2026-08-25T00:41:24.0250561-05:00 [PHASE5B] [RUN] [5.1] P5B_SET_MEMBERS / PARTS 650,000/1,551,229 ( 41.9%) batch=131
2026-08-25T00:41:24.5995875-05:00 [PHASE5B] [OK ] [5.1] PARTS: 655,000/1,551,229 (42.2%) batches=131 elapsed=0.58s
2026-08-25T00:41:24.6005872-05:00 [PHASE5B] [RUN] [5.1] P5B_SET_MEMBERS / PARTS 655,000/1,551,229 ( 42.2%) batch=132
2026-08-25T00:41:25.2646166-05:00 [PHASE5B] [OK ] [5.1] PARTS: 660,000/1,551,229 (42.5%) batches=132 elapsed=0.66s
2026-08-25T00:41:25.2656168-05:00 [PHASE5B] [RUN] [5.1] P5B_SET_MEMBERS / PARTS 660,000/1,551,229 ( 42.5%) batch=133
2026-08-25T00:41:25.9603497-05:00 [PHASE5B] [OK ] [5.1] PARTS: 665,000/1,551,229 (42.9%) batches=133 elapsed=0.70s
2026-08-25T00:41:25.9613492-05:00 [PHASE5B] [RUN] [5.1] P5B_SET_MEMBERS / PARTS 665,000/1,551,229 ( 42.9%) batch=134
2026-08-25T00:41:26.6742872-05:00 [PHASE5B] [OK ] [5.1] PARTS: 670,000/1,551,229 (43.2%) batches=134 elapsed=0.71s
2026-08-25T00:41:26.6752877-05:00 [PHASE5B] [RUN] [5.1] P5B_SET_MEMBERS / PARTS 670,000/1,551,229 ( 43.2%) batch=135
2026-08-25T00:41:27.3795380-05:00 [PHASE5B] [OK ] [5.1] PARTS: 675,000/1,551,229 (43.5%) batches=135 elapsed=0.71s
2026-08-25T00:41:27.3805413-05:00 [PHASE5B] [RUN] [5.1] P5B_SET_MEMBERS / PARTS 675,000/1,551,229 ( 43.5%) batch=136
2026-08-25T00:41:28.0682937-05:00 [PHASE5B] [OK ] [5.1] PARTS: 680,000/1,551,229 (43.8%) batches=136 elapsed=0.69s
2026-08-25T00:41:28.0692927-05:00 [PHASE5B] [RUN] [5.1] P5B_SET_MEMBERS / PARTS 680,000/1,551,229 ( 43.8%) batch=137
2026-08-25T00:41:28.8128096-05:00 [PHASE5B] [OK ] [5.1] PARTS: 685,000/1,551,229 (44.2%) batches=137 elapsed=0.74s
2026-08-25T00:41:28.8138094-05:00 [PHASE5B] [RUN] [5.1] P5B_SET_MEMBERS / PARTS 685,000/1,551,229 ( 44.2%) batch=138
2026-08-25T00:41:29.4926210-05:00 [PHASE5B] [OK ] [5.1] PARTS: 690,000/1,551,229 (44.5%) batches=138 elapsed=0.68s
2026-08-25T00:41:29.4936208-05:00 [PHASE5B] [RUN] [5.1] P5B_SET_MEMBERS / PARTS 690,000/1,551,229 ( 44.5%) batch=139
2026-08-25T00:41:30.9962103-05:00 [PHASE5B] [OK ] [5.1] PARTS: 695,000/1,551,229 (44.8%) batches=139 elapsed=1.50s
2026-08-25T00:41:30.9972124-05:00 [PHASE5B] [RUN] [5.1] P5B_SET_MEMBERS / PARTS 695,000/1,551,229 ( 44.8%) batch=140
2026-08-25T00:41:31.7965062-05:00 [PHASE5B] [OK ] [5.1] PARTS: 700,000/1,551,229 (45.1%) batches=140 elapsed=0.80s
2026-08-25T00:41:31.7975064-05:00 [PHASE5B] [RUN] [5.1] P5B_SET_MEMBERS / PARTS 700,000/1,551,229 ( 45.1%) batch=141
2026-08-25T00:41:32.5401691-05:00 [PHASE5B] [OK ] [5.1] PARTS: 705,000/1,551,229 (45.4%) batches=141 elapsed=0.74s
2026-08-25T00:41:32.5411686-05:00 [PHASE5B] [RUN] [5.1] P5B_SET_MEMBERS / PARTS 705,000/1,551,229 ( 45.4%) batch=142
2026-08-25T00:41:33.6813637-05:00 [PHASE5B] [OK ] [5.1] PARTS: 710,000/1,551,229 (45.8%) batches=142 elapsed=1.14s
2026-08-25T00:41:33.6823628-05:00 [PHASE5B] [RUN] [5.1] P5B_SET_MEMBERS / PARTS 710,000/1,551,229 ( 45.8%) batch=143
2026-08-25T00:41:34.4093739-05:00 [PHASE5B] [OK ] [5.1] PARTS: 715,000/1,551,229 (46.1%) batches=143 elapsed=0.73s
2026-08-25T00:41:34.4103746-05:00 [PHASE5B] [RUN] [5.1] P5B_SET_MEMBERS / PARTS 715,000/1,551,229 ( 46.1%) batch=144
2026-08-25T00:41:35.3733837-05:00 [PHASE5B] [OK ] [5.1] PARTS: 720,000/1,551,229 (46.4%) batches=144 elapsed=0.96s
2026-08-25T00:41:35.3743837-05:00 [PHASE5B] [RUN] [5.1] P5B_SET_MEMBERS / PARTS 720,000/1,551,229 ( 46.4%) batch=145
2026-08-25T00:41:36.0913547-05:00 [PHASE5B] [OK ] [5.1] PARTS: 725,000/1,551,229 (46.7%) batches=145 elapsed=0.72s
2026-08-25T00:41:36.0923546-05:00 [PHASE5B] [RUN] [5.1] P5B_SET_MEMBERS / PARTS 725,000/1,551,229 ( 46.7%) batch=146
2026-08-25T00:41:36.7934634-05:00 [PHASE5B] [OK ] [5.1] PARTS: 730,000/1,551,229 (47.1%) batches=146 elapsed=0.70s
2026-08-25T00:41:36.7944638-05:00 [PHASE5B] [RUN] [5.1] P5B_SET_MEMBERS / PARTS 730,000/1,551,229 ( 47.1%) batch=147
2026-08-25T00:41:37.4881172-05:00 [PHASE5B] [OK ] [5.1] PARTS: 735,000/1,551,229 (47.4%) batches=147 elapsed=0.69s
2026-08-25T00:41:37.4891176-05:00 [PHASE5B] [RUN] [5.1] P5B_SET_MEMBERS / PARTS 735,000/1,551,229 ( 47.4%) batch=148
2026-08-25T00:41:38.2368041-05:00 [PHASE5B] [OK ] [5.1] PARTS: 740,000/1,551,229 (47.7%) batches=148 elapsed=0.75s
2026-08-25T00:41:38.2378042-05:00 [PHASE5B] [RUN] [5.1] P5B_SET_MEMBERS / PARTS 740,000/1,551,229 ( 47.7%) batch=149
2026-08-25T00:41:38.9186105-05:00 [PHASE5B] [OK ] [5.1] PARTS: 745,000/1,551,229 (48.0%) batches=149 elapsed=0.68s
2026-08-25T00:41:38.9196097-05:00 [PHASE5B] [RUN] [5.1] P5B_SET_MEMBERS / PARTS 745,000/1,551,229 ( 48.0%) batch=150
2026-08-25T00:41:39.7846697-05:00 [PHASE5B] [OK ] [5.1] PARTS: 750,000/1,551,229 (48.3%) batches=150 elapsed=0.87s
2026-08-25T00:41:39.7856669-05:00 [PHASE5B] [RUN] [5.1] P5B_SET_MEMBERS / PARTS 750,000/1,551,229 ( 48.3%) batch=151
2026-08-25T00:41:40.4617885-05:00 [PHASE5B] [OK ] [5.1] PARTS: 755,000/1,551,229 (48.7%) batches=151 elapsed=0.68s
2026-08-25T00:41:40.4627880-05:00 [PHASE5B] [RUN] [5.1] P5B_SET_MEMBERS / PARTS 755,000/1,551,229 ( 48.7%) batch=152
2026-08-25T00:41:41.1557859-05:00 [PHASE5B] [OK ] [5.1] PARTS: 760,000/1,551,229 (49.0%) batches=152 elapsed=0.69s
2026-08-25T00:41:41.1567862-05:00 [PHASE5B] [RUN] [5.1] P5B_SET_MEMBERS / PARTS 760,000/1,551,229 ( 49.0%) batch=153
2026-08-25T00:41:41.9997632-05:00 [PHASE5B] [OK ] [5.1] PARTS: 765,000/1,551,229 (49.3%) batches=153 elapsed=0.84s
2026-08-25T00:41:42.0007662-05:00 [PHASE5B] [RUN] [5.1] P5B_SET_MEMBERS / PARTS 765,000/1,551,229 ( 49.3%) batch=154
2026-08-25T00:41:42.3817705-05:00 [PHASE5B] [OK ] [5.1] PARTS: 770,000/1,551,229 (49.6%) batches=154 elapsed=0.38s
2026-08-25T00:41:42.3827701-05:00 [PHASE5B] [RUN] [5.1] P5B_SET_MEMBERS / PARTS 770,000/1,551,229 ( 49.6%) batch=155
2026-08-25T00:41:42.5998695-05:00 [PHASE5B] [OK ] [5.1] PARTS: 775,000/1,551,229 (50.0%) batches=155 elapsed=0.22s
2026-08-25T00:41:42.6008692-05:00 [PHASE5B] [RUN] [5.1] P5B_SET_MEMBERS / PARTS 775,000/1,551,229 ( 50.0%) batch=156
2026-08-25T00:41:42.8558696-05:00 [PHASE5B] [OK ] [5.1] PARTS: 780,000/1,551,229 (50.3%) batches=156 elapsed=0.26s
2026-08-25T00:41:42.8568697-05:00 [PHASE5B] [RUN] [5.1] P5B_SET_MEMBERS / PARTS 780,000/1,551,229 ( 50.3%) batch=157
2026-08-25T00:41:43.1228713-05:00 [PHASE5B] [OK ] [5.1] PARTS: 785,000/1,551,229 (50.6%) batches=157 elapsed=0.27s
2026-08-25T00:41:43.1238702-05:00 [PHASE5B] [RUN] [5.1] P5B_SET_MEMBERS / PARTS 785,000/1,551,229 ( 50.6%) batch=158
2026-08-25T00:41:43.5149475-05:00 [PHASE5B] [OK ] [5.1] PARTS: 790,000/1,551,229 (50.9%) batches=158 elapsed=0.39s
2026-08-25T00:41:43.5159479-05:00 [PHASE5B] [RUN] [5.1] P5B_SET_MEMBERS / PARTS 790,000/1,551,229 ( 50.9%) batch=159
2026-08-25T00:41:43.8849479-05:00 [PHASE5B] [OK ] [5.1] PARTS: 795,000/1,551,229 (51.2%) batches=159 elapsed=0.37s
2026-08-25T00:41:43.8859475-05:00 [PHASE5B] [RUN] [5.1] P5B_SET_MEMBERS / PARTS 795,000/1,551,229 ( 51.2%) batch=160
2026-08-25T00:41:44.5210307-05:00 [PHASE5B] [OK ] [5.1] PARTS: 800,000/1,551,229 (51.6%) batches=160 elapsed=0.63s
2026-08-25T00:41:44.5220286-05:00 [PHASE5B] [RUN] [5.1] P5B_SET_MEMBERS / PARTS 800,000/1,551,229 ( 51.6%) batch=161
2026-08-25T00:41:45.1860331-05:00 [PHASE5B] [OK ] [5.1] PARTS: 805,000/1,551,229 (51.9%) batches=161 elapsed=0.67s
2026-08-25T00:41:45.1880337-05:00 [PHASE5B] [RUN] [5.1] P5B_SET_MEMBERS / PARTS 805,000/1,551,229 ( 51.9%) batch=162
2026-08-25T00:41:45.4991165-05:00 [PHASE5B] [OK ] [5.1] PARTS: 810,000/1,551,229 (52.2%) batches=162 elapsed=0.31s
2026-08-25T00:41:45.5001146-05:00 [PHASE5B] [RUN] [5.1] P5B_SET_MEMBERS / PARTS 810,000/1,551,229 ( 52.2%) batch=163
2026-08-25T00:41:45.7921107-05:00 [PHASE5B] [OK ] [5.1] PARTS: 815,000/1,551,229 (52.5%) batches=163 elapsed=0.29s
2026-08-25T00:41:45.7931133-05:00 [PHASE5B] [RUN] [5.1] P5B_SET_MEMBERS / PARTS 815,000/1,551,229 ( 52.5%) batch=164
2026-08-25T00:41:46.3711104-05:00 [PHASE5B] [OK ] [5.1] PARTS: 820,000/1,551,229 (52.9%) batches=164 elapsed=0.58s
2026-08-25T00:41:46.3721134-05:00 [PHASE5B] [RUN] [5.1] P5B_SET_MEMBERS / PARTS 820,000/1,551,229 ( 52.9%) batch=165
2026-08-25T00:41:46.7592022-05:00 [PHASE5B] [OK ] [5.1] PARTS: 825,000/1,551,229 (53.2%) batches=165 elapsed=0.39s
2026-08-25T00:41:46.7612036-05:00 [PHASE5B] [RUN] [5.1] P5B_SET_MEMBERS / PARTS 825,000/1,551,229 ( 53.2%) batch=166
2026-08-25T00:41:47.1052023-05:00 [PHASE5B] [OK ] [5.1] PARTS: 830,000/1,551,229 (53.5%) batches=166 elapsed=0.35s
2026-08-25T00:41:47.1062025-05:00 [PHASE5B] [RUN] [5.1] P5B_SET_MEMBERS / PARTS 830,000/1,551,229 ( 53.5%) batch=167
2026-08-25T00:41:47.6152582-05:00 [PHASE5B] [OK ] [5.1] PARTS: 835,000/1,551,229 (53.8%) batches=167 elapsed=0.51s
2026-08-25T00:41:47.6162563-05:00 [PHASE5B] [RUN] [5.1] P5B_SET_MEMBERS / PARTS 835,000/1,551,229 ( 53.8%) batch=168
2026-08-25T00:41:48.2572568-05:00 [PHASE5B] [OK ] [5.1] PARTS: 840,000/1,551,229 (54.2%) batches=168 elapsed=0.64s
2026-08-25T00:41:48.2582573-05:00 [PHASE5B] [RUN] [5.1] P5B_SET_MEMBERS / PARTS 840,000/1,551,229 ( 54.2%) batch=169
2026-08-25T00:41:48.8923318-05:00 [PHASE5B] [OK ] [5.1] PARTS: 845,000/1,551,229 (54.5%) batches=169 elapsed=0.63s
2026-08-25T00:41:48.8933293-05:00 [PHASE5B] [RUN] [5.1] P5B_SET_MEMBERS / PARTS 845,000/1,551,229 ( 54.5%) batch=170
2026-08-25T00:41:49.5864150-05:00 [PHASE5B] [OK ] [5.1] PARTS: 850,000/1,551,229 (54.8%) batches=170 elapsed=0.69s
2026-08-25T00:41:49.5874161-05:00 [PHASE5B] [RUN] [5.1] P5B_SET_MEMBERS / PARTS 850,000/1,551,229 ( 54.8%) batch=171
2026-08-25T00:41:50.2178267-05:00 [PHASE5B] [OK ] [5.1] PARTS: 855,000/1,551,229 (55.1%) batches=171 elapsed=0.63s
2026-08-25T00:41:50.2188265-05:00 [PHASE5B] [RUN] [5.1] P5B_SET_MEMBERS / PARTS 855,000/1,551,229 ( 55.1%) batch=172
2026-08-25T00:41:50.9350050-05:00 [PHASE5B] [OK ] [5.1] PARTS: 860,000/1,551,229 (55.4%) batches=172 elapsed=0.72s
2026-08-25T00:41:50.9360045-05:00 [PHASE5B] [RUN] [5.1] P5B_SET_MEMBERS / PARTS 860,000/1,551,229 ( 55.4%) batch=173
2026-08-25T00:41:51.6360745-05:00 [PHASE5B] [OK ] [5.1] PARTS: 865,000/1,551,229 (55.8%) batches=173 elapsed=0.70s
2026-08-25T00:41:51.6370742-05:00 [PHASE5B] [RUN] [5.1] P5B_SET_MEMBERS / PARTS 865,000/1,551,229 ( 55.8%) batch=174
2026-08-25T00:41:52.3794662-05:00 [PHASE5B] [OK ] [5.1] PARTS: 870,000/1,551,229 (56.1%) batches=174 elapsed=0.74s
2026-08-25T00:41:52.3814661-05:00 [PHASE5B] [RUN] [5.1] P5B_SET_MEMBERS / PARTS 870,000/1,551,229 ( 56.1%) batch=175
2026-08-25T00:41:53.0705154-05:00 [PHASE5B] [OK ] [5.1] PARTS: 875,000/1,551,229 (56.4%) batches=175 elapsed=0.69s
2026-08-25T00:41:53.0715154-05:00 [PHASE5B] [RUN] [5.1] P5B_SET_MEMBERS / PARTS 875,000/1,551,229 ( 56.4%) batch=176
2026-08-25T00:41:53.7725871-05:00 [PHASE5B] [OK ] [5.1] PARTS: 880,000/1,551,229 (56.7%) batches=176 elapsed=0.70s
2026-08-25T00:41:53.7735872-05:00 [PHASE5B] [RUN] [5.1] P5B_SET_MEMBERS / PARTS 880,000/1,551,229 ( 56.7%) batch=177
2026-08-25T00:41:54.5085909-05:00 [PHASE5B] [OK ] [5.1] PARTS: 885,000/1,551,229 (57.1%) batches=177 elapsed=0.74s
2026-08-25T00:41:54.5095879-05:00 [PHASE5B] [RUN] [5.1] P5B_SET_MEMBERS / PARTS 885,000/1,551,229 ( 57.1%) batch=178
2026-08-25T00:41:55.1731660-05:00 [PHASE5B] [OK ] [5.1] PARTS: 890,000/1,551,229 (57.4%) batches=178 elapsed=0.67s
2026-08-25T00:41:55.1751656-05:00 [PHASE5B] [RUN] [5.1] P5B_SET_MEMBERS / PARTS 890,000/1,551,229 ( 57.4%) batch=179
2026-08-25T00:41:55.8391913-05:00 [PHASE5B] [OK ] [5.1] PARTS: 895,000/1,551,229 (57.7%) batches=179 elapsed=0.67s
2026-08-25T00:41:55.8401917-05:00 [PHASE5B] [RUN] [5.1] P5B_SET_MEMBERS / PARTS 895,000/1,551,229 ( 57.7%) batch=180
2026-08-25T00:41:56.4536981-05:00 [PHASE5B] [OK ] [5.1] PARTS: 900,000/1,551,229 (58.0%) batches=180 elapsed=0.61s
2026-08-25T00:41:56.4556949-05:00 [PHASE5B] [RUN] [5.1] P5B_SET_MEMBERS / PARTS 900,000/1,551,229 ( 58.0%) batch=181
2026-08-25T00:41:57.2754408-05:00 [PHASE5B] [OK ] [5.1] PARTS: 905,000/1,551,229 (58.3%) batches=181 elapsed=0.82s
2026-08-25T00:41:57.2764418-05:00 [PHASE5B] [RUN] [5.1] P5B_SET_MEMBERS / PARTS 905,000/1,551,229 ( 58.3%) batch=182
2026-08-25T00:41:57.9494942-05:00 [PHASE5B] [OK ] [5.1] PARTS: 910,000/1,551,229 (58.7%) batches=182 elapsed=0.67s
2026-08-25T00:41:57.9514950-05:00 [PHASE5B] [RUN] [5.1] P5B_SET_MEMBERS / PARTS 910,000/1,551,229 ( 58.7%) batch=183
2026-08-25T00:41:58.6602743-05:00 [PHASE5B] [OK ] [5.1] PARTS: 915,000/1,551,229 (59.0%) batches=183 elapsed=0.71s
2026-08-25T00:41:58.6622741-05:00 [PHASE5B] [RUN] [5.1] P5B_SET_MEMBERS / PARTS 915,000/1,551,229 ( 59.0%) batch=184
2026-08-25T00:41:59.3882764-05:00 [PHASE5B] [OK ] [5.1] PARTS: 920,000/1,551,229 (59.3%) batches=184 elapsed=0.73s
2026-08-25T00:41:59.3892743-05:00 [PHASE5B] [RUN] [5.1] P5B_SET_MEMBERS / PARTS 920,000/1,551,229 ( 59.3%) batch=185
2026-08-25T00:42:00.1763642-05:00 [PHASE5B] [OK ] [5.1] PARTS: 925,000/1,551,229 (59.6%) batches=185 elapsed=0.79s
2026-08-25T00:42:00.1773638-05:00 [PHASE5B] [RUN] [5.1] P5B_SET_MEMBERS / PARTS 925,000/1,551,229 ( 59.6%) batch=186
2026-08-25T00:42:00.7824560-05:00 [PHASE5B] [OK ] [5.1] PARTS: 930,000/1,551,229 (60.0%) batches=186 elapsed=0.61s
2026-08-25T00:42:00.7834558-05:00 [PHASE5B] [RUN] [5.1] P5B_SET_MEMBERS / PARTS 930,000/1,551,229 ( 60.0%) batch=187
2026-08-25T00:42:01.4344561-05:00 [PHASE5B] [OK ] [5.1] PARTS: 935,000/1,551,229 (60.3%) batches=187 elapsed=0.65s
2026-08-25T00:42:01.4354558-05:00 [PHASE5B] [RUN] [5.1] P5B_SET_MEMBERS / PARTS 935,000/1,551,229 ( 60.3%) batch=188
2026-08-25T00:42:02.1784893-05:00 [PHASE5B] [OK ] [5.1] PARTS: 940,000/1,551,229 (60.6%) batches=188 elapsed=0.74s
2026-08-25T00:42:02.1794864-05:00 [PHASE5B] [RUN] [5.1] P5B_SET_MEMBERS / PARTS 940,000/1,551,229 ( 60.6%) batch=189
2026-08-25T00:42:02.8365774-05:00 [PHASE5B] [OK ] [5.1] PARTS: 945,000/1,551,229 (60.9%) batches=189 elapsed=0.66s
2026-08-25T00:42:02.8375785-05:00 [PHASE5B] [RUN] [5.1] P5B_SET_MEMBERS / PARTS 945,000/1,551,229 ( 60.9%) batch=190
2026-08-25T00:42:03.4823939-05:00 [PHASE5B] [OK ] [5.1] PARTS: 950,000/1,551,229 (61.2%) batches=190 elapsed=0.65s
2026-08-25T00:42:03.4843954-05:00 [PHASE5B] [RUN] [5.1] P5B_SET_MEMBERS / PARTS 950,000/1,551,229 ( 61.2%) batch=191
2026-08-25T00:42:04.1748072-05:00 [PHASE5B] [OK ] [5.1] PARTS: 955,000/1,551,229 (61.6%) batches=191 elapsed=0.69s
2026-08-25T00:42:04.1758055-05:00 [PHASE5B] [RUN] [5.1] P5B_SET_MEMBERS / PARTS 955,000/1,551,229 ( 61.6%) batch=192
2026-08-25T00:42:04.9689685-05:00 [PHASE5B] [OK ] [5.1] PARTS: 960,000/1,551,229 (61.9%) batches=192 elapsed=0.79s
2026-08-25T00:42:04.9709695-05:00 [PHASE5B] [RUN] [5.1] P5B_SET_MEMBERS / PARTS 960,000/1,551,229 ( 61.9%) batch=193
2026-08-25T00:42:05.6790224-05:00 [PHASE5B] [OK ] [5.1] PARTS: 965,000/1,551,229 (62.2%) batches=193 elapsed=0.71s
2026-08-25T00:42:05.6800229-05:00 [PHASE5B] [RUN] [5.1] P5B_SET_MEMBERS / PARTS 965,000/1,551,229 ( 62.2%) batch=194
2026-08-25T00:42:06.3960227-05:00 [PHASE5B] [OK ] [5.1] PARTS: 970,000/1,551,229 (62.5%) batches=194 elapsed=0.72s
2026-08-25T00:42:06.3970234-05:00 [PHASE5B] [RUN] [5.1] P5B_SET_MEMBERS / PARTS 970,000/1,551,229 ( 62.5%) batch=195
2026-08-25T00:42:07.1421254-05:00 [PHASE5B] [OK ] [5.1] PARTS: 975,000/1,551,229 (62.9%) batches=195 elapsed=0.75s
2026-08-25T00:42:07.1431254-05:00 [PHASE5B] [RUN] [5.1] P5B_SET_MEMBERS / PARTS 975,000/1,551,229 ( 62.9%) batch=196
2026-08-25T00:42:07.8441916-05:00 [PHASE5B] [OK ] [5.1] PARTS: 980,000/1,551,229 (63.2%) batches=196 elapsed=0.70s
2026-08-25T00:42:07.8451920-05:00 [PHASE5B] [RUN] [5.1] P5B_SET_MEMBERS / PARTS 980,000/1,551,229 ( 63.2%) batch=197
2026-08-25T00:42:08.5525755-05:00 [PHASE5B] [OK ] [5.1] PARTS: 985,000/1,551,229 (63.5%) batches=197 elapsed=0.71s
2026-08-25T00:42:08.5535752-05:00 [PHASE5B] [RUN] [5.1] P5B_SET_MEMBERS / PARTS 985,000/1,551,229 ( 63.5%) batch=198
2026-08-25T00:42:09.2314707-05:00 [PHASE5B] [OK ] [5.1] PARTS: 990,000/1,551,229 (63.8%) batches=198 elapsed=0.68s
2026-08-25T00:42:09.2324704-05:00 [PHASE5B] [RUN] [5.1] P5B_SET_MEMBERS / PARTS 990,000/1,551,229 ( 63.8%) batch=199
2026-08-25T00:42:09.7555475-05:00 [PHASE5B] [OK ] [5.1] PARTS: 995,000/1,551,229 (64.1%) batches=199 elapsed=0.52s
2026-08-25T00:42:09.7565525-05:00 [PHASE5B] [RUN] [5.1] P5B_SET_MEMBERS / PARTS 995,000/1,551,229 ( 64.1%) batch=200
2026-08-25T00:42:10.4485521-05:00 [PHASE5B] [OK ] [5.1] PARTS: 1,000,000/1,551,229 (64.5%) batches=200 elapsed=0.69s
2026-08-25T00:42:10.4495520-05:00 [PHASE5B] [RUN] [5.1] P5B_SET_MEMBERS / PARTS 1,000,000/1,551,229 ( 64.5%) batch=201
2026-08-25T00:42:11.1716199-05:00 [PHASE5B] [OK ] [5.1] PARTS: 1,005,000/1,551,229 (64.8%) batches=201 elapsed=0.72s
2026-08-25T00:42:11.1726197-05:00 [PHASE5B] [RUN] [5.1] P5B_SET_MEMBERS / PARTS 1,005,000/1,551,229 ( 64.8%) batch=202
2026-08-25T00:42:11.8767243-05:00 [PHASE5B] [OK ] [5.1] PARTS: 1,010,000/1,551,229 (65.1%) batches=202 elapsed=0.71s
2026-08-25T00:42:11.8777256-05:00 [PHASE5B] [RUN] [5.1] P5B_SET_MEMBERS / PARTS 1,010,000/1,551,229 ( 65.1%) batch=203
2026-08-25T00:42:12.6397250-05:00 [PHASE5B] [OK ] [5.1] PARTS: 1,015,000/1,551,229 (65.4%) batches=203 elapsed=0.76s
2026-08-25T00:42:12.6417244-05:00 [PHASE5B] [RUN] [5.1] P5B_SET_MEMBERS / PARTS 1,015,000/1,551,229 ( 65.4%) batch=204
2026-08-25T00:42:13.3487302-05:00 [PHASE5B] [OK ] [5.1] PARTS: 1,020,000/1,551,229 (65.8%) batches=204 elapsed=0.71s
2026-08-25T00:42:13.3497298-05:00 [PHASE5B] [RUN] [5.1] P5B_SET_MEMBERS / PARTS 1,020,000/1,551,229 ( 65.8%) batch=205
2026-08-25T00:42:14.0266978-05:00 [PHASE5B] [OK ] [5.1] PARTS: 1,025,000/1,551,229 (66.1%) batches=205 elapsed=0.68s
2026-08-25T00:42:14.0276980-05:00 [PHASE5B] [RUN] [5.1] P5B_SET_MEMBERS / PARTS 1,025,000/1,551,229 ( 66.1%) batch=206
2026-08-25T00:42:14.7644447-05:00 [PHASE5B] [OK ] [5.1] PARTS: 1,030,000/1,551,229 (66.4%) batches=206 elapsed=0.74s
2026-08-25T00:42:14.7664443-05:00 [PHASE5B] [RUN] [5.1] P5B_SET_MEMBERS / PARTS 1,030,000/1,551,229 ( 66.4%) batch=207
2026-08-25T00:42:15.5121360-05:00 [PHASE5B] [OK ] [5.1] PARTS: 1,035,000/1,551,229 (66.7%) batches=207 elapsed=0.75s
2026-08-25T00:42:15.5141352-05:00 [PHASE5B] [RUN] [5.1] P5B_SET_MEMBERS / PARTS 1,035,000/1,551,229 ( 66.7%) batch=208
2026-08-25T00:42:16.2920429-05:00 [PHASE5B] [OK ] [5.1] PARTS: 1,040,000/1,551,229 (67.0%) batches=208 elapsed=0.78s
2026-08-25T00:42:16.2940454-05:00 [PHASE5B] [RUN] [5.1] P5B_SET_MEMBERS / PARTS 1,040,000/1,551,229 ( 67.0%) batch=209
2026-08-25T00:42:17.0882265-05:00 [PHASE5B] [OK ] [5.1] PARTS: 1,045,000/1,551,229 (67.4%) batches=209 elapsed=0.80s
2026-08-25T00:42:17.0892250-05:00 [PHASE5B] [RUN] [5.1] P5B_SET_MEMBERS / PARTS 1,045,000/1,551,229 ( 67.4%) batch=210
2026-08-25T00:42:17.7619638-05:00 [PHASE5B] [OK ] [5.1] PARTS: 1,050,000/1,551,229 (67.7%) batches=210 elapsed=0.67s
2026-08-25T00:42:17.7629589-05:00 [PHASE5B] [RUN] [5.1] P5B_SET_MEMBERS / PARTS 1,050,000/1,551,229 ( 67.7%) batch=211
2026-08-25T00:42:18.5300081-05:00 [PHASE5B] [OK ] [5.1] PARTS: 1,055,000/1,551,229 (68.0%) batches=211 elapsed=0.77s
2026-08-25T00:42:18.5310082-05:00 [PHASE5B] [RUN] [5.1] P5B_SET_MEMBERS / PARTS 1,055,000/1,551,229 ( 68.0%) batch=212
2026-08-25T00:42:19.3264349-05:00 [PHASE5B] [OK ] [5.1] PARTS: 1,060,000/1,551,229 (68.3%) batches=212 elapsed=0.80s
2026-08-25T00:42:19.3274332-05:00 [PHASE5B] [RUN] [5.1] P5B_SET_MEMBERS / PARTS 1,060,000/1,551,229 ( 68.3%) batch=213
2026-08-25T00:42:20.0235126-05:00 [PHASE5B] [OK ] [5.1] PARTS: 1,065,000/1,551,229 (68.7%) batches=213 elapsed=0.70s
2026-08-25T00:42:20.0245137-05:00 [PHASE5B] [RUN] [5.1] P5B_SET_MEMBERS / PARTS 1,065,000/1,551,229 ( 68.7%) batch=214
2026-08-25T00:42:20.7235131-05:00 [PHASE5B] [OK ] [5.1] PARTS: 1,070,000/1,551,229 (69.0%) batches=214 elapsed=0.70s
2026-08-25T00:42:20.7245151-05:00 [PHASE5B] [RUN] [5.1] P5B_SET_MEMBERS / PARTS 1,070,000/1,551,229 ( 69.0%) batch=215
2026-08-25T00:42:21.3948770-05:00 [PHASE5B] [OK ] [5.1] PARTS: 1,075,000/1,551,229 (69.3%) batches=215 elapsed=0.67s
2026-08-25T00:42:21.3958786-05:00 [PHASE5B] [RUN] [5.1] P5B_SET_MEMBERS / PARTS 1,075,000/1,551,229 ( 69.3%) batch=216
2026-08-25T00:42:22.1383415-05:00 [PHASE5B] [OK ] [5.1] PARTS: 1,080,000/1,551,229 (69.6%) batches=216 elapsed=0.74s
2026-08-25T00:42:22.1393424-05:00 [PHASE5B] [RUN] [5.1] P5B_SET_MEMBERS / PARTS 1,080,000/1,551,229 ( 69.6%) batch=217
2026-08-25T00:42:22.8303527-05:00 [PHASE5B] [OK ] [5.1] PARTS: 1,085,000/1,551,229 (69.9%) batches=217 elapsed=0.69s
2026-08-25T00:42:22.8313524-05:00 [PHASE5B] [RUN] [5.1] P5B_SET_MEMBERS / PARTS 1,085,000/1,551,229 ( 69.9%) batch=218
2026-08-25T00:42:23.5894541-05:00 [PHASE5B] [OK ] [5.1] PARTS: 1,090,000/1,551,229 (70.3%) batches=218 elapsed=0.76s
2026-08-25T00:42:23.5914539-05:00 [PHASE5B] [RUN] [5.1] P5B_SET_MEMBERS / PARTS 1,090,000/1,551,229 ( 70.3%) batch=219
2026-08-25T00:42:24.2815436-05:00 [PHASE5B] [OK ] [5.1] PARTS: 1,095,000/1,551,229 (70.6%) batches=219 elapsed=0.69s
2026-08-25T00:42:24.2825443-05:00 [PHASE5B] [RUN] [5.1] P5B_SET_MEMBERS / PARTS 1,095,000/1,551,229 ( 70.6%) batch=220
2026-08-25T00:42:24.9689865-05:00 [PHASE5B] [OK ] [5.1] PARTS: 1,100,000/1,551,229 (70.9%) batches=220 elapsed=0.69s
2026-08-25T00:42:24.9699861-05:00 [PHASE5B] [RUN] [5.1] P5B_SET_MEMBERS / PARTS 1,100,000/1,551,229 ( 70.9%) batch=221
2026-08-25T00:42:25.7243953-05:00 [PHASE5B] [OK ] [5.1] PARTS: 1,105,000/1,551,229 (71.2%) batches=221 elapsed=0.76s
2026-08-25T00:42:25.7253958-05:00 [PHASE5B] [RUN] [5.1] P5B_SET_MEMBERS / PARTS 1,105,000/1,551,229 ( 71.2%) batch=222
2026-08-25T00:42:26.3904898-05:00 [PHASE5B] [OK ] [5.1] PARTS: 1,110,000/1,551,229 (71.6%) batches=222 elapsed=0.67s
2026-08-25T00:42:26.3914873-05:00 [PHASE5B] [RUN] [5.1] P5B_SET_MEMBERS / PARTS 1,110,000/1,551,229 ( 71.6%) batch=223
2026-08-25T00:42:27.0815482-05:00 [PHASE5B] [OK ] [5.1] PARTS: 1,115,000/1,551,229 (71.9%) batches=223 elapsed=0.69s
2026-08-25T00:42:27.0825485-05:00 [PHASE5B] [RUN] [5.1] P5B_SET_MEMBERS / PARTS 1,115,000/1,551,229 ( 71.9%) batch=224
2026-08-25T00:42:27.7929081-05:00 [PHASE5B] [OK ] [5.1] PARTS: 1,120,000/1,551,229 (72.2%) batches=224 elapsed=0.71s
2026-08-25T00:42:27.7949075-05:00 [PHASE5B] [RUN] [5.1] P5B_SET_MEMBERS / PARTS 1,120,000/1,551,229 ( 72.2%) batch=225
2026-08-25T00:42:28.5312014-05:00 [PHASE5B] [OK ] [5.1] PARTS: 1,125,000/1,551,229 (72.5%) batches=225 elapsed=0.74s
2026-08-25T00:42:28.5321996-05:00 [PHASE5B] [RUN] [5.1] P5B_SET_MEMBERS / PARTS 1,125,000/1,551,229 ( 72.5%) batch=226
2026-08-25T00:42:29.2583019-05:00 [PHASE5B] [OK ] [5.1] PARTS: 1,130,000/1,551,229 (72.8%) batches=226 elapsed=0.73s
2026-08-25T00:42:29.2593037-05:00 [PHASE5B] [RUN] [5.1] P5B_SET_MEMBERS / PARTS 1,130,000/1,551,229 ( 72.8%) batch=227
2026-08-25T00:42:29.9562368-05:00 [PHASE5B] [OK ] [5.1] PARTS: 1,135,000/1,551,229 (73.2%) batches=227 elapsed=0.70s
2026-08-25T00:42:29.9572395-05:00 [PHASE5B] [RUN] [5.1] P5B_SET_MEMBERS / PARTS 1,135,000/1,551,229 ( 73.2%) batch=228
2026-08-25T00:42:30.6912540-05:00 [PHASE5B] [OK ] [5.1] PARTS: 1,140,000/1,551,229 (73.5%) batches=228 elapsed=0.73s
2026-08-25T00:42:30.6932530-05:00 [PHASE5B] [RUN] [5.1] P5B_SET_MEMBERS / PARTS 1,140,000/1,551,229 ( 73.5%) batch=229
2026-08-25T00:42:31.4507760-05:00 [PHASE5B] [OK ] [5.1] PARTS: 1,145,000/1,551,229 (73.8%) batches=229 elapsed=0.76s
2026-08-25T00:42:31.4527761-05:00 [PHASE5B] [RUN] [5.1] P5B_SET_MEMBERS / PARTS 1,145,000/1,551,229 ( 73.8%) batch=230
2026-08-25T00:42:32.2258691-05:00 [PHASE5B] [OK ] [5.1] PARTS: 1,150,000/1,551,229 (74.1%) batches=230 elapsed=0.77s
2026-08-25T00:42:32.2278693-05:00 [PHASE5B] [RUN] [5.1] P5B_SET_MEMBERS / PARTS 1,150,000/1,551,229 ( 74.1%) batch=231
2026-08-25T00:42:33.1289443-05:00 [PHASE5B] [OK ] [5.1] PARTS: 1,155,000/1,551,229 (74.5%) batches=231 elapsed=0.90s
2026-08-25T00:42:33.1299449-05:00 [PHASE5B] [RUN] [5.1] P5B_SET_MEMBERS / PARTS 1,155,000/1,551,229 ( 74.5%) batch=232
2026-08-25T00:42:33.8499455-05:00 [PHASE5B] [OK ] [5.1] PARTS: 1,160,000/1,551,229 (74.8%) batches=232 elapsed=0.72s
2026-08-25T00:42:33.8509449-05:00 [PHASE5B] [RUN] [5.1] P5B_SET_MEMBERS / PARTS 1,160,000/1,551,229 ( 74.8%) batch=233
2026-08-25T00:42:34.5020575-05:00 [PHASE5B] [OK ] [5.1] PARTS: 1,165,000/1,551,229 (75.1%) batches=233 elapsed=0.65s
2026-08-25T00:42:34.5030576-05:00 [PHASE5B] [RUN] [5.1] P5B_SET_MEMBERS / PARTS 1,165,000/1,551,229 ( 75.1%) batch=234
2026-08-25T00:42:35.0621268-05:00 [PHASE5B] [OK ] [5.1] PARTS: 1,170,000/1,551,229 (75.4%) batches=234 elapsed=0.56s
2026-08-25T00:42:35.0631248-05:00 [PHASE5B] [RUN] [5.1] P5B_SET_MEMBERS / PARTS 1,170,000/1,551,229 ( 75.4%) batch=235
2026-08-25T00:42:35.7792990-05:00 [PHASE5B] [OK ] [5.1] PARTS: 1,175,000/1,551,229 (75.7%) batches=235 elapsed=0.72s
2026-08-25T00:42:35.7827224-05:00 [PHASE5B] [RUN] [5.1] P5B_SET_MEMBERS / PARTS 1,175,000/1,551,229 ( 75.7%) batch=236
2026-08-25T00:42:36.4868758-05:00 [PHASE5B] [OK ] [5.1] PARTS: 1,180,000/1,551,229 (76.1%) batches=236 elapsed=0.71s
2026-08-25T00:42:36.4878736-05:00 [PHASE5B] [RUN] [5.1] P5B_SET_MEMBERS / PARTS 1,180,000/1,551,229 ( 76.1%) batch=237
2026-08-25T00:42:37.1539638-05:00 [PHASE5B] [OK ] [5.1] PARTS: 1,185,000/1,551,229 (76.4%) batches=237 elapsed=0.67s
2026-08-25T00:42:37.1559641-05:00 [PHASE5B] [RUN] [5.1] P5B_SET_MEMBERS / PARTS 1,185,000/1,551,229 ( 76.4%) batch=238
2026-08-25T00:42:37.9322910-05:00 [PHASE5B] [OK ] [5.1] PARTS: 1,190,000/1,551,229 (76.7%) batches=238 elapsed=0.78s
2026-08-25T00:42:37.9332916-05:00 [PHASE5B] [RUN] [5.1] P5B_SET_MEMBERS / PARTS 1,190,000/1,551,229 ( 76.7%) batch=239
2026-08-25T00:42:38.7637147-05:00 [PHASE5B] [OK ] [5.1] PARTS: 1,195,000/1,551,229 (77.0%) batches=239 elapsed=0.83s
2026-08-25T00:42:38.7647179-05:00 [PHASE5B] [RUN] [5.1] P5B_SET_MEMBERS / PARTS 1,195,000/1,551,229 ( 77.0%) batch=240
2026-08-25T00:42:39.4605156-05:00 [PHASE5B] [OK ] [5.1] PARTS: 1,200,000/1,551,229 (77.4%) batches=240 elapsed=0.70s
2026-08-25T00:42:39.4625162-05:00 [PHASE5B] [RUN] [5.1] P5B_SET_MEMBERS / PARTS 1,200,000/1,551,229 ( 77.4%) batch=241
2026-08-25T00:42:40.1522207-05:00 [PHASE5B] [OK ] [5.1] PARTS: 1,205,000/1,551,229 (77.7%) batches=241 elapsed=0.69s
2026-08-25T00:42:40.1542209-05:00 [PHASE5B] [RUN] [5.1] P5B_SET_MEMBERS / PARTS 1,205,000/1,551,229 ( 77.7%) batch=242
2026-08-25T00:42:40.9018744-05:00 [PHASE5B] [OK ] [5.1] PARTS: 1,210,000/1,551,229 (78.0%) batches=242 elapsed=0.75s
2026-08-25T00:42:40.9038760-05:00 [PHASE5B] [RUN] [5.1] P5B_SET_MEMBERS / PARTS 1,210,000/1,551,229 ( 78.0%) batch=243
2026-08-25T00:42:41.5669551-05:00 [PHASE5B] [OK ] [5.1] PARTS: 1,215,000/1,551,229 (78.3%) batches=243 elapsed=0.66s
2026-08-25T00:42:41.5679582-05:00 [PHASE5B] [RUN] [5.1] P5B_SET_MEMBERS / PARTS 1,215,000/1,551,229 ( 78.3%) batch=244
2026-08-25T00:42:42.1703355-05:00 [PHASE5B] [OK ] [5.1] PARTS: 1,220,000/1,551,229 (78.6%) batches=244 elapsed=0.60s
2026-08-25T00:42:42.1713286-05:00 [PHASE5B] [RUN] [5.1] P5B_SET_MEMBERS / PARTS 1,220,000/1,551,229 ( 78.6%) batch=245
2026-08-25T00:42:43.1518963-05:00 [PHASE5B] [OK ] [5.1] PARTS: 1,225,000/1,551,229 (79.0%) batches=245 elapsed=0.98s
2026-08-25T00:42:43.1528962-05:00 [PHASE5B] [RUN] [5.1] P5B_SET_MEMBERS / PARTS 1,225,000/1,551,229 ( 79.0%) batch=246
2026-08-25T00:42:43.9488973-05:00 [PHASE5B] [OK ] [5.1] PARTS: 1,230,000/1,551,229 (79.3%) batches=246 elapsed=0.80s
2026-08-25T00:42:43.9498992-05:00 [PHASE5B] [RUN] [5.1] P5B_SET_MEMBERS / PARTS 1,230,000/1,551,229 ( 79.3%) batch=247
2026-08-25T00:42:44.7522692-05:00 [PHASE5B] [OK ] [5.1] PARTS: 1,235,000/1,551,229 (79.6%) batches=247 elapsed=0.80s
2026-08-25T00:42:44.7532697-05:00 [PHASE5B] [RUN] [5.1] P5B_SET_MEMBERS / PARTS 1,235,000/1,551,229 ( 79.6%) batch=248
2026-08-25T00:42:45.5683403-05:00 [PHASE5B] [OK ] [5.1] PARTS: 1,240,000/1,551,229 (79.9%) batches=248 elapsed=0.82s
2026-08-25T00:42:45.5693398-05:00 [PHASE5B] [RUN] [5.1] P5B_SET_MEMBERS / PARTS 1,240,000/1,551,229 ( 79.9%) batch=249
2026-08-25T00:42:46.2831656-05:00 [PHASE5B] [OK ] [5.1] PARTS: 1,245,000/1,551,229 (80.3%) batches=249 elapsed=0.71s
2026-08-25T00:42:46.2841666-05:00 [PHASE5B] [RUN] [5.1] P5B_SET_MEMBERS / PARTS 1,245,000/1,551,229 ( 80.3%) batch=250
2026-08-25T00:42:47.0230426-05:00 [PHASE5B] [OK ] [5.1] PARTS: 1,250,000/1,551,229 (80.6%) batches=250 elapsed=0.74s
2026-08-25T00:42:47.0240431-05:00 [PHASE5B] [RUN] [5.1] P5B_SET_MEMBERS / PARTS 1,250,000/1,551,229 ( 80.6%) batch=251
2026-08-25T00:42:47.7875481-05:00 [PHASE5B] [OK ] [5.1] PARTS: 1,255,000/1,551,229 (80.9%) batches=251 elapsed=0.76s
2026-08-25T00:42:47.7895484-05:00 [PHASE5B] [RUN] [5.1] P5B_SET_MEMBERS / PARTS 1,255,000/1,551,229 ( 80.9%) batch=252
2026-08-25T00:42:48.4696438-05:00 [PHASE5B] [OK ] [5.1] PARTS: 1,260,000/1,551,229 (81.2%) batches=252 elapsed=0.68s
2026-08-25T00:42:48.4706431-05:00 [PHASE5B] [RUN] [5.1] P5B_SET_MEMBERS / PARTS 1,260,000/1,551,229 ( 81.2%) batch=253
2026-08-25T00:42:49.2915573-05:00 [PHASE5B] [OK ] [5.1] PARTS: 1,265,000/1,551,229 (81.5%) batches=253 elapsed=0.82s
2026-08-25T00:42:49.2935594-05:00 [PHASE5B] [RUN] [5.1] P5B_SET_MEMBERS / PARTS 1,265,000/1,551,229 ( 81.5%) batch=254
2026-08-25T00:42:50.0085569-05:00 [PHASE5B] [OK ] [5.1] PARTS: 1,270,000/1,551,229 (81.9%) batches=254 elapsed=0.72s
2026-08-25T00:42:50.0105585-05:00 [PHASE5B] [RUN] [5.1] P5B_SET_MEMBERS / PARTS 1,270,000/1,551,229 ( 81.9%) batch=255
2026-08-25T00:42:50.7662035-05:00 [PHASE5B] [OK ] [5.1] PARTS: 1,275,000/1,551,229 (82.2%) batches=255 elapsed=0.76s
2026-08-25T00:42:50.7672034-05:00 [PHASE5B] [RUN] [5.1] P5B_SET_MEMBERS / PARTS 1,275,000/1,551,229 ( 82.2%) batch=256
2026-08-25T00:42:51.4774588-05:00 [PHASE5B] [OK ] [5.1] PARTS: 1,280,000/1,551,229 (82.5%) batches=256 elapsed=0.71s
2026-08-25T00:42:51.4794589-05:00 [PHASE5B] [RUN] [5.1] P5B_SET_MEMBERS / PARTS 1,280,000/1,551,229 ( 82.5%) batch=257
2026-08-25T00:42:52.1849022-05:00 [PHASE5B] [OK ] [5.1] PARTS: 1,285,000/1,551,229 (82.8%) batches=257 elapsed=0.71s
2026-08-25T00:42:52.1859020-05:00 [PHASE5B] [RUN] [5.1] P5B_SET_MEMBERS / PARTS 1,285,000/1,551,229 ( 82.8%) batch=258
2026-08-25T00:42:52.9499039-05:00 [PHASE5B] [OK ] [5.1] PARTS: 1,290,000/1,551,229 (83.2%) batches=258 elapsed=0.76s
2026-08-25T00:42:52.9509038-05:00 [PHASE5B] [RUN] [5.1] P5B_SET_MEMBERS / PARTS 1,290,000/1,551,229 ( 83.2%) batch=259
2026-08-25T00:42:53.6619891-05:00 [PHASE5B] [OK ] [5.1] PARTS: 1,295,000/1,551,229 (83.5%) batches=259 elapsed=0.71s
2026-08-25T00:42:53.6629889-05:00 [PHASE5B] [RUN] [5.1] P5B_SET_MEMBERS / PARTS 1,295,000/1,551,229 ( 83.5%) batch=260
2026-08-25T00:42:54.7501190-05:00 [PHASE5B] [OK ] [5.1] PARTS: 1,300,000/1,551,229 (83.8%) batches=260 elapsed=1.09s
2026-08-25T00:42:54.7511194-05:00 [PHASE5B] [RUN] [5.1] P5B_SET_MEMBERS / PARTS 1,300,000/1,551,229 ( 83.8%) batch=261
2026-08-25T00:42:55.5010960-05:00 [PHASE5B] [OK ] [5.1] PARTS: 1,305,000/1,551,229 (84.1%) batches=261 elapsed=0.75s
2026-08-25T00:42:55.5020956-05:00 [PHASE5B] [RUN] [5.1] P5B_SET_MEMBERS / PARTS 1,305,000/1,551,229 ( 84.1%) batch=262
2026-08-25T00:42:56.2041580-05:00 [PHASE5B] [OK ] [5.1] PARTS: 1,310,000/1,551,229 (84.4%) batches=262 elapsed=0.70s
2026-08-25T00:42:56.2061568-05:00 [PHASE5B] [RUN] [5.1] P5B_SET_MEMBERS / PARTS 1,310,000/1,551,229 ( 84.4%) batch=263
2026-08-25T00:42:56.8921704-05:00 [PHASE5B] [OK ] [5.1] PARTS: 1,315,000/1,551,229 (84.8%) batches=263 elapsed=0.69s
2026-08-25T00:42:56.8931703-05:00 [PHASE5B] [RUN] [5.1] P5B_SET_MEMBERS / PARTS 1,315,000/1,551,229 ( 84.8%) batch=264
2026-08-25T00:42:57.6549732-05:00 [PHASE5B] [OK ] [5.1] PARTS: 1,320,000/1,551,229 (85.1%) batches=264 elapsed=0.76s
2026-08-25T00:42:57.6559721-05:00 [PHASE5B] [RUN] [5.1] P5B_SET_MEMBERS / PARTS 1,320,000/1,551,229 ( 85.1%) batch=265
2026-08-25T00:42:58.3970441-05:00 [PHASE5B] [OK ] [5.1] PARTS: 1,325,000/1,551,229 (85.4%) batches=265 elapsed=0.74s
2026-08-25T00:42:58.3980445-05:00 [PHASE5B] [RUN] [5.1] P5B_SET_MEMBERS / PARTS 1,325,000/1,551,229 ( 85.4%) batch=266
2026-08-25T00:42:59.1130509-05:00 [PHASE5B] [OK ] [5.1] PARTS: 1,330,000/1,551,229 (85.7%) batches=266 elapsed=0.72s
2026-08-25T00:42:59.1140518-05:00 [PHASE5B] [RUN] [5.1] P5B_SET_MEMBERS / PARTS 1,330,000/1,551,229 ( 85.7%) batch=267
2026-08-25T00:42:59.8261897-05:00 [PHASE5B] [OK ] [5.1] PARTS: 1,335,000/1,551,229 (86.1%) batches=267 elapsed=0.71s
2026-08-25T00:42:59.8271888-05:00 [PHASE5B] [RUN] [5.1] P5B_SET_MEMBERS / PARTS 1,335,000/1,551,229 ( 86.1%) batch=268
2026-08-25T00:43:00.5876797-05:00 [PHASE5B] [OK ] [5.1] PARTS: 1,340,000/1,551,229 (86.4%) batches=268 elapsed=0.76s
2026-08-25T00:43:00.5886799-05:00 [PHASE5B] [RUN] [5.1] P5B_SET_MEMBERS / PARTS 1,340,000/1,551,229 ( 86.4%) batch=269
2026-08-25T00:43:01.2930303-05:00 [PHASE5B] [OK ] [5.1] PARTS: 1,345,000/1,551,229 (86.7%) batches=269 elapsed=0.71s
2026-08-25T00:43:01.2950302-05:00 [PHASE5B] [RUN] [5.1] P5B_SET_MEMBERS / PARTS 1,345,000/1,551,229 ( 86.7%) batch=270
2026-08-25T00:43:02.0112802-05:00 [PHASE5B] [OK ] [5.1] PARTS: 1,350,000/1,551,229 (87.0%) batches=270 elapsed=0.72s
2026-08-25T00:43:02.0122806-05:00 [PHASE5B] [RUN] [5.1] P5B_SET_MEMBERS / PARTS 1,350,000/1,551,229 ( 87.0%) batch=271
2026-08-25T00:43:02.6260687-05:00 [PHASE5B] [OK ] [5.1] PARTS: 1,355,000/1,551,229 (87.4%) batches=271 elapsed=0.61s
2026-08-25T00:43:02.6280685-05:00 [PHASE5B] [RUN] [5.1] P5B_SET_MEMBERS / PARTS 1,355,000/1,551,229 ( 87.4%) batch=272
2026-08-25T00:43:03.2119963-05:00 [PHASE5B] [OK ] [5.1] PARTS: 1,360,000/1,551,229 (87.7%) batches=272 elapsed=0.59s
2026-08-25T00:43:03.2129968-05:00 [PHASE5B] [RUN] [5.1] P5B_SET_MEMBERS / PARTS 1,360,000/1,551,229 ( 87.7%) batch=273
2026-08-25T00:43:03.8190626-05:00 [PHASE5B] [OK ] [5.1] PARTS: 1,365,000/1,551,229 (88.0%) batches=273 elapsed=0.61s
2026-08-25T00:43:03.8200632-05:00 [PHASE5B] [RUN] [5.1] P5B_SET_MEMBERS / PARTS 1,365,000/1,551,229 ( 88.0%) batch=274
2026-08-25T00:43:04.4551669-05:00 [PHASE5B] [OK ] [5.1] PARTS: 1,370,000/1,551,229 (88.3%) batches=274 elapsed=0.64s
2026-08-25T00:43:04.4561690-05:00 [PHASE5B] [RUN] [5.1] P5B_SET_MEMBERS / PARTS 1,370,000/1,551,229 ( 88.3%) batch=275
2026-08-25T00:43:05.1206536-05:00 [PHASE5B] [OK ] [5.1] PARTS: 1,375,000/1,551,229 (88.6%) batches=275 elapsed=0.66s
2026-08-25T00:43:05.1216536-05:00 [PHASE5B] [RUN] [5.1] P5B_SET_MEMBERS / PARTS 1,375,000/1,551,229 ( 88.6%) batch=276
2026-08-25T00:43:05.7367846-05:00 [PHASE5B] [OK ] [5.1] PARTS: 1,380,000/1,551,229 (89.0%) batches=276 elapsed=0.62s
2026-08-25T00:43:05.7377855-05:00 [PHASE5B] [RUN] [5.1] P5B_SET_MEMBERS / PARTS 1,380,000/1,551,229 ( 89.0%) batch=277
2026-08-25T00:43:06.3396084-05:00 [PHASE5B] [OK ] [5.1] PARTS: 1,385,000/1,551,229 (89.3%) batches=277 elapsed=0.60s
2026-08-25T00:43:06.3406075-05:00 [PHASE5B] [RUN] [5.1] P5B_SET_MEMBERS / PARTS 1,385,000/1,551,229 ( 89.3%) batch=278
2026-08-25T00:43:06.9403623-05:00 [PHASE5B] [OK ] [5.1] PARTS: 1,390,000/1,551,229 (89.6%) batches=278 elapsed=0.60s
2026-08-25T00:43:06.9413606-05:00 [PHASE5B] [RUN] [5.1] P5B_SET_MEMBERS / PARTS 1,390,000/1,551,229 ( 89.6%) batch=279
2026-08-25T00:43:07.5484790-05:00 [PHASE5B] [OK ] [5.1] PARTS: 1,395,000/1,551,229 (89.9%) batches=279 elapsed=0.61s
2026-08-25T00:43:07.5494814-05:00 [PHASE5B] [RUN] [5.1] P5B_SET_MEMBERS / PARTS 1,395,000/1,551,229 ( 89.9%) batch=280
2026-08-25T00:43:08.1669694-05:00 [PHASE5B] [OK ] [5.1] PARTS: 1,400,000/1,551,229 (90.3%) batches=280 elapsed=0.62s
2026-08-25T00:43:08.1679685-05:00 [PHASE5B] [RUN] [5.1] P5B_SET_MEMBERS / PARTS 1,400,000/1,551,229 ( 90.3%) batch=281
2026-08-25T00:43:08.7020628-05:00 [PHASE5B] [OK ] [5.1] PARTS: 1,405,000/1,551,229 (90.6%) batches=281 elapsed=0.54s
2026-08-25T00:43:08.7030630-05:00 [PHASE5B] [RUN] [5.1] P5B_SET_MEMBERS / PARTS 1,405,000/1,551,229 ( 90.6%) batch=282
2026-08-25T00:43:09.2902612-05:00 [PHASE5B] [OK ] [5.1] PARTS: 1,410,000/1,551,229 (90.9%) batches=282 elapsed=0.59s
2026-08-25T00:43:09.2922614-05:00 [PHASE5B] [RUN] [5.1] P5B_SET_MEMBERS / PARTS 1,410,000/1,551,229 ( 90.9%) batch=283
2026-08-25T00:43:09.9213898-05:00 [PHASE5B] [OK ] [5.1] PARTS: 1,415,000/1,551,229 (91.2%) batches=283 elapsed=0.63s
2026-08-25T00:43:09.9223883-05:00 [PHASE5B] [RUN] [5.1] P5B_SET_MEMBERS / PARTS 1,415,000/1,551,229 ( 91.2%) batch=284
2026-08-25T00:43:10.5805190-05:00 [PHASE5B] [OK ] [5.1] PARTS: 1,420,000/1,551,229 (91.5%) batches=284 elapsed=0.66s
2026-08-25T00:43:10.5815193-05:00 [PHASE5B] [RUN] [5.1] P5B_SET_MEMBERS / PARTS 1,420,000/1,551,229 ( 91.5%) batch=285
2026-08-25T00:43:11.1735189-05:00 [PHASE5B] [OK ] [5.1] PARTS: 1,425,000/1,551,229 (91.9%) batches=285 elapsed=0.59s
2026-08-25T00:43:11.1745192-05:00 [PHASE5B] [RUN] [5.1] P5B_SET_MEMBERS / PARTS 1,425,000/1,551,229 ( 91.9%) batch=286
2026-08-25T00:43:11.7636111-05:00 [PHASE5B] [OK ] [5.1] PARTS: 1,430,000/1,551,229 (92.2%) batches=286 elapsed=0.59s
2026-08-25T00:43:11.7656119-05:00 [PHASE5B] [RUN] [5.1] P5B_SET_MEMBERS / PARTS 1,430,000/1,551,229 ( 92.2%) batch=287
2026-08-25T00:43:12.3266950-05:00 [PHASE5B] [OK ] [5.1] PARTS: 1,435,000/1,551,229 (92.5%) batches=287 elapsed=0.56s
2026-08-25T00:43:12.3276942-05:00 [PHASE5B] [RUN] [5.1] P5B_SET_MEMBERS / PARTS 1,435,000/1,551,229 ( 92.5%) batch=288
2026-08-25T00:43:12.9985313-05:00 [PHASE5B] [OK ] [5.1] PARTS: 1,440,000/1,551,229 (92.8%) batches=288 elapsed=0.67s
2026-08-25T00:43:12.9995338-05:00 [PHASE5B] [RUN] [5.1] P5B_SET_MEMBERS / PARTS 1,440,000/1,551,229 ( 92.8%) batch=289
2026-08-25T00:43:13.6426067-05:00 [PHASE5B] [OK ] [5.1] PARTS: 1,445,000/1,551,229 (93.2%) batches=289 elapsed=0.64s
2026-08-25T00:43:13.6446071-05:00 [PHASE5B] [RUN] [5.1] P5B_SET_MEMBERS / PARTS 1,445,000/1,551,229 ( 93.2%) batch=290
2026-08-25T00:43:14.2897993-05:00 [PHASE5B] [OK ] [5.1] PARTS: 1,450,000/1,551,229 (93.5%) batches=290 elapsed=0.65s
2026-08-25T00:43:14.2917998-05:00 [PHASE5B] [RUN] [5.1] P5B_SET_MEMBERS / PARTS 1,450,000/1,551,229 ( 93.5%) batch=291
2026-08-25T00:43:14.8968685-05:00 [PHASE5B] [OK ] [5.1] PARTS: 1,455,000/1,551,229 (93.8%) batches=291 elapsed=0.61s
2026-08-25T00:43:14.8978682-05:00 [PHASE5B] [RUN] [5.1] P5B_SET_MEMBERS / PARTS 1,455,000/1,551,229 ( 93.8%) batch=292
2026-08-25T00:43:15.5339838-05:00 [PHASE5B] [OK ] [5.1] PARTS: 1,460,000/1,551,229 (94.1%) batches=292 elapsed=0.64s
2026-08-25T00:43:15.5349825-05:00 [PHASE5B] [RUN] [5.1] P5B_SET_MEMBERS / PARTS 1,460,000/1,551,229 ( 94.1%) batch=293
2026-08-25T00:43:16.1988419-05:00 [PHASE5B] [OK ] [5.1] PARTS: 1,465,000/1,551,229 (94.4%) batches=293 elapsed=0.66s
2026-08-25T00:43:16.1998468-05:00 [PHASE5B] [RUN] [5.1] P5B_SET_MEMBERS / PARTS 1,465,000/1,551,229 ( 94.4%) batch=294
2026-08-25T00:43:16.8091948-05:00 [PHASE5B] [OK ] [5.1] PARTS: 1,470,000/1,551,229 (94.8%) batches=294 elapsed=0.61s
2026-08-25T00:43:16.8101947-05:00 [PHASE5B] [RUN] [5.1] P5B_SET_MEMBERS / PARTS 1,470,000/1,551,229 ( 94.8%) batch=295
2026-08-25T00:43:17.3552093-05:00 [PHASE5B] [OK ] [5.1] PARTS: 1,475,000/1,551,229 (95.1%) batches=295 elapsed=0.55s
2026-08-25T00:43:17.3562081-05:00 [PHASE5B] [RUN] [5.1] P5B_SET_MEMBERS / PARTS 1,475,000/1,551,229 ( 95.1%) batch=296
2026-08-25T00:43:18.0287243-05:00 [PHASE5B] [OK ] [5.1] PARTS: 1,480,000/1,551,229 (95.4%) batches=296 elapsed=0.67s
2026-08-25T00:43:18.0297234-05:00 [PHASE5B] [RUN] [5.1] P5B_SET_MEMBERS / PARTS 1,480,000/1,551,229 ( 95.4%) batch=297
2026-08-25T00:43:18.7782836-05:00 [PHASE5B] [OK ] [5.1] PARTS: 1,485,000/1,551,229 (95.7%) batches=297 elapsed=0.75s
2026-08-25T00:43:18.7792840-05:00 [PHASE5B] [RUN] [5.1] P5B_SET_MEMBERS / PARTS 1,485,000/1,551,229 ( 95.7%) batch=298
2026-08-25T00:43:19.4134248-05:00 [PHASE5B] [OK ] [5.1] PARTS: 1,490,000/1,551,229 (96.1%) batches=298 elapsed=0.63s
2026-08-25T00:43:19.4144237-05:00 [PHASE5B] [RUN] [5.1] P5B_SET_MEMBERS / PARTS 1,490,000/1,551,229 ( 96.1%) batch=299
2026-08-25T00:43:19.9884245-05:00 [PHASE5B] [OK ] [5.1] PARTS: 1,495,000/1,551,229 (96.4%) batches=299 elapsed=0.57s
2026-08-25T00:43:19.9894225-05:00 [PHASE5B] [RUN] [5.1] P5B_SET_MEMBERS / PARTS 1,495,000/1,551,229 ( 96.4%) batch=300
2026-08-25T00:43:20.6304218-05:00 [PHASE5B] [OK ] [5.1] PARTS: 1,500,000/1,551,229 (96.7%) batches=300 elapsed=0.64s
2026-08-25T00:43:20.6324217-05:00 [PHASE5B] [RUN] [5.1] P5B_SET_MEMBERS / PARTS 1,500,000/1,551,229 ( 96.7%) batch=301
2026-08-25T00:43:21.2257833-05:00 [PHASE5B] [OK ] [5.1] PARTS: 1,505,000/1,551,229 (97.0%) batches=301 elapsed=0.59s
2026-08-25T00:43:21.2267815-05:00 [PHASE5B] [RUN] [5.1] P5B_SET_MEMBERS / PARTS 1,505,000/1,551,229 ( 97.0%) batch=302
2026-08-25T00:43:21.7778536-05:00 [PHASE5B] [OK ] [5.1] PARTS: 1,510,000/1,551,229 (97.3%) batches=302 elapsed=0.55s
2026-08-25T00:43:21.7788497-05:00 [PHASE5B] [RUN] [5.1] P5B_SET_MEMBERS / PARTS 1,510,000/1,551,229 ( 97.3%) batch=303
2026-08-25T00:43:22.3958821-05:00 [PHASE5B] [OK ] [5.1] PARTS: 1,515,000/1,551,229 (97.7%) batches=303 elapsed=0.62s
2026-08-25T00:43:22.3968819-05:00 [PHASE5B] [RUN] [5.1] P5B_SET_MEMBERS / PARTS 1,515,000/1,551,229 ( 97.7%) batch=304
2026-08-25T00:43:22.9799712-05:00 [PHASE5B] [OK ] [5.1] PARTS: 1,520,000/1,551,229 (98.0%) batches=304 elapsed=0.58s
2026-08-25T00:43:22.9809709-05:00 [PHASE5B] [RUN] [5.1] P5B_SET_MEMBERS / PARTS 1,520,000/1,551,229 ( 98.0%) batch=305
2026-08-25T00:43:23.6185753-05:00 [PHASE5B] [OK ] [5.1] PARTS: 1,525,000/1,551,229 (98.3%) batches=305 elapsed=0.64s
2026-08-25T00:43:23.6195762-05:00 [PHASE5B] [RUN] [5.1] P5B_SET_MEMBERS / PARTS 1,525,000/1,551,229 ( 98.3%) batch=306
2026-08-25T00:43:24.2511458-05:00 [PHASE5B] [OK ] [5.1] PARTS: 1,530,000/1,551,229 (98.6%) batches=306 elapsed=0.63s
2026-08-25T00:43:24.2521492-05:00 [PHASE5B] [RUN] [5.1] P5B_SET_MEMBERS / PARTS 1,530,000/1,551,229 ( 98.6%) batch=307
2026-08-25T00:43:24.8609813-05:00 [PHASE5B] [OK ] [5.1] PARTS: 1,535,000/1,551,229 (99.0%) batches=307 elapsed=0.61s
2026-08-25T00:43:24.8629810-05:00 [PHASE5B] [RUN] [5.1] P5B_SET_MEMBERS / PARTS 1,535,000/1,551,229 ( 99.0%) batch=308
2026-08-25T00:43:25.4322016-05:00 [PHASE5B] [OK ] [5.1] PARTS: 1,540,000/1,551,229 (99.3%) batches=308 elapsed=0.57s
2026-08-25T00:43:25.4341998-05:00 [PHASE5B] [RUN] [5.1] P5B_SET_MEMBERS / PARTS 1,540,000/1,551,229 ( 99.3%) batch=309
2026-08-25T00:43:26.0005852-05:00 [PHASE5B] [OK ] [5.1] PARTS: 1,545,000/1,551,229 (99.6%) batches=309 elapsed=0.57s
2026-08-25T00:43:26.0015851-05:00 [PHASE5B] [RUN] [5.1] P5B_SET_MEMBERS / PARTS 1,545,000/1,551,229 ( 99.6%) batch=310
2026-08-25T00:43:26.6058718-05:00 [PHASE5B] [OK ] [5.1] PARTS: 1,550,000/1,551,229 (99.9%) batches=310 elapsed=0.60s
2026-08-25T00:43:26.6068727-05:00 [PHASE5B] [RUN] [5.1] P5B_SET_MEMBERS / PARTS 1,550,000/1,551,229 ( 99.9%) batch=311
2026-08-25T00:43:26.7448769-05:00 [PHASE5B] [OK ] [5.1] PARTS: 1,551,229/1,551,229 (100.0%) batches=311 elapsed=0.14s
2026-08-25T00:43:26.7458771-05:00 [PHASE5B] 
2026-08-25T00:43:26.7468782-05:00 [PHASE5B] -------------------------------------------------------------------------------
2026-08-25T00:43:26.7478776-05:00 [PHASE5B]  Durable Phase 5B checkpoint status
2026-08-25T00:43:26.7478776-05:00 [PHASE5B] -------------------------------------------------------------------------------
2026-08-25T00:43:26.7488776-05:00 [PHASE5B] 
2026-08-25T00:43:26.7498772-05:00 [PHASE5B] [1/10] P5B_VALIDATE
2026-08-25T00:43:26.7508778-05:00 [PHASE5B]       [1.1] SOURCE_CONTRACT              COMPLETED          1 / 1          100.0% batches=1
2026-08-25T00:43:26.7508778-05:00 [PHASE5B]       [1.2] PARENT_CLASSIFICATION        COMPLETED          1 / 1          100.0% batches=1
2026-08-25T00:43:26.7518775-05:00 [PHASE5B]       [1.3] CATALOG_REFERENCES           COMPLETED          1 / 1          100.0% batches=1
2026-08-25T00:43:26.7528773-05:00 [PHASE5B]       [1.4] VERSION_KEYS                 COMPLETED          1 / 1          100.0% batches=1
2026-08-25T00:43:26.7528773-05:00 [PHASE5B] 
2026-08-25T00:43:26.7538776-05:00 [PHASE5B] [2/10] P5B_VARIANTS
2026-08-25T00:43:26.7548770-05:00 [PHASE5B]       [2.1] BASE_PART_COLOR_VARIANTS     COMPLETED  1,551,229 / 1,551,229  100.0% batches=311
2026-08-25T00:43:26.7548770-05:00 [PHASE5B] 
2026-08-25T00:43:26.7558786-05:00 [PHASE5B] [3/10] P5B_DEFINITIONS
2026-08-25T00:43:26.7568777-05:00 [PHASE5B]       [3.1] PARENT_DEFINITIONS           COMPLETED     47,216 / 47,216     100.0% batches=10
2026-08-25T00:43:26.7578766-05:00 [PHASE5B] 
2026-08-25T00:43:26.7588771-05:00 [PHASE5B] [4/10] P5B_VERSIONS
2026-08-25T00:43:26.7588771-05:00 [PHASE5B]       [4.1] SOURCE_VERSIONS              COMPLETED     47,216 / 47,216     100.0% batches=10
2026-08-25T00:43:26.7598770-05:00 [PHASE5B] 
2026-08-25T00:43:26.7608793-05:00 [PHASE5B] [5/10] P5B_SET_MEMBERS
2026-08-25T00:43:26.7608793-05:00 [PHASE5B]       [5.1] PARTS                        COMPLETED  1,551,229 / 1,551,229  100.0% batches=311
2026-08-25T00:43:26.7618770-05:00 [PHASE5B]       [5.2] SETS                         PENDING            0 / 5,176        0.0% batches=0
2026-08-25T00:43:26.7628777-05:00 [PHASE5B]       [5.3] MINIFIGURES                  PENDING            0 / 25,738       0.0% batches=0
2026-08-25T00:43:26.7638768-05:00 [PHASE5B] 
2026-08-25T00:43:26.7648793-05:00 [PHASE5B] [6/10] P5B_MINIFIG_MEMBERS
2026-08-25T00:43:26.7648793-05:00 [PHASE5B]       [6.1] PARTS                        PENDING            0 / 1,551,229    0.0% batches=0
2026-08-25T00:43:26.7658781-05:00 [PHASE5B] 
2026-08-25T00:43:26.7668778-05:00 [PHASE5B] [7/10] P5B_MINIFIG_ANCHORS
2026-08-25T00:43:26.7668778-05:00 [PHASE5B]       [7.1] COMPOSITIONS                 PENDING            0 / 47,216       0.0% batches=0
2026-08-25T00:43:26.7678774-05:00 [PHASE5B] 
2026-08-25T00:43:26.7688785-05:00 [PHASE5B] [8/10] P5B_FINALIZE_VERSIONS
2026-08-25T00:43:26.7688785-05:00 [PHASE5B]       [8.1] HASH_AND_FINALIZE            PENDING            0 / 47,216       0.0% batches=0
2026-08-25T00:43:26.7698769-05:00 [PHASE5B] 
2026-08-25T00:43:26.7708773-05:00 [PHASE5B] [9/10] P5B_AUTHORITY
2026-08-25T00:43:26.7708773-05:00 [PHASE5B]       [9.1] LATEST_SOURCE                PENDING            0 / 47,216       0.0% batches=0
2026-08-25T00:43:26.7718792-05:00 [PHASE5B] 
2026-08-25T00:43:26.7728793-05:00 [PHASE5B] [10/10] P5B_COMPLETE
2026-08-25T00:43:26.7728793-05:00 [PHASE5B]       [10.1] VERIFY                       PENDING            0 / 1            0.0% batches=0
2026-08-25T00:43:26.7738768-05:00 [PHASE5B]       [10.2] COMPLETE_RUN                 PENDING            0 / 1            0.0% batches=0
2026-08-25T00:43:26.7748774-05:00 [PHASE5B] 
2026-08-25T00:43:26.7748774-05:00 [PHASE5B] [RUN] [5.2] P5B_SET_MEMBERS / SETS 0/5,176 (  0.0%) batch=1
2026-08-25T00:43:27.8569794-05:00 [PHASE5B] [OK ] [5.2] SETS: 5,000/5,176 (96.6%) batches=1 elapsed=1.11s
2026-08-25T00:43:27.8579795-05:00 [PHASE5B] [RUN] [5.2] P5B_SET_MEMBERS / SETS 5,000/5,176 ( 96.6%) batch=2
2026-08-25T00:43:27.9399802-05:00 [PHASE5B] [OK ] [5.2] SETS: 5,176/5,176 (100.0%) batches=2 elapsed=0.08s
2026-08-25T00:43:27.9409801-05:00 [PHASE5B] 
2026-08-25T00:43:27.9419811-05:00 [PHASE5B] -------------------------------------------------------------------------------
2026-08-25T00:43:27.9419811-05:00 [PHASE5B]  Durable Phase 5B checkpoint status
2026-08-25T00:43:27.9429797-05:00 [PHASE5B] -------------------------------------------------------------------------------
2026-08-25T00:43:27.9439790-05:00 [PHASE5B] 
2026-08-25T00:43:27.9439790-05:00 [PHASE5B] [1/10] P5B_VALIDATE
2026-08-25T00:43:27.9449788-05:00 [PHASE5B]       [1.1] SOURCE_CONTRACT              COMPLETED          1 / 1          100.0% batches=1
2026-08-25T00:43:27.9459796-05:00 [PHASE5B]       [1.2] PARENT_CLASSIFICATION        COMPLETED          1 / 1          100.0% batches=1
2026-08-25T00:43:27.9459796-05:00 [PHASE5B]       [1.3] CATALOG_REFERENCES           COMPLETED          1 / 1          100.0% batches=1
2026-08-25T00:43:27.9469789-05:00 [PHASE5B]       [1.4] VERSION_KEYS                 COMPLETED          1 / 1          100.0% batches=1
2026-08-25T00:43:27.9479788-05:00 [PHASE5B] 
2026-08-25T00:43:27.9489799-05:00 [PHASE5B] [2/10] P5B_VARIANTS
2026-08-25T00:43:27.9489799-05:00 [PHASE5B]       [2.1] BASE_PART_COLOR_VARIANTS     COMPLETED  1,551,229 / 1,551,229  100.0% batches=311
2026-08-25T00:43:27.9499795-05:00 [PHASE5B] 
2026-08-25T00:43:27.9499795-05:00 [PHASE5B] [3/10] P5B_DEFINITIONS
2026-08-25T00:43:27.9509789-05:00 [PHASE5B]       [3.1] PARENT_DEFINITIONS           COMPLETED     47,216 / 47,216     100.0% batches=10
2026-08-25T00:43:27.9519795-05:00 [PHASE5B] 
2026-08-25T00:43:27.9519795-05:00 [PHASE5B] [4/10] P5B_VERSIONS
2026-08-25T00:43:27.9529794-05:00 [PHASE5B]       [4.1] SOURCE_VERSIONS              COMPLETED     47,216 / 47,216     100.0% batches=10
2026-08-25T00:43:27.9539798-05:00 [PHASE5B] 
2026-08-25T00:43:27.9539798-05:00 [PHASE5B] [5/10] P5B_SET_MEMBERS
2026-08-25T00:43:27.9549793-05:00 [PHASE5B]       [5.1] PARTS                        COMPLETED  1,551,229 / 1,551,229  100.0% batches=311
2026-08-25T00:43:27.9559790-05:00 [PHASE5B]       [5.2] SETS                         COMPLETED      5,176 / 5,176      100.0% batches=2
2026-08-25T00:43:27.9559790-05:00 [PHASE5B]       [5.3] MINIFIGURES                  PENDING            0 / 25,738       0.0% batches=0
2026-08-25T00:43:27.9569794-05:00 [PHASE5B] 
2026-08-25T00:43:27.9579791-05:00 [PHASE5B] [6/10] P5B_MINIFIG_MEMBERS
2026-08-25T00:43:27.9579791-05:00 [PHASE5B]       [6.1] PARTS                        PENDING            0 / 1,551,229    0.0% batches=0
2026-08-25T00:43:27.9589792-05:00 [PHASE5B] 
2026-08-25T00:43:27.9599791-05:00 [PHASE5B] [7/10] P5B_MINIFIG_ANCHORS
2026-08-25T00:43:27.9599791-05:00 [PHASE5B]       [7.1] COMPOSITIONS                 PENDING            0 / 47,216       0.0% batches=0
2026-08-25T00:43:27.9609787-05:00 [PHASE5B] 
2026-08-25T00:43:27.9619811-05:00 [PHASE5B] [8/10] P5B_FINALIZE_VERSIONS
2026-08-25T00:43:27.9619811-05:00 [PHASE5B]       [8.1] HASH_AND_FINALIZE            PENDING            0 / 47,216       0.0% batches=0
2026-08-25T00:43:27.9629787-05:00 [PHASE5B] 
2026-08-25T00:43:27.9639789-05:00 [PHASE5B] [9/10] P5B_AUTHORITY
2026-08-25T00:43:27.9639789-05:00 [PHASE5B]       [9.1] LATEST_SOURCE                PENDING            0 / 47,216       0.0% batches=0
2026-08-25T00:43:27.9649813-05:00 [PHASE5B] 
2026-08-25T00:43:27.9659787-05:00 [PHASE5B] [10/10] P5B_COMPLETE
2026-08-25T00:43:27.9669795-05:00 [PHASE5B]       [10.1] VERIFY                       PENDING            0 / 1            0.0% batches=0
2026-08-25T00:43:27.9669795-05:00 [PHASE5B]       [10.2] COMPLETE_RUN                 PENDING            0 / 1            0.0% batches=0
2026-08-25T00:43:27.9679792-05:00 [PHASE5B] 
2026-08-25T00:43:27.9689794-05:00 [PHASE5B] [RUN] [5.3] P5B_SET_MEMBERS / MINIFIGURES 0/25,738 (  0.0%) batch=1
2026-08-25T00:43:28.7464424-05:00 [PHASE5B] [OK ] [5.3] MINIFIGURES: 5,000/25,738 (19.4%) batches=1 elapsed=0.81s
2026-08-25T00:43:28.7484424-05:00 [PHASE5B] [RUN] [5.3] P5B_SET_MEMBERS / MINIFIGURES 5,000/25,738 ( 19.4%) batch=2
2026-08-25T00:43:30.3754400-05:00 [PHASE5B] [OK ] [5.3] MINIFIGURES: 10,000/25,738 (38.9%) batches=2 elapsed=1.63s
2026-08-25T00:43:30.3764432-05:00 [PHASE5B] [RUN] [5.3] P5B_SET_MEMBERS / MINIFIGURES 10,000/25,738 ( 38.9%) batch=3
2026-08-25T00:43:32.0214070-05:00 [PHASE5B] [OK ] [5.3] MINIFIGURES: 15,000/25,738 (58.3%) batches=3 elapsed=1.65s
2026-08-25T00:43:32.0234078-05:00 [PHASE5B] [RUN] [5.3] P5B_SET_MEMBERS / MINIFIGURES 15,000/25,738 ( 58.3%) batch=4
2026-08-25T00:43:33.3503571-05:00 [PHASE5B] [OK ] [5.3] MINIFIGURES: 20,000/25,738 (77.7%) batches=4 elapsed=1.33s
2026-08-25T00:43:33.3523599-05:00 [PHASE5B] [RUN] [5.3] P5B_SET_MEMBERS / MINIFIGURES 20,000/25,738 ( 77.7%) batch=5
2026-08-25T00:43:34.4842792-05:00 [PHASE5B] [OK ] [5.3] MINIFIGURES: 25,000/25,738 (97.1%) batches=5 elapsed=1.13s
2026-08-25T00:43:34.4852777-05:00 [PHASE5B] [RUN] [5.3] P5B_SET_MEMBERS / MINIFIGURES 25,000/25,738 ( 97.1%) batch=6
2026-08-25T00:43:35.5117905-05:00 [PHASE5B] [OK ] [5.3] MINIFIGURES: 25,738/25,738 (100.0%) batches=6 elapsed=1.03s
2026-08-25T00:43:35.5127904-05:00 [PHASE5B] 
2026-08-25T00:43:35.5137902-05:00 [PHASE5B] -------------------------------------------------------------------------------
2026-08-25T00:43:35.5147906-05:00 [PHASE5B]  Durable Phase 5B checkpoint status
2026-08-25T00:43:35.5157904-05:00 [PHASE5B] -------------------------------------------------------------------------------
2026-08-25T00:43:35.5157904-05:00 [PHASE5B] 
2026-08-25T00:43:35.5167899-05:00 [PHASE5B] [1/10] P5B_VALIDATE
2026-08-25T00:43:35.5177905-05:00 [PHASE5B]       [1.1] SOURCE_CONTRACT              COMPLETED          1 / 1          100.0% batches=1
2026-08-25T00:43:35.5177905-05:00 [PHASE5B]       [1.2] PARENT_CLASSIFICATION        COMPLETED          1 / 1          100.0% batches=1
2026-08-25T00:43:35.5187900-05:00 [PHASE5B]       [1.3] CATALOG_REFERENCES           COMPLETED          1 / 1          100.0% batches=1
2026-08-25T00:43:35.5197905-05:00 [PHASE5B]       [1.4] VERSION_KEYS                 COMPLETED          1 / 1          100.0% batches=1
2026-08-25T00:43:35.5197905-05:00 [PHASE5B] 
2026-08-25T00:43:35.5207899-05:00 [PHASE5B] [2/10] P5B_VARIANTS
2026-08-25T00:43:35.5217904-05:00 [PHASE5B]       [2.1] BASE_PART_COLOR_VARIANTS     COMPLETED  1,551,229 / 1,551,229  100.0% batches=311
2026-08-25T00:43:35.5217904-05:00 [PHASE5B] 
2026-08-25T00:43:35.5227897-05:00 [PHASE5B] [3/10] P5B_DEFINITIONS
2026-08-25T00:43:35.5237911-05:00 [PHASE5B]       [3.1] PARENT_DEFINITIONS           COMPLETED     47,216 / 47,216     100.0% batches=10
2026-08-25T00:43:35.5237911-05:00 [PHASE5B] 
2026-08-25T00:43:35.5247901-05:00 [PHASE5B] [4/10] P5B_VERSIONS
2026-08-25T00:43:35.5257903-05:00 [PHASE5B]       [4.1] SOURCE_VERSIONS              COMPLETED     47,216 / 47,216     100.0% batches=10
2026-08-25T00:43:35.5257903-05:00 [PHASE5B] 
2026-08-25T00:43:35.5267900-05:00 [PHASE5B] [5/10] P5B_SET_MEMBERS
2026-08-25T00:43:35.5277905-05:00 [PHASE5B]       [5.1] PARTS                        COMPLETED  1,551,229 / 1,551,229  100.0% batches=311
2026-08-25T00:43:35.5277905-05:00 [PHASE5B]       [5.2] SETS                         COMPLETED      5,176 / 5,176      100.0% batches=2
2026-08-25T00:43:35.5287905-05:00 [PHASE5B]       [5.3] MINIFIGURES                  COMPLETED     25,738 / 25,738     100.0% batches=6
2026-08-25T00:43:35.5297908-05:00 [PHASE5B] 
2026-08-25T00:43:35.5307902-05:00 [PHASE5B] [6/10] P5B_MINIFIG_MEMBERS
2026-08-25T00:43:35.5307902-05:00 [PHASE5B]       [6.1] PARTS                        PENDING            0 / 1,551,229    0.0% batches=0
2026-08-25T00:43:35.5317899-05:00 [PHASE5B] 
2026-08-25T00:43:35.5317899-05:00 [PHASE5B] [7/10] P5B_MINIFIG_ANCHORS
2026-08-25T00:43:35.5327923-05:00 [PHASE5B]       [7.1] COMPOSITIONS                 PENDING            0 / 47,216       0.0% batches=0
2026-08-25T00:43:35.5337918-05:00 [PHASE5B] 
2026-08-25T00:43:35.5347901-05:00 [PHASE5B] [8/10] P5B_FINALIZE_VERSIONS
2026-08-25T00:43:35.5347901-05:00 [PHASE5B]       [8.1] HASH_AND_FINALIZE            PENDING            0 / 47,216       0.0% batches=0
2026-08-25T00:43:35.5357923-05:00 [PHASE5B] 
2026-08-25T00:43:35.5367910-05:00 [PHASE5B] [9/10] P5B_AUTHORITY
2026-08-25T00:43:35.5367910-05:00 [PHASE5B]       [9.1] LATEST_SOURCE                PENDING            0 / 47,216       0.0% batches=0
2026-08-25T00:43:35.5377900-05:00 [PHASE5B] 
2026-08-25T00:43:35.5387924-05:00 [PHASE5B] [10/10] P5B_COMPLETE
2026-08-25T00:43:35.5387924-05:00 [PHASE5B]       [10.1] VERIFY                       PENDING            0 / 1            0.0% batches=0
2026-08-25T00:43:35.5397902-05:00 [PHASE5B]       [10.2] COMPLETE_RUN                 PENDING            0 / 1            0.0% batches=0
2026-08-25T00:43:35.5407900-05:00 [PHASE5B] 
2026-08-25T00:43:35.5407900-05:00 [PHASE5B] [RUN] [6.1] P5B_MINIFIG_MEMBERS / PARTS 0/1,551,229 (  0.0%) batch=1
2026-08-25T00:43:35.7232575-05:00 [PHASE5B] [OK ] [6.1] PARTS: 5,000/1,551,229 (0.3%) batches=1 elapsed=0.21s
2026-08-25T00:43:35.7242577-05:00 [PHASE5B] [RUN] [6.1] P5B_MINIFIG_MEMBERS / PARTS 5,000/1,551,229 (  0.3%) batch=2
2026-08-25T00:43:35.9062598-05:00 [PHASE5B] [OK ] [6.1] PARTS: 10,000/1,551,229 (0.6%) batches=2 elapsed=0.18s
2026-08-25T00:43:35.9072607-05:00 [PHASE5B] [RUN] [6.1] P5B_MINIFIG_MEMBERS / PARTS 10,000/1,551,229 (  0.6%) batch=3
2026-08-25T00:43:36.0952582-05:00 [PHASE5B] [OK ] [6.1] PARTS: 15,000/1,551,229 (1.0%) batches=3 elapsed=0.19s
2026-08-25T00:43:36.0962589-05:00 [PHASE5B] [RUN] [6.1] P5B_MINIFIG_MEMBERS / PARTS 15,000/1,551,229 (  1.0%) batch=4
2026-08-25T00:43:36.3332697-05:00 [PHASE5B] [OK ] [6.1] PARTS: 20,000/1,551,229 (1.3%) batches=4 elapsed=0.24s
2026-08-25T00:43:36.3342699-05:00 [PHASE5B] [RUN] [6.1] P5B_MINIFIG_MEMBERS / PARTS 20,000/1,551,229 (  1.3%) batch=5
2026-08-25T00:43:36.5152700-05:00 [PHASE5B] [OK ] [6.1] PARTS: 25,000/1,551,229 (1.6%) batches=5 elapsed=0.18s
2026-08-25T00:43:36.5172698-05:00 [PHASE5B] [RUN] [6.1] P5B_MINIFIG_MEMBERS / PARTS 25,000/1,551,229 (  1.6%) batch=6
2026-08-25T00:43:36.7003312-05:00 [PHASE5B] [OK ] [6.1] PARTS: 30,000/1,551,229 (1.9%) batches=6 elapsed=0.18s
2026-08-25T00:43:36.7013312-05:00 [PHASE5B] [RUN] [6.1] P5B_MINIFIG_MEMBERS / PARTS 30,000/1,551,229 (  1.9%) batch=7
2026-08-25T00:43:36.8793332-05:00 [PHASE5B] [OK ] [6.1] PARTS: 35,000/1,551,229 (2.3%) batches=7 elapsed=0.18s
2026-08-25T00:43:36.8803311-05:00 [PHASE5B] [RUN] [6.1] P5B_MINIFIG_MEMBERS / PARTS 35,000/1,551,229 (  2.3%) batch=8
2026-08-25T00:43:37.0593318-05:00 [PHASE5B] [OK ] [6.1] PARTS: 40,000/1,551,229 (2.6%) batches=8 elapsed=0.18s
2026-08-25T00:43:37.0603309-05:00 [PHASE5B] [RUN] [6.1] P5B_MINIFIG_MEMBERS / PARTS 40,000/1,551,229 (  2.6%) batch=9
2026-08-25T00:43:37.2323326-05:00 [PHASE5B] [OK ] [6.1] PARTS: 45,000/1,551,229 (2.9%) batches=9 elapsed=0.17s
2026-08-25T00:43:37.2333327-05:00 [PHASE5B] [RUN] [6.1] P5B_MINIFIG_MEMBERS / PARTS 45,000/1,551,229 (  2.9%) batch=10
2026-08-25T00:43:37.4103309-05:00 [PHASE5B] [OK ] [6.1] PARTS: 50,000/1,551,229 (3.2%) batches=10 elapsed=0.18s
2026-08-25T00:43:37.4113345-05:00 [PHASE5B] [RUN] [6.1] P5B_MINIFIG_MEMBERS / PARTS 50,000/1,551,229 (  3.2%) batch=11
2026-08-25T00:43:37.5954293-05:00 [PHASE5B] [OK ] [6.1] PARTS: 55,000/1,551,229 (3.5%) batches=11 elapsed=0.18s
2026-08-25T00:43:37.5964300-05:00 [PHASE5B] [RUN] [6.1] P5B_MINIFIG_MEMBERS / PARTS 55,000/1,551,229 (  3.5%) batch=12
2026-08-25T00:43:37.7754294-05:00 [PHASE5B] [OK ] [6.1] PARTS: 60,000/1,551,229 (3.9%) batches=12 elapsed=0.18s
2026-08-25T00:43:37.7764299-05:00 [PHASE5B] [RUN] [6.1] P5B_MINIFIG_MEMBERS / PARTS 60,000/1,551,229 (  3.9%) batch=13
2026-08-25T00:43:37.9594282-05:00 [PHASE5B] [OK ] [6.1] PARTS: 65,000/1,551,229 (4.2%) batches=13 elapsed=0.18s
2026-08-25T00:43:37.9614299-05:00 [PHASE5B] [RUN] [6.1] P5B_MINIFIG_MEMBERS / PARTS 65,000/1,551,229 (  4.2%) batch=14
2026-08-25T00:43:38.1464290-05:00 [PHASE5B] [OK ] [6.1] PARTS: 70,000/1,551,229 (4.5%) batches=14 elapsed=0.19s
2026-08-25T00:43:38.1474291-05:00 [PHASE5B] [RUN] [6.1] P5B_MINIFIG_MEMBERS / PARTS 70,000/1,551,229 (  4.5%) batch=15
2026-08-25T00:43:38.4898947-05:00 [PHASE5B] [OK ] [6.1] PARTS: 75,000/1,551,229 (4.8%) batches=15 elapsed=0.34s
2026-08-25T00:43:38.4908926-05:00 [PHASE5B] [RUN] [6.1] P5B_MINIFIG_MEMBERS / PARTS 75,000/1,551,229 (  4.8%) batch=16
2026-08-25T00:43:38.6859801-05:00 [PHASE5B] [OK ] [6.1] PARTS: 80,000/1,551,229 (5.2%) batches=16 elapsed=0.20s
2026-08-25T00:43:38.6869793-05:00 [PHASE5B] [RUN] [6.1] P5B_MINIFIG_MEMBERS / PARTS 80,000/1,551,229 (  5.2%) batch=17
2026-08-25T00:43:38.8649833-05:00 [PHASE5B] [OK ] [6.1] PARTS: 85,000/1,551,229 (5.5%) batches=17 elapsed=0.18s
2026-08-25T00:43:38.8669806-05:00 [PHASE5B] [RUN] [6.1] P5B_MINIFIG_MEMBERS / PARTS 85,000/1,551,229 (  5.5%) batch=18
2026-08-25T00:43:39.0399811-05:00 [PHASE5B] [OK ] [6.1] PARTS: 90,000/1,551,229 (5.8%) batches=18 elapsed=0.17s
2026-08-25T00:43:39.0409825-05:00 [PHASE5B] [RUN] [6.1] P5B_MINIFIG_MEMBERS / PARTS 90,000/1,551,229 (  5.8%) batch=19
2026-08-25T00:43:39.2189807-05:00 [PHASE5B] [OK ] [6.1] PARTS: 95,000/1,551,229 (6.1%) batches=19 elapsed=0.18s
2026-08-25T00:43:39.2199822-05:00 [PHASE5B] [RUN] [6.1] P5B_MINIFIG_MEMBERS / PARTS 95,000/1,551,229 (  6.1%) batch=20
2026-08-25T00:43:39.4036157-05:00 [PHASE5B] [OK ] [6.1] PARTS: 100,000/1,551,229 (6.4%) batches=20 elapsed=0.18s
2026-08-25T00:43:39.4056162-05:00 [PHASE5B] [RUN] [6.1] P5B_MINIFIG_MEMBERS / PARTS 100,000/1,551,229 (  6.4%) batch=21
2026-08-25T00:43:39.5886160-05:00 [PHASE5B] [OK ] [6.1] PARTS: 105,000/1,551,229 (6.8%) batches=21 elapsed=0.18s
2026-08-25T00:43:39.5896155-05:00 [PHASE5B] [RUN] [6.1] P5B_MINIFIG_MEMBERS / PARTS 105,000/1,551,229 (  6.8%) batch=22
2026-08-25T00:43:39.7667301-05:00 [PHASE5B] [OK ] [6.1] PARTS: 110,000/1,551,229 (7.1%) batches=22 elapsed=0.18s
2026-08-25T00:43:39.7687316-05:00 [PHASE5B] [RUN] [6.1] P5B_MINIFIG_MEMBERS / PARTS 110,000/1,551,229 (  7.1%) batch=23
2026-08-25T00:43:39.9437305-05:00 [PHASE5B] [OK ] [6.1] PARTS: 115,000/1,551,229 (7.4%) batches=23 elapsed=0.18s
2026-08-25T00:43:39.9447323-05:00 [PHASE5B] [RUN] [6.1] P5B_MINIFIG_MEMBERS / PARTS 115,000/1,551,229 (  7.4%) batch=24
2026-08-25T00:43:40.1177324-05:00 [PHASE5B] [OK ] [6.1] PARTS: 120,000/1,551,229 (7.7%) batches=24 elapsed=0.17s
2026-08-25T00:43:40.1197307-05:00 [PHASE5B] [RUN] [6.1] P5B_MINIFIG_MEMBERS / PARTS 120,000/1,551,229 (  7.7%) batch=25
2026-08-25T00:43:40.2987300-05:00 [PHASE5B] [OK ] [6.1] PARTS: 125,000/1,551,229 (8.1%) batches=25 elapsed=0.18s
2026-08-25T00:43:40.2997303-05:00 [PHASE5B] [RUN] [6.1] P5B_MINIFIG_MEMBERS / PARTS 125,000/1,551,229 (  8.1%) batch=26
2026-08-25T00:43:40.4787308-05:00 [PHASE5B] [OK ] [6.1] PARTS: 130,000/1,551,229 (8.4%) batches=26 elapsed=0.18s
2026-08-25T00:43:40.4797344-05:00 [PHASE5B] [RUN] [6.1] P5B_MINIFIG_MEMBERS / PARTS 130,000/1,551,229 (  8.4%) batch=27
2026-08-25T00:43:40.6528211-05:00 [PHASE5B] [OK ] [6.1] PARTS: 135,000/1,551,229 (8.7%) batches=27 elapsed=0.17s
2026-08-25T00:43:40.6538197-05:00 [PHASE5B] [RUN] [6.1] P5B_MINIFIG_MEMBERS / PARTS 135,000/1,551,229 (  8.7%) batch=28
2026-08-25T00:43:40.8278209-05:00 [PHASE5B] [OK ] [6.1] PARTS: 140,000/1,551,229 (9.0%) batches=28 elapsed=0.17s
2026-08-25T00:43:40.8288205-05:00 [PHASE5B] [RUN] [6.1] P5B_MINIFIG_MEMBERS / PARTS 140,000/1,551,229 (  9.0%) batch=29
2026-08-25T00:43:41.0228189-05:00 [PHASE5B] [OK ] [6.1] PARTS: 145,000/1,551,229 (9.3%) batches=29 elapsed=0.19s
2026-08-25T00:43:41.0238192-05:00 [PHASE5B] [RUN] [6.1] P5B_MINIFIG_MEMBERS / PARTS 145,000/1,551,229 (  9.3%) batch=30
2026-08-25T00:43:41.2028190-05:00 [PHASE5B] [OK ] [6.1] PARTS: 150,000/1,551,229 (9.7%) batches=30 elapsed=0.18s
2026-08-25T00:43:41.2048193-05:00 [PHASE5B] [RUN] [6.1] P5B_MINIFIG_MEMBERS / PARTS 150,000/1,551,229 (  9.7%) batch=31
2026-08-25T00:43:41.3808214-05:00 [PHASE5B] [OK ] [6.1] PARTS: 155,000/1,551,229 (10.0%) batches=31 elapsed=0.18s
2026-08-25T00:43:41.3818197-05:00 [PHASE5B] [RUN] [6.1] P5B_MINIFIG_MEMBERS / PARTS 155,000/1,551,229 ( 10.0%) batch=32
2026-08-25T00:43:41.5558197-05:00 [PHASE5B] [OK ] [6.1] PARTS: 160,000/1,551,229 (10.3%) batches=32 elapsed=0.17s
2026-08-25T00:43:41.5568191-05:00 [PHASE5B] [RUN] [6.1] P5B_MINIFIG_MEMBERS / PARTS 160,000/1,551,229 ( 10.3%) batch=33
2026-08-25T00:43:41.7379271-05:00 [PHASE5B] [OK ] [6.1] PARTS: 165,000/1,551,229 (10.6%) batches=33 elapsed=0.18s
2026-08-25T00:43:41.7389296-05:00 [PHASE5B] [RUN] [6.1] P5B_MINIFIG_MEMBERS / PARTS 165,000/1,551,229 ( 10.6%) batch=34
2026-08-25T00:43:41.9539444-05:00 [PHASE5B] [OK ] [6.1] PARTS: 170,000/1,551,229 (11.0%) batches=34 elapsed=0.22s
2026-08-25T00:43:41.9549453-05:00 [PHASE5B] [RUN] [6.1] P5B_MINIFIG_MEMBERS / PARTS 170,000/1,551,229 ( 11.0%) batch=35
2026-08-25T00:43:42.1339489-05:00 [PHASE5B] [OK ] [6.1] PARTS: 175,000/1,551,229 (11.3%) batches=35 elapsed=0.18s
2026-08-25T00:43:42.1349478-05:00 [PHASE5B] [RUN] [6.1] P5B_MINIFIG_MEMBERS / PARTS 175,000/1,551,229 ( 11.3%) batch=36
2026-08-25T00:43:42.3109439-05:00 [PHASE5B] [OK ] [6.1] PARTS: 180,000/1,551,229 (11.6%) batches=36 elapsed=0.18s
2026-08-25T00:43:42.3129469-05:00 [PHASE5B] [RUN] [6.1] P5B_MINIFIG_MEMBERS / PARTS 180,000/1,551,229 ( 11.6%) batch=37
2026-08-25T00:43:42.4849445-05:00 [PHASE5B] [OK ] [6.1] PARTS: 185,000/1,551,229 (11.9%) batches=37 elapsed=0.17s
2026-08-25T00:43:42.4859448-05:00 [PHASE5B] [RUN] [6.1] P5B_MINIFIG_MEMBERS / PARTS 185,000/1,551,229 ( 11.9%) batch=38
2026-08-25T00:43:42.6590545-05:00 [PHASE5B] [OK ] [6.1] PARTS: 190,000/1,551,229 (12.2%) batches=38 elapsed=0.17s
2026-08-25T00:43:42.6600547-05:00 [PHASE5B] [RUN] [6.1] P5B_MINIFIG_MEMBERS / PARTS 190,000/1,551,229 ( 12.2%) batch=39
2026-08-25T00:43:42.8330542-05:00 [PHASE5B] [OK ] [6.1] PARTS: 195,000/1,551,229 (12.6%) batches=39 elapsed=0.17s
2026-08-25T00:43:42.8340538-05:00 [PHASE5B] [RUN] [6.1] P5B_MINIFIG_MEMBERS / PARTS 195,000/1,551,229 ( 12.6%) batch=40
2026-08-25T00:43:43.0100541-05:00 [PHASE5B] [OK ] [6.1] PARTS: 200,000/1,551,229 (12.9%) batches=40 elapsed=0.18s
2026-08-25T00:43:43.0120546-05:00 [PHASE5B] [RUN] [6.1] P5B_MINIFIG_MEMBERS / PARTS 200,000/1,551,229 ( 12.9%) batch=41
2026-08-25T00:43:43.1900533-05:00 [PHASE5B] [OK ] [6.1] PARTS: 205,000/1,551,229 (13.2%) batches=41 elapsed=0.18s
2026-08-25T00:43:43.1910554-05:00 [PHASE5B] [RUN] [6.1] P5B_MINIFIG_MEMBERS / PARTS 205,000/1,551,229 ( 13.2%) batch=42
2026-08-25T00:43:43.3640538-05:00 [PHASE5B] [OK ] [6.1] PARTS: 210,000/1,551,229 (13.5%) batches=42 elapsed=0.17s
2026-08-25T00:43:43.3650548-05:00 [PHASE5B] [RUN] [6.1] P5B_MINIFIG_MEMBERS / PARTS 210,000/1,551,229 ( 13.5%) batch=43
2026-08-25T00:43:43.5400550-05:00 [PHASE5B] [OK ] [6.1] PARTS: 215,000/1,551,229 (13.9%) batches=43 elapsed=0.18s
2026-08-25T00:43:43.5410540-05:00 [PHASE5B] [RUN] [6.1] P5B_MINIFIG_MEMBERS / PARTS 215,000/1,551,229 ( 13.9%) batch=44
2026-08-25T00:43:43.7174312-05:00 [PHASE5B] [OK ] [6.1] PARTS: 220,000/1,551,229 (14.2%) batches=44 elapsed=0.18s
2026-08-25T00:43:43.7184323-05:00 [PHASE5B] [RUN] [6.1] P5B_MINIFIG_MEMBERS / PARTS 220,000/1,551,229 ( 14.2%) batch=45
2026-08-25T00:43:43.8934319-05:00 [PHASE5B] [OK ] [6.1] PARTS: 225,000/1,551,229 (14.5%) batches=45 elapsed=0.18s
2026-08-25T00:43:43.8944321-05:00 [PHASE5B] [RUN] [6.1] P5B_MINIFIG_MEMBERS / PARTS 225,000/1,551,229 ( 14.5%) batch=46
2026-08-25T00:43:44.0684325-05:00 [PHASE5B] [OK ] [6.1] PARTS: 230,000/1,551,229 (14.8%) batches=46 elapsed=0.17s
2026-08-25T00:43:44.0704328-05:00 [PHASE5B] [RUN] [6.1] P5B_MINIFIG_MEMBERS / PARTS 230,000/1,551,229 ( 14.8%) batch=47
2026-08-25T00:43:44.2444327-05:00 [PHASE5B] [OK ] [6.1] PARTS: 235,000/1,551,229 (15.1%) batches=47 elapsed=0.18s
2026-08-25T00:43:44.2454323-05:00 [PHASE5B] [RUN] [6.1] P5B_MINIFIG_MEMBERS / PARTS 235,000/1,551,229 ( 15.1%) batch=48
2026-08-25T00:43:44.4164316-05:00 [PHASE5B] [OK ] [6.1] PARTS: 240,000/1,551,229 (15.5%) batches=48 elapsed=0.17s
2026-08-25T00:43:44.4184322-05:00 [PHASE5B] [RUN] [6.1] P5B_MINIFIG_MEMBERS / PARTS 240,000/1,551,229 ( 15.5%) batch=49
2026-08-25T00:43:44.5894324-05:00 [PHASE5B] [OK ] [6.1] PARTS: 245,000/1,551,229 (15.8%) batches=49 elapsed=0.17s
2026-08-25T00:43:44.5904330-05:00 [PHASE5B] [RUN] [6.1] P5B_MINIFIG_MEMBERS / PARTS 245,000/1,551,229 ( 15.8%) batch=50
2026-08-25T00:43:44.7665175-05:00 [PHASE5B] [OK ] [6.1] PARTS: 250,000/1,551,229 (16.1%) batches=50 elapsed=0.18s
2026-08-25T00:43:44.7675197-05:00 [PHASE5B] [RUN] [6.1] P5B_MINIFIG_MEMBERS / PARTS 250,000/1,551,229 ( 16.1%) batch=51
2026-08-25T00:43:44.9415168-05:00 [PHASE5B] [OK ] [6.1] PARTS: 255,000/1,551,229 (16.4%) batches=51 elapsed=0.18s
2026-08-25T00:43:44.9435171-05:00 [PHASE5B] [RUN] [6.1] P5B_MINIFIG_MEMBERS / PARTS 255,000/1,551,229 ( 16.4%) batch=52
2026-08-25T00:43:45.1775218-05:00 [PHASE5B] [OK ] [6.1] PARTS: 260,000/1,551,229 (16.8%) batches=52 elapsed=0.24s
2026-08-25T00:43:45.1785217-05:00 [PHASE5B] [RUN] [6.1] P5B_MINIFIG_MEMBERS / PARTS 260,000/1,551,229 ( 16.8%) batch=53
2026-08-25T00:43:45.3515231-05:00 [PHASE5B] [OK ] [6.1] PARTS: 265,000/1,551,229 (17.1%) batches=53 elapsed=0.17s
2026-08-25T00:43:45.3525258-05:00 [PHASE5B] [RUN] [6.1] P5B_MINIFIG_MEMBERS / PARTS 265,000/1,551,229 ( 17.1%) batch=54
2026-08-25T00:43:45.5315213-05:00 [PHASE5B] [OK ] [6.1] PARTS: 270,000/1,551,229 (17.4%) batches=54 elapsed=0.18s
2026-08-25T00:43:45.5335225-05:00 [PHASE5B] [RUN] [6.1] P5B_MINIFIG_MEMBERS / PARTS 270,000/1,551,229 ( 17.4%) batch=55
2026-08-25T00:43:45.7186401-05:00 [PHASE5B] [OK ] [6.1] PARTS: 275,000/1,551,229 (17.7%) batches=55 elapsed=0.19s
2026-08-25T00:43:45.7196412-05:00 [PHASE5B] [RUN] [6.1] P5B_MINIFIG_MEMBERS / PARTS 275,000/1,551,229 ( 17.7%) batch=56
2026-08-25T00:43:45.8936397-05:00 [PHASE5B] [OK ] [6.1] PARTS: 280,000/1,551,229 (18.1%) batches=56 elapsed=0.18s
2026-08-25T00:43:45.8956402-05:00 [PHASE5B] [RUN] [6.1] P5B_MINIFIG_MEMBERS / PARTS 280,000/1,551,229 ( 18.1%) batch=57
2026-08-25T00:43:46.0676421-05:00 [PHASE5B] [OK ] [6.1] PARTS: 285,000/1,551,229 (18.4%) batches=57 elapsed=0.17s
2026-08-25T00:43:46.0686432-05:00 [PHASE5B] [RUN] [6.1] P5B_MINIFIG_MEMBERS / PARTS 285,000/1,551,229 ( 18.4%) batch=58
2026-08-25T00:43:46.2426408-05:00 [PHASE5B] [OK ] [6.1] PARTS: 290,000/1,551,229 (18.7%) batches=58 elapsed=0.17s
2026-08-25T00:43:46.2436411-05:00 [PHASE5B] [RUN] [6.1] P5B_MINIFIG_MEMBERS / PARTS 290,000/1,551,229 ( 18.7%) batch=59
2026-08-25T00:43:46.4146407-05:00 [PHASE5B] [OK ] [6.1] PARTS: 295,000/1,551,229 (19.0%) batches=59 elapsed=0.17s
2026-08-25T00:43:46.4156399-05:00 [PHASE5B] [RUN] [6.1] P5B_MINIFIG_MEMBERS / PARTS 295,000/1,551,229 ( 19.0%) batch=60
2026-08-25T00:43:46.6126478-05:00 [PHASE5B] [OK ] [6.1] PARTS: 300,000/1,551,229 (19.3%) batches=60 elapsed=0.20s
2026-08-25T00:43:46.6136471-05:00 [PHASE5B] [RUN] [6.1] P5B_MINIFIG_MEMBERS / PARTS 300,000/1,551,229 ( 19.3%) batch=61
2026-08-25T00:43:46.8267608-05:00 [PHASE5B] [OK ] [6.1] PARTS: 305,000/1,551,229 (19.7%) batches=61 elapsed=0.21s
2026-08-25T00:43:46.8277596-05:00 [PHASE5B] [RUN] [6.1] P5B_MINIFIG_MEMBERS / PARTS 305,000/1,551,229 ( 19.7%) batch=62
2026-08-25T00:43:47.0067602-05:00 [PHASE5B] [OK ] [6.1] PARTS: 310,000/1,551,229 (20.0%) batches=62 elapsed=0.18s
2026-08-25T00:43:47.0087615-05:00 [PHASE5B] [RUN] [6.1] P5B_MINIFIG_MEMBERS / PARTS 310,000/1,551,229 ( 20.0%) batch=63
2026-08-25T00:43:47.1797598-05:00 [PHASE5B] [OK ] [6.1] PARTS: 315,000/1,551,229 (20.3%) batches=63 elapsed=0.17s
2026-08-25T00:43:47.1817622-05:00 [PHASE5B] [RUN] [6.1] P5B_MINIFIG_MEMBERS / PARTS 315,000/1,551,229 ( 20.3%) batch=64
2026-08-25T00:43:47.3597599-05:00 [PHASE5B] [OK ] [6.1] PARTS: 320,000/1,551,229 (20.6%) batches=64 elapsed=0.18s
2026-08-25T00:43:47.3607596-05:00 [PHASE5B] [RUN] [6.1] P5B_MINIFIG_MEMBERS / PARTS 320,000/1,551,229 ( 20.6%) batch=65
2026-08-25T00:43:47.5337600-05:00 [PHASE5B] [OK ] [6.1] PARTS: 325,000/1,551,229 (21.0%) batches=65 elapsed=0.17s
2026-08-25T00:43:47.5347595-05:00 [PHASE5B] [RUN] [6.1] P5B_MINIFIG_MEMBERS / PARTS 325,000/1,551,229 ( 21.0%) batch=66
2026-08-25T00:43:47.7178159-05:00 [PHASE5B] [OK ] [6.1] PARTS: 330,000/1,551,229 (21.3%) batches=66 elapsed=0.18s
2026-08-25T00:43:47.7198161-05:00 [PHASE5B] [RUN] [6.1] P5B_MINIFIG_MEMBERS / PARTS 330,000/1,551,229 ( 21.3%) batch=67
2026-08-25T00:43:47.8918169-05:00 [PHASE5B] [OK ] [6.1] PARTS: 335,000/1,551,229 (21.6%) batches=67 elapsed=0.17s
2026-08-25T00:43:47.8928165-05:00 [PHASE5B] [RUN] [6.1] P5B_MINIFIG_MEMBERS / PARTS 335,000/1,551,229 ( 21.6%) batch=68
2026-08-25T00:43:48.0648187-05:00 [PHASE5B] [OK ] [6.1] PARTS: 340,000/1,551,229 (21.9%) batches=68 elapsed=0.17s
2026-08-25T00:43:48.0658182-05:00 [PHASE5B] [RUN] [6.1] P5B_MINIFIG_MEMBERS / PARTS 340,000/1,551,229 ( 21.9%) batch=69
2026-08-25T00:43:48.2378165-05:00 [PHASE5B] [OK ] [6.1] PARTS: 345,000/1,551,229 (22.2%) batches=69 elapsed=0.17s
2026-08-25T00:43:48.2388169-05:00 [PHASE5B] [RUN] [6.1] P5B_MINIFIG_MEMBERS / PARTS 345,000/1,551,229 ( 22.2%) batch=70
2026-08-25T00:43:48.4108161-05:00 [PHASE5B] [OK ] [6.1] PARTS: 350,000/1,551,229 (22.6%) batches=70 elapsed=0.17s
2026-08-25T00:43:48.4128160-05:00 [PHASE5B] [RUN] [6.1] P5B_MINIFIG_MEMBERS / PARTS 350,000/1,551,229 ( 22.6%) batch=71
2026-08-25T00:43:48.5848163-05:00 [PHASE5B] [OK ] [6.1] PARTS: 355,000/1,551,229 (22.9%) batches=71 elapsed=0.17s
2026-08-25T00:43:48.5858159-05:00 [PHASE5B] [RUN] [6.1] P5B_MINIFIG_MEMBERS / PARTS 355,000/1,551,229 ( 22.9%) batch=72
2026-08-25T00:43:48.7599221-05:00 [PHASE5B] [OK ] [6.1] PARTS: 360,000/1,551,229 (23.2%) batches=72 elapsed=0.17s
2026-08-25T00:43:48.7609235-05:00 [PHASE5B] [RUN] [6.1] P5B_MINIFIG_MEMBERS / PARTS 360,000/1,551,229 ( 23.2%) batch=73
2026-08-25T00:43:48.9329242-05:00 [PHASE5B] [OK ] [6.1] PARTS: 365,000/1,551,229 (23.5%) batches=73 elapsed=0.17s
2026-08-25T00:43:48.9339226-05:00 [PHASE5B] [RUN] [6.1] P5B_MINIFIG_MEMBERS / PARTS 365,000/1,551,229 ( 23.5%) batch=74
2026-08-25T00:43:49.1199254-05:00 [PHASE5B] [OK ] [6.1] PARTS: 370,000/1,551,229 (23.9%) batches=74 elapsed=0.19s
2026-08-25T00:43:49.1209293-05:00 [PHASE5B] [RUN] [6.1] P5B_MINIFIG_MEMBERS / PARTS 370,000/1,551,229 ( 23.9%) batch=75
2026-08-25T00:43:49.2939310-05:00 [PHASE5B] [OK ] [6.1] PARTS: 375,000/1,551,229 (24.2%) batches=75 elapsed=0.17s
2026-08-25T00:43:49.2959318-05:00 [PHASE5B] [RUN] [6.1] P5B_MINIFIG_MEMBERS / PARTS 375,000/1,551,229 ( 24.2%) batch=76
2026-08-25T00:43:49.4699331-05:00 [PHASE5B] [OK ] [6.1] PARTS: 380,000/1,551,229 (24.5%) batches=76 elapsed=0.18s
2026-08-25T00:43:49.4709322-05:00 [PHASE5B] [RUN] [6.1] P5B_MINIFIG_MEMBERS / PARTS 380,000/1,551,229 ( 24.5%) batch=77
2026-08-25T00:43:49.6439310-05:00 [PHASE5B] [OK ] [6.1] PARTS: 385,000/1,551,229 (24.8%) batches=77 elapsed=0.17s
2026-08-25T00:43:49.6449292-05:00 [PHASE5B] [RUN] [6.1] P5B_MINIFIG_MEMBERS / PARTS 385,000/1,551,229 ( 24.8%) batch=78
2026-08-25T00:43:49.8200192-05:00 [PHASE5B] [OK ] [6.1] PARTS: 390,000/1,551,229 (25.1%) batches=78 elapsed=0.18s
2026-08-25T00:43:49.8210198-05:00 [PHASE5B] [RUN] [6.1] P5B_MINIFIG_MEMBERS / PARTS 390,000/1,551,229 ( 25.1%) batch=79
2026-08-25T00:43:49.9950203-05:00 [PHASE5B] [OK ] [6.1] PARTS: 395,000/1,551,229 (25.5%) batches=79 elapsed=0.18s
2026-08-25T00:43:49.9960203-05:00 [PHASE5B] [RUN] [6.1] P5B_MINIFIG_MEMBERS / PARTS 395,000/1,551,229 ( 25.5%) batch=80
2026-08-25T00:43:50.1700216-05:00 [PHASE5B] [OK ] [6.1] PARTS: 400,000/1,551,229 (25.8%) batches=80 elapsed=0.17s
2026-08-25T00:43:50.1710200-05:00 [PHASE5B] [RUN] [6.1] P5B_MINIFIG_MEMBERS / PARTS 400,000/1,551,229 ( 25.8%) batch=81
2026-08-25T00:43:50.3480198-05:00 [PHASE5B] [OK ] [6.1] PARTS: 405,000/1,551,229 (26.1%) batches=81 elapsed=0.18s
2026-08-25T00:43:50.3490195-05:00 [PHASE5B] [RUN] [6.1] P5B_MINIFIG_MEMBERS / PARTS 405,000/1,551,229 ( 26.1%) batch=82
2026-08-25T00:43:50.5240195-05:00 [PHASE5B] [OK ] [6.1] PARTS: 410,000/1,551,229 (26.4%) batches=82 elapsed=0.18s
2026-08-25T00:43:50.5250194-05:00 [PHASE5B] [RUN] [6.1] P5B_MINIFIG_MEMBERS / PARTS 410,000/1,551,229 ( 26.4%) batch=83
2026-08-25T00:43:50.7030265-05:00 [PHASE5B] [OK ] [6.1] PARTS: 415,000/1,551,229 (26.8%) batches=83 elapsed=0.18s
2026-08-25T00:43:50.7040266-05:00 [PHASE5B] [RUN] [6.1] P5B_MINIFIG_MEMBERS / PARTS 415,000/1,551,229 ( 26.8%) batch=84
2026-08-25T00:43:50.8830925-05:00 [PHASE5B] [OK ] [6.1] PARTS: 420,000/1,551,229 (27.1%) batches=84 elapsed=0.18s
2026-08-25T00:43:50.8840909-05:00 [PHASE5B] [RUN] [6.1] P5B_MINIFIG_MEMBERS / PARTS 420,000/1,551,229 ( 27.1%) batch=85
2026-08-25T00:43:51.0580895-05:00 [PHASE5B] [OK ] [6.1] PARTS: 425,000/1,551,229 (27.4%) batches=85 elapsed=0.17s
2026-08-25T00:43:51.0590899-05:00 [PHASE5B] [RUN] [6.1] P5B_MINIFIG_MEMBERS / PARTS 425,000/1,551,229 ( 27.4%) batch=86
2026-08-25T00:43:51.2422334-05:00 [PHASE5B] [OK ] [6.1] PARTS: 430,000/1,551,229 (27.7%) batches=86 elapsed=0.18s
2026-08-25T00:43:51.2446192-05:00 [PHASE5B] [RUN] [6.1] P5B_MINIFIG_MEMBERS / PARTS 430,000/1,551,229 ( 27.7%) batch=87
2026-08-25T00:43:51.4146195-05:00 [PHASE5B] [OK ] [6.1] PARTS: 435,000/1,551,229 (28.0%) batches=87 elapsed=0.17s
2026-08-25T00:43:51.4166214-05:00 [PHASE5B] [RUN] [6.1] P5B_MINIFIG_MEMBERS / PARTS 435,000/1,551,229 ( 28.0%) batch=88
2026-08-25T00:43:51.5946198-05:00 [PHASE5B] [OK ] [6.1] PARTS: 440,000/1,551,229 (28.4%) batches=88 elapsed=0.18s
2026-08-25T00:43:51.5956197-05:00 [PHASE5B] [RUN] [6.1] P5B_MINIFIG_MEMBERS / PARTS 440,000/1,551,229 ( 28.4%) batch=89
2026-08-25T00:43:51.7727112-05:00 [PHASE5B] [OK ] [6.1] PARTS: 445,000/1,551,229 (28.7%) batches=89 elapsed=0.18s
2026-08-25T00:43:51.7737114-05:00 [PHASE5B] [RUN] [6.1] P5B_MINIFIG_MEMBERS / PARTS 445,000/1,551,229 ( 28.7%) batch=90
2026-08-25T00:43:51.9827345-05:00 [PHASE5B] [OK ] [6.1] PARTS: 450,000/1,551,229 (29.0%) batches=90 elapsed=0.21s
2026-08-25T00:43:51.9837324-05:00 [PHASE5B] [RUN] [6.1] P5B_MINIFIG_MEMBERS / PARTS 450,000/1,551,229 ( 29.0%) batch=91
2026-08-25T00:43:52.1607339-05:00 [PHASE5B] [OK ] [6.1] PARTS: 455,000/1,551,229 (29.3%) batches=91 elapsed=0.18s
2026-08-25T00:43:52.1617322-05:00 [PHASE5B] [RUN] [6.1] P5B_MINIFIG_MEMBERS / PARTS 455,000/1,551,229 ( 29.3%) batch=92
2026-08-25T00:43:52.3337322-05:00 [PHASE5B] [OK ] [6.1] PARTS: 460,000/1,551,229 (29.7%) batches=92 elapsed=0.17s
2026-08-25T00:43:52.3347322-05:00 [PHASE5B] [RUN] [6.1] P5B_MINIFIG_MEMBERS / PARTS 460,000/1,551,229 ( 29.7%) batch=93
2026-08-25T00:43:52.5067320-05:00 [PHASE5B] [OK ] [6.1] PARTS: 465,000/1,551,229 (30.0%) batches=93 elapsed=0.17s
2026-08-25T00:43:52.5077322-05:00 [PHASE5B] [RUN] [6.1] P5B_MINIFIG_MEMBERS / PARTS 465,000/1,551,229 ( 30.0%) batch=94
2026-08-25T00:43:52.6797324-05:00 [PHASE5B] [OK ] [6.1] PARTS: 470,000/1,551,229 (30.3%) batches=94 elapsed=0.17s
2026-08-25T00:43:52.6807324-05:00 [PHASE5B] [RUN] [6.1] P5B_MINIFIG_MEMBERS / PARTS 470,000/1,551,229 ( 30.3%) batch=95
2026-08-25T00:43:52.8548323-05:00 [PHASE5B] [OK ] [6.1] PARTS: 475,000/1,551,229 (30.6%) batches=95 elapsed=0.17s
2026-08-25T00:43:52.8558318-05:00 [PHASE5B] [RUN] [6.1] P5B_MINIFIG_MEMBERS / PARTS 475,000/1,551,229 ( 30.6%) batch=96
2026-08-25T00:43:53.0258327-05:00 [PHASE5B] [OK ] [6.1] PARTS: 480,000/1,551,229 (30.9%) batches=96 elapsed=0.17s
2026-08-25T00:43:53.0268319-05:00 [PHASE5B] [RUN] [6.1] P5B_MINIFIG_MEMBERS / PARTS 480,000/1,551,229 ( 30.9%) batch=97
2026-08-25T00:43:53.1988341-05:00 [PHASE5B] [OK ] [6.1] PARTS: 485,000/1,551,229 (31.3%) batches=97 elapsed=0.17s
2026-08-25T00:43:53.1998321-05:00 [PHASE5B] [RUN] [6.1] P5B_MINIFIG_MEMBERS / PARTS 485,000/1,551,229 ( 31.3%) batch=98
2026-08-25T00:43:53.3758326-05:00 [PHASE5B] [OK ] [6.1] PARTS: 490,000/1,551,229 (31.6%) batches=98 elapsed=0.18s
2026-08-25T00:43:53.3768322-05:00 [PHASE5B] [RUN] [6.1] P5B_MINIFIG_MEMBERS / PARTS 490,000/1,551,229 ( 31.6%) batch=99
2026-08-25T00:43:53.5508320-05:00 [PHASE5B] [OK ] [6.1] PARTS: 495,000/1,551,229 (31.9%) batches=99 elapsed=0.17s
2026-08-25T00:43:53.5518324-05:00 [PHASE5B] [RUN] [6.1] P5B_MINIFIG_MEMBERS / PARTS 495,000/1,551,229 ( 31.9%) batch=100
2026-08-25T00:43:53.7288330-05:00 [PHASE5B] [OK ] [6.1] PARTS: 500,000/1,551,229 (32.2%) batches=100 elapsed=0.18s
2026-08-25T00:43:53.7298318-05:00 [PHASE5B] [RUN] [6.1] P5B_MINIFIG_MEMBERS / PARTS 500,000/1,551,229 ( 32.2%) batch=101
2026-08-25T00:43:53.9059427-05:00 [PHASE5B] [OK ] [6.1] PARTS: 505,000/1,551,229 (32.6%) batches=101 elapsed=0.18s
2026-08-25T00:43:53.9069413-05:00 [PHASE5B] [RUN] [6.1] P5B_MINIFIG_MEMBERS / PARTS 505,000/1,551,229 ( 32.6%) batch=102
2026-08-25T00:43:54.0829414-05:00 [PHASE5B] [OK ] [6.1] PARTS: 510,000/1,551,229 (32.9%) batches=102 elapsed=0.18s
2026-08-25T00:43:54.0839414-05:00 [PHASE5B] [RUN] [6.1] P5B_MINIFIG_MEMBERS / PARTS 510,000/1,551,229 ( 32.9%) batch=103
2026-08-25T00:43:54.2619439-05:00 [PHASE5B] [OK ] [6.1] PARTS: 515,000/1,551,229 (33.2%) batches=103 elapsed=0.18s
2026-08-25T00:43:54.2639410-05:00 [PHASE5B] [RUN] [6.1] P5B_MINIFIG_MEMBERS / PARTS 515,000/1,551,229 ( 33.2%) batch=104
2026-08-25T00:43:54.4429411-05:00 [PHASE5B] [OK ] [6.1] PARTS: 520,000/1,551,229 (33.5%) batches=104 elapsed=0.18s
2026-08-25T00:43:54.4439441-05:00 [PHASE5B] [RUN] [6.1] P5B_MINIFIG_MEMBERS / PARTS 520,000/1,551,229 ( 33.5%) batch=105
2026-08-25T00:43:54.6379417-05:00 [PHASE5B] [OK ] [6.1] PARTS: 525,000/1,551,229 (33.8%) batches=105 elapsed=0.19s
2026-08-25T00:43:54.6389418-05:00 [PHASE5B] [RUN] [6.1] P5B_MINIFIG_MEMBERS / PARTS 525,000/1,551,229 ( 33.8%) batch=106
2026-08-25T00:43:54.8183317-05:00 [PHASE5B] [OK ] [6.1] PARTS: 530,000/1,551,229 (34.2%) batches=106 elapsed=0.18s
2026-08-25T00:43:54.8193303-05:00 [PHASE5B] [RUN] [6.1] P5B_MINIFIG_MEMBERS / PARTS 530,000/1,551,229 ( 34.2%) batch=107
2026-08-25T00:43:54.9923305-05:00 [PHASE5B] [OK ] [6.1] PARTS: 535,000/1,551,229 (34.5%) batches=107 elapsed=0.17s
2026-08-25T00:43:54.9933308-05:00 [PHASE5B] [RUN] [6.1] P5B_MINIFIG_MEMBERS / PARTS 535,000/1,551,229 ( 34.5%) batch=108
2026-08-25T00:43:55.1673301-05:00 [PHASE5B] [OK ] [6.1] PARTS: 540,000/1,551,229 (34.8%) batches=108 elapsed=0.18s
2026-08-25T00:43:55.1683301-05:00 [PHASE5B] [RUN] [6.1] P5B_MINIFIG_MEMBERS / PARTS 540,000/1,551,229 ( 34.8%) batch=109
2026-08-25T00:43:55.3413304-05:00 [PHASE5B] [OK ] [6.1] PARTS: 545,000/1,551,229 (35.1%) batches=109 elapsed=0.17s
2026-08-25T00:43:55.3423302-05:00 [PHASE5B] [RUN] [6.1] P5B_MINIFIG_MEMBERS / PARTS 545,000/1,551,229 ( 35.1%) batch=110
2026-08-25T00:43:55.5153307-05:00 [PHASE5B] [OK ] [6.1] PARTS: 550,000/1,551,229 (35.5%) batches=110 elapsed=0.17s
2026-08-25T00:43:55.5163307-05:00 [PHASE5B] [RUN] [6.1] P5B_MINIFIG_MEMBERS / PARTS 550,000/1,551,229 ( 35.5%) batch=111
2026-08-25T00:43:55.6903321-05:00 [PHASE5B] [OK ] [6.1] PARTS: 555,000/1,551,229 (35.8%) batches=111 elapsed=0.17s
2026-08-25T00:43:55.6913304-05:00 [PHASE5B] [RUN] [6.1] P5B_MINIFIG_MEMBERS / PARTS 555,000/1,551,229 ( 35.8%) batch=112
2026-08-25T00:43:55.8644058-05:00 [PHASE5B] [OK ] [6.1] PARTS: 560,000/1,551,229 (36.1%) batches=112 elapsed=0.17s
2026-08-25T00:43:55.8664067-05:00 [PHASE5B] [RUN] [6.1] P5B_MINIFIG_MEMBERS / PARTS 560,000/1,551,229 ( 36.1%) batch=113
2026-08-25T00:43:56.0364073-05:00 [PHASE5B] [OK ] [6.1] PARTS: 565,000/1,551,229 (36.4%) batches=113 elapsed=0.17s
2026-08-25T00:43:56.0374051-05:00 [PHASE5B] [RUN] [6.1] P5B_MINIFIG_MEMBERS / PARTS 565,000/1,551,229 ( 36.4%) batch=114
2026-08-25T00:43:56.2084047-05:00 [PHASE5B] [OK ] [6.1] PARTS: 570,000/1,551,229 (36.7%) batches=114 elapsed=0.17s
2026-08-25T00:43:56.2094050-05:00 [PHASE5B] [RUN] [6.1] P5B_MINIFIG_MEMBERS / PARTS 570,000/1,551,229 ( 36.7%) batch=115
2026-08-25T00:43:56.3814069-05:00 [PHASE5B] [OK ] [6.1] PARTS: 575,000/1,551,229 (37.1%) batches=115 elapsed=0.17s
2026-08-25T00:43:56.3824050-05:00 [PHASE5B] [RUN] [6.1] P5B_MINIFIG_MEMBERS / PARTS 575,000/1,551,229 ( 37.1%) batch=116
2026-08-25T00:43:56.5554056-05:00 [PHASE5B] [OK ] [6.1] PARTS: 580,000/1,551,229 (37.4%) batches=116 elapsed=0.17s
2026-08-25T00:43:56.5564053-05:00 [PHASE5B] [RUN] [6.1] P5B_MINIFIG_MEMBERS / PARTS 580,000/1,551,229 ( 37.4%) batch=117
2026-08-25T00:43:56.7304052-05:00 [PHASE5B] [OK ] [6.1] PARTS: 585,000/1,551,229 (37.7%) batches=117 elapsed=0.17s
2026-08-25T00:43:56.7314050-05:00 [PHASE5B] [RUN] [6.1] P5B_MINIFIG_MEMBERS / PARTS 585,000/1,551,229 ( 37.7%) batch=118
2026-08-25T00:43:56.9025251-05:00 [PHASE5B] [OK ] [6.1] PARTS: 590,000/1,551,229 (38.0%) batches=118 elapsed=0.17s
2026-08-25T00:43:56.9035250-05:00 [PHASE5B] [RUN] [6.1] P5B_MINIFIG_MEMBERS / PARTS 590,000/1,551,229 ( 38.0%) batch=119
2026-08-25T00:43:57.0745251-05:00 [PHASE5B] [OK ] [6.1] PARTS: 595,000/1,551,229 (38.4%) batches=119 elapsed=0.17s
2026-08-25T00:43:57.0755247-05:00 [PHASE5B] [RUN] [6.1] P5B_MINIFIG_MEMBERS / PARTS 595,000/1,551,229 ( 38.4%) batch=120
2026-08-25T00:43:57.2495252-05:00 [PHASE5B] [OK ] [6.1] PARTS: 600,000/1,551,229 (38.7%) batches=120 elapsed=0.17s
2026-08-25T00:43:57.2505252-05:00 [PHASE5B] [RUN] [6.1] P5B_MINIFIG_MEMBERS / PARTS 600,000/1,551,229 ( 38.7%) batch=121
2026-08-25T00:43:57.4285254-05:00 [PHASE5B] [OK ] [6.1] PARTS: 605,000/1,551,229 (39.0%) batches=121 elapsed=0.18s
2026-08-25T00:43:57.4305268-05:00 [PHASE5B] [RUN] [6.1] P5B_MINIFIG_MEMBERS / PARTS 605,000/1,551,229 ( 39.0%) batch=122
2026-08-25T00:43:57.6135273-05:00 [PHASE5B] [OK ] [6.1] PARTS: 610,000/1,551,229 (39.3%) batches=122 elapsed=0.18s
2026-08-25T00:43:57.6145246-05:00 [PHASE5B] [RUN] [6.1] P5B_MINIFIG_MEMBERS / PARTS 610,000/1,551,229 ( 39.3%) batch=123
2026-08-25T00:43:57.7886236-05:00 [PHASE5B] [OK ] [6.1] PARTS: 615,000/1,551,229 (39.6%) batches=123 elapsed=0.17s
2026-08-25T00:43:57.7896253-05:00 [PHASE5B] [RUN] [6.1] P5B_MINIFIG_MEMBERS / PARTS 615,000/1,551,229 ( 39.6%) batch=124
2026-08-25T00:43:57.9616236-05:00 [PHASE5B] [OK ] [6.1] PARTS: 620,000/1,551,229 (40.0%) batches=124 elapsed=0.17s
2026-08-25T00:43:57.9626233-05:00 [PHASE5B] [RUN] [6.1] P5B_MINIFIG_MEMBERS / PARTS 620,000/1,551,229 ( 40.0%) batch=125
2026-08-25T00:43:58.1326236-05:00 [PHASE5B] [OK ] [6.1] PARTS: 625,000/1,551,229 (40.3%) batches=125 elapsed=0.17s
2026-08-25T00:43:58.1336254-05:00 [PHASE5B] [RUN] [6.1] P5B_MINIFIG_MEMBERS / PARTS 625,000/1,551,229 ( 40.3%) batch=126
2026-08-25T00:43:58.3056240-05:00 [PHASE5B] [OK ] [6.1] PARTS: 630,000/1,551,229 (40.6%) batches=126 elapsed=0.17s
2026-08-25T00:43:58.3066235-05:00 [PHASE5B] [RUN] [6.1] P5B_MINIFIG_MEMBERS / PARTS 630,000/1,551,229 ( 40.6%) batch=127
2026-08-25T00:43:58.4796245-05:00 [PHASE5B] [OK ] [6.1] PARTS: 635,000/1,551,229 (40.9%) batches=127 elapsed=0.17s
2026-08-25T00:43:58.4806233-05:00 [PHASE5B] [RUN] [6.1] P5B_MINIFIG_MEMBERS / PARTS 635,000/1,551,229 ( 40.9%) batch=128
2026-08-25T00:43:58.6526250-05:00 [PHASE5B] [OK ] [6.1] PARTS: 640,000/1,551,229 (41.3%) batches=128 elapsed=0.17s
2026-08-25T00:43:58.6536245-05:00 [PHASE5B] [RUN] [6.1] P5B_MINIFIG_MEMBERS / PARTS 640,000/1,551,229 ( 41.3%) batch=129
2026-08-25T00:43:58.8270471-05:00 [PHASE5B] [OK ] [6.1] PARTS: 645,000/1,551,229 (41.6%) batches=129 elapsed=0.17s
2026-08-25T00:43:58.8290470-05:00 [PHASE5B] [RUN] [6.1] P5B_MINIFIG_MEMBERS / PARTS 645,000/1,551,229 ( 41.6%) batch=130
2026-08-25T00:43:59.0020503-05:00 [PHASE5B] [OK ] [6.1] PARTS: 650,000/1,551,229 (41.9%) batches=130 elapsed=0.17s
2026-08-25T00:43:59.0030467-05:00 [PHASE5B] [RUN] [6.1] P5B_MINIFIG_MEMBERS / PARTS 650,000/1,551,229 ( 41.9%) batch=131
2026-08-25T00:43:59.1760468-05:00 [PHASE5B] [OK ] [6.1] PARTS: 655,000/1,551,229 (42.2%) batches=131 elapsed=0.17s
2026-08-25T00:43:59.1770489-05:00 [PHASE5B] [RUN] [6.1] P5B_MINIFIG_MEMBERS / PARTS 655,000/1,551,229 ( 42.2%) batch=132
2026-08-25T00:43:59.3490465-05:00 [PHASE5B] [OK ] [6.1] PARTS: 660,000/1,551,229 (42.5%) batches=132 elapsed=0.17s
2026-08-25T00:43:59.3500469-05:00 [PHASE5B] [RUN] [6.1] P5B_MINIFIG_MEMBERS / PARTS 660,000/1,551,229 ( 42.5%) batch=133
2026-08-25T00:43:59.5230474-05:00 [PHASE5B] [OK ] [6.1] PARTS: 665,000/1,551,229 (42.9%) batches=133 elapsed=0.17s
2026-08-25T00:43:59.5240475-05:00 [PHASE5B] [RUN] [6.1] P5B_MINIFIG_MEMBERS / PARTS 665,000/1,551,229 ( 42.9%) batch=134
2026-08-25T00:43:59.6980454-05:00 [PHASE5B] [OK ] [6.1] PARTS: 670,000/1,551,229 (43.2%) batches=134 elapsed=0.18s
2026-08-25T00:43:59.6990468-05:00 [PHASE5B] [RUN] [6.1] P5B_MINIFIG_MEMBERS / PARTS 670,000/1,551,229 ( 43.2%) batch=135
2026-08-25T00:43:59.8721302-05:00 [PHASE5B] [OK ] [6.1] PARTS: 675,000/1,551,229 (43.5%) batches=135 elapsed=0.17s
2026-08-25T00:43:59.8731305-05:00 [PHASE5B] [RUN] [6.1] P5B_MINIFIG_MEMBERS / PARTS 675,000/1,551,229 ( 43.5%) batch=136
2026-08-25T00:44:00.0481299-05:00 [PHASE5B] [OK ] [6.1] PARTS: 680,000/1,551,229 (43.8%) batches=136 elapsed=0.18s
2026-08-25T00:44:00.0491298-05:00 [PHASE5B] [RUN] [6.1] P5B_MINIFIG_MEMBERS / PARTS 680,000/1,551,229 ( 43.8%) batch=137
2026-08-25T00:44:00.2261306-05:00 [PHASE5B] [OK ] [6.1] PARTS: 685,000/1,551,229 (44.2%) batches=137 elapsed=0.18s
2026-08-25T00:44:00.2281299-05:00 [PHASE5B] [RUN] [6.1] P5B_MINIFIG_MEMBERS / PARTS 685,000/1,551,229 ( 44.2%) batch=138
2026-08-25T00:44:00.4041300-05:00 [PHASE5B] [OK ] [6.1] PARTS: 690,000/1,551,229 (44.5%) batches=138 elapsed=0.18s
2026-08-25T00:44:00.4051313-05:00 [PHASE5B] [RUN] [6.1] P5B_MINIFIG_MEMBERS / PARTS 690,000/1,551,229 ( 44.5%) batch=139
2026-08-25T00:44:00.5831323-05:00 [PHASE5B] [OK ] [6.1] PARTS: 695,000/1,551,229 (44.8%) batches=139 elapsed=0.18s
2026-08-25T00:44:00.5841304-05:00 [PHASE5B] [RUN] [6.1] P5B_MINIFIG_MEMBERS / PARTS 695,000/1,551,229 ( 44.8%) batch=140
2026-08-25T00:44:00.7591312-05:00 [PHASE5B] [OK ] [6.1] PARTS: 700,000/1,551,229 (45.1%) batches=140 elapsed=0.18s
2026-08-25T00:44:00.7611298-05:00 [PHASE5B] [RUN] [6.1] P5B_MINIFIG_MEMBERS / PARTS 700,000/1,551,229 ( 45.1%) batch=141
2026-08-25T00:44:00.9342095-05:00 [PHASE5B] [OK ] [6.1] PARTS: 705,000/1,551,229 (45.4%) batches=141 elapsed=0.17s
2026-08-25T00:44:00.9362094-05:00 [PHASE5B] [RUN] [6.1] P5B_MINIFIG_MEMBERS / PARTS 705,000/1,551,229 ( 45.4%) batch=142
2026-08-25T00:44:01.1082098-05:00 [PHASE5B] [OK ] [6.1] PARTS: 710,000/1,551,229 (45.8%) batches=142 elapsed=0.17s
2026-08-25T00:44:01.1092110-05:00 [PHASE5B] [RUN] [6.1] P5B_MINIFIG_MEMBERS / PARTS 710,000/1,551,229 ( 45.8%) batch=143
2026-08-25T00:44:01.2812096-05:00 [PHASE5B] [OK ] [6.1] PARTS: 715,000/1,551,229 (46.1%) batches=143 elapsed=0.17s
2026-08-25T00:44:01.2822103-05:00 [PHASE5B] [RUN] [6.1] P5B_MINIFIG_MEMBERS / PARTS 715,000/1,551,229 ( 46.1%) batch=144
2026-08-25T00:44:01.4632092-05:00 [PHASE5B] [OK ] [6.1] PARTS: 720,000/1,551,229 (46.4%) batches=144 elapsed=0.18s
2026-08-25T00:44:01.4642091-05:00 [PHASE5B] [RUN] [6.1] P5B_MINIFIG_MEMBERS / PARTS 720,000/1,551,229 ( 46.4%) batch=145
2026-08-25T00:44:01.6362100-05:00 [PHASE5B] [OK ] [6.1] PARTS: 725,000/1,551,229 (46.7%) batches=145 elapsed=0.17s
2026-08-25T00:44:01.6372123-05:00 [PHASE5B] [RUN] [6.1] P5B_MINIFIG_MEMBERS / PARTS 725,000/1,551,229 ( 46.7%) batch=146
2026-08-25T00:44:01.8107200-05:00 [PHASE5B] [OK ] [6.1] PARTS: 730,000/1,551,229 (47.1%) batches=146 elapsed=0.17s
2026-08-25T00:44:01.8117201-05:00 [PHASE5B] [RUN] [6.1] P5B_MINIFIG_MEMBERS / PARTS 730,000/1,551,229 ( 47.1%) batch=147
2026-08-25T00:44:01.9843010-05:00 [PHASE5B] [OK ] [6.1] PARTS: 735,000/1,551,229 (47.4%) batches=147 elapsed=0.17s
2026-08-25T00:44:01.9853018-05:00 [PHASE5B] [RUN] [6.1] P5B_MINIFIG_MEMBERS / PARTS 735,000/1,551,229 ( 47.4%) batch=148
2026-08-25T00:44:02.1573051-05:00 [PHASE5B] [OK ] [6.1] PARTS: 740,000/1,551,229 (47.7%) batches=148 elapsed=0.17s
2026-08-25T00:44:02.1583016-05:00 [PHASE5B] [RUN] [6.1] P5B_MINIFIG_MEMBERS / PARTS 740,000/1,551,229 ( 47.7%) batch=149
2026-08-25T00:44:02.3313029-05:00 [PHASE5B] [OK ] [6.1] PARTS: 745,000/1,551,229 (48.0%) batches=149 elapsed=0.17s
2026-08-25T00:44:02.3323015-05:00 [PHASE5B] [RUN] [6.1] P5B_MINIFIG_MEMBERS / PARTS 745,000/1,551,229 ( 48.0%) batch=150
2026-08-25T00:44:02.5023013-05:00 [PHASE5B] [OK ] [6.1] PARTS: 750,000/1,551,229 (48.3%) batches=150 elapsed=0.17s
2026-08-25T00:44:02.5033013-05:00 [PHASE5B] [RUN] [6.1] P5B_MINIFIG_MEMBERS / PARTS 750,000/1,551,229 ( 48.3%) batch=151
2026-08-25T00:44:02.6883038-05:00 [PHASE5B] [OK ] [6.1] PARTS: 755,000/1,551,229 (48.7%) batches=151 elapsed=0.19s
2026-08-25T00:44:02.6893024-05:00 [PHASE5B] [RUN] [6.1] P5B_MINIFIG_MEMBERS / PARTS 755,000/1,551,229 ( 48.7%) batch=152
2026-08-25T00:44:02.8643934-05:00 [PHASE5B] [OK ] [6.1] PARTS: 760,000/1,551,229 (49.0%) batches=152 elapsed=0.18s
2026-08-25T00:44:02.8653930-05:00 [PHASE5B] [RUN] [6.1] P5B_MINIFIG_MEMBERS / PARTS 760,000/1,551,229 ( 49.0%) batch=153
2026-08-25T00:44:03.0593982-05:00 [PHASE5B] [OK ] [6.1] PARTS: 765,000/1,551,229 (49.3%) batches=153 elapsed=0.20s
2026-08-25T00:44:03.0613932-05:00 [PHASE5B] [RUN] [6.1] P5B_MINIFIG_MEMBERS / PARTS 765,000/1,551,229 ( 49.3%) batch=154
2026-08-25T00:44:03.5315904-05:00 [PHASE5B] [OK ] [6.1] PARTS: 770,000/1,551,229 (49.6%) batches=154 elapsed=0.47s
2026-08-25T00:44:03.5325916-05:00 [PHASE5B] [RUN] [6.1] P5B_MINIFIG_MEMBERS / PARTS 770,000/1,551,229 ( 49.6%) batch=155
2026-08-25T00:44:04.0503339-05:00 [PHASE5B] [OK ] [6.1] PARTS: 775,000/1,551,229 (50.0%) batches=155 elapsed=0.52s
2026-08-25T00:44:04.0513331-05:00 [PHASE5B] [RUN] [6.1] P5B_MINIFIG_MEMBERS / PARTS 775,000/1,551,229 ( 50.0%) batch=156
2026-08-25T00:44:04.5123433-05:00 [PHASE5B] [OK ] [6.1] PARTS: 780,000/1,551,229 (50.3%) batches=156 elapsed=0.46s
2026-08-25T00:44:04.5133391-05:00 [PHASE5B] [RUN] [6.1] P5B_MINIFIG_MEMBERS / PARTS 780,000/1,551,229 ( 50.3%) batch=157
2026-08-25T00:44:04.9392264-05:00 [PHASE5B] [OK ] [6.1] PARTS: 785,000/1,551,229 (50.6%) batches=157 elapsed=0.43s
2026-08-25T00:44:04.9402261-05:00 [PHASE5B] [RUN] [6.1] P5B_MINIFIG_MEMBERS / PARTS 785,000/1,551,229 ( 50.6%) batch=158
2026-08-25T00:44:05.2852270-05:00 [PHASE5B] [OK ] [6.1] PARTS: 790,000/1,551,229 (50.9%) batches=158 elapsed=0.35s
2026-08-25T00:44:05.2862307-05:00 [PHASE5B] [RUN] [6.1] P5B_MINIFIG_MEMBERS / PARTS 790,000/1,551,229 ( 50.9%) batch=159
2026-08-25T00:44:05.7256697-05:00 [PHASE5B] [OK ] [6.1] PARTS: 795,000/1,551,229 (51.2%) batches=159 elapsed=0.44s
2026-08-25T00:44:05.7266696-05:00 [PHASE5B] [RUN] [6.1] P5B_MINIFIG_MEMBERS / PARTS 795,000/1,551,229 ( 51.2%) batch=160
2026-08-25T00:44:05.9677473-05:00 [PHASE5B] [OK ] [6.1] PARTS: 800,000/1,551,229 (51.6%) batches=160 elapsed=0.24s
2026-08-25T00:44:05.9687482-05:00 [PHASE5B] [RUN] [6.1] P5B_MINIFIG_MEMBERS / PARTS 800,000/1,551,229 ( 51.6%) batch=161
2026-08-25T00:44:06.1857470-05:00 [PHASE5B] [OK ] [6.1] PARTS: 805,000/1,551,229 (51.9%) batches=161 elapsed=0.22s
2026-08-25T00:44:06.1867468-05:00 [PHASE5B] [RUN] [6.1] P5B_MINIFIG_MEMBERS / PARTS 805,000/1,551,229 ( 51.9%) batch=162
2026-08-25T00:44:06.5875684-05:00 [PHASE5B] [OK ] [6.1] PARTS: 810,000/1,551,229 (52.2%) batches=162 elapsed=0.40s
2026-08-25T00:44:06.5885658-05:00 [PHASE5B] [RUN] [6.1] P5B_MINIFIG_MEMBERS / PARTS 810,000/1,551,229 ( 52.2%) batch=163
2026-08-25T00:44:07.0984058-05:00 [PHASE5B] [OK ] [6.1] PARTS: 815,000/1,551,229 (52.5%) batches=163 elapsed=0.51s
2026-08-25T00:44:07.0994044-05:00 [PHASE5B] [RUN] [6.1] P5B_MINIFIG_MEMBERS / PARTS 815,000/1,551,229 ( 52.5%) batch=164
2026-08-25T00:44:07.3634048-05:00 [PHASE5B] [OK ] [6.1] PARTS: 820,000/1,551,229 (52.9%) batches=164 elapsed=0.26s
2026-08-25T00:44:07.3644041-05:00 [PHASE5B] [RUN] [6.1] P5B_MINIFIG_MEMBERS / PARTS 820,000/1,551,229 ( 52.9%) batch=165
2026-08-25T00:44:07.7080438-05:00 [PHASE5B] [OK ] [6.1] PARTS: 825,000/1,551,229 (53.2%) batches=165 elapsed=0.34s
2026-08-25T00:44:07.7090428-05:00 [PHASE5B] [RUN] [6.1] P5B_MINIFIG_MEMBERS / PARTS 825,000/1,551,229 ( 53.2%) batch=166
2026-08-25T00:44:08.1321049-05:00 [PHASE5B] [OK ] [6.1] PARTS: 830,000/1,551,229 (53.5%) batches=166 elapsed=0.42s
2026-08-25T00:44:08.1341049-05:00 [PHASE5B] [RUN] [6.1] P5B_MINIFIG_MEMBERS / PARTS 830,000/1,551,229 ( 53.5%) batch=167
2026-08-25T00:44:08.4081069-05:00 [PHASE5B] [OK ] [6.1] PARTS: 835,000/1,551,229 (53.8%) batches=167 elapsed=0.28s
2026-08-25T00:44:08.4091103-05:00 [PHASE5B] [RUN] [6.1] P5B_MINIFIG_MEMBERS / PARTS 835,000/1,551,229 ( 53.8%) batch=168
2026-08-25T00:44:08.6151104-05:00 [PHASE5B] [OK ] [6.1] PARTS: 840,000/1,551,229 (54.2%) batches=168 elapsed=0.21s
2026-08-25T00:44:08.6161138-05:00 [PHASE5B] [RUN] [6.1] P5B_MINIFIG_MEMBERS / PARTS 840,000/1,551,229 ( 54.2%) batch=169
2026-08-25T00:44:08.8361103-05:00 [PHASE5B] [OK ] [6.1] PARTS: 845,000/1,551,229 (54.5%) batches=169 elapsed=0.22s
2026-08-25T00:44:08.8371103-05:00 [PHASE5B] [RUN] [6.1] P5B_MINIFIG_MEMBERS / PARTS 845,000/1,551,229 ( 54.5%) batch=170
2026-08-25T00:44:09.0771956-05:00 [PHASE5B] [OK ] [6.1] PARTS: 850,000/1,551,229 (54.8%) batches=170 elapsed=0.24s
2026-08-25T00:44:09.0791956-05:00 [PHASE5B] [RUN] [6.1] P5B_MINIFIG_MEMBERS / PARTS 850,000/1,551,229 ( 54.8%) batch=171
2026-08-25T00:44:09.3061966-05:00 [PHASE5B] [OK ] [6.1] PARTS: 855,000/1,551,229 (55.1%) batches=171 elapsed=0.23s
2026-08-25T00:44:09.3071979-05:00 [PHASE5B] [RUN] [6.1] P5B_MINIFIG_MEMBERS / PARTS 855,000/1,551,229 ( 55.1%) batch=172
2026-08-25T00:44:09.4991969-05:00 [PHASE5B] [OK ] [6.1] PARTS: 860,000/1,551,229 (55.4%) batches=172 elapsed=0.19s
2026-08-25T00:44:09.5001972-05:00 [PHASE5B] [RUN] [6.1] P5B_MINIFIG_MEMBERS / PARTS 860,000/1,551,229 ( 55.4%) batch=173
2026-08-25T00:44:10.0263145-05:00 [PHASE5B] [OK ] [6.1] PARTS: 865,000/1,551,229 (55.8%) batches=173 elapsed=0.53s
2026-08-25T00:44:10.0273153-05:00 [PHASE5B] [RUN] [6.1] P5B_MINIFIG_MEMBERS / PARTS 865,000/1,551,229 ( 55.8%) batch=174
2026-08-25T00:44:10.2103146-05:00 [PHASE5B] [OK ] [6.1] PARTS: 870,000/1,551,229 (56.1%) batches=174 elapsed=0.18s
2026-08-25T00:44:10.2113154-05:00 [PHASE5B] [RUN] [6.1] P5B_MINIFIG_MEMBERS / PARTS 870,000/1,551,229 ( 56.1%) batch=175
2026-08-25T00:44:10.4053147-05:00 [PHASE5B] [OK ] [6.1] PARTS: 875,000/1,551,229 (56.4%) batches=175 elapsed=0.19s
2026-08-25T00:44:10.4063166-05:00 [PHASE5B] [RUN] [6.1] P5B_MINIFIG_MEMBERS / PARTS 875,000/1,551,229 ( 56.4%) batch=176
2026-08-25T00:44:10.6073168-05:00 [PHASE5B] [OK ] [6.1] PARTS: 880,000/1,551,229 (56.7%) batches=176 elapsed=0.20s
2026-08-25T00:44:10.6083163-05:00 [PHASE5B] [RUN] [6.1] P5B_MINIFIG_MEMBERS / PARTS 880,000/1,551,229 ( 56.7%) batch=177
2026-08-25T00:44:10.8113152-05:00 [PHASE5B] [OK ] [6.1] PARTS: 885,000/1,551,229 (57.1%) batches=177 elapsed=0.20s
2026-08-25T00:44:10.8123148-05:00 [PHASE5B] [RUN] [6.1] P5B_MINIFIG_MEMBERS / PARTS 885,000/1,551,229 ( 57.1%) batch=178
2026-08-25T00:44:11.0594208-05:00 [PHASE5B] [OK ] [6.1] PARTS: 890,000/1,551,229 (57.4%) batches=178 elapsed=0.25s
2026-08-25T00:44:11.0604218-05:00 [PHASE5B] [RUN] [6.1] P5B_MINIFIG_MEMBERS / PARTS 890,000/1,551,229 ( 57.4%) batch=179
2026-08-25T00:44:11.2554195-05:00 [PHASE5B] [OK ] [6.1] PARTS: 895,000/1,551,229 (57.7%) batches=179 elapsed=0.20s
2026-08-25T00:44:11.2564230-05:00 [PHASE5B] [RUN] [6.1] P5B_MINIFIG_MEMBERS / PARTS 895,000/1,551,229 ( 57.7%) batch=180
2026-08-25T00:44:11.4824201-05:00 [PHASE5B] [OK ] [6.1] PARTS: 900,000/1,551,229 (58.0%) batches=180 elapsed=0.23s
2026-08-25T00:44:11.4834201-05:00 [PHASE5B] [RUN] [6.1] P5B_MINIFIG_MEMBERS / PARTS 900,000/1,551,229 ( 58.0%) batch=181
2026-08-25T00:44:11.6684209-05:00 [PHASE5B] [OK ] [6.1] PARTS: 905,000/1,551,229 (58.3%) batches=181 elapsed=0.19s
2026-08-25T00:44:11.6704210-05:00 [PHASE5B] [RUN] [6.1] P5B_MINIFIG_MEMBERS / PARTS 905,000/1,551,229 ( 58.3%) batch=182
2026-08-25T00:44:11.8661204-05:00 [PHASE5B] [OK ] [6.1] PARTS: 910,000/1,551,229 (58.7%) batches=182 elapsed=0.20s
2026-08-25T00:44:11.8671196-05:00 [PHASE5B] [RUN] [6.1] P5B_MINIFIG_MEMBERS / PARTS 910,000/1,551,229 ( 58.7%) batch=183
2026-08-25T00:44:12.0571953-05:00 [PHASE5B] [OK ] [6.1] PARTS: 915,000/1,551,229 (59.0%) batches=183 elapsed=0.19s
2026-08-25T00:44:12.0581952-05:00 [PHASE5B] [RUN] [6.1] P5B_MINIFIG_MEMBERS / PARTS 915,000/1,551,229 ( 59.0%) batch=184
2026-08-25T00:44:12.2311958-05:00 [PHASE5B] [OK ] [6.1] PARTS: 920,000/1,551,229 (59.3%) batches=184 elapsed=0.17s
2026-08-25T00:44:12.2321947-05:00 [PHASE5B] [RUN] [6.1] P5B_MINIFIG_MEMBERS / PARTS 920,000/1,551,229 ( 59.3%) batch=185
2026-08-25T00:44:12.4121973-05:00 [PHASE5B] [OK ] [6.1] PARTS: 925,000/1,551,229 (59.6%) batches=185 elapsed=0.18s
2026-08-25T00:44:12.4131965-05:00 [PHASE5B] [RUN] [6.1] P5B_MINIFIG_MEMBERS / PARTS 925,000/1,551,229 ( 59.6%) batch=186
2026-08-25T00:44:12.6341954-05:00 [PHASE5B] [OK ] [6.1] PARTS: 930,000/1,551,229 (60.0%) batches=186 elapsed=0.22s
2026-08-25T00:44:12.6361952-05:00 [PHASE5B] [RUN] [6.1] P5B_MINIFIG_MEMBERS / PARTS 930,000/1,551,229 ( 60.0%) batch=187
2026-08-25T00:44:12.8361954-05:00 [PHASE5B] [OK ] [6.1] PARTS: 935,000/1,551,229 (60.3%) batches=187 elapsed=0.20s
2026-08-25T00:44:12.8381951-05:00 [PHASE5B] [RUN] [6.1] P5B_MINIFIG_MEMBERS / PARTS 935,000/1,551,229 ( 60.3%) batch=188
2026-08-25T00:44:13.0226495-05:00 [PHASE5B] [OK ] [6.1] PARTS: 940,000/1,551,229 (60.6%) batches=188 elapsed=0.19s
2026-08-25T00:44:13.0236482-05:00 [PHASE5B] [RUN] [6.1] P5B_MINIFIG_MEMBERS / PARTS 940,000/1,551,229 ( 60.6%) batch=189
2026-08-25T00:44:13.2496543-05:00 [PHASE5B] [OK ] [6.1] PARTS: 945,000/1,551,229 (60.9%) batches=189 elapsed=0.23s
2026-08-25T00:44:13.2506551-05:00 [PHASE5B] [RUN] [6.1] P5B_MINIFIG_MEMBERS / PARTS 945,000/1,551,229 ( 60.9%) batch=190
2026-08-25T00:44:13.4506550-05:00 [PHASE5B] [OK ] [6.1] PARTS: 950,000/1,551,229 (61.2%) batches=190 elapsed=0.20s
2026-08-25T00:44:13.4516540-05:00 [PHASE5B] [RUN] [6.1] P5B_MINIFIG_MEMBERS / PARTS 950,000/1,551,229 ( 61.2%) batch=191
2026-08-25T00:44:13.6466531-05:00 [PHASE5B] [OK ] [6.1] PARTS: 955,000/1,551,229 (61.6%) batches=191 elapsed=0.20s
2026-08-25T00:44:13.6486533-05:00 [PHASE5B] [RUN] [6.1] P5B_MINIFIG_MEMBERS / PARTS 955,000/1,551,229 ( 61.6%) batch=192
2026-08-25T00:44:13.8506552-05:00 [PHASE5B] [OK ] [6.1] PARTS: 960,000/1,551,229 (61.9%) batches=192 elapsed=0.20s
2026-08-25T00:44:13.8516540-05:00 [PHASE5B] [RUN] [6.1] P5B_MINIFIG_MEMBERS / PARTS 960,000/1,551,229 ( 61.9%) batch=193
2026-08-25T00:44:14.0417225-05:00 [PHASE5B] [OK ] [6.1] PARTS: 965,000/1,551,229 (62.2%) batches=193 elapsed=0.19s
2026-08-25T00:44:14.0427225-05:00 [PHASE5B] [RUN] [6.1] P5B_MINIFIG_MEMBERS / PARTS 965,000/1,551,229 ( 62.2%) batch=194
2026-08-25T00:44:14.2327221-05:00 [PHASE5B] [OK ] [6.1] PARTS: 970,000/1,551,229 (62.5%) batches=194 elapsed=0.19s
2026-08-25T00:44:14.2337239-05:00 [PHASE5B] [RUN] [6.1] P5B_MINIFIG_MEMBERS / PARTS 970,000/1,551,229 ( 62.5%) batch=195
2026-08-25T00:44:14.4147221-05:00 [PHASE5B] [OK ] [6.1] PARTS: 975,000/1,551,229 (62.9%) batches=195 elapsed=0.18s
2026-08-25T00:44:14.4167229-05:00 [PHASE5B] [RUN] [6.1] P5B_MINIFIG_MEMBERS / PARTS 975,000/1,551,229 ( 62.9%) batch=196
2026-08-25T00:44:14.5887264-05:00 [PHASE5B] [OK ] [6.1] PARTS: 980,000/1,551,229 (63.2%) batches=196 elapsed=0.17s
2026-08-25T00:44:14.5897229-05:00 [PHASE5B] [RUN] [6.1] P5B_MINIFIG_MEMBERS / PARTS 980,000/1,551,229 ( 63.2%) batch=197
2026-08-25T00:44:14.7727228-05:00 [PHASE5B] [OK ] [6.1] PARTS: 985,000/1,551,229 (63.5%) batches=197 elapsed=0.18s
2026-08-25T00:44:14.7737220-05:00 [PHASE5B] [RUN] [6.1] P5B_MINIFIG_MEMBERS / PARTS 985,000/1,551,229 ( 63.5%) batch=198
2026-08-25T00:44:14.9768056-05:00 [PHASE5B] [OK ] [6.1] PARTS: 990,000/1,551,229 (63.8%) batches=198 elapsed=0.20s
2026-08-25T00:44:14.9778050-05:00 [PHASE5B] [RUN] [6.1] P5B_MINIFIG_MEMBERS / PARTS 990,000/1,551,229 ( 63.8%) batch=199
2026-08-25T00:44:15.2649037-05:00 [PHASE5B] [OK ] [6.1] PARTS: 995,000/1,551,229 (64.1%) batches=199 elapsed=0.29s
2026-08-25T00:44:15.2659043-05:00 [PHASE5B] [RUN] [6.1] P5B_MINIFIG_MEMBERS / PARTS 995,000/1,551,229 ( 64.1%) batch=200
2026-08-25T00:44:15.4549059-05:00 [PHASE5B] [OK ] [6.1] PARTS: 1,000,000/1,551,229 (64.5%) batches=200 elapsed=0.19s
2026-08-25T00:44:15.4559049-05:00 [PHASE5B] [RUN] [6.1] P5B_MINIFIG_MEMBERS / PARTS 1,000,000/1,551,229 ( 64.5%) batch=201
2026-08-25T00:44:15.6389043-05:00 [PHASE5B] [OK ] [6.1] PARTS: 1,005,000/1,551,229 (64.8%) batches=201 elapsed=0.18s
2026-08-25T00:44:15.6409039-05:00 [PHASE5B] [RUN] [6.1] P5B_MINIFIG_MEMBERS / PARTS 1,005,000/1,551,229 ( 64.8%) batch=202
2026-08-25T00:44:15.8249031-05:00 [PHASE5B] [OK ] [6.1] PARTS: 1,010,000/1,551,229 (65.1%) batches=202 elapsed=0.19s
2026-08-25T00:44:15.8269046-05:00 [PHASE5B] [RUN] [6.1] P5B_MINIFIG_MEMBERS / PARTS 1,010,000/1,551,229 ( 65.1%) batch=203
2026-08-25T00:44:16.0312482-05:00 [PHASE5B] [OK ] [6.1] PARTS: 1,015,000/1,551,229 (65.4%) batches=203 elapsed=0.21s
2026-08-25T00:44:16.0332480-05:00 [PHASE5B] [RUN] [6.1] P5B_MINIFIG_MEMBERS / PARTS 1,015,000/1,551,229 ( 65.4%) batch=204
2026-08-25T00:44:16.2562466-05:00 [PHASE5B] [OK ] [6.1] PARTS: 1,020,000/1,551,229 (65.8%) batches=204 elapsed=0.22s
2026-08-25T00:44:16.2582465-05:00 [PHASE5B] [RUN] [6.1] P5B_MINIFIG_MEMBERS / PARTS 1,020,000/1,551,229 ( 65.8%) batch=205
2026-08-25T00:44:16.4842461-05:00 [PHASE5B] [OK ] [6.1] PARTS: 1,025,000/1,551,229 (66.1%) batches=205 elapsed=0.23s
2026-08-25T00:44:16.4852459-05:00 [PHASE5B] [RUN] [6.1] P5B_MINIFIG_MEMBERS / PARTS 1,025,000/1,551,229 ( 66.1%) batch=206
2026-08-25T00:44:16.6592468-05:00 [PHASE5B] [OK ] [6.1] PARTS: 1,030,000/1,551,229 (66.4%) batches=206 elapsed=0.17s
2026-08-25T00:44:16.6602472-05:00 [PHASE5B] [RUN] [6.1] P5B_MINIFIG_MEMBERS / PARTS 1,030,000/1,551,229 ( 66.4%) batch=207
2026-08-25T00:44:16.8422459-05:00 [PHASE5B] [OK ] [6.1] PARTS: 1,035,000/1,551,229 (66.7%) batches=207 elapsed=0.18s
2026-08-25T00:44:16.8432460-05:00 [PHASE5B] [RUN] [6.1] P5B_MINIFIG_MEMBERS / PARTS 1,035,000/1,551,229 ( 66.7%) batch=208
2026-08-25T00:44:17.0253301-05:00 [PHASE5B] [OK ] [6.1] PARTS: 1,040,000/1,551,229 (67.0%) batches=208 elapsed=0.18s
2026-08-25T00:44:17.0273306-05:00 [PHASE5B] [RUN] [6.1] P5B_MINIFIG_MEMBERS / PARTS 1,040,000/1,551,229 ( 67.0%) batch=209
2026-08-25T00:44:17.2073305-05:00 [PHASE5B] [OK ] [6.1] PARTS: 1,045,000/1,551,229 (67.4%) batches=209 elapsed=0.18s
2026-08-25T00:44:17.2083307-05:00 [PHASE5B] [RUN] [6.1] P5B_MINIFIG_MEMBERS / PARTS 1,045,000/1,551,229 ( 67.4%) batch=210
2026-08-25T00:44:17.4363299-05:00 [PHASE5B] [OK ] [6.1] PARTS: 1,050,000/1,551,229 (67.7%) batches=210 elapsed=0.23s
2026-08-25T00:44:17.4373298-05:00 [PHASE5B] [RUN] [6.1] P5B_MINIFIG_MEMBERS / PARTS 1,050,000/1,551,229 ( 67.7%) batch=211
2026-08-25T00:44:17.6283303-05:00 [PHASE5B] [OK ] [6.1] PARTS: 1,055,000/1,551,229 (68.0%) batches=211 elapsed=0.19s
2026-08-25T00:44:17.6303299-05:00 [PHASE5B] [RUN] [6.1] P5B_MINIFIG_MEMBERS / PARTS 1,055,000/1,551,229 ( 68.0%) batch=212
2026-08-25T00:44:17.8103309-05:00 [PHASE5B] [OK ] [6.1] PARTS: 1,060,000/1,551,229 (68.3%) batches=212 elapsed=0.18s
2026-08-25T00:44:17.8113299-05:00 [PHASE5B] [RUN] [6.1] P5B_MINIFIG_MEMBERS / PARTS 1,060,000/1,551,229 ( 68.3%) batch=213
2026-08-25T00:44:18.0353881-05:00 [PHASE5B] [OK ] [6.1] PARTS: 1,065,000/1,551,229 (68.7%) batches=213 elapsed=0.23s
2026-08-25T00:44:18.0373859-05:00 [PHASE5B] [RUN] [6.1] P5B_MINIFIG_MEMBERS / PARTS 1,065,000/1,551,229 ( 68.7%) batch=214
2026-08-25T00:44:18.2383850-05:00 [PHASE5B] [OK ] [6.1] PARTS: 1,070,000/1,551,229 (69.0%) batches=214 elapsed=0.20s
2026-08-25T00:44:18.2403854-05:00 [PHASE5B] [RUN] [6.1] P5B_MINIFIG_MEMBERS / PARTS 1,070,000/1,551,229 ( 69.0%) batch=215
2026-08-25T00:44:18.4233867-05:00 [PHASE5B] [OK ] [6.1] PARTS: 1,075,000/1,551,229 (69.3%) batches=215 elapsed=0.18s
2026-08-25T00:44:18.4243859-05:00 [PHASE5B] [RUN] [6.1] P5B_MINIFIG_MEMBERS / PARTS 1,075,000/1,551,229 ( 69.3%) batch=216
2026-08-25T00:44:18.6003863-05:00 [PHASE5B] [OK ] [6.1] PARTS: 1,080,000/1,551,229 (69.6%) batches=216 elapsed=0.18s
2026-08-25T00:44:18.6013874-05:00 [PHASE5B] [RUN] [6.1] P5B_MINIFIG_MEMBERS / PARTS 1,080,000/1,551,229 ( 69.6%) batch=217
2026-08-25T00:44:18.7743888-05:00 [PHASE5B] [OK ] [6.1] PARTS: 1,085,000/1,551,229 (69.9%) batches=217 elapsed=0.17s
2026-08-25T00:44:18.7753851-05:00 [PHASE5B] [RUN] [6.1] P5B_MINIFIG_MEMBERS / PARTS 1,085,000/1,551,229 ( 69.9%) batch=218
2026-08-25T00:44:18.9503859-05:00 [PHASE5B] [OK ] [6.1] PARTS: 1,090,000/1,551,229 (70.3%) batches=218 elapsed=0.18s
2026-08-25T00:44:18.9523873-05:00 [PHASE5B] [RUN] [6.1] P5B_MINIFIG_MEMBERS / PARTS 1,090,000/1,551,229 ( 70.3%) batch=219
2026-08-25T00:44:19.1514837-05:00 [PHASE5B] [OK ] [6.1] PARTS: 1,095,000/1,551,229 (70.6%) batches=219 elapsed=0.20s
2026-08-25T00:44:19.1534852-05:00 [PHASE5B] [RUN] [6.1] P5B_MINIFIG_MEMBERS / PARTS 1,095,000/1,551,229 ( 70.6%) batch=220
2026-08-25T00:44:19.3324829-05:00 [PHASE5B] [OK ] [6.1] PARTS: 1,100,000/1,551,229 (70.9%) batches=220 elapsed=0.18s
2026-08-25T00:44:19.3334831-05:00 [PHASE5B] [RUN] [6.1] P5B_MINIFIG_MEMBERS / PARTS 1,100,000/1,551,229 ( 70.9%) batch=221
2026-08-25T00:44:19.5284834-05:00 [PHASE5B] [OK ] [6.1] PARTS: 1,105,000/1,551,229 (71.2%) batches=221 elapsed=0.20s
2026-08-25T00:44:19.5294828-05:00 [PHASE5B] [RUN] [6.1] P5B_MINIFIG_MEMBERS / PARTS 1,105,000/1,551,229 ( 71.2%) batch=222
2026-08-25T00:44:19.7204827-05:00 [PHASE5B] [OK ] [6.1] PARTS: 1,110,000/1,551,229 (71.6%) batches=222 elapsed=0.19s
2026-08-25T00:44:19.7214831-05:00 [PHASE5B] [RUN] [6.1] P5B_MINIFIG_MEMBERS / PARTS 1,110,000/1,551,229 ( 71.6%) batch=223
2026-08-25T00:44:19.9824840-05:00 [PHASE5B] [OK ] [6.1] PARTS: 1,115,000/1,551,229 (71.9%) batches=223 elapsed=0.26s
2026-08-25T00:44:19.9834834-05:00 [PHASE5B] [RUN] [6.1] P5B_MINIFIG_MEMBERS / PARTS 1,115,000/1,551,229 ( 71.9%) batch=224
2026-08-25T00:44:20.1796258-05:00 [PHASE5B] [OK ] [6.1] PARTS: 1,120,000/1,551,229 (72.2%) batches=224 elapsed=0.20s
2026-08-25T00:44:20.1806283-05:00 [PHASE5B] [RUN] [6.1] P5B_MINIFIG_MEMBERS / PARTS 1,120,000/1,551,229 ( 72.2%) batch=225
2026-08-25T00:44:20.3786257-05:00 [PHASE5B] [OK ] [6.1] PARTS: 1,125,000/1,551,229 (72.5%) batches=225 elapsed=0.20s
2026-08-25T00:44:20.3796297-05:00 [PHASE5B] [RUN] [6.1] P5B_MINIFIG_MEMBERS / PARTS 1,125,000/1,551,229 ( 72.5%) batch=226
2026-08-25T00:44:20.5726277-05:00 [PHASE5B] [OK ] [6.1] PARTS: 1,130,000/1,551,229 (72.8%) batches=226 elapsed=0.19s
2026-08-25T00:44:20.5736269-05:00 [PHASE5B] [RUN] [6.1] P5B_MINIFIG_MEMBERS / PARTS 1,130,000/1,551,229 ( 72.8%) batch=227
2026-08-25T00:44:20.7596263-05:00 [PHASE5B] [OK ] [6.1] PARTS: 1,135,000/1,551,229 (73.2%) batches=227 elapsed=0.19s
2026-08-25T00:44:20.7606279-05:00 [PHASE5B] [RUN] [6.1] P5B_MINIFIG_MEMBERS / PARTS 1,135,000/1,551,229 ( 73.2%) batch=228
2026-08-25T00:44:20.9376260-05:00 [PHASE5B] [OK ] [6.1] PARTS: 1,140,000/1,551,229 (73.5%) batches=228 elapsed=0.18s
2026-08-25T00:44:20.9386257-05:00 [PHASE5B] [RUN] [6.1] P5B_MINIFIG_MEMBERS / PARTS 1,140,000/1,551,229 ( 73.5%) batch=229
2026-08-25T00:44:21.1127171-05:00 [PHASE5B] [OK ] [6.1] PARTS: 1,145,000/1,551,229 (73.8%) batches=229 elapsed=0.17s
2026-08-25T00:44:21.1137165-05:00 [PHASE5B] [RUN] [6.1] P5B_MINIFIG_MEMBERS / PARTS 1,145,000/1,551,229 ( 73.8%) batch=230
2026-08-25T00:44:21.2897171-05:00 [PHASE5B] [OK ] [6.1] PARTS: 1,150,000/1,551,229 (74.1%) batches=230 elapsed=0.18s
2026-08-25T00:44:21.2917170-05:00 [PHASE5B] [RUN] [6.1] P5B_MINIFIG_MEMBERS / PARTS 1,150,000/1,551,229 ( 74.1%) batch=231
2026-08-25T00:44:21.4767183-05:00 [PHASE5B] [OK ] [6.1] PARTS: 1,155,000/1,551,229 (74.5%) batches=231 elapsed=0.19s
2026-08-25T00:44:21.4777167-05:00 [PHASE5B] [RUN] [6.1] P5B_MINIFIG_MEMBERS / PARTS 1,155,000/1,551,229 ( 74.5%) batch=232
2026-08-25T00:44:21.6587182-05:00 [PHASE5B] [OK ] [6.1] PARTS: 1,160,000/1,551,229 (74.8%) batches=232 elapsed=0.18s
2026-08-25T00:44:21.6597197-05:00 [PHASE5B] [RUN] [6.1] P5B_MINIFIG_MEMBERS / PARTS 1,160,000/1,551,229 ( 74.8%) batch=233
2026-08-25T00:44:21.8982776-05:00 [PHASE5B] [OK ] [6.1] PARTS: 1,165,000/1,551,229 (75.1%) batches=233 elapsed=0.24s
2026-08-25T00:44:21.8992766-05:00 [PHASE5B] [RUN] [6.1] P5B_MINIFIG_MEMBERS / PARTS 1,165,000/1,551,229 ( 75.1%) batch=234
2026-08-25T00:44:22.2123419-05:00 [PHASE5B] [OK ] [6.1] PARTS: 1,170,000/1,551,229 (75.4%) batches=234 elapsed=0.31s
2026-08-25T00:44:22.2133425-05:00 [PHASE5B] [RUN] [6.1] P5B_MINIFIG_MEMBERS / PARTS 1,170,000/1,551,229 ( 75.4%) batch=235
2026-08-25T00:44:22.4303436-05:00 [PHASE5B] [OK ] [6.1] PARTS: 1,175,000/1,551,229 (75.7%) batches=235 elapsed=0.22s
2026-08-25T00:44:22.4323446-05:00 [PHASE5B] [RUN] [6.1] P5B_MINIFIG_MEMBERS / PARTS 1,175,000/1,551,229 ( 75.7%) batch=236
2026-08-25T00:44:22.6343447-05:00 [PHASE5B] [OK ] [6.1] PARTS: 1,180,000/1,551,229 (76.1%) batches=236 elapsed=0.20s
2026-08-25T00:44:22.6353413-05:00 [PHASE5B] [RUN] [6.1] P5B_MINIFIG_MEMBERS / PARTS 1,180,000/1,551,229 ( 76.1%) batch=237
2026-08-25T00:44:22.8543439-05:00 [PHASE5B] [OK ] [6.1] PARTS: 1,185,000/1,551,229 (76.4%) batches=237 elapsed=0.22s
2026-08-25T00:44:22.8553438-05:00 [PHASE5B] [RUN] [6.1] P5B_MINIFIG_MEMBERS / PARTS 1,185,000/1,551,229 ( 76.4%) batch=238
2026-08-25T00:44:23.0404343-05:00 [PHASE5B] [OK ] [6.1] PARTS: 1,190,000/1,551,229 (76.7%) batches=238 elapsed=0.19s
2026-08-25T00:44:23.0414341-05:00 [PHASE5B] [RUN] [6.1] P5B_MINIFIG_MEMBERS / PARTS 1,190,000/1,551,229 ( 76.7%) batch=239
2026-08-25T00:44:23.2134339-05:00 [PHASE5B] [OK ] [6.1] PARTS: 1,195,000/1,551,229 (77.0%) batches=239 elapsed=0.17s
2026-08-25T00:44:23.2144343-05:00 [PHASE5B] [RUN] [6.1] P5B_MINIFIG_MEMBERS / PARTS 1,195,000/1,551,229 ( 77.0%) batch=240
2026-08-25T00:44:23.4074346-05:00 [PHASE5B] [OK ] [6.1] PARTS: 1,200,000/1,551,229 (77.4%) batches=240 elapsed=0.19s
2026-08-25T00:44:23.4084342-05:00 [PHASE5B] [RUN] [6.1] P5B_MINIFIG_MEMBERS / PARTS 1,200,000/1,551,229 ( 77.4%) batch=241
2026-08-25T00:44:23.5854344-05:00 [PHASE5B] [OK ] [6.1] PARTS: 1,205,000/1,551,229 (77.7%) batches=241 elapsed=0.18s
2026-08-25T00:44:23.5864341-05:00 [PHASE5B] [RUN] [6.1] P5B_MINIFIG_MEMBERS / PARTS 1,205,000/1,551,229 ( 77.7%) batch=242
2026-08-25T00:44:23.7734342-05:00 [PHASE5B] [OK ] [6.1] PARTS: 1,210,000/1,551,229 (78.0%) batches=242 elapsed=0.19s
2026-08-25T00:44:23.7744357-05:00 [PHASE5B] [RUN] [6.1] P5B_MINIFIG_MEMBERS / PARTS 1,210,000/1,551,229 ( 78.0%) batch=243
2026-08-25T00:44:23.9604346-05:00 [PHASE5B] [OK ] [6.1] PARTS: 1,215,000/1,551,229 (78.3%) batches=243 elapsed=0.19s
2026-08-25T00:44:23.9614365-05:00 [PHASE5B] [RUN] [6.1] P5B_MINIFIG_MEMBERS / PARTS 1,215,000/1,551,229 ( 78.3%) batch=244
2026-08-25T00:44:24.1965423-05:00 [PHASE5B] [OK ] [6.1] PARTS: 1,220,000/1,551,229 (78.6%) batches=244 elapsed=0.24s
2026-08-25T00:44:24.1975439-05:00 [PHASE5B] [RUN] [6.1] P5B_MINIFIG_MEMBERS / PARTS 1,220,000/1,551,229 ( 78.6%) batch=245
2026-08-25T00:44:24.3865423-05:00 [PHASE5B] [OK ] [6.1] PARTS: 1,225,000/1,551,229 (79.0%) batches=245 elapsed=0.19s
2026-08-25T00:44:24.3875447-05:00 [PHASE5B] [RUN] [6.1] P5B_MINIFIG_MEMBERS / PARTS 1,225,000/1,551,229 ( 79.0%) batch=246
2026-08-25T00:44:24.5685416-05:00 [PHASE5B] [OK ] [6.1] PARTS: 1,230,000/1,551,229 (79.3%) batches=246 elapsed=0.18s
2026-08-25T00:44:24.5695415-05:00 [PHASE5B] [RUN] [6.1] P5B_MINIFIG_MEMBERS / PARTS 1,230,000/1,551,229 ( 79.3%) batch=247
2026-08-25T00:44:24.7725413-05:00 [PHASE5B] [OK ] [6.1] PARTS: 1,235,000/1,551,229 (79.6%) batches=247 elapsed=0.20s
2026-08-25T00:44:24.7745417-05:00 [PHASE5B] [RUN] [6.1] P5B_MINIFIG_MEMBERS / PARTS 1,235,000/1,551,229 ( 79.6%) batch=248
2026-08-25T00:44:24.9575422-05:00 [PHASE5B] [OK ] [6.1] PARTS: 1,240,000/1,551,229 (79.9%) batches=248 elapsed=0.18s
2026-08-25T00:44:24.9585446-05:00 [PHASE5B] [RUN] [6.1] P5B_MINIFIG_MEMBERS / PARTS 1,240,000/1,551,229 ( 79.9%) batch=249
2026-08-25T00:44:25.1646371-05:00 [PHASE5B] [OK ] [6.1] PARTS: 1,245,000/1,551,229 (80.3%) batches=249 elapsed=0.21s
2026-08-25T00:44:25.1656369-05:00 [PHASE5B] [RUN] [6.1] P5B_MINIFIG_MEMBERS / PARTS 1,245,000/1,551,229 ( 80.3%) batch=250
2026-08-25T00:44:25.3456378-05:00 [PHASE5B] [OK ] [6.1] PARTS: 1,250,000/1,551,229 (80.6%) batches=250 elapsed=0.18s
2026-08-25T00:44:25.3466377-05:00 [PHASE5B] [RUN] [6.1] P5B_MINIFIG_MEMBERS / PARTS 1,250,000/1,551,229 ( 80.6%) batch=251
2026-08-25T00:44:25.5176378-05:00 [PHASE5B] [OK ] [6.1] PARTS: 1,255,000/1,551,229 (80.9%) batches=251 elapsed=0.17s
2026-08-25T00:44:25.5186372-05:00 [PHASE5B] [RUN] [6.1] P5B_MINIFIG_MEMBERS / PARTS 1,255,000/1,551,229 ( 80.9%) batch=252
2026-08-25T00:44:25.7016374-05:00 [PHASE5B] [OK ] [6.1] PARTS: 1,260,000/1,551,229 (81.2%) batches=252 elapsed=0.18s
2026-08-25T00:44:25.7026369-05:00 [PHASE5B] [RUN] [6.1] P5B_MINIFIG_MEMBERS / PARTS 1,260,000/1,551,229 ( 81.2%) batch=253
2026-08-25T00:44:25.8756379-05:00 [PHASE5B] [OK ] [6.1] PARTS: 1,265,000/1,551,229 (81.5%) batches=253 elapsed=0.17s
2026-08-25T00:44:25.8766376-05:00 [PHASE5B] [RUN] [6.1] P5B_MINIFIG_MEMBERS / PARTS 1,265,000/1,551,229 ( 81.5%) batch=254
2026-08-25T00:44:26.0777510-05:00 [PHASE5B] [OK ] [6.1] PARTS: 1,270,000/1,551,229 (81.9%) batches=254 elapsed=0.20s
2026-08-25T00:44:26.0787507-05:00 [PHASE5B] [RUN] [6.1] P5B_MINIFIG_MEMBERS / PARTS 1,270,000/1,551,229 ( 81.9%) batch=255
2026-08-25T00:44:26.2677540-05:00 [PHASE5B] [OK ] [6.1] PARTS: 1,275,000/1,551,229 (82.2%) batches=255 elapsed=0.19s
2026-08-25T00:44:26.2687516-05:00 [PHASE5B] [RUN] [6.1] P5B_MINIFIG_MEMBERS / PARTS 1,275,000/1,551,229 ( 82.2%) batch=256
2026-08-25T00:44:26.5077507-05:00 [PHASE5B] [OK ] [6.1] PARTS: 1,280,000/1,551,229 (82.5%) batches=256 elapsed=0.24s
2026-08-25T00:44:26.5087516-05:00 [PHASE5B] [RUN] [6.1] P5B_MINIFIG_MEMBERS / PARTS 1,280,000/1,551,229 ( 82.5%) batch=257
2026-08-25T00:44:26.6977518-05:00 [PHASE5B] [OK ] [6.1] PARTS: 1,285,000/1,551,229 (82.8%) batches=257 elapsed=0.19s
2026-08-25T00:44:26.6987515-05:00 [PHASE5B] [RUN] [6.1] P5B_MINIFIG_MEMBERS / PARTS 1,285,000/1,551,229 ( 82.8%) batch=258
2026-08-25T00:44:26.8877527-05:00 [PHASE5B] [OK ] [6.1] PARTS: 1,290,000/1,551,229 (83.2%) batches=258 elapsed=0.19s
2026-08-25T00:44:26.8887533-05:00 [PHASE5B] [RUN] [6.1] P5B_MINIFIG_MEMBERS / PARTS 1,290,000/1,551,229 ( 83.2%) batch=259
2026-08-25T00:44:27.1048422-05:00 [PHASE5B] [OK ] [6.1] PARTS: 1,295,000/1,551,229 (83.5%) batches=259 elapsed=0.22s
2026-08-25T00:44:27.1058426-05:00 [PHASE5B] [RUN] [6.1] P5B_MINIFIG_MEMBERS / PARTS 1,295,000/1,551,229 ( 83.5%) batch=260
2026-08-25T00:44:27.3118426-05:00 [PHASE5B] [OK ] [6.1] PARTS: 1,300,000/1,551,229 (83.8%) batches=260 elapsed=0.21s
2026-08-25T00:44:27.3128425-05:00 [PHASE5B] [RUN] [6.1] P5B_MINIFIG_MEMBERS / PARTS 1,300,000/1,551,229 ( 83.8%) batch=261
2026-08-25T00:44:27.5108431-05:00 [PHASE5B] [OK ] [6.1] PARTS: 1,305,000/1,551,229 (84.1%) batches=261 elapsed=0.20s
2026-08-25T00:44:27.5118432-05:00 [PHASE5B] [RUN] [6.1] P5B_MINIFIG_MEMBERS / PARTS 1,305,000/1,551,229 ( 84.1%) batch=262
2026-08-25T00:44:27.7178422-05:00 [PHASE5B] [OK ] [6.1] PARTS: 1,310,000/1,551,229 (84.4%) batches=262 elapsed=0.21s
2026-08-25T00:44:27.7188420-05:00 [PHASE5B] [RUN] [6.1] P5B_MINIFIG_MEMBERS / PARTS 1,310,000/1,551,229 ( 84.4%) batch=263
2026-08-25T00:44:27.9138428-05:00 [PHASE5B] [OK ] [6.1] PARTS: 1,315,000/1,551,229 (84.8%) batches=263 elapsed=0.20s
2026-08-25T00:44:27.9148423-05:00 [PHASE5B] [RUN] [6.1] P5B_MINIFIG_MEMBERS / PARTS 1,315,000/1,551,229 ( 84.8%) batch=264
2026-08-25T00:44:28.1079273-05:00 [PHASE5B] [OK ] [6.1] PARTS: 1,320,000/1,551,229 (85.1%) batches=264 elapsed=0.19s
2026-08-25T00:44:28.1089273-05:00 [PHASE5B] [RUN] [6.1] P5B_MINIFIG_MEMBERS / PARTS 1,320,000/1,551,229 ( 85.1%) batch=265
2026-08-25T00:44:28.2979287-05:00 [PHASE5B] [OK ] [6.1] PARTS: 1,325,000/1,551,229 (85.4%) batches=265 elapsed=0.19s
2026-08-25T00:44:28.2989273-05:00 [PHASE5B] [RUN] [6.1] P5B_MINIFIG_MEMBERS / PARTS 1,325,000/1,551,229 ( 85.4%) batch=266
2026-08-25T00:44:28.4779273-05:00 [PHASE5B] [OK ] [6.1] PARTS: 1,330,000/1,551,229 (85.7%) batches=266 elapsed=0.18s
2026-08-25T00:44:28.4789325-05:00 [PHASE5B] [RUN] [6.1] P5B_MINIFIG_MEMBERS / PARTS 1,330,000/1,551,229 ( 85.7%) batch=267
2026-08-25T00:44:28.6549285-05:00 [PHASE5B] [OK ] [6.1] PARTS: 1,335,000/1,551,229 (86.1%) batches=267 elapsed=0.18s
2026-08-25T00:44:28.6559276-05:00 [PHASE5B] [RUN] [6.1] P5B_MINIFIG_MEMBERS / PARTS 1,335,000/1,551,229 ( 86.1%) batch=268
2026-08-25T00:44:28.8919372-05:00 [PHASE5B] [OK ] [6.1] PARTS: 1,340,000/1,551,229 (86.4%) batches=268 elapsed=0.24s
2026-08-25T00:44:28.8929372-05:00 [PHASE5B] [RUN] [6.1] P5B_MINIFIG_MEMBERS / PARTS 1,340,000/1,551,229 ( 86.4%) batch=269
2026-08-25T00:44:29.1273994-05:00 [PHASE5B] [OK ] [6.1] PARTS: 1,345,000/1,551,229 (86.7%) batches=269 elapsed=0.23s
2026-08-25T00:44:29.1284002-05:00 [PHASE5B] [RUN] [6.1] P5B_MINIFIG_MEMBERS / PARTS 1,345,000/1,551,229 ( 86.7%) batch=270
2026-08-25T00:44:29.3354056-05:00 [PHASE5B] [OK ] [6.1] PARTS: 1,350,000/1,551,229 (87.0%) batches=270 elapsed=0.21s
2026-08-25T00:44:29.3364055-05:00 [PHASE5B] [RUN] [6.1] P5B_MINIFIG_MEMBERS / PARTS 1,350,000/1,551,229 ( 87.0%) batch=271
2026-08-25T00:44:29.5214056-05:00 [PHASE5B] [OK ] [6.1] PARTS: 1,355,000/1,551,229 (87.4%) batches=271 elapsed=0.19s
2026-08-25T00:44:29.5224064-05:00 [PHASE5B] [RUN] [6.1] P5B_MINIFIG_MEMBERS / PARTS 1,355,000/1,551,229 ( 87.4%) batch=272
2026-08-25T00:44:29.7344062-05:00 [PHASE5B] [OK ] [6.1] PARTS: 1,360,000/1,551,229 (87.7%) batches=272 elapsed=0.21s
2026-08-25T00:44:29.7354055-05:00 [PHASE5B] [RUN] [6.1] P5B_MINIFIG_MEMBERS / PARTS 1,360,000/1,551,229 ( 87.7%) batch=273
2026-08-25T00:44:29.9394058-05:00 [PHASE5B] [OK ] [6.1] PARTS: 1,365,000/1,551,229 (88.0%) batches=273 elapsed=0.21s
2026-08-25T00:44:29.9414096-05:00 [PHASE5B] [RUN] [6.1] P5B_MINIFIG_MEMBERS / PARTS 1,365,000/1,551,229 ( 88.0%) batch=274
2026-08-25T00:44:30.1525106-05:00 [PHASE5B] [OK ] [6.1] PARTS: 1,370,000/1,551,229 (88.3%) batches=274 elapsed=0.21s
2026-08-25T00:44:30.1535103-05:00 [PHASE5B] [RUN] [6.1] P5B_MINIFIG_MEMBERS / PARTS 1,370,000/1,551,229 ( 88.3%) batch=275
2026-08-25T00:44:30.3315108-05:00 [PHASE5B] [OK ] [6.1] PARTS: 1,375,000/1,551,229 (88.6%) batches=275 elapsed=0.18s
2026-08-25T00:44:30.3325146-05:00 [PHASE5B] [RUN] [6.1] P5B_MINIFIG_MEMBERS / PARTS 1,375,000/1,551,229 ( 88.6%) batch=276
2026-08-25T00:44:30.5095122-05:00 [PHASE5B] [OK ] [6.1] PARTS: 1,380,000/1,551,229 (89.0%) batches=276 elapsed=0.18s
2026-08-25T00:44:30.5115112-05:00 [PHASE5B] [RUN] [6.1] P5B_MINIFIG_MEMBERS / PARTS 1,380,000/1,551,229 ( 89.0%) batch=277
2026-08-25T00:44:30.6975104-05:00 [PHASE5B] [OK ] [6.1] PARTS: 1,385,000/1,551,229 (89.3%) batches=277 elapsed=0.19s
2026-08-25T00:44:30.6985108-05:00 [PHASE5B] [RUN] [6.1] P5B_MINIFIG_MEMBERS / PARTS 1,385,000/1,551,229 ( 89.3%) batch=278
2026-08-25T00:44:30.8855105-05:00 [PHASE5B] [OK ] [6.1] PARTS: 1,390,000/1,551,229 (89.6%) batches=278 elapsed=0.19s
2026-08-25T00:44:30.8865104-05:00 [PHASE5B] [RUN] [6.1] P5B_MINIFIG_MEMBERS / PARTS 1,390,000/1,551,229 ( 89.6%) batch=279
2026-08-25T00:44:31.0635122-05:00 [PHASE5B] [OK ] [6.1] PARTS: 1,395,000/1,551,229 (89.9%) batches=279 elapsed=0.18s
2026-08-25T00:44:31.0645104-05:00 [PHASE5B] [RUN] [6.1] P5B_MINIFIG_MEMBERS / PARTS 1,395,000/1,551,229 ( 89.9%) batch=280
2026-08-25T00:44:31.2455941-05:00 [PHASE5B] [OK ] [6.1] PARTS: 1,400,000/1,551,229 (90.3%) batches=280 elapsed=0.18s
2026-08-25T00:44:31.2465946-05:00 [PHASE5B] [RUN] [6.1] P5B_MINIFIG_MEMBERS / PARTS 1,400,000/1,551,229 ( 90.3%) batch=281
2026-08-25T00:44:31.4765960-05:00 [PHASE5B] [OK ] [6.1] PARTS: 1,405,000/1,551,229 (90.6%) batches=281 elapsed=0.23s
2026-08-25T00:44:31.4775939-05:00 [PHASE5B] [RUN] [6.1] P5B_MINIFIG_MEMBERS / PARTS 1,405,000/1,551,229 ( 90.6%) batch=282
2026-08-25T00:44:31.6705945-05:00 [PHASE5B] [OK ] [6.1] PARTS: 1,410,000/1,551,229 (90.9%) batches=282 elapsed=0.19s
2026-08-25T00:44:31.6715949-05:00 [PHASE5B] [RUN] [6.1] P5B_MINIFIG_MEMBERS / PARTS 1,410,000/1,551,229 ( 90.9%) batch=283
2026-08-25T00:44:31.8616100-05:00 [PHASE5B] [OK ] [6.1] PARTS: 1,415,000/1,551,229 (91.2%) batches=283 elapsed=0.19s
2026-08-25T00:44:31.8626094-05:00 [PHASE5B] [RUN] [6.1] P5B_MINIFIG_MEMBERS / PARTS 1,415,000/1,551,229 ( 91.2%) batch=284
2026-08-25T00:44:32.0426101-05:00 [PHASE5B] [OK ] [6.1] PARTS: 1,420,000/1,551,229 (91.5%) batches=284 elapsed=0.18s
2026-08-25T00:44:32.0436096-05:00 [PHASE5B] [RUN] [6.1] P5B_MINIFIG_MEMBERS / PARTS 1,420,000/1,551,229 ( 91.5%) batch=285
2026-08-25T00:44:32.2506845-05:00 [PHASE5B] [OK ] [6.1] PARTS: 1,425,000/1,551,229 (91.9%) batches=285 elapsed=0.21s
2026-08-25T00:44:32.2516863-05:00 [PHASE5B] [RUN] [6.1] P5B_MINIFIG_MEMBERS / PARTS 1,425,000/1,551,229 ( 91.9%) batch=286
2026-08-25T00:44:32.4526821-05:00 [PHASE5B] [OK ] [6.1] PARTS: 1,430,000/1,551,229 (92.2%) batches=286 elapsed=0.20s
2026-08-25T00:44:32.4546826-05:00 [PHASE5B] [RUN] [6.1] P5B_MINIFIG_MEMBERS / PARTS 1,430,000/1,551,229 ( 92.2%) batch=287
2026-08-25T00:44:32.6756814-05:00 [PHASE5B] [OK ] [6.1] PARTS: 1,435,000/1,551,229 (92.5%) batches=287 elapsed=0.22s
2026-08-25T00:44:32.6766834-05:00 [PHASE5B] [RUN] [6.1] P5B_MINIFIG_MEMBERS / PARTS 1,435,000/1,551,229 ( 92.5%) batch=288
2026-08-25T00:44:32.8716823-05:00 [PHASE5B] [OK ] [6.1] PARTS: 1,440,000/1,551,229 (92.8%) batches=288 elapsed=0.20s
2026-08-25T00:44:32.8726824-05:00 [PHASE5B] [RUN] [6.1] P5B_MINIFIG_MEMBERS / PARTS 1,440,000/1,551,229 ( 92.8%) batch=289
2026-08-25T00:44:33.0616833-05:00 [PHASE5B] [OK ] [6.1] PARTS: 1,445,000/1,551,229 (93.2%) batches=289 elapsed=0.19s
2026-08-25T00:44:33.0626819-05:00 [PHASE5B] [RUN] [6.1] P5B_MINIFIG_MEMBERS / PARTS 1,445,000/1,551,229 ( 93.2%) batch=290
2026-08-25T00:44:33.2457571-05:00 [PHASE5B] [OK ] [6.1] PARTS: 1,450,000/1,551,229 (93.5%) batches=290 elapsed=0.18s
2026-08-25T00:44:33.2467563-05:00 [PHASE5B] [RUN] [6.1] P5B_MINIFIG_MEMBERS / PARTS 1,450,000/1,551,229 ( 93.5%) batch=291
2026-08-25T00:44:33.4227569-05:00 [PHASE5B] [OK ] [6.1] PARTS: 1,455,000/1,551,229 (93.8%) batches=291 elapsed=0.18s
2026-08-25T00:44:33.4237592-05:00 [PHASE5B] [RUN] [6.1] P5B_MINIFIG_MEMBERS / PARTS 1,455,000/1,551,229 ( 93.8%) batch=292
2026-08-25T00:44:33.6027568-05:00 [PHASE5B] [OK ] [6.1] PARTS: 1,460,000/1,551,229 (94.1%) batches=292 elapsed=0.18s
2026-08-25T00:44:33.6037576-05:00 [PHASE5B] [RUN] [6.1] P5B_MINIFIG_MEMBERS / PARTS 1,460,000/1,551,229 ( 94.1%) batch=293
2026-08-25T00:44:33.7827569-05:00 [PHASE5B] [OK ] [6.1] PARTS: 1,465,000/1,551,229 (94.4%) batches=293 elapsed=0.18s
2026-08-25T00:44:33.7837599-05:00 [PHASE5B] [RUN] [6.1] P5B_MINIFIG_MEMBERS / PARTS 1,465,000/1,551,229 ( 94.4%) batch=294
2026-08-25T00:44:33.9997571-05:00 [PHASE5B] [OK ] [6.1] PARTS: 1,470,000/1,551,229 (94.8%) batches=294 elapsed=0.22s
2026-08-25T00:44:34.0007566-05:00 [PHASE5B] [RUN] [6.1] P5B_MINIFIG_MEMBERS / PARTS 1,470,000/1,551,229 ( 94.8%) batch=295
2026-08-25T00:44:34.2558713-05:00 [PHASE5B] [OK ] [6.1] PARTS: 1,475,000/1,551,229 (95.1%) batches=295 elapsed=0.26s
2026-08-25T00:44:34.2578697-05:00 [PHASE5B] [RUN] [6.1] P5B_MINIFIG_MEMBERS / PARTS 1,475,000/1,551,229 ( 95.1%) batch=296
2026-08-25T00:44:34.4538765-05:00 [PHASE5B] [OK ] [6.1] PARTS: 1,480,000/1,551,229 (95.4%) batches=296 elapsed=0.20s
2026-08-25T00:44:34.4548752-05:00 [PHASE5B] [RUN] [6.1] P5B_MINIFIG_MEMBERS / PARTS 1,480,000/1,551,229 ( 95.4%) batch=297
2026-08-25T00:44:34.6478813-05:00 [PHASE5B] [OK ] [6.1] PARTS: 1,485,000/1,551,229 (95.7%) batches=297 elapsed=0.19s
2026-08-25T00:44:34.6488817-05:00 [PHASE5B] [RUN] [6.1] P5B_MINIFIG_MEMBERS / PARTS 1,485,000/1,551,229 ( 95.7%) batch=298
2026-08-25T00:44:34.8418813-05:00 [PHASE5B] [OK ] [6.1] PARTS: 1,490,000/1,551,229 (96.1%) batches=298 elapsed=0.19s
2026-08-25T00:44:34.8428803-05:00 [PHASE5B] [RUN] [6.1] P5B_MINIFIG_MEMBERS / PARTS 1,490,000/1,551,229 ( 96.1%) batch=299
2026-08-25T00:44:35.1288919-05:00 [PHASE5B] [OK ] [6.1] PARTS: 1,495,000/1,551,229 (96.4%) batches=299 elapsed=0.29s
2026-08-25T00:44:35.1298915-05:00 [PHASE5B] [RUN] [6.1] P5B_MINIFIG_MEMBERS / PARTS 1,495,000/1,551,229 ( 96.4%) batch=300
2026-08-25T00:44:35.3349941-05:00 [PHASE5B] [OK ] [6.1] PARTS: 1,500,000/1,551,229 (96.7%) batches=300 elapsed=0.21s
2026-08-25T00:44:35.3369964-05:00 [PHASE5B] [RUN] [6.1] P5B_MINIFIG_MEMBERS / PARTS 1,500,000/1,551,229 ( 96.7%) batch=301
2026-08-25T00:44:35.5279948-05:00 [PHASE5B] [OK ] [6.1] PARTS: 1,505,000/1,551,229 (97.0%) batches=301 elapsed=0.19s
2026-08-25T00:44:35.5289944-05:00 [PHASE5B] [RUN] [6.1] P5B_MINIFIG_MEMBERS / PARTS 1,505,000/1,551,229 ( 97.0%) batch=302
2026-08-25T00:44:35.7229935-05:00 [PHASE5B] [OK ] [6.1] PARTS: 1,510,000/1,551,229 (97.3%) batches=302 elapsed=0.20s
2026-08-25T00:44:35.7249940-05:00 [PHASE5B] [RUN] [6.1] P5B_MINIFIG_MEMBERS / PARTS 1,510,000/1,551,229 ( 97.3%) batch=303
2026-08-25T00:44:35.8969995-05:00 [PHASE5B] [OK ] [6.1] PARTS: 1,515,000/1,551,229 (97.7%) batches=303 elapsed=0.17s
2026-08-25T00:44:35.8979964-05:00 [PHASE5B] [RUN] [6.1] P5B_MINIFIG_MEMBERS / PARTS 1,515,000/1,551,229 ( 97.7%) batch=304
2026-08-25T00:44:36.0719941-05:00 [PHASE5B] [OK ] [6.1] PARTS: 1,520,000/1,551,229 (98.0%) batches=304 elapsed=0.17s
2026-08-25T00:44:36.0729945-05:00 [PHASE5B] [RUN] [6.1] P5B_MINIFIG_MEMBERS / PARTS 1,520,000/1,551,229 ( 98.0%) batch=305
2026-08-25T00:44:36.2530781-05:00 [PHASE5B] [OK ] [6.1] PARTS: 1,525,000/1,551,229 (98.3%) batches=305 elapsed=0.18s
2026-08-25T00:44:36.2540833-05:00 [PHASE5B] [RUN] [6.1] P5B_MINIFIG_MEMBERS / PARTS 1,525,000/1,551,229 ( 98.3%) batch=306
2026-08-25T00:44:36.4320782-05:00 [PHASE5B] [OK ] [6.1] PARTS: 1,530,000/1,551,229 (98.6%) batches=306 elapsed=0.18s
2026-08-25T00:44:36.4330816-05:00 [PHASE5B] [RUN] [6.1] P5B_MINIFIG_MEMBERS / PARTS 1,530,000/1,551,229 ( 98.6%) batch=307
2026-08-25T00:44:36.6450784-05:00 [PHASE5B] [OK ] [6.1] PARTS: 1,535,000/1,551,229 (99.0%) batches=307 elapsed=0.21s
2026-08-25T00:44:36.6460784-05:00 [PHASE5B] [RUN] [6.1] P5B_MINIFIG_MEMBERS / PARTS 1,535,000/1,551,229 ( 99.0%) batch=308
2026-08-25T00:44:36.8540786-05:00 [PHASE5B] [OK ] [6.1] PARTS: 1,540,000/1,551,229 (99.3%) batches=308 elapsed=0.21s
2026-08-25T00:44:36.8550817-05:00 [PHASE5B] [RUN] [6.1] P5B_MINIFIG_MEMBERS / PARTS 1,540,000/1,551,229 ( 99.3%) batch=309
2026-08-25T00:44:37.0430801-05:00 [PHASE5B] [OK ] [6.1] PARTS: 1,545,000/1,551,229 (99.6%) batches=309 elapsed=0.19s
2026-08-25T00:44:37.0450779-05:00 [PHASE5B] [RUN] [6.1] P5B_MINIFIG_MEMBERS / PARTS 1,545,000/1,551,229 ( 99.6%) batch=310
2026-08-25T00:44:37.2601782-05:00 [PHASE5B] [OK ] [6.1] PARTS: 1,550,000/1,551,229 (99.9%) batches=310 elapsed=0.22s
2026-08-25T00:44:37.2611777-05:00 [PHASE5B] [RUN] [6.1] P5B_MINIFIG_MEMBERS / PARTS 1,550,000/1,551,229 ( 99.9%) batch=311
2026-08-25T00:44:37.3091796-05:00 [PHASE5B] [OK ] [6.1] PARTS: 1,551,229/1,551,229 (100.0%) batches=311 elapsed=0.05s
2026-08-25T00:44:37.3101808-05:00 [PHASE5B] 
2026-08-25T00:44:37.3111790-05:00 [PHASE5B] -------------------------------------------------------------------------------
2026-08-25T00:44:37.3121779-05:00 [PHASE5B]  Durable Phase 5B checkpoint status
2026-08-25T00:44:37.3131776-05:00 [PHASE5B] -------------------------------------------------------------------------------
2026-08-25T00:44:37.3131776-05:00 [PHASE5B] 
2026-08-25T00:44:37.3141780-05:00 [PHASE5B] [1/10] P5B_VALIDATE
2026-08-25T00:44:37.3151775-05:00 [PHASE5B]       [1.1] SOURCE_CONTRACT              COMPLETED          1 / 1          100.0% batches=1
2026-08-25T00:44:37.3151775-05:00 [PHASE5B]       [1.2] PARENT_CLASSIFICATION        COMPLETED          1 / 1          100.0% batches=1
2026-08-25T00:44:37.3161775-05:00 [PHASE5B]       [1.3] CATALOG_REFERENCES           COMPLETED          1 / 1          100.0% batches=1
2026-08-25T00:44:37.3161775-05:00 [PHASE5B]       [1.4] VERSION_KEYS                 COMPLETED          1 / 1          100.0% batches=1
2026-08-25T00:44:37.3171774-05:00 [PHASE5B] 
2026-08-25T00:44:37.3181818-05:00 [PHASE5B] [2/10] P5B_VARIANTS
2026-08-25T00:44:37.3191804-05:00 [PHASE5B]       [2.1] BASE_PART_COLOR_VARIANTS     COMPLETED  1,551,229 / 1,551,229  100.0% batches=311
2026-08-25T00:44:37.3191804-05:00 [PHASE5B] 
2026-08-25T00:44:37.3201782-05:00 [PHASE5B] [3/10] P5B_DEFINITIONS
2026-08-25T00:44:37.3211789-05:00 [PHASE5B]       [3.1] PARENT_DEFINITIONS           COMPLETED     47,216 / 47,216     100.0% batches=10
2026-08-25T00:44:37.3211789-05:00 [PHASE5B] 
2026-08-25T00:44:37.3221782-05:00 [PHASE5B] [4/10] P5B_VERSIONS
2026-08-25T00:44:37.3231782-05:00 [PHASE5B]       [4.1] SOURCE_VERSIONS              COMPLETED     47,216 / 47,216     100.0% batches=10
2026-08-25T00:44:37.3241775-05:00 [PHASE5B] 
2026-08-25T00:44:37.3241775-05:00 [PHASE5B] [5/10] P5B_SET_MEMBERS
2026-08-25T00:44:37.3251779-05:00 [PHASE5B]       [5.1] PARTS                        COMPLETED  1,551,229 / 1,551,229  100.0% batches=311
2026-08-25T00:44:37.3261781-05:00 [PHASE5B]       [5.2] SETS                         COMPLETED      5,176 / 5,176      100.0% batches=2
2026-08-25T00:44:37.3261781-05:00 [PHASE5B]       [5.3] MINIFIGURES                  COMPLETED     25,738 / 25,738     100.0% batches=6
2026-08-25T00:44:37.3271779-05:00 [PHASE5B] 
2026-08-25T00:44:37.3281773-05:00 [PHASE5B] [6/10] P5B_MINIFIG_MEMBERS
2026-08-25T00:44:37.3281773-05:00 [PHASE5B]       [6.1] PARTS                        COMPLETED  1,551,229 / 1,551,229  100.0% batches=311
2026-08-25T00:44:37.3291795-05:00 [PHASE5B] 
2026-08-25T00:44:37.3301791-05:00 [PHASE5B] [7/10] P5B_MINIFIG_ANCHORS
2026-08-25T00:44:37.3311782-05:00 [PHASE5B]       [7.1] COMPOSITIONS                 PENDING            0 / 47,216       0.0% batches=0
2026-08-25T00:44:37.3311782-05:00 [PHASE5B] 
2026-08-25T00:44:37.3321775-05:00 [PHASE5B] [8/10] P5B_FINALIZE_VERSIONS
2026-08-25T00:44:37.3331772-05:00 [PHASE5B]       [8.1] HASH_AND_FINALIZE            PENDING            0 / 47,216       0.0% batches=0
2026-08-25T00:44:37.3331772-05:00 [PHASE5B] 
2026-08-25T00:44:37.3341776-05:00 [PHASE5B] [9/10] P5B_AUTHORITY
2026-08-25T00:44:37.3351787-05:00 [PHASE5B]       [9.1] LATEST_SOURCE                PENDING            0 / 47,216       0.0% batches=0
2026-08-25T00:44:37.3361776-05:00 [PHASE5B] 
2026-08-25T00:44:37.3361776-05:00 [PHASE5B] [10/10] P5B_COMPLETE
2026-08-25T00:44:37.3371777-05:00 [PHASE5B]       [10.1] VERIFY                       PENDING            0 / 1            0.0% batches=0
2026-08-25T00:44:37.3381777-05:00 [PHASE5B]       [10.2] COMPLETE_RUN                 PENDING            0 / 1            0.0% batches=0
2026-08-25T00:44:37.3391796-05:00 [PHASE5B] 
2026-08-25T00:44:37.3391796-05:00 [PHASE5B] [RUN] [7.1] P5B_MINIFIG_ANCHORS / COMPOSITIONS 0/47,216 (  0.0%) batch=1
2026-08-25T00:44:37.3401780-05:00 [PHASE5B] [OK ] [7.1] COMPOSITIONS: 5,000/47,216 (10.6%) batches=1 elapsed=0.01s
2026-08-25T00:44:37.3411816-05:00 [PHASE5B] [RUN] [7.1] P5B_MINIFIG_ANCHORS / COMPOSITIONS 5,000/47,216 ( 10.6%) batch=2
2026-08-25T00:44:37.3421805-05:00 [PHASE5B] [OK ] [7.1] COMPOSITIONS: 10,000/47,216 (21.2%) batches=2 elapsed=0.01s
2026-08-25T00:44:37.3421805-05:00 [PHASE5B] [RUN] [7.1] P5B_MINIFIG_ANCHORS / COMPOSITIONS 10,000/47,216 ( 21.2%) batch=3
2026-08-25T00:44:37.3431770-05:00 [PHASE5B] [OK ] [7.1] COMPOSITIONS: 15,000/47,216 (31.8%) batches=3 elapsed=0.01s
2026-08-25T00:44:37.3441799-05:00 [PHASE5B] [RUN] [7.1] P5B_MINIFIG_ANCHORS / COMPOSITIONS 15,000/47,216 ( 31.8%) batch=4
2026-08-25T00:44:37.4261783-05:00 [PHASE5B] [OK ] [7.1] COMPOSITIONS: 20,000/47,216 (42.4%) batches=4 elapsed=0.09s
2026-08-25T00:44:37.4271774-05:00 [PHASE5B] [RUN] [7.1] P5B_MINIFIG_ANCHORS / COMPOSITIONS 20,000/47,216 ( 42.4%) batch=5
2026-08-25T00:44:37.5371827-05:00 [PHASE5B] [OK ] [7.1] COMPOSITIONS: 25,000/47,216 (52.9%) batches=5 elapsed=0.11s
2026-08-25T00:44:37.5381825-05:00 [PHASE5B] [RUN] [7.1] P5B_MINIFIG_ANCHORS / COMPOSITIONS 25,000/47,216 ( 52.9%) batch=6
2026-08-25T00:44:37.5841837-05:00 [PHASE5B] [OK ] [7.1] COMPOSITIONS: 30,000/47,216 (63.5%) batches=6 elapsed=0.05s
2026-08-25T00:44:37.5851845-05:00 [PHASE5B] [RUN] [7.1] P5B_MINIFIG_ANCHORS / COMPOSITIONS 30,000/47,216 ( 63.5%) batch=7
2026-08-25T00:44:37.6351847-05:00 [PHASE5B] [OK ] [7.1] COMPOSITIONS: 35,000/47,216 (74.1%) batches=7 elapsed=0.05s
2026-08-25T00:44:37.6361826-05:00 [PHASE5B] [RUN] [7.1] P5B_MINIFIG_ANCHORS / COMPOSITIONS 35,000/47,216 ( 74.1%) batch=8
2026-08-25T00:44:37.6891833-05:00 [PHASE5B] [OK ] [7.1] COMPOSITIONS: 40,000/47,216 (84.7%) batches=8 elapsed=0.05s
2026-08-25T00:44:37.6901842-05:00 [PHASE5B] [RUN] [7.1] P5B_MINIFIG_ANCHORS / COMPOSITIONS 40,000/47,216 ( 84.7%) batch=9
2026-08-25T00:44:37.7441818-05:00 [PHASE5B] [OK ] [7.1] COMPOSITIONS: 45,000/47,216 (95.3%) batches=9 elapsed=0.06s
2026-08-25T00:44:37.7481822-05:00 [PHASE5B] [RUN] [7.1] P5B_MINIFIG_ANCHORS / COMPOSITIONS 45,000/47,216 ( 95.3%) batch=10
2026-08-25T00:44:37.7691850-05:00 [PHASE5B] [OK ] [7.1] COMPOSITIONS: 47,216/47,216 (100.0%) batches=10 elapsed=0.02s
2026-08-25T00:44:37.7701835-05:00 [PHASE5B] 
2026-08-25T00:44:37.7711825-05:00 [PHASE5B] -------------------------------------------------------------------------------
2026-08-25T00:44:37.7721831-05:00 [PHASE5B]  Durable Phase 5B checkpoint status
2026-08-25T00:44:37.7721831-05:00 [PHASE5B] -------------------------------------------------------------------------------
2026-08-25T00:44:37.7731824-05:00 [PHASE5B] 
2026-08-25T00:44:37.7741824-05:00 [PHASE5B] [1/10] P5B_VALIDATE
2026-08-25T00:44:37.7741824-05:00 [PHASE5B]       [1.1] SOURCE_CONTRACT              COMPLETED          1 / 1          100.0% batches=1
2026-08-25T00:44:37.7751830-05:00 [PHASE5B]       [1.2] PARENT_CLASSIFICATION        COMPLETED          1 / 1          100.0% batches=1
2026-08-25T00:44:37.7761851-05:00 [PHASE5B]       [1.3] CATALOG_REFERENCES           COMPLETED          1 / 1          100.0% batches=1
2026-08-25T00:44:37.7761851-05:00 [PHASE5B]       [1.4] VERSION_KEYS                 COMPLETED          1 / 1          100.0% batches=1
2026-08-25T00:44:37.7771824-05:00 [PHASE5B] 
2026-08-25T00:44:37.7781846-05:00 [PHASE5B] [2/10] P5B_VARIANTS
2026-08-25T00:44:37.7781846-05:00 [PHASE5B]       [2.1] BASE_PART_COLOR_VARIANTS     COMPLETED  1,551,229 / 1,551,229  100.0% batches=311
2026-08-25T00:44:37.7791821-05:00 [PHASE5B] 
2026-08-25T00:44:37.7801838-05:00 [PHASE5B] [3/10] P5B_DEFINITIONS
2026-08-25T00:44:37.7801838-05:00 [PHASE5B]       [3.1] PARENT_DEFINITIONS           COMPLETED     47,216 / 47,216     100.0% batches=10
2026-08-25T00:44:37.7811830-05:00 [PHASE5B] 
2026-08-25T00:44:37.7821825-05:00 [PHASE5B] [4/10] P5B_VERSIONS
2026-08-25T00:44:37.7821825-05:00 [PHASE5B]       [4.1] SOURCE_VERSIONS              COMPLETED     47,216 / 47,216     100.0% batches=10
2026-08-25T00:44:37.7831846-05:00 [PHASE5B] 
2026-08-25T00:44:37.7841826-05:00 [PHASE5B] [5/10] P5B_SET_MEMBERS
2026-08-25T00:44:37.7841826-05:00 [PHASE5B]       [5.1] PARTS                        COMPLETED  1,551,229 / 1,551,229  100.0% batches=311
2026-08-25T00:44:37.7851832-05:00 [PHASE5B]       [5.2] SETS                         COMPLETED      5,176 / 5,176      100.0% batches=2
2026-08-25T00:44:37.7861828-05:00 [PHASE5B]       [5.3] MINIFIGURES                  COMPLETED     25,738 / 25,738     100.0% batches=6
2026-08-25T00:44:37.7861828-05:00 [PHASE5B] 
2026-08-25T00:44:37.7871825-05:00 [PHASE5B] [6/10] P5B_MINIFIG_MEMBERS
2026-08-25T00:44:37.7871825-05:00 [PHASE5B]       [6.1] PARTS                        COMPLETED  1,551,229 / 1,551,229  100.0% batches=311
2026-08-25T00:44:37.7881827-05:00 [PHASE5B] 
2026-08-25T00:44:37.7891829-05:00 [PHASE5B] [7/10] P5B_MINIFIG_ANCHORS
2026-08-25T00:44:37.7901826-05:00 [PHASE5B]       [7.1] COMPOSITIONS                 COMPLETED     47,216 / 47,216     100.0% batches=10
2026-08-25T00:44:37.7901826-05:00 [PHASE5B] 
2026-08-25T00:44:37.7911824-05:00 [PHASE5B] [8/10] P5B_FINALIZE_VERSIONS
2026-08-25T00:44:37.7911824-05:00 [PHASE5B]       [8.1] HASH_AND_FINALIZE            PENDING            0 / 47,216       0.0% batches=0
2026-08-25T00:44:37.7921824-05:00 [PHASE5B] 
2026-08-25T00:44:37.7931825-05:00 [PHASE5B] [9/10] P5B_AUTHORITY
2026-08-25T00:44:37.7941827-05:00 [PHASE5B]       [9.1] LATEST_SOURCE                PENDING            0 / 47,216       0.0% batches=0
2026-08-25T00:44:37.7941827-05:00 [PHASE5B] 
2026-08-25T00:44:37.7951836-05:00 [PHASE5B] [10/10] P5B_COMPLETE
2026-08-25T00:44:37.7951836-05:00 [PHASE5B]       [10.1] VERIFY                       PENDING            0 / 1            0.0% batches=0
2026-08-25T00:44:37.7961824-05:00 [PHASE5B]       [10.2] COMPLETE_RUN                 PENDING            0 / 1            0.0% batches=0
2026-08-25T00:44:37.7971857-05:00 [PHASE5B] 
2026-08-25T00:44:37.7971857-05:00 [PHASE5B] [RUN] [8.1] P5B_FINALIZE_VERSIONS / HASH_AND_FINALIZE 0/47,216 (  0.0%) batch=1
2026-08-25T00:44:42.0729297-05:00 [PHASE5B] [OK ] [8.1] HASH_AND_FINALIZE: 5,000/47,216 (10.6%) batches=1 elapsed=4.30s
2026-08-25T00:44:42.0739294-05:00 [PHASE5B] [RUN] [8.1] P5B_FINALIZE_VERSIONS / HASH_AND_FINALIZE 5,000/47,216 ( 10.6%) batch=2
2026-08-25T00:44:47.0038965-05:00 [PHASE5B] [OK ] [8.1] HASH_AND_FINALIZE: 10,000/47,216 (21.2%) batches=2 elapsed=4.93s
2026-08-25T00:44:47.0048969-05:00 [PHASE5B] [RUN] [8.1] P5B_FINALIZE_VERSIONS / HASH_AND_FINALIZE 10,000/47,216 ( 21.2%) batch=3
2026-08-25T00:44:51.7957447-05:00 [PHASE5B] [OK ] [8.1] HASH_AND_FINALIZE: 15,000/47,216 (31.8%) batches=3 elapsed=4.79s
2026-08-25T00:44:51.7967442-05:00 [PHASE5B] [RUN] [8.1] P5B_FINALIZE_VERSIONS / HASH_AND_FINALIZE 15,000/47,216 ( 31.8%) batch=4
2026-08-25T00:44:54.9265405-05:00 [PHASE5B] [OK ] [8.1] HASH_AND_FINALIZE: 20,000/47,216 (42.4%) batches=4 elapsed=3.13s
2026-08-25T00:44:54.9275428-05:00 [PHASE5B] [RUN] [8.1] P5B_FINALIZE_VERSIONS / HASH_AND_FINALIZE 20,000/47,216 ( 42.4%) batch=5
2026-08-25T00:44:57.8722854-05:00 [PHASE5B] [OK ] [8.1] HASH_AND_FINALIZE: 25,000/47,216 (52.9%) batches=5 elapsed=2.94s
2026-08-25T00:44:57.8732874-05:00 [PHASE5B] [RUN] [8.1] P5B_FINALIZE_VERSIONS / HASH_AND_FINALIZE 25,000/47,216 ( 52.9%) batch=6
2026-08-25T00:45:02.0334402-05:00 [PHASE5B] [OK ] [8.1] HASH_AND_FINALIZE: 30,000/47,216 (63.5%) batches=6 elapsed=4.16s
2026-08-25T00:45:02.0344409-05:00 [PHASE5B] [RUN] [8.1] P5B_FINALIZE_VERSIONS / HASH_AND_FINALIZE 30,000/47,216 ( 63.5%) batch=7
2026-08-25T00:45:06.9290214-05:00 [PHASE5B] [OK ] [8.1] HASH_AND_FINALIZE: 35,000/47,216 (74.1%) batches=7 elapsed=4.89s
2026-08-25T00:45:06.9300212-05:00 [PHASE5B] [RUN] [8.1] P5B_FINALIZE_VERSIONS / HASH_AND_FINALIZE 35,000/47,216 ( 74.1%) batch=8
2026-08-25T00:45:12.0044385-05:00 [PHASE5B] [OK ] [8.1] HASH_AND_FINALIZE: 40,000/47,216 (84.7%) batches=8 elapsed=5.08s
2026-08-25T00:45:12.0054402-05:00 [PHASE5B] [RUN] [8.1] P5B_FINALIZE_VERSIONS / HASH_AND_FINALIZE 40,000/47,216 ( 84.7%) batch=9
2026-08-25T00:45:16.5079200-05:00 [PHASE5B] [OK ] [8.1] HASH_AND_FINALIZE: 45,000/47,216 (95.3%) batches=9 elapsed=4.50s
2026-08-25T00:45:16.5089193-05:00 [PHASE5B] [RUN] [8.1] P5B_FINALIZE_VERSIONS / HASH_AND_FINALIZE 45,000/47,216 ( 95.3%) batch=10
2026-08-25T00:45:17.2119307-05:00 [PHASE5B] [OK ] [8.1] HASH_AND_FINALIZE: 47,214/47,216 (100.0%) batches=10 elapsed=0.70s
2026-08-25T00:45:17.2129334-05:00 [PHASE5B] [RUN] [8.1] P5B_FINALIZE_VERSIONS / HASH_AND_FINALIZE 47,214/47,216 (100.0%) batch=11
2026-08-25T00:45:17.2668316-05:00 [PHASE5B] [OK ] [8.1] HASH_AND_FINALIZE: 47,216/47,216 (100.0%) batches=10 elapsed=0.05s
2026-08-25T00:45:17.2678323-05:00 [PHASE5B] 
2026-08-25T00:45:17.2688310-05:00 [PHASE5B] -------------------------------------------------------------------------------
2026-08-25T00:45:17.2688310-05:00 [PHASE5B]  Durable Phase 5B checkpoint status
2026-08-25T00:45:17.2698312-05:00 [PHASE5B] -------------------------------------------------------------------------------
2026-08-25T00:45:17.2708319-05:00 [PHASE5B] 
2026-08-25T00:45:17.2718316-05:00 [PHASE5B] [1/10] P5B_VALIDATE
2026-08-25T00:45:17.2718316-05:00 [PHASE5B]       [1.1] SOURCE_CONTRACT              COMPLETED          1 / 1          100.0% batches=1
2026-08-25T00:45:17.2728313-05:00 [PHASE5B]       [1.2] PARENT_CLASSIFICATION        COMPLETED          1 / 1          100.0% batches=1
2026-08-25T00:45:17.2738317-05:00 [PHASE5B]       [1.3] CATALOG_REFERENCES           COMPLETED          1 / 1          100.0% batches=1
2026-08-25T00:45:17.2738317-05:00 [PHASE5B]       [1.4] VERSION_KEYS                 COMPLETED          1 / 1          100.0% batches=1
2026-08-25T00:45:17.2748309-05:00 [PHASE5B] 
2026-08-25T00:45:17.2758322-05:00 [PHASE5B] [2/10] P5B_VARIANTS
2026-08-25T00:45:17.2758322-05:00 [PHASE5B]       [2.1] BASE_PART_COLOR_VARIANTS     COMPLETED  1,551,229 / 1,551,229  100.0% batches=311
2026-08-25T00:45:17.2768328-05:00 [PHASE5B] 
2026-08-25T00:45:17.2778318-05:00 [PHASE5B] [3/10] P5B_DEFINITIONS
2026-08-25T00:45:17.2778318-05:00 [PHASE5B]       [3.1] PARENT_DEFINITIONS           COMPLETED     47,216 / 47,216     100.0% batches=10
2026-08-25T00:45:17.2788310-05:00 [PHASE5B] 
2026-08-25T00:45:17.2798314-05:00 [PHASE5B] [4/10] P5B_VERSIONS
2026-08-25T00:45:17.2798314-05:00 [PHASE5B]       [4.1] SOURCE_VERSIONS              COMPLETED     47,216 / 47,216     100.0% batches=10
2026-08-25T00:45:17.2808315-05:00 [PHASE5B] 
2026-08-25T00:45:17.2818318-05:00 [PHASE5B] [5/10] P5B_SET_MEMBERS
2026-08-25T00:45:17.2818318-05:00 [PHASE5B]       [5.1] PARTS                        COMPLETED  1,551,229 / 1,551,229  100.0% batches=311
2026-08-25T00:45:17.2828311-05:00 [PHASE5B]       [5.2] SETS                         COMPLETED      5,176 / 5,176      100.0% batches=2
2026-08-25T00:45:17.2838336-05:00 [PHASE5B]       [5.3] MINIFIGURES                  COMPLETED     25,738 / 25,738     100.0% batches=6
2026-08-25T00:45:17.2838336-05:00 [PHASE5B] 
2026-08-25T00:45:17.2848310-05:00 [PHASE5B] [6/10] P5B_MINIFIG_MEMBERS
2026-08-25T00:45:17.2858333-05:00 [PHASE5B]       [6.1] PARTS                        COMPLETED  1,551,229 / 1,551,229  100.0% batches=311
2026-08-25T00:45:17.2858333-05:00 [PHASE5B] 
2026-08-25T00:45:17.2868315-05:00 [PHASE5B] [7/10] P5B_MINIFIG_ANCHORS
2026-08-25T00:45:17.2878314-05:00 [PHASE5B]       [7.1] COMPOSITIONS                 COMPLETED     47,216 / 47,216     100.0% batches=10
2026-08-25T00:45:17.2878314-05:00 [PHASE5B] 
2026-08-25T00:45:17.2888350-05:00 [PHASE5B] [8/10] P5B_FINALIZE_VERSIONS
2026-08-25T00:45:17.2888350-05:00 [PHASE5B]       [8.1] HASH_AND_FINALIZE            COMPLETED     47,216 / 47,216     100.0% batches=10
2026-08-25T00:45:17.2898314-05:00 [PHASE5B] 
2026-08-25T00:45:17.2908316-05:00 [PHASE5B] [9/10] P5B_AUTHORITY
2026-08-25T00:45:17.2908316-05:00 [PHASE5B]       [9.1] LATEST_SOURCE                PENDING            0 / 47,216       0.0% batches=0
2026-08-25T00:45:17.2918313-05:00 [PHASE5B] 
2026-08-25T00:45:17.2928324-05:00 [PHASE5B] [10/10] P5B_COMPLETE
2026-08-25T00:45:17.2928324-05:00 [PHASE5B]       [10.1] VERIFY                       PENDING            0 / 1            0.0% batches=0
2026-08-25T00:45:17.2938340-05:00 [PHASE5B]       [10.2] COMPLETE_RUN                 PENDING            0 / 1            0.0% batches=0
2026-08-25T00:45:17.2948326-05:00 [PHASE5B] 
2026-08-25T00:45:17.2948326-05:00 [PHASE5B] [RUN] [9.1] P5B_AUTHORITY / LATEST_SOURCE 0/47,216 (  0.0%) batch=1
2026-08-25T00:45:18.1078758-05:00 [PHASE5B] [OK ] [9.1] LATEST_SOURCE: 5,000/47,216 (10.6%) batches=1 elapsed=0.84s
2026-08-25T00:45:18.1088756-05:00 [PHASE5B] [RUN] [9.1] P5B_AUTHORITY / LATEST_SOURCE 5,000/47,216 ( 10.6%) batch=2
2026-08-25T00:45:18.6309737-05:00 [PHASE5B] [OK ] [9.1] LATEST_SOURCE: 10,000/47,216 (21.2%) batches=2 elapsed=0.52s
2026-08-25T00:45:18.6319733-05:00 [PHASE5B] [RUN] [9.1] P5B_AUTHORITY / LATEST_SOURCE 10,000/47,216 ( 21.2%) batch=3
2026-08-25T00:45:19.2075548-05:00 [PHASE5B] [OK ] [9.1] LATEST_SOURCE: 15,000/47,216 (31.8%) batches=3 elapsed=0.58s
2026-08-25T00:45:19.2085559-05:00 [PHASE5B] [RUN] [9.1] P5B_AUTHORITY / LATEST_SOURCE 15,000/47,216 ( 31.8%) batch=4
2026-08-25T00:45:19.6750598-05:00 [PHASE5B] [OK ] [9.1] LATEST_SOURCE: 20,000/47,216 (42.4%) batches=4 elapsed=0.47s
2026-08-25T00:45:19.6760568-05:00 [PHASE5B] [RUN] [9.1] P5B_AUTHORITY / LATEST_SOURCE 20,000/47,216 ( 42.4%) batch=5
2026-08-25T00:45:20.2763059-05:00 [PHASE5B] [OK ] [9.1] LATEST_SOURCE: 25,000/47,216 (52.9%) batches=5 elapsed=0.60s
2026-08-25T00:45:20.2783127-05:00 [PHASE5B] [RUN] [9.1] P5B_AUTHORITY / LATEST_SOURCE 25,000/47,216 ( 52.9%) batch=6
2026-08-25T00:45:20.5509116-05:00 [PHASE5B] [OK ] [9.1] LATEST_SOURCE: 30,000/47,216 (63.5%) batches=6 elapsed=0.27s
2026-08-25T00:45:20.5519127-05:00 [PHASE5B] [RUN] [9.1] P5B_AUTHORITY / LATEST_SOURCE 30,000/47,216 ( 63.5%) batch=7
2026-08-25T00:45:21.2639255-05:00 [PHASE5B] [OK ] [9.1] LATEST_SOURCE: 35,000/47,216 (74.1%) batches=7 elapsed=0.71s
2026-08-25T00:45:21.2659263-05:00 [PHASE5B] [RUN] [9.1] P5B_AUTHORITY / LATEST_SOURCE 35,000/47,216 ( 74.1%) batch=8
2026-08-25T00:45:21.4618734-05:00 [PHASE5B] [OK ] [9.1] LATEST_SOURCE: 40,000/47,216 (84.7%) batches=8 elapsed=0.20s
2026-08-25T00:45:21.4628749-05:00 [PHASE5B] [RUN] [9.1] P5B_AUTHORITY / LATEST_SOURCE 40,000/47,216 ( 84.7%) batch=9
2026-08-25T00:45:21.6004216-05:00 [PHASE5B] [OK ] [9.1] LATEST_SOURCE: 45,000/47,216 (95.3%) batches=9 elapsed=0.14s
2026-08-25T00:45:21.6024235-05:00 [PHASE5B] [RUN] [9.1] P5B_AUTHORITY / LATEST_SOURCE 45,000/47,216 ( 95.3%) batch=10
2026-08-25T00:45:21.6584218-05:00 [PHASE5B] [OK ] [9.1] LATEST_SOURCE: 47,214/47,216 (100.0%) batches=10 elapsed=0.06s
2026-08-25T00:45:21.6594239-05:00 [PHASE5B] [RUN] [9.1] P5B_AUTHORITY / LATEST_SOURCE 47,214/47,216 (100.0%) batch=11
2026-08-25T00:45:21.6644214-05:00 [PHASE5B] [OK ] [9.1] LATEST_SOURCE: 47,216/47,216 (100.0%) batches=10 elapsed=0.01s
2026-08-25T00:45:21.6654234-05:00 [PHASE5B] 
2026-08-25T00:45:21.6664231-05:00 [PHASE5B] -------------------------------------------------------------------------------
2026-08-25T00:45:21.6674229-05:00 [PHASE5B]  Durable Phase 5B checkpoint status
2026-08-25T00:45:21.6684239-05:00 [PHASE5B] -------------------------------------------------------------------------------
2026-08-25T00:45:21.6684239-05:00 [PHASE5B] 
2026-08-25T00:45:21.6694222-05:00 [PHASE5B] [1/10] P5B_VALIDATE
2026-08-25T00:45:21.6704244-05:00 [PHASE5B]       [1.1] SOURCE_CONTRACT              COMPLETED          1 / 1          100.0% batches=1
2026-08-25T00:45:21.6704244-05:00 [PHASE5B]       [1.2] PARENT_CLASSIFICATION        COMPLETED          1 / 1          100.0% batches=1
2026-08-25T00:45:21.6714221-05:00 [PHASE5B]       [1.3] CATALOG_REFERENCES           COMPLETED          1 / 1          100.0% batches=1
2026-08-25T00:45:21.6724226-05:00 [PHASE5B]       [1.4] VERSION_KEYS                 COMPLETED          1 / 1          100.0% batches=1
2026-08-25T00:45:21.6724226-05:00 [PHASE5B] 
2026-08-25T00:45:21.6734216-05:00 [PHASE5B] [2/10] P5B_VARIANTS
2026-08-25T00:45:21.6744220-05:00 [PHASE5B]       [2.1] BASE_PART_COLOR_VARIANTS     COMPLETED  1,551,229 / 1,551,229  100.0% batches=311
2026-08-25T00:45:21.6744220-05:00 [PHASE5B] 
2026-08-25T00:45:21.6754240-05:00 [PHASE5B] [3/10] P5B_DEFINITIONS
2026-08-25T00:45:21.6764240-05:00 [PHASE5B]       [3.1] PARENT_DEFINITIONS           COMPLETED     47,216 / 47,216     100.0% batches=10
2026-08-25T00:45:21.6764240-05:00 [PHASE5B] 
2026-08-25T00:45:21.6774239-05:00 [PHASE5B] [4/10] P5B_VERSIONS
2026-08-25T00:45:21.6784221-05:00 [PHASE5B]       [4.1] SOURCE_VERSIONS              COMPLETED     47,216 / 47,216     100.0% batches=10
2026-08-25T00:45:21.6784221-05:00 [PHASE5B] 
2026-08-25T00:45:21.6794237-05:00 [PHASE5B] [5/10] P5B_SET_MEMBERS
2026-08-25T00:45:21.6804220-05:00 [PHASE5B]       [5.1] PARTS                        COMPLETED  1,551,229 / 1,551,229  100.0% batches=311
2026-08-25T00:45:21.6804220-05:00 [PHASE5B]       [5.2] SETS                         COMPLETED      5,176 / 5,176      100.0% batches=2
2026-08-25T00:45:21.6814225-05:00 [PHASE5B]       [5.3] MINIFIGURES                  COMPLETED     25,738 / 25,738     100.0% batches=6
2026-08-25T00:45:21.6824248-05:00 [PHASE5B] 
2026-08-25T00:45:21.6824248-05:00 [PHASE5B] [6/10] P5B_MINIFIG_MEMBERS
2026-08-25T00:45:21.6834225-05:00 [PHASE5B]       [6.1] PARTS                        COMPLETED  1,551,229 / 1,551,229  100.0% batches=311
2026-08-25T00:45:21.6844266-05:00 [PHASE5B] 
2026-08-25T00:45:21.6844266-05:00 [PHASE5B] [7/10] P5B_MINIFIG_ANCHORS
2026-08-25T00:45:21.6854222-05:00 [PHASE5B]       [7.1] COMPOSITIONS                 COMPLETED     47,216 / 47,216     100.0% batches=10
2026-08-25T00:45:21.6864218-05:00 [PHASE5B] 
2026-08-25T00:45:21.6974216-05:00 [PHASE5B] [8/10] P5B_FINALIZE_VERSIONS
2026-08-25T00:45:21.6974216-05:00 [PHASE5B]       [8.1] HASH_AND_FINALIZE            COMPLETED     47,216 / 47,216     100.0% batches=10
2026-08-25T00:45:21.6984215-05:00 [PHASE5B] 
2026-08-25T00:45:21.6994238-05:00 [PHASE5B] [9/10] P5B_AUTHORITY
2026-08-25T00:45:21.6994238-05:00 [PHASE5B]       [9.1] LATEST_SOURCE                COMPLETED     47,216 / 47,216     100.0% batches=10
2026-08-25T00:45:21.7004218-05:00 [PHASE5B] 
2026-08-25T00:45:21.7014216-05:00 [PHASE5B] [10/10] P5B_COMPLETE
2026-08-25T00:45:21.7024236-05:00 [PHASE5B]       [10.1] VERIFY                       PENDING            0 / 1            0.0% batches=0
2026-08-25T00:45:21.7024236-05:00 [PHASE5B]       [10.2] COMPLETE_RUN                 PENDING            0 / 1            0.0% batches=0
2026-08-25T00:45:21.7034223-05:00 [PHASE5B] 
2026-08-25T00:45:21.7044216-05:00 [PHASE5B] [RUN] [10.1] P5B_COMPLETE / VERIFY 0/1 (  0.0%) batch=1
2026-08-25T00:45:21.9244411-05:00 [PHASE5B] [OK ] [10.1] VERIFY: 1/1 (100.0%) batches=1 elapsed=0.26s
2026-08-25T00:45:21.9264379-05:00 [PHASE5B] 
2026-08-25T00:45:21.9264379-05:00 [PHASE5B] -------------------------------------------------------------------------------
2026-08-25T00:45:21.9274375-05:00 [PHASE5B]  Durable Phase 5B checkpoint status
2026-08-25T00:45:21.9284379-05:00 [PHASE5B] -------------------------------------------------------------------------------
2026-08-25T00:45:21.9294394-05:00 [PHASE5B] 
2026-08-25T00:45:21.9294394-05:00 [PHASE5B] [1/10] P5B_VALIDATE
2026-08-25T00:45:21.9304377-05:00 [PHASE5B]       [1.1] SOURCE_CONTRACT              COMPLETED          1 / 1          100.0% batches=1
2026-08-25T00:45:21.9314378-05:00 [PHASE5B]       [1.2] PARENT_CLASSIFICATION        COMPLETED          1 / 1          100.0% batches=1
2026-08-25T00:45:21.9324391-05:00 [PHASE5B]       [1.3] CATALOG_REFERENCES           COMPLETED          1 / 1          100.0% batches=1
2026-08-25T00:45:21.9324391-05:00 [PHASE5B]       [1.4] VERSION_KEYS                 COMPLETED          1 / 1          100.0% batches=1
2026-08-25T00:45:21.9334380-05:00 [PHASE5B] 
2026-08-25T00:45:21.9344410-05:00 [PHASE5B] [2/10] P5B_VARIANTS
2026-08-25T00:45:21.9344410-05:00 [PHASE5B]       [2.1] BASE_PART_COLOR_VARIANTS     COMPLETED  1,551,229 / 1,551,229  100.0% batches=311
2026-08-25T00:45:21.9354374-05:00 [PHASE5B] 
2026-08-25T00:45:21.9364373-05:00 [PHASE5B] [3/10] P5B_DEFINITIONS
2026-08-25T00:45:21.9364373-05:00 [PHASE5B]       [3.1] PARENT_DEFINITIONS           COMPLETED     47,216 / 47,216     100.0% batches=10
2026-08-25T00:45:21.9374382-05:00 [PHASE5B] 
2026-08-25T00:45:21.9384373-05:00 [PHASE5B] [4/10] P5B_VERSIONS
2026-08-25T00:45:21.9384373-05:00 [PHASE5B]       [4.1] SOURCE_VERSIONS              COMPLETED     47,216 / 47,216     100.0% batches=10
2026-08-25T00:45:21.9394384-05:00 [PHASE5B] 
2026-08-25T00:45:21.9394384-05:00 [PHASE5B] [5/10] P5B_SET_MEMBERS
2026-08-25T00:45:21.9404373-05:00 [PHASE5B]       [5.1] PARTS                        COMPLETED  1,551,229 / 1,551,229  100.0% batches=311
2026-08-25T00:45:21.9414372-05:00 [PHASE5B]       [5.2] SETS                         COMPLETED      5,176 / 5,176      100.0% batches=2
2026-08-25T00:45:21.9414372-05:00 [PHASE5B]       [5.3] MINIFIGURES                  COMPLETED     25,738 / 25,738     100.0% batches=6
2026-08-25T00:45:21.9424400-05:00 [PHASE5B] 
2026-08-25T00:45:21.9434374-05:00 [PHASE5B] [6/10] P5B_MINIFIG_MEMBERS
2026-08-25T00:45:21.9444397-05:00 [PHASE5B]       [6.1] PARTS                        COMPLETED  1,551,229 / 1,551,229  100.0% batches=311
2026-08-25T00:45:21.9444397-05:00 [PHASE5B] 
2026-08-25T00:45:21.9454375-05:00 [PHASE5B] [7/10] P5B_MINIFIG_ANCHORS
2026-08-25T00:45:21.9464388-05:00 [PHASE5B]       [7.1] COMPOSITIONS                 COMPLETED     47,216 / 47,216     100.0% batches=10
2026-08-25T00:45:21.9474378-05:00 [PHASE5B] 
2026-08-25T00:45:21.9484379-05:00 [PHASE5B] [8/10] P5B_FINALIZE_VERSIONS
2026-08-25T00:45:21.9494393-05:00 [PHASE5B]       [8.1] HASH_AND_FINALIZE            COMPLETED     47,216 / 47,216     100.0% batches=10
2026-08-25T00:45:21.9494393-05:00 [PHASE5B] 
2026-08-25T00:45:21.9504374-05:00 [PHASE5B] [9/10] P5B_AUTHORITY
2026-08-25T00:45:21.9514386-05:00 [PHASE5B]       [9.1] LATEST_SOURCE                COMPLETED     47,216 / 47,216     100.0% batches=10
2026-08-25T00:45:21.9514386-05:00 [PHASE5B] 
2026-08-25T00:45:21.9524378-05:00 [PHASE5B] [10/10] P5B_COMPLETE
2026-08-25T00:45:21.9534377-05:00 [PHASE5B]       [10.1] VERIFY                       COMPLETED          1 / 1          100.0% batches=1
2026-08-25T00:45:21.9534377-05:00 [PHASE5B]       [10.2] COMPLETE_RUN                 PENDING            0 / 1            0.0% batches=0
2026-08-25T00:45:21.9544395-05:00 [PHASE5B] 
2026-08-25T00:45:21.9544395-05:00 [PHASE5B] [RUN] [10.2] P5B_COMPLETE / COMPLETE_RUN 0/1 (  0.0%) batch=1
2026-08-25T00:45:21.9554370-05:00 [PHASE5B] [OK ] [10.2] COMPLETE_RUN: 1/1 (100.0%) batches=1 elapsed=0.00s
2026-08-25T00:45:21.9564373-05:00 [PHASE5B] 
2026-08-25T00:45:21.9564373-05:00 [PHASE5B] -------------------------------------------------------------------------------
2026-08-25T00:45:21.9574371-05:00 [PHASE5B]  Durable Phase 5B checkpoint status
2026-08-25T00:45:21.9584374-05:00 [PHASE5B] -------------------------------------------------------------------------------
2026-08-25T00:45:21.9584374-05:00 [PHASE5B] 
2026-08-25T00:45:21.9594388-05:00 [PHASE5B] [1/10] P5B_VALIDATE
2026-08-25T00:45:21.9604367-05:00 [PHASE5B]       [1.1] SOURCE_CONTRACT              COMPLETED          1 / 1          100.0% batches=1
2026-08-25T00:45:21.9614403-05:00 [PHASE5B]       [1.2] PARENT_CLASSIFICATION        COMPLETED          1 / 1          100.0% batches=1
2026-08-25T00:45:21.9614403-05:00 [PHASE5B]       [1.3] CATALOG_REFERENCES           COMPLETED          1 / 1          100.0% batches=1
2026-08-25T00:45:21.9624373-05:00 [PHASE5B]       [1.4] VERSION_KEYS                 COMPLETED          1 / 1          100.0% batches=1
2026-08-25T00:45:21.9634373-05:00 [PHASE5B] 
2026-08-25T00:45:21.9634373-05:00 [PHASE5B] [2/10] P5B_VARIANTS
2026-08-25T00:45:21.9644368-05:00 [PHASE5B]       [2.1] BASE_PART_COLOR_VARIANTS     COMPLETED  1,551,229 / 1,551,229  100.0% batches=311
2026-08-25T00:45:21.9654381-05:00 [PHASE5B] 
2026-08-25T00:45:21.9654381-05:00 [PHASE5B] [3/10] P5B_DEFINITIONS
2026-08-25T00:45:21.9664376-05:00 [PHASE5B]       [3.1] PARENT_DEFINITIONS           COMPLETED     47,216 / 47,216     100.0% batches=10
2026-08-25T00:45:21.9674397-05:00 [PHASE5B] 
2026-08-25T00:45:21.9674397-05:00 [PHASE5B] [4/10] P5B_VERSIONS
2026-08-25T00:45:21.9684372-05:00 [PHASE5B]       [4.1] SOURCE_VERSIONS              COMPLETED     47,216 / 47,216     100.0% batches=10
2026-08-25T00:45:21.9694379-05:00 [PHASE5B] 
2026-08-25T00:45:21.9694379-05:00 [PHASE5B] [5/10] P5B_SET_MEMBERS
2026-08-25T00:45:21.9704372-05:00 [PHASE5B]       [5.1] PARTS                        COMPLETED  1,551,229 / 1,551,229  100.0% batches=311
2026-08-25T00:45:21.9714374-05:00 [PHASE5B]       [5.2] SETS                         COMPLETED      5,176 / 5,176      100.0% batches=2
2026-08-25T00:45:21.9714374-05:00 [PHASE5B]       [5.3] MINIFIGURES                  COMPLETED     25,738 / 25,738     100.0% batches=6
2026-08-25T00:45:21.9724374-05:00 [PHASE5B] 
2026-08-25T00:45:21.9734376-05:00 [PHASE5B] [6/10] P5B_MINIFIG_MEMBERS
2026-08-25T00:45:21.9734376-05:00 [PHASE5B]       [6.1] PARTS                        COMPLETED  1,551,229 / 1,551,229  100.0% batches=311
2026-08-25T00:45:21.9744377-05:00 [PHASE5B] 
2026-08-25T00:45:21.9754377-05:00 [PHASE5B] [7/10] P5B_MINIFIG_ANCHORS
2026-08-25T00:45:21.9754377-05:00 [PHASE5B]       [7.1] COMPOSITIONS                 COMPLETED     47,216 / 47,216     100.0% batches=10
2026-08-25T00:45:21.9764371-05:00 [PHASE5B] 
2026-08-25T00:45:21.9774377-05:00 [PHASE5B] [8/10] P5B_FINALIZE_VERSIONS
2026-08-25T00:45:21.9774377-05:00 [PHASE5B]       [8.1] HASH_AND_FINALIZE            COMPLETED     47,216 / 47,216     100.0% batches=10
2026-08-25T00:45:21.9804368-05:00 [PHASE5B] 
2026-08-25T00:45:21.9814448-05:00 [PHASE5B] [9/10] P5B_AUTHORITY
2026-08-25T00:45:21.9814448-05:00 [PHASE5B]       [9.1] LATEST_SOURCE                COMPLETED     47,216 / 47,216     100.0% batches=10
2026-08-25T00:45:21.9824375-05:00 [PHASE5B] 
2026-08-25T00:45:21.9834372-05:00 [PHASE5B] [10/10] P5B_COMPLETE
2026-08-25T00:45:21.9844370-05:00 [PHASE5B]       [10.1] VERIFY                       COMPLETED          1 / 1          100.0% batches=1
2026-08-25T00:45:21.9844370-05:00 [PHASE5B]       [10.2] COMPLETE_RUN                 COMPLETED          1 / 1          100.0% batches=1
2026-08-25T00:45:21.9854371-05:00 [PHASE5B] 
2026-08-25T00:45:21.9864370-05:00 [PHASE5B] ==============================================================================
2026-08-25T00:45:21.9864370-05:00 [PHASE5B]  [PASS] Rebrickable Phase 5B checkpointed reconciliation completed
2026-08-25T00:45:21.9874378-05:00 [PHASE5B]  [INFO] Source run: 01a03755-e950-7e17-b7dd-6fb11bc8b3d6
2026-08-25T00:45:21.9884375-05:00 [PHASE5B]  [INFO] Elapsed seconds: 1807.05
2026-08-25T00:45:21.9884375-05:00 [PHASE5B] ==============================================================================
2026-08-25T00:45:21.9894378-05:00 [INFO] PHASE5B process exit code=0
2026-08-25T00:45:21.9904376-05:00 [PASS] PHASE5B completed
2026-08-25T00:45:22.0524408-05:00 [PASS] Lifecycle finalized source_run_id=01a03755-e950-7e17-b7dd-6fb11bc8b3d6
2026-08-25T00:45:22.0534372-05:00 [INFO] START PHASE6A: import_rebrickable_phase6a_relationships.py --archive L:\var\www\Brk.Trkr\brk.trkr-db\import\runtime\snapshots\initial_20260824_234043\part_relationships.csv.gz
2026-08-25T00:45:24.2915371-05:00 [PHASE6A] ==============================================================================
2026-08-25T00:45:24.2925411-05:00 [PHASE6A]  BrickTrackr Rebrickable Import - Phase 6A v1.0.0
2026-08-25T00:45:24.2935381-05:00 [PHASE6A] ==============================================================================
2026-08-25T00:45:24.2945381-05:00 [PHASE6A] [INFO] archive: L:\var\www\Brk.Trkr\brk.trkr-db\import\runtime\snapshots\initial_20260824_234043\part_relationships.csv.gz
2026-08-25T00:45:24.2945381-05:00 [PHASE6A] [PASS] source rows: 37,210
2026-08-25T00:45:24.2955378-05:00 [PHASE6A] [INFO] sha256: e0b73872cdc5fa1f6e5a54efeed7fb2850be3d58cded02a17e4665b9600a61da
2026-08-25T00:45:24.2965384-05:00 [PHASE6A] [INFO] relationship counts: A=1,179, B=1,557, M=1,160, P=29,866, R=2,987, T=461
2026-08-25T00:45:24.2965384-05:00 [PHASE6A] [INFO] self links preserved as source evidence: 1
2026-08-25T00:45:24.2975380-05:00 [PHASE6A] [PASS] importer database contract verified
2026-08-25T00:45:24.2985392-05:00 [PHASE6A] [INFO] source run: 01a03773-ac1b-7d50-84ee-3ad5413c928a
2026-08-25T00:45:24.2985392-05:00 [PHASE6A] 
2026-08-25T00:45:24.2995373-05:00 [PHASE6A] ==============================================================================
2026-08-25T00:45:24.3005384-05:00 [PHASE6A]  [PASS] Rebrickable Phase 6A staged successfully
2026-08-25T00:45:24.3005384-05:00 [PHASE6A] ==============================================================================
2026-08-25T00:45:24.3015376-05:00 [PHASE6A] [INFO] Source run: 01a03773-ac1b-7d50-84ee-3ad5413c928a
2026-08-25T00:45:24.3025377-05:00 [PHASE6A] [INFO] Rows staged: 37,210
2026-08-25T00:45:24.3025377-05:00 [PHASE6A] [INFO] Run status: VALIDATING
2026-08-25T00:45:24.3035380-05:00 [PHASE6A] [INFO] Canonical DML: NO
2026-08-25T00:45:24.3045377-05:00 [PHASE6A] [INFO] Next: Phase 6B relationship semantic reconciliation
2026-08-25T00:45:24.3115372-05:00 [INFO] PHASE6A process exit code=0
2026-08-25T00:45:24.3125375-05:00 [PASS] PHASE6A completed
2026-08-25T00:45:24.3565385-05:00 [INFO] PHASE6A source_run_id=01a03773-ac1b-7d50-84ee-3ad5413c928a
2026-08-25T00:45:24.3985400-05:00 [INFO] START PHASE6B: reconcile_rebrickable_phase6b_relationships.py --source-run-id 01a03773-ac1b-7d50-84ee-3ad5413c928a
2026-08-25T00:48:10.4243549-05:00 [PHASE6B] ==============================================================================
2026-08-25T00:48:10.4263552-05:00 [PHASE6B]  BrickTrackr Rebrickable Phase 6B - semantic relationship reconcile
2026-08-25T00:48:10.4263552-05:00 [PHASE6B] ==============================================================================
2026-08-25T00:48:10.4273550-05:00 [PHASE6B] [INFO] Source run: 01a03773-ac1b-7d50-84ee-3ad5413c928a
2026-08-25T00:48:10.4283556-05:00 [PHASE6B] [INFO] Exact canonical mapping: A -> ALTERNATE
2026-08-25T00:48:10.4293554-05:00 [PHASE6B] [INFO] B/M/P/R/T: preserved as source provenance; not collapsed to RELATED
2026-08-25T00:48:10.4293554-05:00 [PHASE6B] [INFO] Staged rows:               37,210
2026-08-25T00:48:10.4313548-05:00 [PHASE6B] [INFO] Provenance upserts:        37,210
2026-08-25T00:48:10.4323553-05:00 [PHASE6B] [INFO] Canonically mapped:        1,179
2026-08-25T00:48:10.4333550-05:00 [PHASE6B] [INFO] Source-valid unmapped:     36,030
2026-08-25T00:48:10.4333550-05:00 [PHASE6B] [INFO] Quarantined:               1
2026-08-25T00:48:10.4343551-05:00 [PHASE6B] [INFO] Canonical ALTERNATE links: 1,179
2026-08-25T00:48:10.4353554-05:00 [PHASE6B] [INFO] SOURCE_MISSING rows:       0
2026-08-25T00:48:10.4353554-05:00 [PHASE6B] [INFO] Elapsed seconds:           165.88
2026-08-25T00:48:10.4363588-05:00 [PHASE6B] 
2026-08-25T00:48:10.4373551-05:00 [PHASE6B] ==============================================================================
2026-08-25T00:48:10.4373551-05:00 [PHASE6B]  [PASS] Rebrickable Phase 6B semantic reconciliation completed
2026-08-25T00:48:10.4383565-05:00 [PHASE6B] ==============================================================================
2026-08-25T00:48:10.4463566-05:00 [INFO] PHASE6B process exit code=0
2026-08-25T00:48:10.4473553-05:00 [PASS] PHASE6B completed
2026-08-25T00:48:10.4963546-05:00 [PASS] Lifecycle finalized source_run_id=01a03773-ac1b-7d50-84ee-3ad5413c928a
2026-08-25T00:48:10.4993548-05:00 [PASS] Rebrickable full refresh completed in 01:07:23
