2026-08-25T07:05:52.5259256-05:00 [INFO] BrickTrackr nightly Rebrickable refresh starting.
2026-08-25T07:05:52.5339262-05:00 [INFO] Database: localhost:5432/bricktrackr
2026-08-25T07:05:52.5349258-05:00 [INFO] Importer: bricktrackr_import
2026-08-25T07:05:52.5349258-05:00 [INFO] Log: L:\var\www\Brk.Trkr\brk.trkr-db\logs\rebrickable\rebrickable_nightly_20260825_070552.log
2026-08-25T07:05:52.5379261-05:00 [PASS] Nightly lock acquired (PID 63316).
2026-08-25T07:05:52.5789272-05:00 [PASS] Importer connection verified.
2026-08-25T07:05:52.6209258-05:00 [PASS] No non-terminal Rebrickable source runs found.
2026-08-25T07:05:52.6219266-05:00 [INFO] Downloading a fresh 12-file Rebrickable snapshot.
2026-08-25T07:05:52.6229259-05:00 [INFO] Snapshot: L:\var\www\Brk.Trkr\brk.trkr-db\import\runtime\snapshots\nightly_20260825_070552
===============================================================================
 BrickTrackr fresh Rebrickable snapshot
===============================================================================
Destination: L:\var\www\Brk.Trkr\brk.trkr-db\import\runtime\snapshots\nightly_20260825_070552
Datasets:    12

[*] Downloading themes.csv.gz (attempt 1/5)...
[+] themes.csv.gz: 496 rows, 4,508 bytes, sha256=620ead9d1ce5f79eeddd13dbd6cc18b3c34717f594d6ca60180d8956b4eff253
[*] Downloading colors.csv.gz (attempt 1/5)...
[+] colors.csv.gz: 275 rows, 4,890 bytes, sha256=9263b6b9e43446e9f8f40226c22f29bcc7cb97bb8dd7e66bb2c1fcc56b74e66f
[*] Downloading part_categories.csv.gz (attempt 1/5)...
[+] part_categories.csv.gz: 76 rows, 856 bytes, sha256=45517dbe3f967d79d359018faf7a4e5869b7b907265b3aa0a97c3f5c077759bd
[*] Downloading parts.csv.gz (attempt 1/5)...
[+] parts.csv.gz: 64,347 rows, 1,061,966 bytes, sha256=2afe3df8db15772da2862fc10f45fc7255b93df38e9fda21274f3e9e5b5051c3
[*] Downloading sets.csv.gz (attempt 1/5)...
[+] sets.csv.gz: 28,119 rows, 514,075 bytes, sha256=9b56cd91f10ccaf6d1b823427325832d7a976c4fcded6e4d6802732e1ff7dbb0
[*] Downloading minifigs.csv.gz (attempt 1/5)...
[+] minifigs.csv.gz: 17,162 rows, 301,232 bytes, sha256=60ead450df9e6157012dbdca36186fc5c6ac9c114d10d7be2f6af38055ddf7d6
[*] Downloading elements.csv.gz (attempt 1/5)...
[+] elements.csv.gz: 113,831 rows, 1,125,052 bytes, sha256=28e73e9348cf4eae48047dcbba496d6b71ca2d8848764fc11670d613282ccf32
[*] Downloading inventories.csv.gz (attempt 1/5)...
[+] inventories.csv.gz: 47,216 rows, 263,339 bytes, sha256=a5f9c085a32d6e433397502343425062fea3587cdb87d1b671e16d1f103d7deb
[*] Downloading inventory_parts.csv.gz (attempt 1/5)...
[+] inventory_parts.csv.gz: 1,551,426 rows, 14,051,053 bytes, sha256=a73e272f816826798973ec72b01bf2f8bca120571cd67cad8b3c2a5dc704f01c
[*] Downloading inventory_sets.csv.gz (attempt 1/5)...
[+] inventory_sets.csv.gz: 5,176 rows, 18,898 bytes, sha256=a260844f665f5fe64675184fc01a93f78488548e51fbd7b2cc9dfdd7b7e5798b
[*] Downloading inventory_minifigs.csv.gz (attempt 1/5)...
[+] inventory_minifigs.csv.gz: 25,738 rows, 97,665 bytes, sha256=805be4a494c16fc4277f27693c503e3d2b2cbc21847f483954b244bb05109670
[*] Downloading part_relationships.csv.gz (attempt 1/5)...
[+] part_relationships.csv.gz: 37,210 rows, 194,876 bytes, sha256=e0b73872cdc5fa1f6e5a54efeed7fb2850be3d58cded02a17e4665b9600a61da

[PASS] Complete fresh snapshot ready: 12 archives
[PASS] Manifest: L:\var\www\Brk.Trkr\brk.trkr-db\import\runtime\snapshots\nightly_20260825_070552\snapshot_manifest.json
2026-08-25T07:05:55.9882359-05:00 [PASS] Fresh Rebrickable snapshot verified: 12 archives.
2026-08-25T07:05:55.9892358-05:00 [INFO] Starting canonical Phase 1-6 refresh engine.
2026-08-25T07:05:56.1722356-05:00 [INFO] ============================================================
2026-08-25T07:05:56.1772358-05:00 [INFO] BrickTrackr Rebrickable full refresh starting
2026-08-25T07:05:56.1782387-05:00 [INFO] StartPhase=PHASE1
2026-08-25T07:05:56.1782387-05:00 [INFO] ImportRoot=L:\var\www\Brk.Trkr\brk.trkr-db\import
2026-08-25T07:05:56.1792380-05:00 [INFO] SnapshotDir=L:\var\www\Brk.Trkr\brk.trkr-db\import\runtime\snapshots\nightly_20260825_070552
2026-08-25T07:05:56.1802363-05:00 [INFO] ============================================================
2026-08-25T07:05:56.1872358-05:00 [PASS] Complete Rebrickable snapshot verified.
2026-08-25T07:05:56.1922368-05:00 [INFO] START PHASE1: import_rebrickable_phase1.py --work-dir L:\var\www\Brk.Trkr\brk.trkr-db\import\runtime\snapshots\nightly_20260825_070552
2026-08-25T07:05:56.4089600-05:00 [PHASE1] ===============================================================================
2026-08-25T07:05:56.4099577-05:00 [PHASE1]  BrickTrackr Rebrickable Import - Phase 1 v2.0.3
2026-08-25T07:05:56.4109581-05:00 [PHASE1] ===============================================================================
2026-08-25T07:05:56.4119581-05:00 [PHASE1] Work directory: L:\var\www\Brk.Trkr\brk.trkr-db\import\runtime\snapshots\nightly_20260825_070552
2026-08-25T07:05:56.4129578-05:00 [PHASE1] [+] Database import contract verified.
2026-08-25T07:05:56.4139570-05:00 [PHASE1] [+] Created source run: 01a038d0-1611-76ca-b9b7-e080c2825c97
2026-08-25T07:05:56.4149588-05:00 [PHASE1] [+] themes: snapshot verified 496 rows, sha256=620ead9d1ce5f79eeddd13dbd6cc18b3c34717f594d6ca60180d8956b4eff253
2026-08-25T07:05:56.4149588-05:00 [PHASE1] [i] colors: ignoring additional source columns ('num_parts', 'num_sets', 'y1', 'y2')
2026-08-25T07:05:56.4159571-05:00 [PHASE1] [+] colors: snapshot verified 275 rows, sha256=9263b6b9e43446e9f8f40226c22f29bcc7cb97bb8dd7e66bb2c1fcc56b74e66f
2026-08-25T07:05:56.4169570-05:00 [PHASE1] [+] part_categories: snapshot verified 76 rows, sha256=45517dbe3f967d79d359018faf7a4e5869b7b907265b3aa0a97c3f5c077759bd
2026-08-25T07:05:56.4179570-05:00 [PHASE1] [+] All Phase-1 snapshot archives validated.
2026-08-25T07:05:56.4179570-05:00 [PHASE1] [*] Staging themes...
2026-08-25T07:05:56.4189572-05:00 [PHASE1] [+] themes: staged and validated 496 rows
2026-08-25T07:05:56.4199573-05:00 [PHASE1] [*] Staging colors...
2026-08-25T07:05:56.4209570-05:00 [PHASE1] [+] colors: staged and validated 275 rows
2026-08-25T07:05:56.4219571-05:00 [PHASE1] [*] Staging part_categories...
2026-08-25T07:05:56.4219571-05:00 [PHASE1] [+] part_categories: staged and validated 76 rows
2026-08-25T07:05:56.4229567-05:00 [PHASE1] ===============================================================================
2026-08-25T07:05:56.4239572-05:00 [PHASE1]  [PASS] Rebrickable Phase 1 staged successfully
2026-08-25T07:05:56.4249571-05:00 [PHASE1] ===============================================================================
2026-08-25T07:05:56.4259560-05:00 [PHASE1] Source run: 01a038d0-1611-76ca-b9b7-e080c2825c97
2026-08-25T07:05:56.4259560-05:00 [PHASE1] Run status: VALIDATING
2026-08-25T07:05:56.4269562-05:00 [PHASE1] Canonical tables modified: NO
2026-08-25T07:05:56.4279575-05:00 [PHASE1] Next step: Phase 2 reference reconciliation
2026-08-25T07:05:56.4299580-05:00 [INFO] PHASE1 process exit code=0
2026-08-25T07:05:56.4309578-05:00 [PASS] PHASE1 completed
2026-08-25T07:05:56.4329584-05:00 [INFO] START PHASE2: import_rebrickable_phase2.py 
2026-08-25T07:05:56.6929592-05:00 [PHASE2] ==============================================================================
2026-08-25T07:05:56.6949577-05:00 [PHASE2]  BrickTrackr Rebrickable Import - Phase 2 v2.1.0
2026-08-25T07:05:56.6949577-05:00 [PHASE2] ==============================================================================
2026-08-25T07:05:56.6969588-05:00 [PHASE2] [+] Database contract verified for login 'bricktrackr_import'.
2026-08-25T07:05:56.6979574-05:00 [PHASE2] [*] Reconciling source run: 01a038d0-1611-76ca-b9b7-e080c2825c97
2026-08-25T07:05:56.6989581-05:00 [PHASE2] [+] Reference reconciliation committed atomically.
2026-08-25T07:05:56.6999579-05:00 [PHASE2] {
2026-08-25T07:05:56.7009594-05:00 [PHASE2]   "phase": 2,
2026-08-25T07:05:56.7019580-05:00 [PHASE2]   "reconciled": {
2026-08-25T07:05:56.7029592-05:00 [PHASE2]     "colors": 275,
2026-08-25T07:05:56.7039582-05:00 [PHASE2]     "themes": 496,
2026-08-25T07:05:56.7039582-05:00 [PHASE2]     "part_categories": 76
2026-08-25T07:05:56.7049582-05:00 [PHASE2]   },
2026-08-25T07:05:56.7059582-05:00 [PHASE2]   "completed_at": "2026-08-25T12:05:56.604099+00:00",
2026-08-25T07:05:56.7069593-05:00 [PHASE2]   "source_run_id": "01a038d0-1611-76ca-b9b7-e080c2825c97",
2026-08-25T07:05:56.7079599-05:00 [PHASE2]   "canonical_created": {
2026-08-25T07:05:56.7089582-05:00 [PHASE2]     "colors": 275,
2026-08-25T07:05:56.7099578-05:00 [PHASE2]     "themes": 496,
2026-08-25T07:05:56.7109580-05:00 [PHASE2]     "part_categories": 76
2026-08-25T07:05:56.7109580-05:00 [PHASE2]   }
2026-08-25T07:05:56.7119580-05:00 [PHASE2] }
2026-08-25T07:05:56.7129590-05:00 [PHASE2] ==============================================================================
2026-08-25T07:05:56.7139592-05:00 [PHASE2]  [PASS] Rebrickable Phase 2 completed successfully
2026-08-25T07:05:56.7149583-05:00 [PHASE2] ==============================================================================
2026-08-25T07:05:56.7159588-05:00 [INFO] PHASE2 process exit code=0
2026-08-25T07:05:56.7169583-05:00 [PASS] PHASE2 completed
2026-08-25T07:05:56.7179599-05:00 [INFO] START PHASE3A: import_rebrickable_phase3.py --work-dir L:\var\www\Brk.Trkr\brk.trkr-db\import\runtime\snapshots\nightly_20260825_070552
2026-08-25T07:05:56.8600631-05:00 [PHASE3A] [ENCODING] utf8_mode=0; stdout=utf-8; stderr=utf-8; preferred=cp1252; PGCLIENTENCODING=None
2026-08-25T07:06:00.1977764-05:00 [PHASE3A] ==============================================================================
2026-08-25T07:06:00.1997753-05:00 [PHASE3A]  BrickTrackr Rebrickable Import - Phase 3 Staging v3.0.3
2026-08-25T07:06:00.2007756-05:00 [PHASE3A] ==============================================================================
2026-08-25T07:06:00.2017757-05:00 [PHASE3A] [i] parts: preserving additional source columns ('part_material',)
2026-08-25T07:06:00.2027770-05:00 [PHASE3A] [+] parts: snapshot verified 64,347 rows, sha256=2afe3df8db15772da2862fc10f45fc7255b93df38e9fda21274f3e9e5b5051c3
2026-08-25T07:06:00.2037788-05:00 [PHASE3A] [+] sets: snapshot verified 28,119 rows, sha256=9b56cd91f10ccaf6d1b823427325832d7a976c4fcded6e4d6802732e1ff7dbb0
2026-08-25T07:06:00.2047796-05:00 [PHASE3A] [+] minifigs: snapshot verified 17,162 rows, sha256=60ead450df9e6157012dbdca36186fc5c6ac9c114d10d7be2f6af38055ddf7d6
2026-08-25T07:06:00.2057762-05:00 [PHASE3A] [+] PostgreSQL client_encoding: UTF8
2026-08-25T07:06:00.2057762-05:00 [PHASE3A] [+] Database contract verified for login 'bricktrackr_import'.
2026-08-25T07:06:00.2077766-05:00 [PHASE3A] [*] Created source run: 01a038d0-18d0-7910-a201-db310dbca047
2026-08-25T07:06:00.2087783-05:00 [PHASE3A] [+] parts: staged 64,347 rows.
2026-08-25T07:06:00.2087783-05:00 [PHASE3A] [+] sets: staged 28,119 rows.
2026-08-25T07:06:00.2097764-05:00 [PHASE3A] [+] minifigs: staged 17,162 rows.
2026-08-25T07:06:00.2107783-05:00 [PHASE3A] ==============================================================================
2026-08-25T07:06:00.2117788-05:00 [PHASE3A]  [PASS] Rebrickable Phase 3 staging completed successfully
2026-08-25T07:06:00.2127761-05:00 [PHASE3A]  Source run: 01a038d0-18d0-7910-a201-db310dbca047
2026-08-25T07:06:00.2127761-05:00 [PHASE3A]  Next: run Phase 3 reconciliation
2026-08-25T07:06:00.2137767-05:00 [PHASE3A] ==============================================================================
2026-08-25T07:06:00.2187755-05:00 [INFO] PHASE3A process exit code=0
2026-08-25T07:06:00.2197772-05:00 [PASS] PHASE3A completed
2026-08-25T07:06:00.2767765-05:00 [INFO] PHASE3A source_run_id=01a038d0-18d0-7910-a201-db310dbca047
2026-08-25T07:06:00.3307761-05:00 [INFO] START PHASE3B: reconcile_rebrickable_phase3_checkpointed.py --source-run-id 01a038d0-18d0-7910-a201-db310dbca047
2026-08-25T07:06:00.5697768-05:00 [PHASE3B] ==============================================================================
2026-08-25T07:06:00.5717762-05:00 [PHASE3B]  BrickTrackr Rebrickable Phase 3B - Checkpointed Reconcile v3.2.2
2026-08-25T07:06:00.5727772-05:00 [PHASE3B] ==============================================================================
2026-08-25T07:06:00.5737764-05:00 [PHASE3B] [INFO] Mode:       RESUME
2026-08-25T07:06:00.5747765-05:00 [PHASE3B] [INFO] Source run: 01a038d0-18d0-7910-a201-db310dbca047
2026-08-25T07:06:00.5757770-05:00 [PHASE3B] [INFO] Batch size: 5,000
2026-08-25T07:06:00.5767785-05:00 [PHASE3B] 
2026-08-25T07:06:00.5777758-05:00 [PHASE3B] [+] Checkpoint ledger ready: parts=64,347, sets=28,119, minifigures=17,162
2026-08-25T07:06:00.5787770-05:00 [PHASE3B] 
2026-08-25T07:06:00.5797765-05:00 [PHASE3B] -------------------------------------------------------------------------------
2026-08-25T07:06:00.5807761-05:00 [PHASE3B]  Durable Phase 3B checkpoint status
2026-08-25T07:06:00.5817757-05:00 [PHASE3B] -------------------------------------------------------------------------------
2026-08-25T07:06:00.5817757-05:00 [PHASE3B] 
2026-08-25T07:06:00.5827765-05:00 [PHASE3B] [1/6] VALIDATE_SOURCE_RUN
2026-08-25T07:06:00.5837763-05:00 [PHASE3B]       [1.1] RUN_CONTRACT             PENDING           0 / 1           0.0%  batches=0
2026-08-25T07:06:00.5847767-05:00 [PHASE3B]       [1.2] STAGED_COUNTS            PENDING           0 / 1           0.0%  batches=0
2026-08-25T07:06:00.5857784-05:00 [PHASE3B]       [1.3] REFERENCE_LINKS          PENDING           0 / 1           0.0%  batches=0
2026-08-25T07:06:00.5867760-05:00 [PHASE3B] 
2026-08-25T07:06:00.5877762-05:00 [PHASE3B] [2/6] RECONCILE_PARTS
2026-08-25T07:06:00.5887767-05:00 [PHASE3B]       [2.1] CATALOG_IDENTITIES       PENDING           0 / 64,347      0.0%  batches=0
2026-08-25T07:06:00.5897765-05:00 [PHASE3B]       [2.2] PART_ROWS                PENDING           0 / 64,347      0.0%  batches=0
2026-08-25T07:06:00.5907763-05:00 [PHASE3B]       [2.3] SOURCE_VALUES            PENDING           0 / 64,347      0.0%  batches=0
2026-08-25T07:06:00.5917768-05:00 [PHASE3B] 
2026-08-25T07:06:00.5927766-05:00 [PHASE3B] [3/6] RECONCILE_SETS
2026-08-25T07:06:00.6037765-05:00 [PHASE3B]       [3.1] CATALOG_IDENTITIES       PENDING           0 / 28,119      0.0%  batches=0
2026-08-25T07:06:00.6047793-05:00 [PHASE3B]       [3.2] SET_ROWS                 PENDING           0 / 28,119      0.0%  batches=0
2026-08-25T07:06:00.6057763-05:00 [PHASE3B]       [3.3] SOURCE_VALUES            PENDING           0 / 28,119      0.0%  batches=0
2026-08-25T07:06:00.6067775-05:00 [PHASE3B] 
2026-08-25T07:06:00.6077765-05:00 [PHASE3B] [4/6] RECONCILE_MINIFIGURES
2026-08-25T07:06:00.6087762-05:00 [PHASE3B]       [4.1] CATALOG_IDENTITIES       PENDING           0 / 17,162      0.0%  batches=0
2026-08-25T07:06:00.6087762-05:00 [PHASE3B]       [4.2] MINIFIGURE_ROWS          PENDING           0 / 17,162      0.0%  batches=0
2026-08-25T07:06:00.6107788-05:00 [PHASE3B]       [4.3] SOURCE_VALUES            PENDING           0 / 17,162      0.0%  batches=0
2026-08-25T07:06:00.6107788-05:00 [PHASE3B] 
2026-08-25T07:06:00.6117765-05:00 [PHASE3B] [5/6] SOURCE_PRESENCE
2026-08-25T07:06:00.6127759-05:00 [PHASE3B]       [5.1] PARTS                    PENDING           0 / 1           0.0%  batches=0
2026-08-25T07:06:00.6137770-05:00 [PHASE3B]       [5.2] SETS                     PENDING           0 / 1           0.0%  batches=0
2026-08-25T07:06:00.6147764-05:00 [PHASE3B]       [5.3] MINIFIGURES              PENDING           0 / 1           0.0%  batches=0
2026-08-25T07:06:00.6147764-05:00 [PHASE3B] 
2026-08-25T07:06:00.6157777-05:00 [PHASE3B] [6/6] FINALIZE_SOURCE_RUN
2026-08-25T07:06:00.6167757-05:00 [PHASE3B]       [6.1] VERIFY_COUNTS            PENDING           0 / 1           0.0%  batches=0
2026-08-25T07:06:00.6177772-05:00 [PHASE3B]       [6.2] COMPLETE_RUN             PENDING           0 / 1           0.0%  batches=0
2026-08-25T07:06:00.6187765-05:00 [PHASE3B] 
2026-08-25T07:06:00.6187765-05:00 [PHASE3B] [RUN] [1.1] VALIDATE_SOURCE_RUN / RUN_CONTRACT 0/1 (  0.0%) batch=1
2026-08-25T07:06:00.6197766-05:00 [PHASE3B] [OK ] [1.1] RUN_CONTRACT: 1/1 (100.0%) batches=1 elapsed=0.00s
2026-08-25T07:06:00.6207769-05:00 [PHASE3B] 
2026-08-25T07:06:00.6217793-05:00 [PHASE3B] -------------------------------------------------------------------------------
2026-08-25T07:06:00.6227758-05:00 [PHASE3B]  Durable Phase 3B checkpoint status
2026-08-25T07:06:00.6227758-05:00 [PHASE3B] -------------------------------------------------------------------------------
2026-08-25T07:06:00.6237759-05:00 [PHASE3B] 
2026-08-25T07:06:00.6247763-05:00 [PHASE3B] [1/6] VALIDATE_SOURCE_RUN
2026-08-25T07:06:00.6257777-05:00 [PHASE3B]       [1.1] RUN_CONTRACT             COMPLETED         1 / 1         100.0%  batches=1
2026-08-25T07:06:00.6257777-05:00 [PHASE3B]       [1.2] STAGED_COUNTS            PENDING           0 / 1           0.0%  batches=0
2026-08-25T07:06:00.6267761-05:00 [PHASE3B]       [1.3] REFERENCE_LINKS          PENDING           0 / 1           0.0%  batches=0
2026-08-25T07:06:00.6277782-05:00 [PHASE3B] 
2026-08-25T07:06:00.6287763-05:00 [PHASE3B] [2/6] RECONCILE_PARTS
2026-08-25T07:06:00.6287763-05:00 [PHASE3B]       [2.1] CATALOG_IDENTITIES       PENDING           0 / 64,347      0.0%  batches=0
2026-08-25T07:06:00.6297793-05:00 [PHASE3B]       [2.2] PART_ROWS                PENDING           0 / 64,347      0.0%  batches=0
2026-08-25T07:06:00.6307761-05:00 [PHASE3B]       [2.3] SOURCE_VALUES            PENDING           0 / 64,347      0.0%  batches=0
2026-08-25T07:06:00.6317765-05:00 [PHASE3B] 
2026-08-25T07:06:00.6327788-05:00 [PHASE3B] [3/6] RECONCILE_SETS
2026-08-25T07:06:00.6337790-05:00 [PHASE3B]       [3.1] CATALOG_IDENTITIES       PENDING           0 / 28,119      0.0%  batches=0
2026-08-25T07:06:00.6337790-05:00 [PHASE3B]       [3.2] SET_ROWS                 PENDING           0 / 28,119      0.0%  batches=0
2026-08-25T07:06:00.6347795-05:00 [PHASE3B]       [3.3] SOURCE_VALUES            PENDING           0 / 28,119      0.0%  batches=0
2026-08-25T07:06:00.6357766-05:00 [PHASE3B] 
2026-08-25T07:06:00.6367770-05:00 [PHASE3B] [4/6] RECONCILE_MINIFIGURES
2026-08-25T07:06:00.6367770-05:00 [PHASE3B]       [4.1] CATALOG_IDENTITIES       PENDING           0 / 17,162      0.0%  batches=0
2026-08-25T07:06:00.6377797-05:00 [PHASE3B]       [4.2] MINIFIGURE_ROWS          PENDING           0 / 17,162      0.0%  batches=0
2026-08-25T07:06:00.6387785-05:00 [PHASE3B]       [4.3] SOURCE_VALUES            PENDING           0 / 17,162      0.0%  batches=0
2026-08-25T07:06:00.6387785-05:00 [PHASE3B] 
2026-08-25T07:06:00.6397789-05:00 [PHASE3B] [5/6] SOURCE_PRESENCE
2026-08-25T07:06:00.6407785-05:00 [PHASE3B]       [5.1] PARTS                    PENDING           0 / 1           0.0%  batches=0
2026-08-25T07:06:00.6417788-05:00 [PHASE3B]       [5.2] SETS                     PENDING           0 / 1           0.0%  batches=0
2026-08-25T07:06:00.6427777-05:00 [PHASE3B]       [5.3] MINIFIGURES              PENDING           0 / 1           0.0%  batches=0
2026-08-25T07:06:00.6427777-05:00 [PHASE3B] 
2026-08-25T07:06:00.6437782-05:00 [PHASE3B] [6/6] FINALIZE_SOURCE_RUN
2026-08-25T07:06:00.6447768-05:00 [PHASE3B]       [6.1] VERIFY_COUNTS            PENDING           0 / 1           0.0%  batches=0
2026-08-25T07:06:00.6457758-05:00 [PHASE3B]       [6.2] COMPLETE_RUN             PENDING           0 / 1           0.0%  batches=0
2026-08-25T07:06:00.6457758-05:00 [PHASE3B] 
2026-08-25T07:06:00.6467795-05:00 [PHASE3B] [RUN] [1.2] VALIDATE_SOURCE_RUN / STAGED_COUNTS 0/1 (  0.0%) batch=1
2026-08-25T07:06:00.6477789-05:00 [PHASE3B] [OK ] [1.2] STAGED_COUNTS: 1/1 (100.0%) batches=1 elapsed=0.02s
2026-08-25T07:06:00.6487786-05:00 [PHASE3B] 
2026-08-25T07:06:00.6487786-05:00 [PHASE3B] -------------------------------------------------------------------------------
2026-08-25T07:06:00.6497784-05:00 [PHASE3B]  Durable Phase 3B checkpoint status
2026-08-25T07:06:00.6507782-05:00 [PHASE3B] -------------------------------------------------------------------------------
2026-08-25T07:06:00.6517773-05:00 [PHASE3B] 
2026-08-25T07:06:00.6527768-05:00 [PHASE3B] [1/6] VALIDATE_SOURCE_RUN
2026-08-25T07:06:00.6527768-05:00 [PHASE3B]       [1.1] RUN_CONTRACT             COMPLETED         1 / 1         100.0%  batches=1
2026-08-25T07:06:00.6537768-05:00 [PHASE3B]       [1.2] STAGED_COUNTS            COMPLETED         1 / 1         100.0%  batches=1
2026-08-25T07:06:00.6547776-05:00 [PHASE3B]       [1.3] REFERENCE_LINKS          PENDING           0 / 1           0.0%  batches=0
2026-08-25T07:06:00.6557765-05:00 [PHASE3B] 
2026-08-25T07:06:00.6557765-05:00 [PHASE3B] [2/6] RECONCILE_PARTS
2026-08-25T07:06:00.6567763-05:00 [PHASE3B]       [2.1] CATALOG_IDENTITIES       PENDING           0 / 64,347      0.0%  batches=0
2026-08-25T07:06:00.6577773-05:00 [PHASE3B]       [2.2] PART_ROWS                PENDING           0 / 64,347      0.0%  batches=0
2026-08-25T07:06:00.6587790-05:00 [PHASE3B]       [2.3] SOURCE_VALUES            PENDING           0 / 64,347      0.0%  batches=0
2026-08-25T07:06:00.6597772-05:00 [PHASE3B] 
2026-08-25T07:06:00.6597772-05:00 [PHASE3B] [3/6] RECONCILE_SETS
2026-08-25T07:06:00.6607759-05:00 [PHASE3B]       [3.1] CATALOG_IDENTITIES       PENDING           0 / 28,119      0.0%  batches=0
2026-08-25T07:06:00.6617764-05:00 [PHASE3B]       [3.2] SET_ROWS                 PENDING           0 / 28,119      0.0%  batches=0
2026-08-25T07:06:00.6627794-05:00 [PHASE3B]       [3.3] SOURCE_VALUES            PENDING           0 / 28,119      0.0%  batches=0
2026-08-25T07:06:00.6637763-05:00 [PHASE3B] 
2026-08-25T07:06:00.6637763-05:00 [PHASE3B] [4/6] RECONCILE_MINIFIGURES
2026-08-25T07:06:00.6647757-05:00 [PHASE3B]       [4.1] CATALOG_IDENTITIES       PENDING           0 / 17,162      0.0%  batches=0
2026-08-25T07:06:00.6657770-05:00 [PHASE3B]       [4.2] MINIFIGURE_ROWS          PENDING           0 / 17,162      0.0%  batches=0
2026-08-25T07:06:00.6667776-05:00 [PHASE3B]       [4.3] SOURCE_VALUES            PENDING           0 / 17,162      0.0%  batches=0
2026-08-25T07:06:00.6677760-05:00 [PHASE3B] 
2026-08-25T07:06:00.6687763-05:00 [PHASE3B] [5/6] SOURCE_PRESENCE
2026-08-25T07:06:00.6687763-05:00 [PHASE3B]       [5.1] PARTS                    PENDING           0 / 1           0.0%  batches=0
2026-08-25T07:06:00.6697763-05:00 [PHASE3B]       [5.2] SETS                     PENDING           0 / 1           0.0%  batches=0
2026-08-25T07:06:00.6707765-05:00 [PHASE3B]       [5.3] MINIFIGURES              PENDING           0 / 1           0.0%  batches=0
2026-08-25T07:06:00.6717766-05:00 [PHASE3B] 
2026-08-25T07:06:00.6727789-05:00 [PHASE3B] [6/6] FINALIZE_SOURCE_RUN
2026-08-25T07:06:00.6727789-05:00 [PHASE3B]       [6.1] VERIFY_COUNTS            PENDING           0 / 1           0.0%  batches=0
2026-08-25T07:06:00.6737767-05:00 [PHASE3B]       [6.2] COMPLETE_RUN             PENDING           0 / 1           0.0%  batches=0
2026-08-25T07:06:00.6747761-05:00 [PHASE3B] 
2026-08-25T07:06:00.6757765-05:00 [PHASE3B] [RUN] [1.3] VALIDATE_SOURCE_RUN / REFERENCE_LINKS 0/1 (  0.0%) batch=1
2026-08-25T07:06:00.7107754-05:00 [PHASE3B] [OK ] [1.3] REFERENCE_LINKS: 1/1 (100.0%) batches=1 elapsed=0.12s
2026-08-25T07:06:00.7127783-05:00 [PHASE3B] 
2026-08-25T07:06:00.7127783-05:00 [PHASE3B] -------------------------------------------------------------------------------
2026-08-25T07:06:00.7137771-05:00 [PHASE3B]  Durable Phase 3B checkpoint status
2026-08-25T07:06:00.7147766-05:00 [PHASE3B] -------------------------------------------------------------------------------
2026-08-25T07:06:00.7157765-05:00 [PHASE3B] 
2026-08-25T07:06:00.7167768-05:00 [PHASE3B] [1/6] VALIDATE_SOURCE_RUN
2026-08-25T07:06:00.7167768-05:00 [PHASE3B]       [1.1] RUN_CONTRACT             COMPLETED         1 / 1         100.0%  batches=1
2026-08-25T07:06:00.7177766-05:00 [PHASE3B]       [1.2] STAGED_COUNTS            COMPLETED         1 / 1         100.0%  batches=1
2026-08-25T07:06:00.7187768-05:00 [PHASE3B]       [1.3] REFERENCE_LINKS          COMPLETED         1 / 1         100.0%  batches=1
2026-08-25T07:06:00.7197755-05:00 [PHASE3B] 
2026-08-25T07:06:00.7207754-05:00 [PHASE3B] [2/6] RECONCILE_PARTS
2026-08-25T07:06:00.7217776-05:00 [PHASE3B]       [2.1] CATALOG_IDENTITIES       PENDING           0 / 64,347      0.0%  batches=0
2026-08-25T07:06:00.7217776-05:00 [PHASE3B]       [2.2] PART_ROWS                PENDING           0 / 64,347      0.0%  batches=0
2026-08-25T07:06:00.7227760-05:00 [PHASE3B]       [2.3] SOURCE_VALUES            PENDING           0 / 64,347      0.0%  batches=0
2026-08-25T07:06:00.7237762-05:00 [PHASE3B] 
2026-08-25T07:06:00.7247766-05:00 [PHASE3B] [3/6] RECONCILE_SETS
2026-08-25T07:06:00.7247766-05:00 [PHASE3B]       [3.1] CATALOG_IDENTITIES       PENDING           0 / 28,119      0.0%  batches=0
2026-08-25T07:06:00.7257758-05:00 [PHASE3B]       [3.2] SET_ROWS                 PENDING           0 / 28,119      0.0%  batches=0
2026-08-25T07:06:00.7267761-05:00 [PHASE3B]       [3.3] SOURCE_VALUES            PENDING           0 / 28,119      0.0%  batches=0
2026-08-25T07:06:00.7277756-05:00 [PHASE3B] 
2026-08-25T07:06:00.7277756-05:00 [PHASE3B] [4/6] RECONCILE_MINIFIGURES
2026-08-25T07:06:00.7287773-05:00 [PHASE3B]       [4.1] CATALOG_IDENTITIES       PENDING           0 / 17,162      0.0%  batches=0
2026-08-25T07:06:00.7297756-05:00 [PHASE3B]       [4.2] MINIFIGURE_ROWS          PENDING           0 / 17,162      0.0%  batches=0
2026-08-25T07:06:00.7297756-05:00 [PHASE3B]       [4.3] SOURCE_VALUES            PENDING           0 / 17,162      0.0%  batches=0
2026-08-25T07:06:00.7307755-05:00 [PHASE3B] 
2026-08-25T07:06:00.7317752-05:00 [PHASE3B] [5/6] SOURCE_PRESENCE
2026-08-25T07:06:00.7327755-05:00 [PHASE3B]       [5.1] PARTS                    PENDING           0 / 1           0.0%  batches=0
2026-08-25T07:06:00.7327755-05:00 [PHASE3B]       [5.2] SETS                     PENDING           0 / 1           0.0%  batches=0
2026-08-25T07:06:00.7347778-05:00 [PHASE3B]       [5.3] MINIFIGURES              PENDING           0 / 1           0.0%  batches=0
2026-08-25T07:06:00.7357759-05:00 [PHASE3B] 
2026-08-25T07:06:00.7357759-05:00 [PHASE3B] [6/6] FINALIZE_SOURCE_RUN
2026-08-25T07:06:00.7367762-05:00 [PHASE3B]       [6.1] VERIFY_COUNTS            PENDING           0 / 1           0.0%  batches=0
2026-08-25T07:06:00.7377764-05:00 [PHASE3B]       [6.2] COMPLETE_RUN             PENDING           0 / 1           0.0%  batches=0
2026-08-25T07:06:00.7387753-05:00 [PHASE3B] 
2026-08-25T07:06:00.7397765-05:00 [PHASE3B] [RUN] [2.1] RECONCILE_PARTS / CATALOG_IDENTITIES 0/64,347 (  0.0%) batch=1
2026-08-25T07:06:02.1416001-05:00 [PHASE3B] [OK ] [2.1] CATALOG_IDENTITIES: 5,000/64,347 (7.8%) batches=1 elapsed=1.43s
2026-08-25T07:06:02.1426004-05:00 [PHASE3B] [RUN] [2.1] RECONCILE_PARTS / CATALOG_IDENTITIES 5,000/64,347 (  7.8%) batch=2
2026-08-25T07:06:03.7216943-05:00 [PHASE3B] [OK ] [2.1] CATALOG_IDENTITIES: 10,000/64,347 (15.5%) batches=2 elapsed=1.58s
2026-08-25T07:06:03.7226942-05:00 [PHASE3B] [RUN] [2.1] RECONCILE_PARTS / CATALOG_IDENTITIES 10,000/64,347 ( 15.5%) batch=3
2026-08-25T07:06:05.2286963-05:00 [PHASE3B] [OK ] [2.1] CATALOG_IDENTITIES: 15,000/64,347 (23.3%) batches=3 elapsed=1.51s
2026-08-25T07:06:05.2296985-05:00 [PHASE3B] [RUN] [2.1] RECONCILE_PARTS / CATALOG_IDENTITIES 15,000/64,347 ( 23.3%) batch=4
2026-08-25T07:06:06.9357898-05:00 [PHASE3B] [OK ] [2.1] CATALOG_IDENTITIES: 20,000/64,347 (31.1%) batches=4 elapsed=1.71s
2026-08-25T07:06:06.9367879-05:00 [PHASE3B] [RUN] [2.1] RECONCILE_PARTS / CATALOG_IDENTITIES 20,000/64,347 ( 31.1%) batch=5
2026-08-25T07:06:08.5614409-05:00 [PHASE3B] [OK ] [2.1] CATALOG_IDENTITIES: 25,000/64,347 (38.9%) batches=5 elapsed=1.63s
2026-08-25T07:06:08.5624392-05:00 [PHASE3B] [RUN] [2.1] RECONCILE_PARTS / CATALOG_IDENTITIES 25,000/64,347 ( 38.9%) batch=6
2026-08-25T07:06:10.1180575-05:00 [PHASE3B] [OK ] [2.1] CATALOG_IDENTITIES: 30,000/64,347 (46.6%) batches=6 elapsed=1.56s
2026-08-25T07:06:10.1190593-05:00 [PHASE3B] [RUN] [2.1] RECONCILE_PARTS / CATALOG_IDENTITIES 30,000/64,347 ( 46.6%) batch=7
2026-08-25T07:06:11.6780580-05:00 [PHASE3B] [OK ] [2.1] CATALOG_IDENTITIES: 35,000/64,347 (54.4%) batches=7 elapsed=1.56s
2026-08-25T07:06:11.6790576-05:00 [PHASE3B] [RUN] [2.1] RECONCILE_PARTS / CATALOG_IDENTITIES 35,000/64,347 ( 54.4%) batch=8
2026-08-25T07:06:13.1695583-05:00 [PHASE3B] [OK ] [2.1] CATALOG_IDENTITIES: 40,000/64,347 (62.2%) batches=8 elapsed=1.49s
2026-08-25T07:06:13.1705598-05:00 [PHASE3B] [RUN] [2.1] RECONCILE_PARTS / CATALOG_IDENTITIES 40,000/64,347 ( 62.2%) batch=9
2026-08-25T07:06:14.6286332-05:00 [PHASE3B] [OK ] [2.1] CATALOG_IDENTITIES: 45,000/64,347 (69.9%) batches=9 elapsed=1.46s
2026-08-25T07:06:14.6296337-05:00 [PHASE3B] [RUN] [2.1] RECONCILE_PARTS / CATALOG_IDENTITIES 45,000/64,347 ( 69.9%) batch=10
2026-08-25T07:06:16.3572567-05:00 [PHASE3B] [OK ] [2.1] CATALOG_IDENTITIES: 50,000/64,347 (77.7%) batches=10 elapsed=1.73s
2026-08-25T07:06:16.3582563-05:00 [PHASE3B] [RUN] [2.1] RECONCILE_PARTS / CATALOG_IDENTITIES 50,000/64,347 ( 77.7%) batch=11
2026-08-25T07:06:18.0545852-05:00 [PHASE3B] [OK ] [2.1] CATALOG_IDENTITIES: 55,000/64,347 (85.5%) batches=11 elapsed=1.70s
2026-08-25T07:06:18.0555867-05:00 [PHASE3B] [RUN] [2.1] RECONCILE_PARTS / CATALOG_IDENTITIES 55,000/64,347 ( 85.5%) batch=12
2026-08-25T07:06:19.6370468-05:00 [PHASE3B] [OK ] [2.1] CATALOG_IDENTITIES: 60,000/64,347 (93.2%) batches=12 elapsed=1.58s
2026-08-25T07:06:19.6380455-05:00 [PHASE3B] [RUN] [2.1] RECONCILE_PARTS / CATALOG_IDENTITIES 60,000/64,347 ( 93.2%) batch=13
2026-08-25T07:06:21.2546852-05:00 [PHASE3B] [OK ] [2.1] CATALOG_IDENTITIES: 64,347/64,347 (100.0%) batches=13 elapsed=1.62s
2026-08-25T07:06:21.2556847-05:00 [PHASE3B] 
2026-08-25T07:06:21.2566859-05:00 [PHASE3B] -------------------------------------------------------------------------------
2026-08-25T07:06:21.2586843-05:00 [PHASE3B]  Durable Phase 3B checkpoint status
2026-08-25T07:06:21.2596849-05:00 [PHASE3B] -------------------------------------------------------------------------------
2026-08-25T07:06:21.2606849-05:00 [PHASE3B] 
2026-08-25T07:06:21.2616851-05:00 [PHASE3B] [1/6] VALIDATE_SOURCE_RUN
2026-08-25T07:06:21.2616851-05:00 [PHASE3B]       [1.1] RUN_CONTRACT             COMPLETED         1 / 1         100.0%  batches=1
2026-08-25T07:06:21.2626866-05:00 [PHASE3B]       [1.2] STAGED_COUNTS            COMPLETED         1 / 1         100.0%  batches=1
2026-08-25T07:06:21.2636873-05:00 [PHASE3B]       [1.3] REFERENCE_LINKS          COMPLETED         1 / 1         100.0%  batches=1
2026-08-25T07:06:21.2646882-05:00 [PHASE3B] 
2026-08-25T07:06:21.2656860-05:00 [PHASE3B] [2/6] RECONCILE_PARTS
2026-08-25T07:06:21.2666851-05:00 [PHASE3B]       [2.1] CATALOG_IDENTITIES       COMPLETED    64,347 / 64,347    100.0%  batches=13
2026-08-25T07:06:21.2676854-05:00 [PHASE3B]       [2.2] PART_ROWS                PENDING           0 / 64,347      0.0%  batches=0
2026-08-25T07:06:21.2676854-05:00 [PHASE3B]       [2.3] SOURCE_VALUES            PENDING           0 / 64,347      0.0%  batches=0
2026-08-25T07:06:21.2686876-05:00 [PHASE3B] 
2026-08-25T07:06:21.2696850-05:00 [PHASE3B] [3/6] RECONCILE_SETS
2026-08-25T07:06:21.2706852-05:00 [PHASE3B]       [3.1] CATALOG_IDENTITIES       PENDING           0 / 28,119      0.0%  batches=0
2026-08-25T07:06:21.2706852-05:00 [PHASE3B]       [3.2] SET_ROWS                 PENDING           0 / 28,119      0.0%  batches=0
2026-08-25T07:06:21.2716863-05:00 [PHASE3B]       [3.3] SOURCE_VALUES            PENDING           0 / 28,119      0.0%  batches=0
2026-08-25T07:06:21.2726862-05:00 [PHASE3B] 
2026-08-25T07:06:21.2736847-05:00 [PHASE3B] [4/6] RECONCILE_MINIFIGURES
2026-08-25T07:06:21.2736847-05:00 [PHASE3B]       [4.1] CATALOG_IDENTITIES       PENDING           0 / 17,162      0.0%  batches=0
2026-08-25T07:06:21.2746848-05:00 [PHASE3B]       [4.2] MINIFIGURE_ROWS          PENDING           0 / 17,162      0.0%  batches=0
2026-08-25T07:06:21.2756844-05:00 [PHASE3B]       [4.3] SOURCE_VALUES            PENDING           0 / 17,162      0.0%  batches=0
2026-08-25T07:06:21.2766852-05:00 [PHASE3B] 
2026-08-25T07:06:21.2776855-05:00 [PHASE3B] [5/6] SOURCE_PRESENCE
2026-08-25T07:06:21.2776855-05:00 [PHASE3B]       [5.1] PARTS                    PENDING           0 / 1           0.0%  batches=0
2026-08-25T07:06:21.2786852-05:00 [PHASE3B]       [5.2] SETS                     PENDING           0 / 1           0.0%  batches=0
2026-08-25T07:06:21.2796844-05:00 [PHASE3B]       [5.3] MINIFIGURES              PENDING           0 / 1           0.0%  batches=0
2026-08-25T07:06:21.2806849-05:00 [PHASE3B] 
2026-08-25T07:06:21.2806849-05:00 [PHASE3B] [6/6] FINALIZE_SOURCE_RUN
2026-08-25T07:06:21.2816848-05:00 [PHASE3B]       [6.1] VERIFY_COUNTS            PENDING           0 / 1           0.0%  batches=0
2026-08-25T07:06:21.2826853-05:00 [PHASE3B]       [6.2] COMPLETE_RUN             PENDING           0 / 1           0.0%  batches=0
2026-08-25T07:06:21.2836842-05:00 [PHASE3B] 
2026-08-25T07:06:21.2836842-05:00 [PHASE3B] [RUN] [2.2] RECONCILE_PARTS / PART_ROWS 0/64,347 (  0.0%) batch=1
2026-08-25T07:06:21.3916880-05:00 [PHASE3B] [OK ] [2.2] PART_ROWS: 5,000/64,347 (7.8%) batches=1 elapsed=0.14s
2026-08-25T07:06:21.3926851-05:00 [PHASE3B] [RUN] [2.2] RECONCILE_PARTS / PART_ROWS 5,000/64,347 (  7.8%) batch=2
2026-08-25T07:06:21.5407815-05:00 [PHASE3B] [OK ] [2.2] PART_ROWS: 10,000/64,347 (15.5%) batches=2 elapsed=0.15s
2026-08-25T07:06:21.5417838-05:00 [PHASE3B] [RUN] [2.2] RECONCILE_PARTS / PART_ROWS 10,000/64,347 ( 15.5%) batch=3
2026-08-25T07:06:21.6755340-05:00 [PHASE3B] [OK ] [2.2] PART_ROWS: 15,000/64,347 (23.3%) batches=3 elapsed=0.13s
2026-08-25T07:06:21.6765331-05:00 [PHASE3B] [RUN] [2.2] RECONCILE_PARTS / PART_ROWS 15,000/64,347 ( 23.3%) batch=4
2026-08-25T07:06:21.8047668-05:00 [PHASE3B] [OK ] [2.2] PART_ROWS: 20,000/64,347 (31.1%) batches=4 elapsed=0.13s
2026-08-25T07:06:21.8057667-05:00 [PHASE3B] [RUN] [2.2] RECONCILE_PARTS / PART_ROWS 20,000/64,347 ( 31.1%) batch=5
2026-08-25T07:06:21.9180425-05:00 [PHASE3B] [OK ] [2.2] PART_ROWS: 25,000/64,347 (38.9%) batches=5 elapsed=0.11s
2026-08-25T07:06:21.9190431-05:00 [PHASE3B] [RUN] [2.2] RECONCILE_PARTS / PART_ROWS 25,000/64,347 ( 38.9%) batch=6
2026-08-25T07:06:22.0411751-05:00 [PHASE3B] [OK ] [2.2] PART_ROWS: 30,000/64,347 (46.6%) batches=6 elapsed=0.12s
2026-08-25T07:06:22.0431733-05:00 [PHASE3B] [RUN] [2.2] RECONCILE_PARTS / PART_ROWS 30,000/64,347 ( 46.6%) batch=7
2026-08-25T07:06:22.1567120-05:00 [PHASE3B] [OK ] [2.2] PART_ROWS: 35,000/64,347 (54.4%) batches=7 elapsed=0.12s
2026-08-25T07:06:22.1587128-05:00 [PHASE3B] [RUN] [2.2] RECONCILE_PARTS / PART_ROWS 35,000/64,347 ( 54.4%) batch=8
2026-08-25T07:06:22.3284090-05:00 [PHASE3B] [OK ] [2.2] PART_ROWS: 40,000/64,347 (62.2%) batches=8 elapsed=0.17s
2026-08-25T07:06:22.3304091-05:00 [PHASE3B] [RUN] [2.2] RECONCILE_PARTS / PART_ROWS 40,000/64,347 ( 62.2%) batch=9
2026-08-25T07:06:22.4672233-05:00 [PHASE3B] [OK ] [2.2] PART_ROWS: 45,000/64,347 (69.9%) batches=9 elapsed=0.14s
2026-08-25T07:06:22.4682230-05:00 [PHASE3B] [RUN] [2.2] RECONCILE_PARTS / PART_ROWS 45,000/64,347 ( 69.9%) batch=10
2026-08-25T07:06:22.6001555-05:00 [PHASE3B] [OK ] [2.2] PART_ROWS: 50,000/64,347 (77.7%) batches=10 elapsed=0.13s
2026-08-25T07:06:22.6011572-05:00 [PHASE3B] [RUN] [2.2] RECONCILE_PARTS / PART_ROWS 50,000/64,347 ( 77.7%) batch=11
2026-08-25T07:06:22.7382244-05:00 [PHASE3B] [OK ] [2.2] PART_ROWS: 55,000/64,347 (85.5%) batches=11 elapsed=0.14s
2026-08-25T07:06:22.7392244-05:00 [PHASE3B] [RUN] [2.2] RECONCILE_PARTS / PART_ROWS 55,000/64,347 ( 85.5%) batch=12
2026-08-25T07:06:22.8607432-05:00 [PHASE3B] [OK ] [2.2] PART_ROWS: 60,000/64,347 (93.2%) batches=12 elapsed=0.12s
2026-08-25T07:06:22.8617451-05:00 [PHASE3B] [RUN] [2.2] RECONCILE_PARTS / PART_ROWS 60,000/64,347 ( 93.2%) batch=13
2026-08-25T07:06:22.9737177-05:00 [PHASE3B] [OK ] [2.2] PART_ROWS: 64,347/64,347 (100.0%) batches=13 elapsed=0.11s
2026-08-25T07:06:22.9757272-05:00 [PHASE3B] 
2026-08-25T07:06:22.9767253-05:00 [PHASE3B] -------------------------------------------------------------------------------
2026-08-25T07:06:22.9767253-05:00 [PHASE3B]  Durable Phase 3B checkpoint status
2026-08-25T07:06:22.9777251-05:00 [PHASE3B] -------------------------------------------------------------------------------
2026-08-25T07:06:22.9787253-05:00 [PHASE3B] 
2026-08-25T07:06:22.9797253-05:00 [PHASE3B] [1/6] VALIDATE_SOURCE_RUN
2026-08-25T07:06:22.9807241-05:00 [PHASE3B]       [1.1] RUN_CONTRACT             COMPLETED         1 / 1         100.0%  batches=1
2026-08-25T07:06:22.9817264-05:00 [PHASE3B]       [1.2] STAGED_COUNTS            COMPLETED         1 / 1         100.0%  batches=1
2026-08-25T07:06:22.9817264-05:00 [PHASE3B]       [1.3] REFERENCE_LINKS          COMPLETED         1 / 1         100.0%  batches=1
2026-08-25T07:06:22.9832305-05:00 [PHASE3B] 
2026-08-25T07:06:22.9842367-05:00 [PHASE3B] [2/6] RECONCILE_PARTS
2026-08-25T07:06:22.9842367-05:00 [PHASE3B]       [2.1] CATALOG_IDENTITIES       COMPLETED    64,347 / 64,347    100.0%  batches=13
2026-08-25T07:06:22.9852362-05:00 [PHASE3B]       [2.2] PART_ROWS                COMPLETED    64,347 / 64,347    100.0%  batches=13
2026-08-25T07:06:22.9862355-05:00 [PHASE3B]       [2.3] SOURCE_VALUES            PENDING           0 / 64,347      0.0%  batches=0
2026-08-25T07:06:22.9872357-05:00 [PHASE3B] 
2026-08-25T07:06:22.9882362-05:00 [PHASE3B] [3/6] RECONCILE_SETS
2026-08-25T07:06:22.9892353-05:00 [PHASE3B]       [3.1] CATALOG_IDENTITIES       PENDING           0 / 28,119      0.0%  batches=0
2026-08-25T07:06:22.9902365-05:00 [PHASE3B]       [3.2] SET_ROWS                 PENDING           0 / 28,119      0.0%  batches=0
2026-08-25T07:06:22.9912354-05:00 [PHASE3B]       [3.3] SOURCE_VALUES            PENDING           0 / 28,119      0.0%  batches=0
2026-08-25T07:06:22.9922359-05:00 [PHASE3B] 
2026-08-25T07:06:23.0013571-05:00 [PHASE3B] [4/6] RECONCILE_MINIFIGURES
2026-08-25T07:06:23.0023569-05:00 [PHASE3B]       [4.1] CATALOG_IDENTITIES       PENDING           0 / 17,162      0.0%  batches=0
2026-08-25T07:06:23.0033577-05:00 [PHASE3B]       [4.2] MINIFIGURE_ROWS          PENDING           0 / 17,162      0.0%  batches=0
2026-08-25T07:06:23.0044165-05:00 [PHASE3B]       [4.3] SOURCE_VALUES            PENDING           0 / 17,162      0.0%  batches=0
2026-08-25T07:06:23.0054156-05:00 [PHASE3B] 
2026-08-25T07:06:23.0064165-05:00 [PHASE3B] [5/6] SOURCE_PRESENCE
2026-08-25T07:06:23.0064165-05:00 [PHASE3B]       [5.1] PARTS                    PENDING           0 / 1           0.0%  batches=0
2026-08-25T07:06:23.0074175-05:00 [PHASE3B]       [5.2] SETS                     PENDING           0 / 1           0.0%  batches=0
2026-08-25T07:06:23.0084164-05:00 [PHASE3B]       [5.3] MINIFIGURES              PENDING           0 / 1           0.0%  batches=0
2026-08-25T07:06:23.0094163-05:00 [PHASE3B] 
2026-08-25T07:06:23.0104153-05:00 [PHASE3B] [6/6] FINALIZE_SOURCE_RUN
2026-08-25T07:06:23.0104153-05:00 [PHASE3B]       [6.1] VERIFY_COUNTS            PENDING           0 / 1           0.0%  batches=0
2026-08-25T07:06:23.0114164-05:00 [PHASE3B]       [6.2] COMPLETE_RUN             PENDING           0 / 1           0.0%  batches=0
2026-08-25T07:06:23.0124167-05:00 [PHASE3B] 
2026-08-25T07:06:23.0139199-05:00 [PHASE3B] [RUN] [2.3] RECONCILE_PARTS / SOURCE_VALUES 0/64,347 (  0.0%) batch=1
2026-08-25T07:06:23.4790420-05:00 [PHASE3B] [OK ] [2.3] SOURCE_VALUES: 5,000/64,347 (7.8%) batches=1 elapsed=0.50s
2026-08-25T07:06:23.4800410-05:00 [PHASE3B] [RUN] [2.3] RECONCILE_PARTS / SOURCE_VALUES 5,000/64,347 (  7.8%) batch=2
2026-08-25T07:06:23.9946833-05:00 [PHASE3B] [OK ] [2.3] SOURCE_VALUES: 10,000/64,347 (15.5%) batches=2 elapsed=0.52s
2026-08-25T07:06:23.9966833-05:00 [PHASE3B] [RUN] [2.3] RECONCILE_PARTS / SOURCE_VALUES 10,000/64,347 ( 15.5%) batch=3
2026-08-25T07:06:24.3716429-05:00 [PHASE3B] [OK ] [2.3] SOURCE_VALUES: 15,000/64,347 (23.3%) batches=3 elapsed=0.38s
2026-08-25T07:06:24.3716429-05:00 [PHASE3B] [RUN] [2.3] RECONCILE_PARTS / SOURCE_VALUES 15,000/64,347 ( 23.3%) batch=4
2026-08-25T07:06:24.7913684-05:00 [PHASE3B] [OK ] [2.3] SOURCE_VALUES: 20,000/64,347 (31.1%) batches=4 elapsed=0.42s
2026-08-25T07:06:24.7945008-05:00 [PHASE3B] [RUN] [2.3] RECONCILE_PARTS / SOURCE_VALUES 20,000/64,347 ( 31.1%) batch=5
2026-08-25T07:06:25.4188172-05:00 [PHASE3B] [OK ] [2.3] SOURCE_VALUES: 25,000/64,347 (38.9%) batches=5 elapsed=0.63s
2026-08-25T07:06:25.4218166-05:00 [PHASE3B] [RUN] [2.3] RECONCILE_PARTS / SOURCE_VALUES 25,000/64,347 ( 38.9%) batch=6
2026-08-25T07:06:25.9416744-05:00 [PHASE3B] [OK ] [2.3] SOURCE_VALUES: 30,000/64,347 (46.6%) batches=6 elapsed=0.52s
2026-08-25T07:06:25.9431779-05:00 [PHASE3B] [RUN] [2.3] RECONCILE_PARTS / SOURCE_VALUES 30,000/64,347 ( 46.6%) batch=7
2026-08-25T07:06:26.4583551-05:00 [PHASE3B] [OK ] [2.3] SOURCE_VALUES: 35,000/64,347 (54.4%) batches=7 elapsed=0.52s
2026-08-25T07:06:26.4603545-05:00 [PHASE3B] [RUN] [2.3] RECONCILE_PARTS / SOURCE_VALUES 35,000/64,347 ( 54.4%) batch=8
2026-08-25T07:06:26.9115080-05:00 [PHASE3B] [OK ] [2.3] SOURCE_VALUES: 40,000/64,347 (62.2%) batches=8 elapsed=0.45s
2026-08-25T07:06:26.9125069-05:00 [PHASE3B] [RUN] [2.3] RECONCILE_PARTS / SOURCE_VALUES 40,000/64,347 ( 62.2%) batch=9
2026-08-25T07:06:27.4143130-05:00 [PHASE3B] [OK ] [2.3] SOURCE_VALUES: 45,000/64,347 (69.9%) batches=9 elapsed=0.50s
2026-08-25T07:06:27.4153128-05:00 [PHASE3B] [RUN] [2.3] RECONCILE_PARTS / SOURCE_VALUES 45,000/64,347 ( 69.9%) batch=10
2026-08-25T07:06:28.1573473-05:00 [PHASE3B] [OK ] [2.3] SOURCE_VALUES: 50,000/64,347 (77.7%) batches=10 elapsed=0.74s
2026-08-25T07:06:28.1593445-05:00 [PHASE3B] [RUN] [2.3] RECONCILE_PARTS / SOURCE_VALUES 50,000/64,347 ( 77.7%) batch=11
2026-08-25T07:06:28.6976103-05:00 [PHASE3B] [OK ] [2.3] SOURCE_VALUES: 55,000/64,347 (85.5%) batches=11 elapsed=0.54s
2026-08-25T07:06:28.6986098-05:00 [PHASE3B] [RUN] [2.3] RECONCILE_PARTS / SOURCE_VALUES 55,000/64,347 ( 85.5%) batch=12
2026-08-25T07:06:29.2762681-05:00 [PHASE3B] [OK ] [2.3] SOURCE_VALUES: 60,000/64,347 (93.2%) batches=12 elapsed=0.58s
2026-08-25T07:06:29.2782697-05:00 [PHASE3B] [RUN] [2.3] RECONCILE_PARTS / SOURCE_VALUES 60,000/64,347 ( 93.2%) batch=13
2026-08-25T07:06:29.7265157-05:00 [PHASE3B] [OK ] [2.3] SOURCE_VALUES: 64,347/64,347 (100.0%) batches=13 elapsed=0.45s
2026-08-25T07:06:29.7275165-05:00 [PHASE3B] 
2026-08-25T07:06:29.7285171-05:00 [PHASE3B] -------------------------------------------------------------------------------
2026-08-25T07:06:29.7295167-05:00 [PHASE3B]  Durable Phase 3B checkpoint status
2026-08-25T07:06:29.7305182-05:00 [PHASE3B] -------------------------------------------------------------------------------
2026-08-25T07:06:29.7315166-05:00 [PHASE3B] 
2026-08-25T07:06:29.7325166-05:00 [PHASE3B] [1/6] VALIDATE_SOURCE_RUN
2026-08-25T07:06:29.7325166-05:00 [PHASE3B]       [1.1] RUN_CONTRACT             COMPLETED         1 / 1         100.0%  batches=1
2026-08-25T07:06:29.7335167-05:00 [PHASE3B]       [1.2] STAGED_COUNTS            COMPLETED         1 / 1         100.0%  batches=1
2026-08-25T07:06:29.7346235-05:00 [PHASE3B]       [1.3] REFERENCE_LINKS          COMPLETED         1 / 1         100.0%  batches=1
2026-08-25T07:06:29.7346235-05:00 [PHASE3B] 
2026-08-25T07:06:29.7356251-05:00 [PHASE3B] [2/6] RECONCILE_PARTS
2026-08-25T07:06:29.7366269-05:00 [PHASE3B]       [2.1] CATALOG_IDENTITIES       COMPLETED    64,347 / 64,347    100.0%  batches=13
2026-08-25T07:06:29.7376246-05:00 [PHASE3B]       [2.2] PART_ROWS                COMPLETED    64,347 / 64,347    100.0%  batches=13
2026-08-25T07:06:29.7386237-05:00 [PHASE3B]       [2.3] SOURCE_VALUES            COMPLETED    64,347 / 64,347    100.0%  batches=13
2026-08-25T07:06:29.7386237-05:00 [PHASE3B] 
2026-08-25T07:06:29.7396252-05:00 [PHASE3B] [3/6] RECONCILE_SETS
2026-08-25T07:06:29.7406255-05:00 [PHASE3B]       [3.1] CATALOG_IDENTITIES       PENDING           0 / 28,119      0.0%  batches=0
2026-08-25T07:06:29.7416258-05:00 [PHASE3B]       [3.2] SET_ROWS                 PENDING           0 / 28,119      0.0%  batches=0
2026-08-25T07:06:29.7416258-05:00 [PHASE3B]       [3.3] SOURCE_VALUES            PENDING           0 / 28,119      0.0%  batches=0
2026-08-25T07:06:29.7431312-05:00 [PHASE3B] 
2026-08-25T07:06:29.7441366-05:00 [PHASE3B] [4/6] RECONCILE_MINIFIGURES
2026-08-25T07:06:29.7441366-05:00 [PHASE3B]       [4.1] CATALOG_IDENTITIES       PENDING           0 / 17,162      0.0%  batches=0
2026-08-25T07:06:29.7451367-05:00 [PHASE3B]       [4.2] MINIFIGURE_ROWS          PENDING           0 / 17,162      0.0%  batches=0
2026-08-25T07:06:29.7461352-05:00 [PHASE3B]       [4.3] SOURCE_VALUES            PENDING           0 / 17,162      0.0%  batches=0
2026-08-25T07:06:29.7471368-05:00 [PHASE3B] 
2026-08-25T07:06:29.7481373-05:00 [PHASE3B] [5/6] SOURCE_PRESENCE
2026-08-25T07:06:29.7481373-05:00 [PHASE3B]       [5.1] PARTS                    PENDING           0 / 1           0.0%  batches=0
2026-08-25T07:06:29.7491387-05:00 [PHASE3B]       [5.2] SETS                     PENDING           0 / 1           0.0%  batches=0
2026-08-25T07:06:29.7501357-05:00 [PHASE3B]       [5.3] MINIFIGURES              PENDING           0 / 1           0.0%  batches=0
2026-08-25T07:06:29.7511358-05:00 [PHASE3B] 
2026-08-25T07:06:29.7511358-05:00 [PHASE3B] [6/6] FINALIZE_SOURCE_RUN
2026-08-25T07:06:29.7521366-05:00 [PHASE3B]       [6.1] VERIFY_COUNTS            PENDING           0 / 1           0.0%  batches=0
2026-08-25T07:06:29.7531371-05:00 [PHASE3B]       [6.2] COMPLETE_RUN             PENDING           0 / 1           0.0%  batches=0
2026-08-25T07:06:29.7542496-05:00 [PHASE3B] 
2026-08-25T07:06:29.7542496-05:00 [PHASE3B] [RUN] [3.1] RECONCILE_SETS / CATALOG_IDENTITIES 0/28,119 (  0.0%) batch=1
2026-08-25T07:06:31.4219907-05:00 [PHASE3B] [OK ] [3.1] CATALOG_IDENTITIES: 5,000/28,119 (17.8%) batches=1 elapsed=1.69s
2026-08-25T07:06:31.4234943-05:00 [PHASE3B] [RUN] [3.1] RECONCILE_SETS / CATALOG_IDENTITIES 5,000/28,119 ( 17.8%) batch=2
2026-08-25T07:06:33.0355784-05:00 [PHASE3B] [OK ] [3.1] CATALOG_IDENTITIES: 10,000/28,119 (35.6%) batches=2 elapsed=1.61s
2026-08-25T07:06:33.0365783-05:00 [PHASE3B] [RUN] [3.1] RECONCILE_SETS / CATALOG_IDENTITIES 10,000/28,119 ( 35.6%) batch=3
2026-08-25T07:06:34.5150889-05:00 [PHASE3B] [OK ] [3.1] CATALOG_IDENTITIES: 15,000/28,119 (53.3%) batches=3 elapsed=1.48s
2026-08-25T07:06:34.5160929-05:00 [PHASE3B] [RUN] [3.1] RECONCILE_SETS / CATALOG_IDENTITIES 15,000/28,119 ( 53.3%) batch=4
2026-08-25T07:06:36.0213973-05:00 [PHASE3B] [OK ] [3.1] CATALOG_IDENTITIES: 20,000/28,119 (71.1%) batches=4 elapsed=1.51s
2026-08-25T07:06:36.0233986-05:00 [PHASE3B] [RUN] [3.1] RECONCILE_SETS / CATALOG_IDENTITIES 20,000/28,119 ( 71.1%) batch=5
2026-08-25T07:06:37.5361757-05:00 [PHASE3B] [OK ] [3.1] CATALOG_IDENTITIES: 25,000/28,119 (88.9%) batches=5 elapsed=1.51s
2026-08-25T07:06:37.5371747-05:00 [PHASE3B] [RUN] [3.1] RECONCILE_SETS / CATALOG_IDENTITIES 25,000/28,119 ( 88.9%) batch=6
2026-08-25T07:06:38.4273194-05:00 [PHASE3B] [OK ] [3.1] CATALOG_IDENTITIES: 28,119/28,119 (100.0%) batches=6 elapsed=0.89s
2026-08-25T07:06:38.4283204-05:00 [PHASE3B] 
2026-08-25T07:06:38.4293193-05:00 [PHASE3B] -------------------------------------------------------------------------------
2026-08-25T07:06:38.4303201-05:00 [PHASE3B]  Durable Phase 3B checkpoint status
2026-08-25T07:06:38.4313195-05:00 [PHASE3B] -------------------------------------------------------------------------------
2026-08-25T07:06:38.4323190-05:00 [PHASE3B] 
2026-08-25T07:06:38.4333188-05:00 [PHASE3B] [1/6] VALIDATE_SOURCE_RUN
2026-08-25T07:06:38.4338212-05:00 [PHASE3B]       [1.1] RUN_CONTRACT             COMPLETED         1 / 1         100.0%  batches=1
2026-08-25T07:06:38.4348240-05:00 [PHASE3B]       [1.2] STAGED_COUNTS            COMPLETED         1 / 1         100.0%  batches=1
2026-08-25T07:06:38.4348240-05:00 [PHASE3B]       [1.3] REFERENCE_LINKS          COMPLETED         1 / 1         100.0%  batches=1
2026-08-25T07:06:38.4358262-05:00 [PHASE3B] 
2026-08-25T07:06:38.4368275-05:00 [PHASE3B] [2/6] RECONCILE_PARTS
2026-08-25T07:06:38.4378263-05:00 [PHASE3B]       [2.1] CATALOG_IDENTITIES       COMPLETED    64,347 / 64,347    100.0%  batches=13
2026-08-25T07:06:38.4388277-05:00 [PHASE3B]       [2.2] PART_ROWS                COMPLETED    64,347 / 64,347    100.0%  batches=13
2026-08-25T07:06:38.4388277-05:00 [PHASE3B]       [2.3] SOURCE_VALUES            COMPLETED    64,347 / 64,347    100.0%  batches=13
2026-08-25T07:06:38.4398273-05:00 [PHASE3B] 
2026-08-25T07:06:38.4408267-05:00 [PHASE3B] [3/6] RECONCILE_SETS
2026-08-25T07:06:38.4418261-05:00 [PHASE3B]       [3.1] CATALOG_IDENTITIES       COMPLETED    28,119 / 28,119    100.0%  batches=6
2026-08-25T07:06:38.4418261-05:00 [PHASE3B]       [3.2] SET_ROWS                 PENDING           0 / 28,119      0.0%  batches=0
2026-08-25T07:06:38.4433282-05:00 [PHASE3B]       [3.3] SOURCE_VALUES            PENDING           0 / 28,119      0.0%  batches=0
2026-08-25T07:06:38.4433282-05:00 [PHASE3B] 
2026-08-25T07:06:38.4443314-05:00 [PHASE3B] [4/6] RECONCILE_MINIFIGURES
2026-08-25T07:06:38.4453335-05:00 [PHASE3B]       [4.1] CATALOG_IDENTITIES       PENDING           0 / 17,162      0.0%  batches=0
2026-08-25T07:06:38.4463351-05:00 [PHASE3B]       [4.2] MINIFIGURE_ROWS          PENDING           0 / 17,162      0.0%  batches=0
2026-08-25T07:06:38.4463351-05:00 [PHASE3B]       [4.3] SOURCE_VALUES            PENDING           0 / 17,162      0.0%  batches=0
2026-08-25T07:06:38.4473347-05:00 [PHASE3B] 
2026-08-25T07:06:38.4483345-05:00 [PHASE3B] [5/6] SOURCE_PRESENCE
2026-08-25T07:06:38.4493350-05:00 [PHASE3B]       [5.1] PARTS                    PENDING           0 / 1           0.0%  batches=0
2026-08-25T07:06:38.4503358-05:00 [PHASE3B]       [5.2] SETS                     PENDING           0 / 1           0.0%  batches=0
2026-08-25T07:06:38.4503358-05:00 [PHASE3B]       [5.3] MINIFIGURES              PENDING           0 / 1           0.0%  batches=0
2026-08-25T07:06:38.4513350-05:00 [PHASE3B] 
2026-08-25T07:06:38.4523360-05:00 [PHASE3B] [6/6] FINALIZE_SOURCE_RUN
2026-08-25T07:06:38.4533353-05:00 [PHASE3B]       [6.1] VERIFY_COUNTS            PENDING           0 / 1           0.0%  batches=0
2026-08-25T07:06:38.4538387-05:00 [PHASE3B]       [6.2] COMPLETE_RUN             PENDING           0 / 1           0.0%  batches=0
2026-08-25T07:06:38.4548431-05:00 [PHASE3B] 
2026-08-25T07:06:38.4558461-05:00 [PHASE3B] [RUN] [3.2] RECONCILE_SETS / SET_ROWS 0/28,119 (  0.0%) batch=1
2026-08-25T07:06:38.5954359-05:00 [PHASE3B] [OK ] [3.2] SET_ROWS: 5,000/28,119 (17.8%) batches=1 elapsed=0.17s
2026-08-25T07:06:38.5964368-05:00 [PHASE3B] [RUN] [3.2] RECONCILE_SETS / SET_ROWS 5,000/28,119 ( 17.8%) batch=2
2026-08-25T07:06:38.7264809-05:00 [PHASE3B] [OK ] [3.2] SET_ROWS: 10,000/28,119 (35.6%) batches=2 elapsed=0.13s
2026-08-25T07:06:38.7274827-05:00 [PHASE3B] [RUN] [3.2] RECONCILE_SETS / SET_ROWS 10,000/28,119 ( 35.6%) batch=3
2026-08-25T07:06:38.8805771-05:00 [PHASE3B] [OK ] [3.2] SET_ROWS: 15,000/28,119 (53.3%) batches=3 elapsed=0.15s
2026-08-25T07:06:38.8815780-05:00 [PHASE3B] [RUN] [3.2] RECONCILE_SETS / SET_ROWS 15,000/28,119 ( 53.3%) batch=4
2026-08-25T07:06:39.0146407-05:00 [PHASE3B] [OK ] [3.2] SET_ROWS: 20,000/28,119 (71.1%) batches=4 elapsed=0.13s
2026-08-25T07:06:39.0156415-05:00 [PHASE3B] [RUN] [3.2] RECONCILE_SETS / SET_ROWS 20,000/28,119 ( 71.1%) batch=5
2026-08-25T07:06:39.1170932-05:00 [PHASE3B] [OK ] [3.2] SET_ROWS: 25,000/28,119 (88.9%) batches=5 elapsed=0.10s
2026-08-25T07:06:39.1190922-05:00 [PHASE3B] [RUN] [3.2] RECONCILE_SETS / SET_ROWS 25,000/28,119 ( 88.9%) batch=6
2026-08-25T07:06:39.2061530-05:00 [PHASE3B] [OK ] [3.2] SET_ROWS: 28,119/28,119 (100.0%) batches=6 elapsed=0.09s
2026-08-25T07:06:39.2076564-05:00 [PHASE3B] 
2026-08-25T07:06:39.2076564-05:00 [PHASE3B] -------------------------------------------------------------------------------
2026-08-25T07:06:39.2086610-05:00 [PHASE3B]  Durable Phase 3B checkpoint status
2026-08-25T07:06:39.2096605-05:00 [PHASE3B] -------------------------------------------------------------------------------
2026-08-25T07:06:39.2106602-05:00 [PHASE3B] 
2026-08-25T07:06:39.2106602-05:00 [PHASE3B] [1/6] VALIDATE_SOURCE_RUN
2026-08-25T07:06:39.2116636-05:00 [PHASE3B]       [1.1] RUN_CONTRACT             COMPLETED         1 / 1         100.0%  batches=1
2026-08-25T07:06:39.2116636-05:00 [PHASE3B]       [1.2] STAGED_COUNTS            COMPLETED         1 / 1         100.0%  batches=1
2026-08-25T07:06:39.2131670-05:00 [PHASE3B]       [1.3] REFERENCE_LINKS          COMPLETED         1 / 1         100.0%  batches=1
2026-08-25T07:06:39.2141736-05:00 [PHASE3B] 
2026-08-25T07:06:39.2151712-05:00 [PHASE3B] [2/6] RECONCILE_PARTS
2026-08-25T07:06:39.2161707-05:00 [PHASE3B]       [2.1] CATALOG_IDENTITIES       COMPLETED    64,347 / 64,347    100.0%  batches=13
2026-08-25T07:06:39.2161707-05:00 [PHASE3B]       [2.2] PART_ROWS                COMPLETED    64,347 / 64,347    100.0%  batches=13
2026-08-25T07:06:39.2171706-05:00 [PHASE3B]       [2.3] SOURCE_VALUES            COMPLETED    64,347 / 64,347    100.0%  batches=13
2026-08-25T07:06:39.2181716-05:00 [PHASE3B] 
2026-08-25T07:06:39.2191721-05:00 [PHASE3B] [3/6] RECONCILE_SETS
2026-08-25T07:06:39.2201724-05:00 [PHASE3B]       [3.1] CATALOG_IDENTITIES       COMPLETED    28,119 / 28,119    100.0%  batches=6
2026-08-25T07:06:39.2201724-05:00 [PHASE3B]       [3.2] SET_ROWS                 COMPLETED    28,119 / 28,119    100.0%  batches=6
2026-08-25T07:06:39.2211711-05:00 [PHASE3B]       [3.3] SOURCE_VALUES            PENDING           0 / 28,119      0.0%  batches=0
2026-08-25T07:06:39.2221710-05:00 [PHASE3B] 
2026-08-25T07:06:39.2231728-05:00 [PHASE3B] [4/6] RECONCILE_MINIFIGURES
2026-08-25T07:06:39.2231728-05:00 [PHASE3B]       [4.1] CATALOG_IDENTITIES       PENDING           0 / 17,162      0.0%  batches=0
2026-08-25T07:06:39.2242260-05:00 [PHASE3B]       [4.2] MINIFIGURE_ROWS          PENDING           0 / 17,162      0.0%  batches=0
2026-08-25T07:06:39.2262259-05:00 [PHASE3B]       [4.3] SOURCE_VALUES            PENDING           0 / 17,162      0.0%  batches=0
2026-08-25T07:06:39.2262259-05:00 [PHASE3B] 
2026-08-25T07:06:39.2282268-05:00 [PHASE3B] [5/6] SOURCE_PRESENCE
2026-08-25T07:06:39.2292258-05:00 [PHASE3B]       [5.1] PARTS                    PENDING           0 / 1           0.0%  batches=0
2026-08-25T07:06:39.2292258-05:00 [PHASE3B]       [5.2] SETS                     PENDING           0 / 1           0.0%  batches=0
2026-08-25T07:06:39.2302271-05:00 [PHASE3B]       [5.3] MINIFIGURES              PENDING           0 / 1           0.0%  batches=0
2026-08-25T07:06:39.2312277-05:00 [PHASE3B] 
2026-08-25T07:06:39.2322265-05:00 [PHASE3B] [6/6] FINALIZE_SOURCE_RUN
2026-08-25T07:06:39.2332263-05:00 [PHASE3B]       [6.1] VERIFY_COUNTS            PENDING           0 / 1           0.0%  batches=0
2026-08-25T07:06:39.2342565-05:00 [PHASE3B]       [6.2] COMPLETE_RUN             PENDING           0 / 1           0.0%  batches=0
2026-08-25T07:06:39.2352542-05:00 [PHASE3B] 
2026-08-25T07:06:39.2352542-05:00 [PHASE3B] [RUN] [3.3] RECONCILE_SETS / SOURCE_VALUES 0/28,119 (  0.0%) batch=1
2026-08-25T07:06:39.9975078-05:00 [PHASE3B] [OK ] [3.3] SOURCE_VALUES: 5,000/28,119 (17.8%) batches=1 elapsed=0.79s
2026-08-25T07:06:39.9985090-05:00 [PHASE3B] [RUN] [3.3] RECONCILE_SETS / SOURCE_VALUES 5,000/28,119 ( 17.8%) batch=2
2026-08-25T07:06:40.7611230-05:00 [PHASE3B] [OK ] [3.3] SOURCE_VALUES: 10,000/28,119 (35.6%) batches=2 elapsed=0.76s
2026-08-25T07:06:40.7621235-05:00 [PHASE3B] [RUN] [3.3] RECONCILE_SETS / SOURCE_VALUES 10,000/28,119 ( 35.6%) batch=3
2026-08-25T07:06:42.2660565-05:00 [PHASE3B] [OK ] [3.3] SOURCE_VALUES: 15,000/28,119 (53.3%) batches=3 elapsed=1.50s
2026-08-25T07:06:42.2670556-05:00 [PHASE3B] [RUN] [3.3] RECONCILE_SETS / SOURCE_VALUES 15,000/28,119 ( 53.3%) batch=4
2026-08-25T07:06:43.1183316-05:00 [PHASE3B] [OK ] [3.3] SOURCE_VALUES: 20,000/28,119 (71.1%) batches=4 elapsed=0.85s
2026-08-25T07:06:43.1203298-05:00 [PHASE3B] [RUN] [3.3] RECONCILE_SETS / SOURCE_VALUES 20,000/28,119 ( 71.1%) batch=5
2026-08-25T07:06:43.9281880-05:00 [PHASE3B] [OK ] [3.3] SOURCE_VALUES: 25,000/28,119 (88.9%) batches=5 elapsed=0.81s
2026-08-25T07:06:43.9291881-05:00 [PHASE3B] [RUN] [3.3] RECONCILE_SETS / SOURCE_VALUES 25,000/28,119 ( 88.9%) batch=6
2026-08-25T07:06:44.5212015-05:00 [PHASE3B] [OK ] [3.3] SOURCE_VALUES: 28,119/28,119 (100.0%) batches=6 elapsed=0.59s
2026-08-25T07:06:44.5222009-05:00 [PHASE3B] 
2026-08-25T07:06:44.5232011-05:00 [PHASE3B] -------------------------------------------------------------------------------
2026-08-25T07:06:44.5242486-05:00 [PHASE3B]  Durable Phase 3B checkpoint status
2026-08-25T07:06:44.5252489-05:00 [PHASE3B] -------------------------------------------------------------------------------
2026-08-25T07:06:44.5252489-05:00 [PHASE3B] 
2026-08-25T07:06:44.5262486-05:00 [PHASE3B] [1/6] VALIDATE_SOURCE_RUN
2026-08-25T07:06:44.5272486-05:00 [PHASE3B]       [1.1] RUN_CONTRACT             COMPLETED         1 / 1         100.0%  batches=1
2026-08-25T07:06:44.5282484-05:00 [PHASE3B]       [1.2] STAGED_COUNTS            COMPLETED         1 / 1         100.0%  batches=1
2026-08-25T07:06:44.5292496-05:00 [PHASE3B]       [1.3] REFERENCE_LINKS          COMPLETED         1 / 1         100.0%  batches=1
2026-08-25T07:06:44.5292496-05:00 [PHASE3B] 
2026-08-25T07:06:44.5302487-05:00 [PHASE3B] [2/6] RECONCILE_PARTS
2026-08-25T07:06:44.5312489-05:00 [PHASE3B]       [2.1] CATALOG_IDENTITIES       COMPLETED    64,347 / 64,347    100.0%  batches=13
2026-08-25T07:06:44.5322489-05:00 [PHASE3B]       [2.2] PART_ROWS                COMPLETED    64,347 / 64,347    100.0%  batches=13
2026-08-25T07:06:44.5332486-05:00 [PHASE3B]       [2.3] SOURCE_VALUES            COMPLETED    64,347 / 64,347    100.0%  batches=13
2026-08-25T07:06:44.5332486-05:00 [PHASE3B] 
2026-08-25T07:06:44.5342797-05:00 [PHASE3B] [3/6] RECONCILE_SETS
2026-08-25T07:06:44.5352806-05:00 [PHASE3B]       [3.1] CATALOG_IDENTITIES       COMPLETED    28,119 / 28,119    100.0%  batches=6
2026-08-25T07:06:44.5362796-05:00 [PHASE3B]       [3.2] SET_ROWS                 COMPLETED    28,119 / 28,119    100.0%  batches=6
2026-08-25T07:06:44.5362796-05:00 [PHASE3B]       [3.3] SOURCE_VALUES            COMPLETED    28,119 / 28,119    100.0%  batches=6
2026-08-25T07:06:44.5372792-05:00 [PHASE3B] 
2026-08-25T07:06:44.5382795-05:00 [PHASE3B] [4/6] RECONCILE_MINIFIGURES
2026-08-25T07:06:44.5392795-05:00 [PHASE3B]       [4.1] CATALOG_IDENTITIES       PENDING           0 / 17,162      0.0%  batches=0
2026-08-25T07:06:44.5402794-05:00 [PHASE3B]       [4.2] MINIFIGURE_ROWS          PENDING           0 / 17,162      0.0%  batches=0
2026-08-25T07:06:44.5402794-05:00 [PHASE3B]       [4.3] SOURCE_VALUES            PENDING           0 / 17,162      0.0%  batches=0
2026-08-25T07:06:44.5412795-05:00 [PHASE3B] 
2026-08-25T07:06:44.5422794-05:00 [PHASE3B] [5/6] SOURCE_PRESENCE
2026-08-25T07:06:44.5432797-05:00 [PHASE3B]       [5.1] PARTS                    PENDING           0 / 1           0.0%  batches=0
2026-08-25T07:06:44.5432797-05:00 [PHASE3B]       [5.2] SETS                     PENDING           0 / 1           0.0%  batches=0
2026-08-25T07:06:44.5445793-05:00 [PHASE3B]       [5.3] MINIFIGURES              PENDING           0 / 1           0.0%  batches=0
2026-08-25T07:06:44.5455788-05:00 [PHASE3B] 
2026-08-25T07:06:44.5465785-05:00 [PHASE3B] [6/6] FINALIZE_SOURCE_RUN
2026-08-25T07:06:44.5465785-05:00 [PHASE3B]       [6.1] VERIFY_COUNTS            PENDING           0 / 1           0.0%  batches=0
2026-08-25T07:06:44.5475787-05:00 [PHASE3B]       [6.2] COMPLETE_RUN             PENDING           0 / 1           0.0%  batches=0
2026-08-25T07:06:44.5485782-05:00 [PHASE3B] 
2026-08-25T07:06:44.5495816-05:00 [PHASE3B] [RUN] [4.1] RECONCILE_MINIFIGURES / CATALOG_IDENTITIES 0/17,162 (  0.0%) batch=1
2026-08-25T07:06:46.5041095-05:00 [PHASE3B] [OK ] [4.1] CATALOG_IDENTITIES: 5,000/17,162 (29.1%) batches=1 elapsed=1.98s
2026-08-25T07:06:46.5061104-05:00 [PHASE3B] [RUN] [4.1] RECONCILE_MINIFIGURES / CATALOG_IDENTITIES 5,000/17,162 ( 29.1%) batch=2
2026-08-25T07:06:47.9103051-05:00 [PHASE3B] [OK ] [4.1] CATALOG_IDENTITIES: 10,000/17,162 (58.3%) batches=2 elapsed=1.41s
2026-08-25T07:06:47.9123063-05:00 [PHASE3B] [RUN] [4.1] RECONCILE_MINIFIGURES / CATALOG_IDENTITIES 10,000/17,162 ( 58.3%) batch=3
2026-08-25T07:06:49.3777880-05:00 [PHASE3B] [OK ] [4.1] CATALOG_IDENTITIES: 15,000/17,162 (87.4%) batches=3 elapsed=1.47s
2026-08-25T07:06:49.3797886-05:00 [PHASE3B] [RUN] [4.1] RECONCILE_MINIFIGURES / CATALOG_IDENTITIES 15,000/17,162 ( 87.4%) batch=4
2026-08-25T07:06:50.0858749-05:00 [PHASE3B] [OK ] [4.1] CATALOG_IDENTITIES: 17,162/17,162 (100.0%) batches=4 elapsed=0.71s
2026-08-25T07:06:50.0878744-05:00 [PHASE3B] 
2026-08-25T07:06:50.0878744-05:00 [PHASE3B] -------------------------------------------------------------------------------
2026-08-25T07:06:50.0888755-05:00 [PHASE3B]  Durable Phase 3B checkpoint status
2026-08-25T07:06:50.0898746-05:00 [PHASE3B] -------------------------------------------------------------------------------
2026-08-25T07:06:50.0908741-05:00 [PHASE3B] 
2026-08-25T07:06:50.0918740-05:00 [PHASE3B] [1/6] VALIDATE_SOURCE_RUN
2026-08-25T07:06:50.0918740-05:00 [PHASE3B]       [1.1] RUN_CONTRACT             COMPLETED         1 / 1         100.0%  batches=1
2026-08-25T07:06:50.0933774-05:00 [PHASE3B]       [1.2] STAGED_COUNTS            COMPLETED         1 / 1         100.0%  batches=1
2026-08-25T07:06:50.0943810-05:00 [PHASE3B]       [1.3] REFERENCE_LINKS          COMPLETED         1 / 1         100.0%  batches=1
2026-08-25T07:06:50.0943810-05:00 [PHASE3B] 
2026-08-25T07:06:50.0953813-05:00 [PHASE3B] [2/6] RECONCILE_PARTS
2026-08-25T07:06:50.0963824-05:00 [PHASE3B]       [2.1] CATALOG_IDENTITIES       COMPLETED    64,347 / 64,347    100.0%  batches=13
2026-08-25T07:06:50.0973813-05:00 [PHASE3B]       [2.2] PART_ROWS                COMPLETED    64,347 / 64,347    100.0%  batches=13
2026-08-25T07:06:50.0983826-05:00 [PHASE3B]       [2.3] SOURCE_VALUES            COMPLETED    64,347 / 64,347    100.0%  batches=13
2026-08-25T07:06:50.0993831-05:00 [PHASE3B] 
2026-08-25T07:06:50.1003819-05:00 [PHASE3B] [3/6] RECONCILE_SETS
2026-08-25T07:06:50.1013827-05:00 [PHASE3B]       [3.1] CATALOG_IDENTITIES       COMPLETED    28,119 / 28,119    100.0%  batches=6
2026-08-25T07:06:50.1023817-05:00 [PHASE3B]       [3.2] SET_ROWS                 COMPLETED    28,119 / 28,119    100.0%  batches=6
2026-08-25T07:06:50.1023817-05:00 [PHASE3B]       [3.3] SOURCE_VALUES            COMPLETED    28,119 / 28,119    100.0%  batches=6
2026-08-25T07:06:50.1038861-05:00 [PHASE3B] 
2026-08-25T07:06:50.1038861-05:00 [PHASE3B] [4/6] RECONCILE_MINIFIGURES
2026-08-25T07:06:50.1048884-05:00 [PHASE3B]       [4.1] CATALOG_IDENTITIES       COMPLETED    17,162 / 17,162    100.0%  batches=4
2026-08-25T07:06:50.1058870-05:00 [PHASE3B]       [4.2] MINIFIGURE_ROWS          PENDING           0 / 17,162      0.0%  batches=0
2026-08-25T07:06:50.1068887-05:00 [PHASE3B]       [4.3] SOURCE_VALUES            PENDING           0 / 17,162      0.0%  batches=0
2026-08-25T07:06:50.1078874-05:00 [PHASE3B] 
2026-08-25T07:06:50.1078874-05:00 [PHASE3B] [5/6] SOURCE_PRESENCE
2026-08-25T07:06:50.1088875-05:00 [PHASE3B]       [5.1] PARTS                    PENDING           0 / 1           0.0%  batches=0
2026-08-25T07:06:50.1098876-05:00 [PHASE3B]       [5.2] SETS                     PENDING           0 / 1           0.0%  batches=0
2026-08-25T07:06:50.1108888-05:00 [PHASE3B]       [5.3] MINIFIGURES              PENDING           0 / 1           0.0%  batches=0
2026-08-25T07:06:50.1118874-05:00 [PHASE3B] 
2026-08-25T07:06:50.1118874-05:00 [PHASE3B] [6/6] FINALIZE_SOURCE_RUN
2026-08-25T07:06:50.1133909-05:00 [PHASE3B]       [6.1] VERIFY_COUNTS            PENDING           0 / 1           0.0%  batches=0
2026-08-25T07:06:50.1133909-05:00 [PHASE3B]       [6.2] COMPLETE_RUN             PENDING           0 / 1           0.0%  batches=0
2026-08-25T07:06:50.1143960-05:00 [PHASE3B] 
2026-08-25T07:06:50.1153954-05:00 [PHASE3B] [RUN] [4.2] RECONCILE_MINIFIGURES / MINIFIGURE_ROWS 0/17,162 (  0.0%) batch=1
2026-08-25T07:06:50.1701927-05:00 [PHASE3B] [OK ] [4.2] MINIFIGURE_ROWS: 5,000/17,162 (29.1%) batches=1 elapsed=0.08s
2026-08-25T07:06:50.1711909-05:00 [PHASE3B] [RUN] [4.2] RECONCILE_MINIFIGURES / MINIFIGURE_ROWS 5,000/17,162 ( 29.1%) batch=2
2026-08-25T07:06:50.2671909-05:00 [PHASE3B] [OK ] [4.2] MINIFIGURE_ROWS: 10,000/17,162 (58.3%) batches=2 elapsed=0.10s
2026-08-25T07:06:50.2681908-05:00 [PHASE3B] [RUN] [4.2] RECONCILE_MINIFIGURES / MINIFIGURE_ROWS 10,000/17,162 ( 58.3%) batch=3
2026-08-25T07:06:50.3473577-05:00 [PHASE3B] [OK ] [4.2] MINIFIGURE_ROWS: 15,000/17,162 (87.4%) batches=3 elapsed=0.08s
2026-08-25T07:06:50.3483565-05:00 [PHASE3B] [RUN] [4.2] RECONCILE_MINIFIGURES / MINIFIGURE_ROWS 15,000/17,162 ( 87.4%) batch=4
2026-08-25T07:06:50.3883797-05:00 [PHASE3B] [OK ] [4.2] MINIFIGURE_ROWS: 17,162/17,162 (100.0%) batches=4 elapsed=0.04s
2026-08-25T07:06:50.3893808-05:00 [PHASE3B] 
2026-08-25T07:06:50.3903818-05:00 [PHASE3B] -------------------------------------------------------------------------------
2026-08-25T07:06:50.3913827-05:00 [PHASE3B]  Durable Phase 3B checkpoint status
2026-08-25T07:06:50.3923795-05:00 [PHASE3B] -------------------------------------------------------------------------------
2026-08-25T07:06:50.3933794-05:00 [PHASE3B] 
2026-08-25T07:06:50.3944878-05:00 [PHASE3B] [1/6] VALIDATE_SOURCE_RUN
2026-08-25T07:06:50.3944878-05:00 [PHASE3B]       [1.1] RUN_CONTRACT             COMPLETED         1 / 1         100.0%  batches=1
2026-08-25T07:06:50.3954864-05:00 [PHASE3B]       [1.2] STAGED_COUNTS            COMPLETED         1 / 1         100.0%  batches=1
2026-08-25T07:06:50.3964866-05:00 [PHASE3B]       [1.3] REFERENCE_LINKS          COMPLETED         1 / 1         100.0%  batches=1
2026-08-25T07:06:50.3974866-05:00 [PHASE3B] 
2026-08-25T07:06:50.3974866-05:00 [PHASE3B] [2/6] RECONCILE_PARTS
2026-08-25T07:06:50.3984864-05:00 [PHASE3B]       [2.1] CATALOG_IDENTITIES       COMPLETED    64,347 / 64,347    100.0%  batches=13
2026-08-25T07:06:50.3994865-05:00 [PHASE3B]       [2.2] PART_ROWS                COMPLETED    64,347 / 64,347    100.0%  batches=13
2026-08-25T07:06:50.4004864-05:00 [PHASE3B]       [2.3] SOURCE_VALUES            COMPLETED    64,347 / 64,347    100.0%  batches=13
2026-08-25T07:06:50.4004864-05:00 [PHASE3B] 
2026-08-25T07:06:50.4014865-05:00 [PHASE3B] [3/6] RECONCILE_SETS
2026-08-25T07:06:50.4029896-05:00 [PHASE3B]       [3.1] CATALOG_IDENTITIES       COMPLETED    28,119 / 28,119    100.0%  batches=6
2026-08-25T07:06:50.4029896-05:00 [PHASE3B]       [3.2] SET_ROWS                 COMPLETED    28,119 / 28,119    100.0%  batches=6
2026-08-25T07:06:50.4039939-05:00 [PHASE3B]       [3.3] SOURCE_VALUES            COMPLETED    28,119 / 28,119    100.0%  batches=6
2026-08-25T07:06:50.4049937-05:00 [PHASE3B] 
2026-08-25T07:06:50.4059961-05:00 [PHASE3B] [4/6] RECONCILE_MINIFIGURES
2026-08-25T07:06:50.4069938-05:00 [PHASE3B]       [4.1] CATALOG_IDENTITIES       COMPLETED    17,162 / 17,162    100.0%  batches=4
2026-08-25T07:06:50.4069938-05:00 [PHASE3B]       [4.2] MINIFIGURE_ROWS          COMPLETED    17,162 / 17,162    100.0%  batches=4
2026-08-25T07:06:50.4079936-05:00 [PHASE3B]       [4.3] SOURCE_VALUES            PENDING           0 / 17,162      0.0%  batches=0
2026-08-25T07:06:50.4089940-05:00 [PHASE3B] 
2026-08-25T07:06:50.4099936-05:00 [PHASE3B] [5/6] SOURCE_PRESENCE
2026-08-25T07:06:50.4099936-05:00 [PHASE3B]       [5.1] PARTS                    PENDING           0 / 1           0.0%  batches=0
2026-08-25T07:06:50.4109951-05:00 [PHASE3B]       [5.2] SETS                     PENDING           0 / 1           0.0%  batches=0
2026-08-25T07:06:50.4119963-05:00 [PHASE3B]       [5.3] MINIFIGURES              PENDING           0 / 1           0.0%  batches=0
2026-08-25T07:06:50.4129935-05:00 [PHASE3B] 
2026-08-25T07:06:50.4135014-05:00 [PHASE3B] [6/6] FINALIZE_SOURCE_RUN
2026-08-25T07:06:50.4145026-05:00 [PHASE3B]       [6.1] VERIFY_COUNTS            PENDING           0 / 1           0.0%  batches=0
2026-08-25T07:06:50.4145026-05:00 [PHASE3B]       [6.2] COMPLETE_RUN             PENDING           0 / 1           0.0%  batches=0
2026-08-25T07:06:50.4155041-05:00 [PHASE3B] 
2026-08-25T07:06:50.4165355-05:00 [PHASE3B] [RUN] [4.3] RECONCILE_MINIFIGURES / SOURCE_VALUES 0/17,162 (  0.0%) batch=1
2026-08-25T07:06:51.0455916-05:00 [PHASE3B] [OK ] [4.3] SOURCE_VALUES: 5,000/17,162 (29.1%) batches=1 elapsed=0.66s
2026-08-25T07:06:51.0465916-05:00 [PHASE3B] [RUN] [4.3] RECONCILE_MINIFIGURES / SOURCE_VALUES 5,000/17,162 ( 29.1%) batch=2
2026-08-25T07:06:51.6674890-05:00 [PHASE3B] [OK ] [4.3] SOURCE_VALUES: 10,000/17,162 (58.3%) batches=2 elapsed=0.62s
2026-08-25T07:06:51.6684892-05:00 [PHASE3B] [RUN] [4.3] RECONCILE_MINIFIGURES / SOURCE_VALUES 10,000/17,162 ( 58.3%) batch=3
2026-08-25T07:06:52.6600158-05:00 [PHASE3B] [OK ] [4.3] SOURCE_VALUES: 15,000/17,162 (87.4%) batches=3 elapsed=0.99s
2026-08-25T07:06:52.6620157-05:00 [PHASE3B] [RUN] [4.3] RECONCILE_MINIFIGURES / SOURCE_VALUES 15,000/17,162 ( 87.4%) batch=4
2026-08-25T07:06:52.8921522-05:00 [PHASE3B] [OK ] [4.3] SOURCE_VALUES: 17,162/17,162 (100.0%) batches=4 elapsed=0.23s
2026-08-25T07:06:52.8931525-05:00 [PHASE3B] 
2026-08-25T07:06:52.8942491-05:00 [PHASE3B] -------------------------------------------------------------------------------
2026-08-25T07:06:52.8942491-05:00 [PHASE3B]  Durable Phase 3B checkpoint status
2026-08-25T07:06:52.8952451-05:00 [PHASE3B] -------------------------------------------------------------------------------
2026-08-25T07:06:52.8962465-05:00 [PHASE3B] 
2026-08-25T07:06:52.8982462-05:00 [PHASE3B] [1/6] VALIDATE_SOURCE_RUN
2026-08-25T07:06:52.8982462-05:00 [PHASE3B]       [1.1] RUN_CONTRACT             COMPLETED         1 / 1         100.0%  batches=1
2026-08-25T07:06:52.8992460-05:00 [PHASE3B]       [1.2] STAGED_COUNTS            COMPLETED         1 / 1         100.0%  batches=1
2026-08-25T07:06:52.9002456-05:00 [PHASE3B]       [1.3] REFERENCE_LINKS          COMPLETED         1 / 1         100.0%  batches=1
2026-08-25T07:06:52.9012461-05:00 [PHASE3B] 
2026-08-25T07:06:52.9022479-05:00 [PHASE3B] [2/6] RECONCILE_PARTS
2026-08-25T07:06:52.9032473-05:00 [PHASE3B]       [2.1] CATALOG_IDENTITIES       COMPLETED    64,347 / 64,347    100.0%  batches=13
2026-08-25T07:06:52.9032473-05:00 [PHASE3B]       [2.2] PART_ROWS                COMPLETED    64,347 / 64,347    100.0%  batches=13
2026-08-25T07:06:52.9044390-05:00 [PHASE3B]       [2.3] SOURCE_VALUES            COMPLETED    64,347 / 64,347    100.0%  batches=13
2026-08-25T07:06:52.9054403-05:00 [PHASE3B] 
2026-08-25T07:06:52.9064399-05:00 [PHASE3B] [3/6] RECONCILE_SETS
2026-08-25T07:06:52.9064399-05:00 [PHASE3B]       [3.1] CATALOG_IDENTITIES       COMPLETED    28,119 / 28,119    100.0%  batches=6
2026-08-25T07:06:52.9074397-05:00 [PHASE3B]       [3.2] SET_ROWS                 COMPLETED    28,119 / 28,119    100.0%  batches=6
2026-08-25T07:06:52.9084398-05:00 [PHASE3B]       [3.3] SOURCE_VALUES            COMPLETED    28,119 / 28,119    100.0%  batches=6
2026-08-25T07:06:52.9094391-05:00 [PHASE3B] 
2026-08-25T07:06:52.9104395-05:00 [PHASE3B] [4/6] RECONCILE_MINIFIGURES
2026-08-25T07:06:52.9114429-05:00 [PHASE3B]       [4.1] CATALOG_IDENTITIES       COMPLETED    17,162 / 17,162    100.0%  batches=4
2026-08-25T07:06:52.9124395-05:00 [PHASE3B]       [4.2] MINIFIGURE_ROWS          COMPLETED    17,162 / 17,162    100.0%  batches=4
2026-08-25T07:06:52.9124395-05:00 [PHASE3B]       [4.3] SOURCE_VALUES            COMPLETED    17,162 / 17,162    100.0%  batches=4
2026-08-25T07:06:52.9139454-05:00 [PHASE3B] 
2026-08-25T07:06:52.9149477-05:00 [PHASE3B] [5/6] SOURCE_PRESENCE
2026-08-25T07:06:52.9149477-05:00 [PHASE3B]       [5.1] PARTS                    PENDING           0 / 1           0.0%  batches=0
2026-08-25T07:06:52.9159466-05:00 [PHASE3B]       [5.2] SETS                     PENDING           0 / 1           0.0%  batches=0
2026-08-25T07:06:52.9159466-05:00 [PHASE3B]       [5.3] MINIFIGURES              PENDING           0 / 1           0.0%  batches=0
2026-08-25T07:06:52.9174545-05:00 [PHASE3B] 
2026-08-25T07:06:52.9184620-05:00 [PHASE3B] [6/6] FINALIZE_SOURCE_RUN
2026-08-25T07:06:52.9194599-05:00 [PHASE3B]       [6.1] VERIFY_COUNTS            PENDING           0 / 1           0.0%  batches=0
2026-08-25T07:06:52.9194599-05:00 [PHASE3B]       [6.2] COMPLETE_RUN             PENDING           0 / 1           0.0%  batches=0
2026-08-25T07:06:52.9204588-05:00 [PHASE3B] 
2026-08-25T07:06:52.9214590-05:00 [PHASE3B] [RUN] [5.1] SOURCE_PRESENCE / PARTS 0/1 (  0.0%) batch=1
2026-08-25T07:11:14.9971938-05:00 [PHASE3B] [OK ] [5.1] PARTS: 1/1 (100.0%) batches=1 elapsed=262.10s
2026-08-25T07:11:14.9991941-05:00 [PHASE3B] 
2026-08-25T07:11:14.9991941-05:00 [PHASE3B] -------------------------------------------------------------------------------
2026-08-25T07:11:15.0001960-05:00 [PHASE3B]  Durable Phase 3B checkpoint status
2026-08-25T07:11:15.0001960-05:00 [PHASE3B] -------------------------------------------------------------------------------
2026-08-25T07:11:15.0017000-05:00 [PHASE3B] 
2026-08-25T07:11:15.0027042-05:00 [PHASE3B] [1/6] VALIDATE_SOURCE_RUN
2026-08-25T07:11:15.0037045-05:00 [PHASE3B]       [1.1] RUN_CONTRACT             COMPLETED         1 / 1         100.0%  batches=1
2026-08-25T07:11:15.0037045-05:00 [PHASE3B]       [1.2] STAGED_COUNTS            COMPLETED         1 / 1         100.0%  batches=1
2026-08-25T07:11:15.0047044-05:00 [PHASE3B]       [1.3] REFERENCE_LINKS          COMPLETED         1 / 1         100.0%  batches=1
2026-08-25T07:11:15.0057067-05:00 [PHASE3B] 
2026-08-25T07:11:15.0067075-05:00 [PHASE3B] [2/6] RECONCILE_PARTS
2026-08-25T07:11:15.0077067-05:00 [PHASE3B]       [2.1] CATALOG_IDENTITIES       COMPLETED    64,347 / 64,347    100.0%  batches=13
2026-08-25T07:11:15.0077067-05:00 [PHASE3B]       [2.2] PART_ROWS                COMPLETED    64,347 / 64,347    100.0%  batches=13
2026-08-25T07:11:15.0087071-05:00 [PHASE3B]       [2.3] SOURCE_VALUES            COMPLETED    64,347 / 64,347    100.0%  batches=13
2026-08-25T07:11:15.0097045-05:00 [PHASE3B] 
2026-08-25T07:11:15.0107054-05:00 [PHASE3B] [3/6] RECONCILE_SETS
2026-08-25T07:11:15.0117043-05:00 [PHASE3B]       [3.1] CATALOG_IDENTITIES       COMPLETED    28,119 / 28,119    100.0%  batches=6
2026-08-25T07:11:15.0127671-05:00 [PHASE3B]       [3.2] SET_ROWS                 COMPLETED    28,119 / 28,119    100.0%  batches=6
2026-08-25T07:11:15.0127671-05:00 [PHASE3B]       [3.3] SOURCE_VALUES            COMPLETED    28,119 / 28,119    100.0%  batches=6
2026-08-25T07:11:15.0137661-05:00 [PHASE3B] 
2026-08-25T07:11:15.0147663-05:00 [PHASE3B] [4/6] RECONCILE_MINIFIGURES
2026-08-25T07:11:15.0157657-05:00 [PHASE3B]       [4.1] CATALOG_IDENTITIES       COMPLETED    17,162 / 17,162    100.0%  batches=4
2026-08-25T07:11:15.0167665-05:00 [PHASE3B]       [4.2] MINIFIGURE_ROWS          COMPLETED    17,162 / 17,162    100.0%  batches=4
2026-08-25T07:11:15.0167665-05:00 [PHASE3B]       [4.3] SOURCE_VALUES            COMPLETED    17,162 / 17,162    100.0%  batches=4
2026-08-25T07:11:15.0177662-05:00 [PHASE3B] 
2026-08-25T07:11:15.0187661-05:00 [PHASE3B] [5/6] SOURCE_PRESENCE
2026-08-25T07:11:15.0197659-05:00 [PHASE3B]       [5.1] PARTS                    COMPLETED         1 / 1         100.0%  batches=1
2026-08-25T07:11:15.0207694-05:00 [PHASE3B]       [5.2] SETS                     PENDING           0 / 1           0.0%  batches=0
2026-08-25T07:11:15.0217664-05:00 [PHASE3B]       [5.3] MINIFIGURES              PENDING           0 / 1           0.0%  batches=0
2026-08-25T07:11:15.0217664-05:00 [PHASE3B] 
2026-08-25T07:11:15.0228003-05:00 [PHASE3B] [6/6] FINALIZE_SOURCE_RUN
2026-08-25T07:11:15.0238011-05:00 [PHASE3B]       [6.1] VERIFY_COUNTS            PENDING           0 / 1           0.0%  batches=0
2026-08-25T07:11:15.0248014-05:00 [PHASE3B]       [6.2] COMPLETE_RUN             PENDING           0 / 1           0.0%  batches=0
2026-08-25T07:11:15.0258009-05:00 [PHASE3B] 
2026-08-25T07:11:15.0268020-05:00 [PHASE3B] [RUN] [5.2] SOURCE_PRESENCE / SETS 0/1 (  0.0%) batch=1
2026-08-25T07:11:15.0278011-05:00 [PHASE3B] [OK ] [5.2] SETS: 1/1 (100.0%) batches=1 elapsed=0.02s
2026-08-25T07:11:15.0288015-05:00 [PHASE3B] 
2026-08-25T07:11:15.0288015-05:00 [PHASE3B] -------------------------------------------------------------------------------
2026-08-25T07:11:15.0298009-05:00 [PHASE3B]  Durable Phase 3B checkpoint status
2026-08-25T07:11:15.0308007-05:00 [PHASE3B] -------------------------------------------------------------------------------
2026-08-25T07:11:15.0318010-05:00 [PHASE3B] 
2026-08-25T07:11:15.0329020-05:00 [PHASE3B] [1/6] VALIDATE_SOURCE_RUN
2026-08-25T07:11:15.0329020-05:00 [PHASE3B]       [1.1] RUN_CONTRACT             COMPLETED         1 / 1         100.0%  batches=1
2026-08-25T07:11:15.0339023-05:00 [PHASE3B]       [1.2] STAGED_COUNTS            COMPLETED         1 / 1         100.0%  batches=1
2026-08-25T07:11:15.0349016-05:00 [PHASE3B]       [1.3] REFERENCE_LINKS          COMPLETED         1 / 1         100.0%  batches=1
2026-08-25T07:11:15.0359046-05:00 [PHASE3B] 
2026-08-25T07:11:15.0369020-05:00 [PHASE3B] [2/6] RECONCILE_PARTS
2026-08-25T07:11:15.0379016-05:00 [PHASE3B]       [2.1] CATALOG_IDENTITIES       COMPLETED    64,347 / 64,347    100.0%  batches=13
2026-08-25T07:11:15.0389016-05:00 [PHASE3B]       [2.2] PART_ROWS                COMPLETED    64,347 / 64,347    100.0%  batches=13
2026-08-25T07:11:15.0399018-05:00 [PHASE3B]       [2.3] SOURCE_VALUES            COMPLETED    64,347 / 64,347    100.0%  batches=13
2026-08-25T07:11:15.0399018-05:00 [PHASE3B] 
2026-08-25T07:11:15.0414064-05:00 [PHASE3B] [3/6] RECONCILE_SETS
2026-08-25T07:11:15.0424116-05:00 [PHASE3B]       [3.1] CATALOG_IDENTITIES       COMPLETED    28,119 / 28,119    100.0%  batches=6
2026-08-25T07:11:15.0434111-05:00 [PHASE3B]       [3.2] SET_ROWS                 COMPLETED    28,119 / 28,119    100.0%  batches=6
2026-08-25T07:11:15.0444109-05:00 [PHASE3B]       [3.3] SOURCE_VALUES            COMPLETED    28,119 / 28,119    100.0%  batches=6
2026-08-25T07:11:15.0444109-05:00 [PHASE3B] 
2026-08-25T07:11:15.0454145-05:00 [PHASE3B] [4/6] RECONCILE_MINIFIGURES
2026-08-25T07:11:15.0464113-05:00 [PHASE3B]       [4.1] CATALOG_IDENTITIES       COMPLETED    17,162 / 17,162    100.0%  batches=4
2026-08-25T07:11:15.0474134-05:00 [PHASE3B]       [4.2] MINIFIGURE_ROWS          COMPLETED    17,162 / 17,162    100.0%  batches=4
2026-08-25T07:11:15.0484111-05:00 [PHASE3B]       [4.3] SOURCE_VALUES            COMPLETED    17,162 / 17,162    100.0%  batches=4
2026-08-25T07:11:15.0484111-05:00 [PHASE3B] 
2026-08-25T07:11:15.0494111-05:00 [PHASE3B] [5/6] SOURCE_PRESENCE
2026-08-25T07:11:15.0504110-05:00 [PHASE3B]       [5.1] PARTS                    COMPLETED         1 / 1         100.0%  batches=1
2026-08-25T07:11:15.0519161-05:00 [PHASE3B]       [5.2] SETS                     COMPLETED         1 / 1         100.0%  batches=1
2026-08-25T07:11:15.0594223-05:00 [PHASE3B]       [5.3] MINIFIGURES              PENDING           0 / 1           0.0%  batches=0
2026-08-25T07:11:15.0604230-05:00 [PHASE3B] 
2026-08-25T07:11:15.0614229-05:00 [PHASE3B] [6/6] FINALIZE_SOURCE_RUN
2026-08-25T07:11:15.0625902-05:00 [PHASE3B]       [6.1] VERIFY_COUNTS            PENDING           0 / 1           0.0%  batches=0
2026-08-25T07:11:15.0625902-05:00 [PHASE3B]       [6.2] COMPLETE_RUN             PENDING           0 / 1           0.0%  batches=0
2026-08-25T07:11:15.0635908-05:00 [PHASE3B] 
2026-08-25T07:11:15.0645907-05:00 [PHASE3B] [RUN] [5.3] SOURCE_PRESENCE / MINIFIGURES 0/1 (  0.0%) batch=1
2026-08-25T07:11:15.0655903-05:00 [PHASE3B] [OK ] [5.3] MINIFIGURES: 1/1 (100.0%) batches=1 elapsed=0.01s
2026-08-25T07:11:15.0665907-05:00 [PHASE3B] 
2026-08-25T07:11:15.0675914-05:00 [PHASE3B] -------------------------------------------------------------------------------
2026-08-25T07:11:15.0685907-05:00 [PHASE3B]  Durable Phase 3B checkpoint status
2026-08-25T07:11:15.0685907-05:00 [PHASE3B] -------------------------------------------------------------------------------
2026-08-25T07:11:15.0695910-05:00 [PHASE3B] 
2026-08-25T07:11:15.0705905-05:00 [PHASE3B] [1/6] VALIDATE_SOURCE_RUN
2026-08-25T07:11:15.0715908-05:00 [PHASE3B]       [1.1] RUN_CONTRACT             COMPLETED         1 / 1         100.0%  batches=1
2026-08-25T07:11:15.0728125-05:00 [PHASE3B]       [1.2] STAGED_COUNTS            COMPLETED         1 / 1         100.0%  batches=1
2026-08-25T07:11:15.0728125-05:00 [PHASE3B]       [1.3] REFERENCE_LINKS          COMPLETED         1 / 1         100.0%  batches=1
2026-08-25T07:11:15.0738126-05:00 [PHASE3B] 
2026-08-25T07:11:15.0748131-05:00 [PHASE3B] [2/6] RECONCILE_PARTS
2026-08-25T07:11:15.0758125-05:00 [PHASE3B]       [2.1] CATALOG_IDENTITIES       COMPLETED    64,347 / 64,347    100.0%  batches=13
2026-08-25T07:11:15.0768145-05:00 [PHASE3B]       [2.2] PART_ROWS                COMPLETED    64,347 / 64,347    100.0%  batches=13
2026-08-25T07:11:15.0778127-05:00 [PHASE3B]       [2.3] SOURCE_VALUES            COMPLETED    64,347 / 64,347    100.0%  batches=13
2026-08-25T07:11:15.0788120-05:00 [PHASE3B] 
2026-08-25T07:11:15.0798131-05:00 [PHASE3B] [3/6] RECONCILE_SETS
2026-08-25T07:11:15.0798131-05:00 [PHASE3B]       [3.1] CATALOG_IDENTITIES       COMPLETED    28,119 / 28,119    100.0%  batches=6
2026-08-25T07:11:15.0808124-05:00 [PHASE3B]       [3.2] SET_ROWS                 COMPLETED    28,119 / 28,119    100.0%  batches=6
2026-08-25T07:11:15.0818125-05:00 [PHASE3B]       [3.3] SOURCE_VALUES            COMPLETED    28,119 / 28,119    100.0%  batches=6
2026-08-25T07:11:15.0829296-05:00 [PHASE3B] 
2026-08-25T07:11:15.0839331-05:00 [PHASE3B] [4/6] RECONCILE_MINIFIGURES
2026-08-25T07:11:15.0849331-05:00 [PHASE3B]       [4.1] CATALOG_IDENTITIES       COMPLETED    17,162 / 17,162    100.0%  batches=4
2026-08-25T07:11:15.0849331-05:00 [PHASE3B]       [4.2] MINIFIGURE_ROWS          COMPLETED    17,162 / 17,162    100.0%  batches=4
2026-08-25T07:11:15.0859334-05:00 [PHASE3B]       [4.3] SOURCE_VALUES            COMPLETED    17,162 / 17,162    100.0%  batches=4
2026-08-25T07:11:15.0869330-05:00 [PHASE3B] 
2026-08-25T07:11:15.0879333-05:00 [PHASE3B] [5/6] SOURCE_PRESENCE
2026-08-25T07:11:15.0889346-05:00 [PHASE3B]       [5.1] PARTS                    COMPLETED         1 / 1         100.0%  batches=1
2026-08-25T07:11:15.0899334-05:00 [PHASE3B]       [5.2] SETS                     COMPLETED         1 / 1         100.0%  batches=1
2026-08-25T07:11:15.0899334-05:00 [PHASE3B]       [5.3] MINIFIGURES              COMPLETED         1 / 1         100.0%  batches=1
2026-08-25T07:11:15.0914362-05:00 [PHASE3B] 
2026-08-25T07:11:15.0924415-05:00 [PHASE3B] [6/6] FINALIZE_SOURCE_RUN
2026-08-25T07:11:15.0934412-05:00 [PHASE3B]       [6.1] VERIFY_COUNTS            PENDING           0 / 1           0.0%  batches=0
2026-08-25T07:11:15.0944401-05:00 [PHASE3B]       [6.2] COMPLETE_RUN             PENDING           0 / 1           0.0%  batches=0
2026-08-25T07:11:15.0954397-05:00 [PHASE3B] 
2026-08-25T07:11:15.0964397-05:00 [PHASE3B] [RUN] [6.1] FINALIZE_SOURCE_RUN / VERIFY_COUNTS 0/1 (  0.0%) batch=1
2026-08-25T07:11:15.0964397-05:00 [PHASE3B] [OK ] [6.1] VERIFY_COUNTS: 1/1 (100.0%) batches=1 elapsed=0.02s
2026-08-25T07:11:15.0974400-05:00 [PHASE3B] 
2026-08-25T07:11:15.0984406-05:00 [PHASE3B] -------------------------------------------------------------------------------
2026-08-25T07:11:15.0994402-05:00 [PHASE3B]  Durable Phase 3B checkpoint status
2026-08-25T07:11:15.1004396-05:00 [PHASE3B] -------------------------------------------------------------------------------
2026-08-25T07:11:15.1014398-05:00 [PHASE3B] 
2026-08-25T07:11:15.1014398-05:00 [PHASE3B] [1/6] VALIDATE_SOURCE_RUN
2026-08-25T07:11:15.1025076-05:00 [PHASE3B]       [1.1] RUN_CONTRACT             COMPLETED         1 / 1         100.0%  batches=1
2026-08-25T07:11:15.1035091-05:00 [PHASE3B]       [1.2] STAGED_COUNTS            COMPLETED         1 / 1         100.0%  batches=1
2026-08-25T07:11:15.1045081-05:00 [PHASE3B]       [1.3] REFERENCE_LINKS          COMPLETED         1 / 1         100.0%  batches=1
2026-08-25T07:11:15.1055117-05:00 [PHASE3B] 
2026-08-25T07:11:15.1065079-05:00 [PHASE3B] [2/6] RECONCILE_PARTS
2026-08-25T07:11:15.1075077-05:00 [PHASE3B]       [2.1] CATALOG_IDENTITIES       COMPLETED    64,347 / 64,347    100.0%  batches=13
2026-08-25T07:11:15.1075077-05:00 [PHASE3B]       [2.2] PART_ROWS                COMPLETED    64,347 / 64,347    100.0%  batches=13
2026-08-25T07:11:15.1085081-05:00 [PHASE3B]       [2.3] SOURCE_VALUES            COMPLETED    64,347 / 64,347    100.0%  batches=13
2026-08-25T07:11:15.1095079-05:00 [PHASE3B] 
2026-08-25T07:11:15.1105088-05:00 [PHASE3B] [3/6] RECONCILE_SETS
2026-08-25T07:11:15.1115082-05:00 [PHASE3B]       [3.1] CATALOG_IDENTITIES       COMPLETED    28,119 / 28,119    100.0%  batches=6
2026-08-25T07:11:15.1127343-05:00 [PHASE3B]       [3.2] SET_ROWS                 COMPLETED    28,119 / 28,119    100.0%  batches=6
2026-08-25T07:11:15.1137346-05:00 [PHASE3B]       [3.3] SOURCE_VALUES            COMPLETED    28,119 / 28,119    100.0%  batches=6
2026-08-25T07:11:15.1147344-05:00 [PHASE3B] 
2026-08-25T07:11:15.1157341-05:00 [PHASE3B] [4/6] RECONCILE_MINIFIGURES
2026-08-25T07:11:15.1157341-05:00 [PHASE3B]       [4.1] CATALOG_IDENTITIES       COMPLETED    17,162 / 17,162    100.0%  batches=4
2026-08-25T07:11:15.1167343-05:00 [PHASE3B]       [4.2] MINIFIGURE_ROWS          COMPLETED    17,162 / 17,162    100.0%  batches=4
2026-08-25T07:11:15.1177345-05:00 [PHASE3B]       [4.3] SOURCE_VALUES            COMPLETED    17,162 / 17,162    100.0%  batches=4
2026-08-25T07:11:15.1187341-05:00 [PHASE3B] 
2026-08-25T07:11:15.1197371-05:00 [PHASE3B] [5/6] SOURCE_PRESENCE
2026-08-25T07:11:15.1207345-05:00 [PHASE3B]       [5.1] PARTS                    COMPLETED         1 / 1         100.0%  batches=1
2026-08-25T07:11:15.1207345-05:00 [PHASE3B]       [5.2] SETS                     COMPLETED         1 / 1         100.0%  batches=1
2026-08-25T07:11:15.1217344-05:00 [PHASE3B]       [5.3] MINIFIGURES              COMPLETED         1 / 1         100.0%  batches=1
2026-08-25T07:11:15.1227570-05:00 [PHASE3B] 
2026-08-25T07:11:15.1237578-05:00 [PHASE3B] [6/6] FINALIZE_SOURCE_RUN
2026-08-25T07:11:15.1247599-05:00 [PHASE3B]       [6.1] VERIFY_COUNTS            COMPLETED         1 / 1         100.0%  batches=1
2026-08-25T07:11:15.1257569-05:00 [PHASE3B]       [6.2] COMPLETE_RUN             PENDING           0 / 1           0.0%  batches=0
2026-08-25T07:11:15.1257569-05:00 [PHASE3B] 
2026-08-25T07:11:15.1267572-05:00 [PHASE3B] [RUN] [6.2] FINALIZE_SOURCE_RUN / COMPLETE_RUN 0/1 (  0.0%) batch=1
2026-08-25T07:11:15.1277568-05:00 [PHASE3B] [OK ] [6.2] COMPLETE_RUN: 1/1 (100.0%) batches=1 elapsed=0.00s
2026-08-25T07:11:15.1287573-05:00 [PHASE3B] 
2026-08-25T07:11:15.1297600-05:00 [PHASE3B] -------------------------------------------------------------------------------
2026-08-25T07:11:15.1307569-05:00 [PHASE3B]  Durable Phase 3B checkpoint status
2026-08-25T07:11:15.1307569-05:00 [PHASE3B] -------------------------------------------------------------------------------
2026-08-25T07:11:15.1317563-05:00 [PHASE3B] 
2026-08-25T07:11:15.1328518-05:00 [PHASE3B] [1/6] VALIDATE_SOURCE_RUN
2026-08-25T07:11:15.1338511-05:00 [PHASE3B]       [1.1] RUN_CONTRACT             COMPLETED         1 / 1         100.0%  batches=1
2026-08-25T07:11:15.1338511-05:00 [PHASE3B]       [1.2] STAGED_COUNTS            COMPLETED         1 / 1         100.0%  batches=1
2026-08-25T07:11:15.1348540-05:00 [PHASE3B]       [1.3] REFERENCE_LINKS          COMPLETED         1 / 1         100.0%  batches=1
2026-08-25T07:11:15.1358511-05:00 [PHASE3B] 
2026-08-25T07:11:15.1368505-05:00 [PHASE3B] [2/6] RECONCILE_PARTS
2026-08-25T07:11:15.1368505-05:00 [PHASE3B]       [2.1] CATALOG_IDENTITIES       COMPLETED    64,347 / 64,347    100.0%  batches=13
2026-08-25T07:11:15.1378510-05:00 [PHASE3B]       [2.2] PART_ROWS                COMPLETED    64,347 / 64,347    100.0%  batches=13
2026-08-25T07:11:15.1388516-05:00 [PHASE3B]       [2.3] SOURCE_VALUES            COMPLETED    64,347 / 64,347    100.0%  batches=13
2026-08-25T07:11:15.1398515-05:00 [PHASE3B] 
2026-08-25T07:11:15.1398515-05:00 [PHASE3B] [3/6] RECONCILE_SETS
2026-08-25T07:11:15.1413545-05:00 [PHASE3B]       [3.1] CATALOG_IDENTITIES       COMPLETED    28,119 / 28,119    100.0%  batches=6
2026-08-25T07:11:15.1413545-05:00 [PHASE3B]       [3.2] SET_ROWS                 COMPLETED    28,119 / 28,119    100.0%  batches=6
2026-08-25T07:11:15.1423580-05:00 [PHASE3B]       [3.3] SOURCE_VALUES            COMPLETED    28,119 / 28,119    100.0%  batches=6
2026-08-25T07:11:15.1433575-05:00 [PHASE3B] 
2026-08-25T07:11:15.1443591-05:00 [PHASE3B] [4/6] RECONCILE_MINIFIGURES
2026-08-25T07:11:15.1453574-05:00 [PHASE3B]       [4.1] CATALOG_IDENTITIES       COMPLETED    17,162 / 17,162    100.0%  batches=4
2026-08-25T07:11:15.1463581-05:00 [PHASE3B]       [4.2] MINIFIGURE_ROWS          COMPLETED    17,162 / 17,162    100.0%  batches=4
2026-08-25T07:11:15.1463581-05:00 [PHASE3B]       [4.3] SOURCE_VALUES            COMPLETED    17,162 / 17,162    100.0%  batches=4
2026-08-25T07:11:15.1473581-05:00 [PHASE3B] 
2026-08-25T07:11:15.1483581-05:00 [PHASE3B] [5/6] SOURCE_PRESENCE
2026-08-25T07:11:15.1493616-05:00 [PHASE3B]       [5.1] PARTS                    COMPLETED         1 / 1         100.0%  batches=1
2026-08-25T07:11:15.1503587-05:00 [PHASE3B]       [5.2] SETS                     COMPLETED         1 / 1         100.0%  batches=1
2026-08-25T07:11:15.1503587-05:00 [PHASE3B]       [5.3] MINIFIGURES              COMPLETED         1 / 1         100.0%  batches=1
2026-08-25T07:11:15.1513584-05:00 [PHASE3B] 
2026-08-25T07:11:15.1524409-05:00 [PHASE3B] [6/6] FINALIZE_SOURCE_RUN
2026-08-25T07:11:15.1534447-05:00 [PHASE3B]       [6.1] VERIFY_COUNTS            COMPLETED         1 / 1         100.0%  batches=1
2026-08-25T07:11:15.1544445-05:00 [PHASE3B]       [6.2] COMPLETE_RUN             COMPLETED         1 / 1         100.0%  batches=1
2026-08-25T07:11:15.1554454-05:00 [PHASE3B] 
2026-08-25T07:11:15.1554454-05:00 [PHASE3B] 
2026-08-25T07:11:15.1564447-05:00 [PHASE3B] -------------------------------------------------------------------------------
2026-08-25T07:11:15.1574461-05:00 [PHASE3B]  Durable Phase 3B checkpoint status
2026-08-25T07:11:15.1584449-05:00 [PHASE3B] -------------------------------------------------------------------------------
2026-08-25T07:11:15.1594448-05:00 [PHASE3B] 
2026-08-25T07:11:15.1594448-05:00 [PHASE3B] [1/6] VALIDATE_SOURCE_RUN
2026-08-25T07:11:15.1604445-05:00 [PHASE3B]       [1.1] RUN_CONTRACT             COMPLETED         1 / 1         100.0%  batches=1
2026-08-25T07:11:15.1614445-05:00 [PHASE3B]       [1.2] STAGED_COUNTS            COMPLETED         1 / 1         100.0%  batches=1
2026-08-25T07:11:15.1624913-05:00 [PHASE3B]       [1.3] REFERENCE_LINKS          COMPLETED         1 / 1         100.0%  batches=1
2026-08-25T07:11:15.1634913-05:00 [PHASE3B] 
2026-08-25T07:11:15.1644913-05:00 [PHASE3B] [2/6] RECONCILE_PARTS
2026-08-25T07:11:15.1644913-05:00 [PHASE3B]       [2.1] CATALOG_IDENTITIES       COMPLETED    64,347 / 64,347    100.0%  batches=13
2026-08-25T07:11:15.1654941-05:00 [PHASE3B]       [2.2] PART_ROWS                COMPLETED    64,347 / 64,347    100.0%  batches=13
2026-08-25T07:11:15.1664919-05:00 [PHASE3B]       [2.3] SOURCE_VALUES            COMPLETED    64,347 / 64,347    100.0%  batches=13
2026-08-25T07:11:15.1674915-05:00 [PHASE3B] 
2026-08-25T07:11:15.1674915-05:00 [PHASE3B] [3/6] RECONCILE_SETS
2026-08-25T07:11:15.1684912-05:00 [PHASE3B]       [3.1] CATALOG_IDENTITIES       COMPLETED    28,119 / 28,119    100.0%  batches=6
2026-08-25T07:11:15.1694935-05:00 [PHASE3B]       [3.2] SET_ROWS                 COMPLETED    28,119 / 28,119    100.0%  batches=6
2026-08-25T07:11:15.1704940-05:00 [PHASE3B]       [3.3] SOURCE_VALUES            COMPLETED    28,119 / 28,119    100.0%  batches=6
2026-08-25T07:11:15.1714906-05:00 [PHASE3B] 
2026-08-25T07:11:15.1714906-05:00 [PHASE3B] [4/6] RECONCILE_MINIFIGURES
2026-08-25T07:11:15.1728615-05:00 [PHASE3B]       [4.1] CATALOG_IDENTITIES       COMPLETED    17,162 / 17,162    100.0%  batches=4
2026-08-25T07:11:15.1728615-05:00 [PHASE3B]       [4.2] MINIFIGURE_ROWS          COMPLETED    17,162 / 17,162    100.0%  batches=4
2026-08-25T07:11:15.1738634-05:00 [PHASE3B]       [4.3] SOURCE_VALUES            COMPLETED    17,162 / 17,162    100.0%  batches=4
2026-08-25T07:11:15.1748614-05:00 [PHASE3B] 
2026-08-25T07:11:15.1758621-05:00 [PHASE3B] [5/6] SOURCE_PRESENCE
2026-08-25T07:11:15.1768644-05:00 [PHASE3B]       [5.1] PARTS                    COMPLETED         1 / 1         100.0%  batches=1
2026-08-25T07:11:15.1778630-05:00 [PHASE3B]       [5.2] SETS                     COMPLETED         1 / 1         100.0%  batches=1
2026-08-25T07:11:15.1778630-05:00 [PHASE3B]       [5.3] MINIFIGURES              COMPLETED         1 / 1         100.0%  batches=1
2026-08-25T07:11:15.1788617-05:00 [PHASE3B] 
2026-08-25T07:11:15.1798612-05:00 [PHASE3B] [6/6] FINALIZE_SOURCE_RUN
2026-08-25T07:11:15.1798612-05:00 [PHASE3B]       [6.1] VERIFY_COUNTS            COMPLETED         1 / 1         100.0%  batches=1
2026-08-25T07:11:15.1813645-05:00 [PHASE3B]       [6.2] COMPLETE_RUN             COMPLETED         1 / 1         100.0%  batches=1
2026-08-25T07:11:15.1823685-05:00 [PHASE3B] 
2026-08-25T07:11:15.1833708-05:00 [PHASE3B] ==============================================================================
2026-08-25T07:11:15.1843713-05:00 [PHASE3B]  [PASS] Rebrickable Phase 3B checkpointed reconciliation completed
2026-08-25T07:11:15.1853701-05:00 [PHASE3B]  [INFO] Elapsed seconds: 314.56
2026-08-25T07:11:15.1853701-05:00 [PHASE3B] ==============================================================================
2026-08-25T07:11:15.1873674-05:00 [INFO] PHASE3B process exit code=0
2026-08-25T07:11:15.1873674-05:00 [PASS] PHASE3B completed
2026-08-25T07:11:15.2366010-05:00 [PASS] Lifecycle finalized source_run_id=01a038d0-18d0-7910-a201-db310dbca047
2026-08-25T07:11:15.2386048-05:00 [INFO] START PHASE4A: import_rebrickable_phase4a_elements.py --file L:\var\www\Brk.Trkr\brk.trkr-db\import\runtime\snapshots\nightly_20260825_070552\elements.csv.gz
2026-08-25T07:11:15.7584354-05:00 [PHASE4A] ==============================================================================
2026-08-25T07:11:15.7594359-05:00 [PHASE4A]  BrickTrackr Rebrickable Phase 4A - Elements Staging v4.0.2
2026-08-25T07:11:15.7604355-05:00 [PHASE4A] ==============================================================================
2026-08-25T07:11:15.7614347-05:00 [PHASE4A] [INFO] File:       L:\var\www\Brk.Trkr\brk.trkr-db\import\runtime\snapshots\nightly_20260825_070552\elements.csv.gz
2026-08-25T07:11:15.7614347-05:00 [PHASE4A] [INFO] Batch size: 5,000
2026-08-25T07:11:15.7624910-05:00 [PHASE4A] [PASS] Header:      ['element_id', 'part_num', 'color_id', 'design_id']
2026-08-25T07:11:15.7634874-05:00 [PHASE4A] [PASS] SHA-256:     28e73e9348cf4eae48047dcbba496d6b71ca2d8848764fc11670d613282ccf32
2026-08-25T07:11:15.7644896-05:00 [PHASE4A] [PASS] Rows:        113,831
2026-08-25T07:11:15.7644896-05:00 [PHASE4A] [INFO] Duplicate element_id rows observed: 0
2026-08-25T07:11:15.7654902-05:00 [PHASE4A] [INFO] Duplicate element IDs are retained as source evidence; Phase 4B decides canonical history semantics.
2026-08-25T07:11:15.7664873-05:00 [PHASE4A] [RUN ] Source run: 01a038d4-f4ed-76e1-aa31-20ed2cccb8a5
2026-08-25T07:11:15.7674871-05:00 [PHASE4A] [STAGE] batch=  1     5,000/113,831 (  4.4%)
2026-08-25T07:11:15.9464623-05:00 [PHASE4A] [STAGE] batch=  2    10,000/113,831 (  8.8%)
2026-08-25T07:11:16.1450203-05:00 [PHASE4A] [STAGE] batch=  3    15,000/113,831 ( 13.2%)
2026-08-25T07:11:16.3273353-05:00 [PHASE4A] [STAGE] batch=  4    20,000/113,831 ( 17.6%)
2026-08-25T07:11:16.5139224-05:00 [PHASE4A] [STAGE] batch=  5    25,000/113,831 ( 22.0%)
2026-08-25T07:11:16.7027032-05:00 [PHASE4A] [STAGE] batch=  6    30,000/113,831 ( 26.4%)
2026-08-25T07:11:16.9070127-05:00 [PHASE4A] [STAGE] batch=  7    35,000/113,831 ( 30.7%)
2026-08-25T07:11:17.0997260-05:00 [PHASE4A] [STAGE] batch=  8    40,000/113,831 ( 35.1%)
2026-08-25T07:11:17.2814771-05:00 [PHASE4A] [STAGE] batch=  9    45,000/113,831 ( 39.5%)
2026-08-25T07:11:17.4644893-05:00 [PHASE4A] [STAGE] batch= 10    50,000/113,831 ( 43.9%)
2026-08-25T07:11:17.6460053-05:00 [PHASE4A] [STAGE] batch= 11    55,000/113,831 ( 48.3%)
2026-08-25T07:11:17.8935308-05:00 [PHASE4A] [STAGE] batch= 12    60,000/113,831 ( 52.7%)
2026-08-25T07:11:18.0797789-05:00 [PHASE4A] [STAGE] batch= 13    65,000/113,831 ( 57.1%)
2026-08-25T07:11:18.2583599-05:00 [PHASE4A] [STAGE] batch= 14    70,000/113,831 ( 61.5%)
2026-08-25T07:11:18.4337481-05:00 [PHASE4A] [STAGE] batch= 15    75,000/113,831 ( 65.9%)
2026-08-25T07:11:18.6137118-05:00 [PHASE4A] [STAGE] batch= 16    80,000/113,831 ( 70.3%)
2026-08-25T07:11:18.7934401-05:00 [PHASE4A] [STAGE] batch= 17    85,000/113,831 ( 74.7%)
2026-08-25T07:11:18.9997008-05:00 [PHASE4A] [STAGE] batch= 18    90,000/113,831 ( 79.1%)
2026-08-25T07:11:19.2580890-05:00 [PHASE4A] [STAGE] batch= 19    95,000/113,831 ( 83.5%)
2026-08-25T07:11:19.4448012-05:00 [PHASE4A] [STAGE] batch= 20   100,000/113,831 ( 87.8%)
2026-08-25T07:11:19.6524961-05:00 [PHASE4A] [STAGE] batch= 21   105,000/113,831 ( 92.2%)
2026-08-25T07:11:19.8336904-05:00 [PHASE4A] [STAGE] batch= 22   110,000/113,831 ( 96.6%)
2026-08-25T07:11:19.9669048-05:00 [PHASE4A] [STAGE] batch= 23   113,831/113,831 (100.0%)
2026-08-25T07:11:19.9839173-05:00 [PHASE4A] 
2026-08-25T07:11:19.9849203-05:00 [PHASE4A] ==============================================================================
2026-08-25T07:11:19.9859162-05:00 [PHASE4A]  [PASS] Rebrickable Phase 4A elements staging completed
2026-08-25T07:11:19.9869161-05:00 [PHASE4A]  [INFO] Source run: 01a038d4-f4ed-76e1-aa31-20ed2cccb8a5
2026-08-25T07:11:19.9869161-05:00 [PHASE4A]  [INFO] Rows:       113,831
2026-08-25T07:11:19.9879160-05:00 [PHASE4A]  [INFO] Elapsed:    4.59s
2026-08-25T07:11:19.9889157-05:00 [PHASE4A]  [INFO] Status:     VALIDATING
2026-08-25T07:11:19.9899160-05:00 [PHASE4A] ==============================================================================
2026-08-25T07:11:19.9899160-05:00 [PHASE4A] 
2026-08-25T07:11:19.9914231-05:00 [PHASE4A] [NEXT] Phase 4B may reconcile this source run. No canonical catalog DML was performed.
2026-08-25T07:11:20.0069321-05:00 [INFO] PHASE4A process exit code=0
2026-08-25T07:11:20.0079330-05:00 [PASS] PHASE4A completed
2026-08-25T07:11:20.0481428-05:00 [INFO] PHASE4A source_run_id=01a038d4-f4ed-76e1-aa31-20ed2cccb8a5
2026-08-25T07:11:20.1968821-05:00 [INFO] START PHASE4B: reconcile_rebrickable_phase4b_checkpointed.py --source-run-id 01a038d4-f4ed-76e1-aa31-20ed2cccb8a5
2026-08-25T07:11:20.8025795-05:00 [PHASE4B] ==============================================================================
2026-08-25T07:11:20.8035796-05:00 [PHASE4B]  BrickTrackr Rebrickable Phase 4B - Checkpointed Reconcile v4.1.0
2026-08-25T07:11:20.8045822-05:00 [PHASE4B] ==============================================================================
2026-08-25T07:11:20.8065796-05:00 [PHASE4B] [INFO] Mode:       RESUME
2026-08-25T07:11:20.8075808-05:00 [PHASE4B] [INFO] Source run: 01a038d4-f4ed-76e1-aa31-20ed2cccb8a5
2026-08-25T07:11:20.8085805-05:00 [PHASE4B] [INFO] Batch size: 5,000
2026-08-25T07:11:20.8095813-05:00 [PHASE4B] [+] Checkpoint ledger ready: rows=113,831
2026-08-25T07:11:20.8095813-05:00 [PHASE4B] 
2026-08-25T07:11:20.8105807-05:00 [PHASE4B] -------------------------------------------------------------------------------
2026-08-25T07:11:20.8115812-05:00 [PHASE4B]  Durable Phase 4B checkpoint status
2026-08-25T07:11:20.8126935-05:00 [PHASE4B] -------------------------------------------------------------------------------
2026-08-25T07:11:20.8126935-05:00 [PHASE4B] 
2026-08-25T07:11:20.8136923-05:00 [PHASE4B] [1/5] P4B_VALIDATE
2026-08-25T07:11:20.8146905-05:00 [PHASE4B]       [1.1] SOURCE_CONTRACT          PENDING           0 / 1           0.0% batches=0
2026-08-25T07:11:20.8156920-05:00 [PHASE4B]       [1.2] PART_REFERENCES          PENDING           0 / 1           0.0% batches=0
2026-08-25T07:11:20.8156920-05:00 [PHASE4B]       [1.3] COLOR_REFERENCES         PENDING           0 / 1           0.0% batches=0
2026-08-25T07:11:20.8166907-05:00 [PHASE4B]       [1.4] ELEMENT_IDENTIFIERS      PENDING           0 / 1           0.0% batches=0
2026-08-25T07:11:20.8176907-05:00 [PHASE4B] 
2026-08-25T07:11:20.8186912-05:00 [PHASE4B] [2/5] P4B_VARIANTS
2026-08-25T07:11:20.8186912-05:00 [PHASE4B]       [2.1] PART_COLOR_VARIANTS      PENDING           0 / 113,831     0.0% batches=0
2026-08-25T07:11:20.8196906-05:00 [PHASE4B] 
2026-08-25T07:11:20.8206910-05:00 [PHASE4B] [3/5] P4B_ELEMENTS
2026-08-25T07:11:20.8216922-05:00 [PHASE4B]       [3.1] LEGO_ELEMENTS            PENDING           0 / 113,831     0.0% batches=0
2026-08-25T07:11:20.8216922-05:00 [PHASE4B]       [3.2] EXTERNAL_IDENTIFIERS     PENDING           0 / 113,831     0.0% batches=0
2026-08-25T07:11:20.8227474-05:00 [PHASE4B] 
2026-08-25T07:11:20.8237480-05:00 [PHASE4B] [4/5] P4B_SOURCE_PRESENCE
2026-08-25T07:11:20.8247500-05:00 [PHASE4B]       [4.1] ELEMENTS                 PENDING           0 / 1           0.0% batches=0
2026-08-25T07:11:20.8257474-05:00 [PHASE4B] 
2026-08-25T07:11:20.8257474-05:00 [PHASE4B] [5/5] P4B_FINALIZE
2026-08-25T07:11:20.8267467-05:00 [PHASE4B]       [5.1] VERIFY_COUNTS            PENDING           0 / 1           0.0% batches=0
2026-08-25T07:11:20.8277506-05:00 [PHASE4B]       [5.2] COMPLETE_RUN             PENDING           0 / 1           0.0% batches=0
2026-08-25T07:11:20.8277506-05:00 [PHASE4B] 
2026-08-25T07:11:20.8287482-05:00 [PHASE4B] [RUN] [1.1] P4B_VALIDATE / SOURCE_CONTRACT 0/1 (  0.0%) batch=1
2026-08-25T07:11:20.8297476-05:00 [PHASE4B] [OK ] [1.1] SOURCE_CONTRACT: 1/1 (100.0%) batches=1 elapsed=0.00s
2026-08-25T07:11:20.8307469-05:00 [PHASE4B] 
2026-08-25T07:11:20.8307469-05:00 [PHASE4B] -------------------------------------------------------------------------------
2026-08-25T07:11:20.8317480-05:00 [PHASE4B]  Durable Phase 4B checkpoint status
2026-08-25T07:11:20.8328426-05:00 [PHASE4B] -------------------------------------------------------------------------------
2026-08-25T07:11:20.8328426-05:00 [PHASE4B] 
2026-08-25T07:11:20.8338399-05:00 [PHASE4B] [1/5] P4B_VALIDATE
2026-08-25T07:11:20.8348391-05:00 [PHASE4B]       [1.1] SOURCE_CONTRACT          COMPLETED         1 / 1         100.0% batches=1
2026-08-25T07:11:20.8358439-05:00 [PHASE4B]       [1.2] PART_REFERENCES          PENDING           0 / 1           0.0% batches=0
2026-08-25T07:11:20.8358439-05:00 [PHASE4B]       [1.3] COLOR_REFERENCES         PENDING           0 / 1           0.0% batches=0
2026-08-25T07:11:20.8368400-05:00 [PHASE4B]       [1.4] ELEMENT_IDENTIFIERS      PENDING           0 / 1           0.0% batches=0
2026-08-25T07:11:20.8378397-05:00 [PHASE4B] 
2026-08-25T07:11:20.8388400-05:00 [PHASE4B] [2/5] P4B_VARIANTS
2026-08-25T07:11:20.8388400-05:00 [PHASE4B]       [2.1] PART_COLOR_VARIANTS      PENDING           0 / 113,831     0.0% batches=0
2026-08-25T07:11:20.8398402-05:00 [PHASE4B] 
2026-08-25T07:11:20.8398402-05:00 [PHASE4B] [3/5] P4B_ELEMENTS
2026-08-25T07:11:20.8413442-05:00 [PHASE4B]       [3.1] LEGO_ELEMENTS            PENDING           0 / 113,831     0.0% batches=0
2026-08-25T07:11:20.8423481-05:00 [PHASE4B]       [3.2] EXTERNAL_IDENTIFIERS     PENDING           0 / 113,831     0.0% batches=0
2026-08-25T07:11:20.8433483-05:00 [PHASE4B] 
2026-08-25T07:11:20.8433483-05:00 [PHASE4B] [4/5] P4B_SOURCE_PRESENCE
2026-08-25T07:11:20.8443482-05:00 [PHASE4B]       [4.1] ELEMENTS                 PENDING           0 / 1           0.0% batches=0
2026-08-25T07:11:20.8453488-05:00 [PHASE4B] 
2026-08-25T07:11:20.8463481-05:00 [PHASE4B] [5/5] P4B_FINALIZE
2026-08-25T07:11:20.8463481-05:00 [PHASE4B]       [5.1] VERIFY_COUNTS            PENDING           0 / 1           0.0% batches=0
2026-08-25T07:11:20.8473480-05:00 [PHASE4B]       [5.2] COMPLETE_RUN             PENDING           0 / 1           0.0% batches=0
2026-08-25T07:11:20.8483489-05:00 [PHASE4B] 
2026-08-25T07:11:20.8493486-05:00 [PHASE4B] [RUN] [1.2] P4B_VALIDATE / PART_REFERENCES 0/1 (  0.0%) batch=1
2026-08-25T07:11:20.8553401-05:00 [PHASE4B] [OK ] [1.2] PART_REFERENCES: 1/1 (100.0%) batches=1 elapsed=0.05s
2026-08-25T07:11:20.8563433-05:00 [PHASE4B] 
2026-08-25T07:11:20.8573430-05:00 [PHASE4B] -------------------------------------------------------------------------------
2026-08-25T07:11:20.8573430-05:00 [PHASE4B]  Durable Phase 4B checkpoint status
2026-08-25T07:11:20.8583451-05:00 [PHASE4B] -------------------------------------------------------------------------------
2026-08-25T07:11:20.8593434-05:00 [PHASE4B] 
2026-08-25T07:11:20.8603464-05:00 [PHASE4B] [1/5] P4B_VALIDATE
2026-08-25T07:11:20.8603464-05:00 [PHASE4B]       [1.1] SOURCE_CONTRACT          COMPLETED         1 / 1         100.0% batches=1
2026-08-25T07:11:20.8613460-05:00 [PHASE4B]       [1.2] PART_REFERENCES          COMPLETED         1 / 1         100.0% batches=1
2026-08-25T07:11:20.8625355-05:00 [PHASE4B]       [1.3] COLOR_REFERENCES         PENDING           0 / 1           0.0% batches=0
2026-08-25T07:11:20.8625355-05:00 [PHASE4B]       [1.4] ELEMENT_IDENTIFIERS      PENDING           0 / 1           0.0% batches=0
2026-08-25T07:11:20.8635380-05:00 [PHASE4B] 
2026-08-25T07:11:20.8645360-05:00 [PHASE4B] [2/5] P4B_VARIANTS
2026-08-25T07:11:20.8655346-05:00 [PHASE4B]       [2.1] PART_COLOR_VARIANTS      PENDING           0 / 113,831     0.0% batches=0
2026-08-25T07:11:20.8665350-05:00 [PHASE4B] 
2026-08-25T07:11:20.8665350-05:00 [PHASE4B] [3/5] P4B_ELEMENTS
2026-08-25T07:11:20.8675350-05:00 [PHASE4B]       [3.1] LEGO_ELEMENTS            PENDING           0 / 113,831     0.0% batches=0
2026-08-25T07:11:20.8685349-05:00 [PHASE4B]       [3.2] EXTERNAL_IDENTIFIERS     PENDING           0 / 113,831     0.0% batches=0
2026-08-25T07:11:20.8695350-05:00 [PHASE4B] 
2026-08-25T07:11:20.8705364-05:00 [PHASE4B] [4/5] P4B_SOURCE_PRESENCE
2026-08-25T07:11:20.8705364-05:00 [PHASE4B]       [4.1] ELEMENTS                 PENDING           0 / 1           0.0% batches=0
2026-08-25T07:11:20.8727943-05:00 [PHASE4B] 
2026-08-25T07:11:20.8727943-05:00 [PHASE4B] [5/5] P4B_FINALIZE
2026-08-25T07:11:20.8737952-05:00 [PHASE4B]       [5.1] VERIFY_COUNTS            PENDING           0 / 1           0.0% batches=0
2026-08-25T07:11:20.8747948-05:00 [PHASE4B]       [5.2] COMPLETE_RUN             PENDING           0 / 1           0.0% batches=0
2026-08-25T07:11:20.8757946-05:00 [PHASE4B] 
2026-08-25T07:11:20.8767951-05:00 [PHASE4B] [RUN] [1.3] P4B_VALIDATE / COLOR_REFERENCES 0/1 (  0.0%) batch=1
2026-08-25T07:11:21.0366034-05:00 [PHASE4B] [OK ] [1.3] COLOR_REFERENCES: 1/1 (100.0%) batches=1 elapsed=0.18s
2026-08-25T07:11:21.0386043-05:00 [PHASE4B] 
2026-08-25T07:11:21.0396047-05:00 [PHASE4B] -------------------------------------------------------------------------------
2026-08-25T07:11:21.0406042-05:00 [PHASE4B]  Durable Phase 4B checkpoint status
2026-08-25T07:11:21.0406042-05:00 [PHASE4B] -------------------------------------------------------------------------------
2026-08-25T07:11:21.0416047-05:00 [PHASE4B] 
2026-08-25T07:11:21.0416047-05:00 [PHASE4B] [1/5] P4B_VALIDATE
2026-08-25T07:11:21.0430136-05:00 [PHASE4B]       [1.1] SOURCE_CONTRACT          COMPLETED         1 / 1         100.0% batches=1
2026-08-25T07:11:21.0440100-05:00 [PHASE4B]       [1.2] PART_REFERENCES          COMPLETED         1 / 1         100.0% batches=1
2026-08-25T07:11:21.0450114-05:00 [PHASE4B]       [1.3] COLOR_REFERENCES         COMPLETED         1 / 1         100.0% batches=1
2026-08-25T07:11:21.0460102-05:00 [PHASE4B]       [1.4] ELEMENT_IDENTIFIERS      PENDING           0 / 1           0.0% batches=0
2026-08-25T07:11:21.0460102-05:00 [PHASE4B] 
2026-08-25T07:11:21.0470107-05:00 [PHASE4B] [2/5] P4B_VARIANTS
2026-08-25T07:11:21.0480131-05:00 [PHASE4B]       [2.1] PART_COLOR_VARIANTS      PENDING           0 / 113,831     0.0% batches=0
2026-08-25T07:11:21.0490115-05:00 [PHASE4B] 
2026-08-25T07:11:21.0490115-05:00 [PHASE4B] [3/5] P4B_ELEMENTS
2026-08-25T07:11:21.0500106-05:00 [PHASE4B]       [3.1] LEGO_ELEMENTS            PENDING           0 / 113,831     0.0% batches=0
2026-08-25T07:11:21.0500106-05:00 [PHASE4B]       [3.2] EXTERNAL_IDENTIFIERS     PENDING           0 / 113,831     0.0% batches=0
2026-08-25T07:11:21.0515144-05:00 [PHASE4B] 
2026-08-25T07:11:21.0525203-05:00 [PHASE4B] [4/5] P4B_SOURCE_PRESENCE
2026-08-25T07:11:21.0525203-05:00 [PHASE4B]       [4.1] ELEMENTS                 PENDING           0 / 1           0.0% batches=0
2026-08-25T07:11:21.0535188-05:00 [PHASE4B] 
2026-08-25T07:11:21.0545193-05:00 [PHASE4B] [5/5] P4B_FINALIZE
2026-08-25T07:11:21.0555192-05:00 [PHASE4B]       [5.1] VERIFY_COUNTS            PENDING           0 / 1           0.0% batches=0
2026-08-25T07:11:21.0555192-05:00 [PHASE4B]       [5.2] COMPLETE_RUN             PENDING           0 / 1           0.0% batches=0
2026-08-25T07:11:21.0566355-05:00 [PHASE4B] 
2026-08-25T07:11:21.0576359-05:00 [PHASE4B] [RUN] [1.4] P4B_VALIDATE / ELEMENT_IDENTIFIERS 0/1 (  0.0%) batch=1
2026-08-25T07:11:21.1999608-05:00 [PHASE4B] [OK ] [1.4] ELEMENT_IDENTIFIERS: 1/1 (100.0%) batches=1 elapsed=0.16s
2026-08-25T07:11:21.2024675-05:00 [PHASE4B] 
2026-08-25T07:11:21.2034704-05:00 [PHASE4B] -------------------------------------------------------------------------------
2026-08-25T07:11:21.2034704-05:00 [PHASE4B]  Durable Phase 4B checkpoint status
2026-08-25T07:11:21.2044707-05:00 [PHASE4B] -------------------------------------------------------------------------------
2026-08-25T07:11:21.2054673-05:00 [PHASE4B] 
2026-08-25T07:11:21.2064666-05:00 [PHASE4B] [1/5] P4B_VALIDATE
2026-08-25T07:11:21.2074701-05:00 [PHASE4B]       [1.1] SOURCE_CONTRACT          COMPLETED         1 / 1         100.0% batches=1
2026-08-25T07:11:21.2074701-05:00 [PHASE4B]       [1.2] PART_REFERENCES          COMPLETED         1 / 1         100.0% batches=1
2026-08-25T07:11:21.2084673-05:00 [PHASE4B]       [1.3] COLOR_REFERENCES         COMPLETED         1 / 1         100.0% batches=1
2026-08-25T07:11:21.2094678-05:00 [PHASE4B]       [1.4] ELEMENT_IDENTIFIERS      COMPLETED         1 / 1         100.0% batches=1
2026-08-25T07:11:21.2104672-05:00 [PHASE4B] 
2026-08-25T07:11:21.2114687-05:00 [PHASE4B] [2/5] P4B_VARIANTS
2026-08-25T07:11:21.2125924-05:00 [PHASE4B]       [2.1] PART_COLOR_VARIANTS      PENDING           0 / 113,831     0.0% batches=0
2026-08-25T07:11:21.2125924-05:00 [PHASE4B] 
2026-08-25T07:11:21.2135924-05:00 [PHASE4B] [3/5] P4B_ELEMENTS
2026-08-25T07:11:21.2145914-05:00 [PHASE4B]       [3.1] LEGO_ELEMENTS            PENDING           0 / 113,831     0.0% batches=0
2026-08-25T07:11:21.2155903-05:00 [PHASE4B]       [3.2] EXTERNAL_IDENTIFIERS     PENDING           0 / 113,831     0.0% batches=0
2026-08-25T07:11:21.2165907-05:00 [PHASE4B] 
2026-08-25T07:11:21.2165907-05:00 [PHASE4B] [4/5] P4B_SOURCE_PRESENCE
2026-08-25T07:11:21.2175915-05:00 [PHASE4B]       [4.1] ELEMENTS                 PENDING           0 / 1           0.0% batches=0
2026-08-25T07:11:21.2185917-05:00 [PHASE4B] 
2026-08-25T07:11:21.2195901-05:00 [PHASE4B] [5/5] P4B_FINALIZE
2026-08-25T07:11:21.2195901-05:00 [PHASE4B]       [5.1] VERIFY_COUNTS            PENDING           0 / 1           0.0% batches=0
2026-08-25T07:11:21.2205909-05:00 [PHASE4B]       [5.2] COMPLETE_RUN             PENDING           0 / 1           0.0% batches=0
2026-08-25T07:11:21.2215902-05:00 [PHASE4B] 
2026-08-25T07:11:21.2227771-05:00 [PHASE4B] [RUN] [2.1] P4B_VARIANTS / PART_COLOR_VARIANTS 0/113,831 (  0.0%) batch=1
2026-08-25T07:11:21.4338773-05:00 [PHASE4B] [OK ] [2.1] PART_COLOR_VARIANTS: 5,000/113,831 (4.4%) batches=1 elapsed=0.23s
2026-08-25T07:11:21.4348773-05:00 [PHASE4B] [RUN] [2.1] P4B_VARIANTS / PART_COLOR_VARIANTS 5,000/113,831 (  4.4%) batch=2
2026-08-25T07:11:21.5825117-05:00 [PHASE4B] [OK ] [2.1] PART_COLOR_VARIANTS: 10,000/113,831 (8.8%) batches=2 elapsed=0.15s
2026-08-25T07:11:21.5835107-05:00 [PHASE4B] [RUN] [2.1] P4B_VARIANTS / PART_COLOR_VARIANTS 10,000/113,831 (  8.8%) batch=3
2026-08-25T07:11:21.7314373-05:00 [PHASE4B] [OK ] [2.1] PART_COLOR_VARIANTS: 15,000/113,831 (13.2%) batches=3 elapsed=0.15s
2026-08-25T07:11:21.7334438-05:00 [PHASE4B] [RUN] [2.1] P4B_VARIANTS / PART_COLOR_VARIANTS 15,000/113,831 ( 13.2%) batch=4
2026-08-25T07:11:21.8776446-05:00 [PHASE4B] [OK ] [2.1] PART_COLOR_VARIANTS: 20,000/113,831 (17.6%) batches=4 elapsed=0.15s
2026-08-25T07:11:21.8786446-05:00 [PHASE4B] [RUN] [2.1] P4B_VARIANTS / PART_COLOR_VARIANTS 20,000/113,831 ( 17.6%) batch=5
2026-08-25T07:11:22.0234569-05:00 [PHASE4B] [OK ] [2.1] PART_COLOR_VARIANTS: 25,000/113,831 (22.0%) batches=5 elapsed=0.15s
2026-08-25T07:11:22.0244576-05:00 [PHASE4B] [RUN] [2.1] P4B_VARIANTS / PART_COLOR_VARIANTS 25,000/113,831 ( 22.0%) batch=6
2026-08-25T07:11:22.1601573-05:00 [PHASE4B] [OK ] [2.1] PART_COLOR_VARIANTS: 30,000/113,831 (26.4%) batches=6 elapsed=0.14s
2026-08-25T07:11:22.1616604-05:00 [PHASE4B] [RUN] [2.1] P4B_VARIANTS / PART_COLOR_VARIANTS 30,000/113,831 ( 26.4%) batch=7
2026-08-25T07:11:22.2992398-05:00 [PHASE4B] [OK ] [2.1] PART_COLOR_VARIANTS: 35,000/113,831 (30.7%) batches=7 elapsed=0.14s
2026-08-25T07:11:22.3002385-05:00 [PHASE4B] [RUN] [2.1] P4B_VARIANTS / PART_COLOR_VARIANTS 35,000/113,831 ( 30.7%) batch=8
2026-08-25T07:11:22.4182953-05:00 [PHASE4B] [OK ] [2.1] PART_COLOR_VARIANTS: 40,000/113,831 (35.1%) batches=8 elapsed=0.12s
2026-08-25T07:11:22.4192959-05:00 [PHASE4B] [RUN] [2.1] P4B_VARIANTS / PART_COLOR_VARIANTS 40,000/113,831 ( 35.1%) batch=9
2026-08-25T07:11:22.5306991-05:00 [PHASE4B] [OK ] [2.1] PART_COLOR_VARIANTS: 45,000/113,831 (39.5%) batches=9 elapsed=0.11s
2026-08-25T07:11:22.5322026-05:00 [PHASE4B] [RUN] [2.1] P4B_VARIANTS / PART_COLOR_VARIANTS 45,000/113,831 ( 39.5%) batch=10
2026-08-25T07:11:22.6443172-05:00 [PHASE4B] [OK ] [2.1] PART_COLOR_VARIANTS: 50,000/113,831 (43.9%) batches=10 elapsed=0.11s
2026-08-25T07:11:22.6463189-05:00 [PHASE4B] [RUN] [2.1] P4B_VARIANTS / PART_COLOR_VARIANTS 50,000/113,831 ( 43.9%) batch=11
2026-08-25T07:11:22.7629415-05:00 [PHASE4B] [OK ] [2.1] PART_COLOR_VARIANTS: 55,000/113,831 (48.3%) batches=11 elapsed=0.12s
2026-08-25T07:11:22.7649417-05:00 [PHASE4B] [RUN] [2.1] P4B_VARIANTS / PART_COLOR_VARIANTS 55,000/113,831 ( 48.3%) batch=12
2026-08-25T07:11:22.8895438-05:00 [PHASE4B] [OK ] [2.1] PART_COLOR_VARIANTS: 60,000/113,831 (52.7%) batches=12 elapsed=0.13s
2026-08-25T07:11:22.8905441-05:00 [PHASE4B] [RUN] [2.1] P4B_VARIANTS / PART_COLOR_VARIANTS 60,000/113,831 ( 52.7%) batch=13
2026-08-25T07:11:23.0254713-05:00 [PHASE4B] [OK ] [2.1] PART_COLOR_VARIANTS: 65,000/113,831 (57.1%) batches=13 elapsed=0.14s
2026-08-25T07:11:23.0264722-05:00 [PHASE4B] [RUN] [2.1] P4B_VARIANTS / PART_COLOR_VARIANTS 65,000/113,831 ( 57.1%) batch=14
2026-08-25T07:11:23.1621422-05:00 [PHASE4B] [OK ] [2.1] PART_COLOR_VARIANTS: 70,000/113,831 (61.5%) batches=14 elapsed=0.14s
2026-08-25T07:11:23.1631461-05:00 [PHASE4B] [RUN] [2.1] P4B_VARIANTS / PART_COLOR_VARIANTS 70,000/113,831 ( 61.5%) batch=15
2026-08-25T07:11:23.2915226-05:00 [PHASE4B] [OK ] [2.1] PART_COLOR_VARIANTS: 75,000/113,831 (65.9%) batches=15 elapsed=0.13s
2026-08-25T07:11:23.2925284-05:00 [PHASE4B] [RUN] [2.1] P4B_VARIANTS / PART_COLOR_VARIANTS 75,000/113,831 ( 65.9%) batch=16
2026-08-25T07:11:23.4282963-05:00 [PHASE4B] [OK ] [2.1] PART_COLOR_VARIANTS: 80,000/113,831 (70.3%) batches=16 elapsed=0.14s
2026-08-25T07:11:23.4302983-05:00 [PHASE4B] [RUN] [2.1] P4B_VARIANTS / PART_COLOR_VARIANTS 80,000/113,831 ( 70.3%) batch=17
2026-08-25T07:11:23.5695286-05:00 [PHASE4B] [OK ] [2.1] PART_COLOR_VARIANTS: 85,000/113,831 (74.7%) batches=17 elapsed=0.14s
2026-08-25T07:11:23.5705297-05:00 [PHASE4B] [RUN] [2.1] P4B_VARIANTS / PART_COLOR_VARIANTS 85,000/113,831 ( 74.7%) batch=18
2026-08-25T07:11:23.7056816-05:00 [PHASE4B] [OK ] [2.1] PART_COLOR_VARIANTS: 90,000/113,831 (79.1%) batches=18 elapsed=0.14s
2026-08-25T07:11:23.7066805-05:00 [PHASE4B] [RUN] [2.1] P4B_VARIANTS / PART_COLOR_VARIANTS 90,000/113,831 ( 79.1%) batch=19
2026-08-25T07:11:23.8535663-05:00 [PHASE4B] [OK ] [2.1] PART_COLOR_VARIANTS: 95,000/113,831 (83.5%) batches=19 elapsed=0.15s
2026-08-25T07:11:23.8545668-05:00 [PHASE4B] [RUN] [2.1] P4B_VARIANTS / PART_COLOR_VARIANTS 95,000/113,831 ( 83.5%) batch=20
2026-08-25T07:11:23.9968081-05:00 [PHASE4B] [OK ] [2.1] PART_COLOR_VARIANTS: 100,000/113,831 (87.8%) batches=20 elapsed=0.14s
2026-08-25T07:11:23.9988095-05:00 [PHASE4B] [RUN] [2.1] P4B_VARIANTS / PART_COLOR_VARIANTS 100,000/113,831 ( 87.8%) batch=21
2026-08-25T07:11:24.1374987-05:00 [PHASE4B] [OK ] [2.1] PART_COLOR_VARIANTS: 105,000/113,831 (92.2%) batches=21 elapsed=0.14s
2026-08-25T07:11:24.1384994-05:00 [PHASE4B] [RUN] [2.1] P4B_VARIANTS / PART_COLOR_VARIANTS 105,000/113,831 ( 92.2%) batch=22
2026-08-25T07:11:24.2817524-05:00 [PHASE4B] [OK ] [2.1] PART_COLOR_VARIANTS: 110,000/113,831 (96.6%) batches=22 elapsed=0.14s
2026-08-25T07:11:24.2828154-05:00 [PHASE4B] [RUN] [2.1] P4B_VARIANTS / PART_COLOR_VARIANTS 110,000/113,831 ( 96.6%) batch=23
2026-08-25T07:11:24.3935585-05:00 [PHASE4B] [OK ] [2.1] PART_COLOR_VARIANTS: 113,831/113,831 (100.0%) batches=23 elapsed=0.11s
2026-08-25T07:11:24.3945577-05:00 [PHASE4B] 
2026-08-25T07:11:24.3955580-05:00 [PHASE4B] -------------------------------------------------------------------------------
2026-08-25T07:11:24.3965581-05:00 [PHASE4B]  Durable Phase 4B checkpoint status
2026-08-25T07:11:24.3975585-05:00 [PHASE4B] -------------------------------------------------------------------------------
2026-08-25T07:11:24.3975585-05:00 [PHASE4B] 
2026-08-25T07:11:24.3985582-05:00 [PHASE4B] [1/5] P4B_VALIDATE
2026-08-25T07:11:24.3995572-05:00 [PHASE4B]       [1.1] SOURCE_CONTRACT          COMPLETED         1 / 1         100.0% batches=1
2026-08-25T07:11:24.4005596-05:00 [PHASE4B]       [1.2] PART_REFERENCES          COMPLETED         1 / 1         100.0% batches=1
2026-08-25T07:11:24.4005596-05:00 [PHASE4B]       [1.3] COLOR_REFERENCES         COMPLETED         1 / 1         100.0% batches=1
2026-08-25T07:11:24.4015591-05:00 [PHASE4B]       [1.4] ELEMENT_IDENTIFIERS      COMPLETED         1 / 1         100.0% batches=1
2026-08-25T07:11:24.4027220-05:00 [PHASE4B] 
2026-08-25T07:11:24.4037219-05:00 [PHASE4B] [2/5] P4B_VARIANTS
2026-08-25T07:11:24.4037219-05:00 [PHASE4B]       [2.1] PART_COLOR_VARIANTS      COMPLETED   113,831 / 113,831   100.0% batches=23
2026-08-25T07:11:24.4047230-05:00 [PHASE4B] 
2026-08-25T07:11:24.4057224-05:00 [PHASE4B] [3/5] P4B_ELEMENTS
2026-08-25T07:11:24.4067219-05:00 [PHASE4B]       [3.1] LEGO_ELEMENTS            PENDING           0 / 113,831     0.0% batches=0
2026-08-25T07:11:24.4077225-05:00 [PHASE4B]       [3.2] EXTERNAL_IDENTIFIERS     PENDING           0 / 113,831     0.0% batches=0
2026-08-25T07:11:24.4077225-05:00 [PHASE4B] 
2026-08-25T07:11:24.4087253-05:00 [PHASE4B] [4/5] P4B_SOURCE_PRESENCE
2026-08-25T07:11:24.4097220-05:00 [PHASE4B]       [4.1] ELEMENTS                 PENDING           0 / 1           0.0% batches=0
2026-08-25T07:11:24.4107218-05:00 [PHASE4B] 
2026-08-25T07:11:24.4117221-05:00 [PHASE4B] [5/5] P4B_FINALIZE
2026-08-25T07:11:24.4117221-05:00 [PHASE4B]       [5.1] VERIFY_COUNTS            PENDING           0 / 1           0.0% batches=0
2026-08-25T07:11:24.4128035-05:00 [PHASE4B]       [5.2] COMPLETE_RUN             PENDING           0 / 1           0.0% batches=0
2026-08-25T07:11:24.4138037-05:00 [PHASE4B] 
2026-08-25T07:11:24.4148036-05:00 [PHASE4B] [RUN] [3.1] P4B_ELEMENTS / LEGO_ELEMENTS 0/113,831 (  0.0%) batch=1
2026-08-25T07:11:24.5446759-05:00 [PHASE4B] [OK ] [3.1] LEGO_ELEMENTS: 5,000/113,831 (4.4%) batches=1 elapsed=0.15s
2026-08-25T07:11:24.5466767-05:00 [PHASE4B] [RUN] [3.1] P4B_ELEMENTS / LEGO_ELEMENTS 5,000/113,831 (  4.4%) batch=2
2026-08-25T07:11:24.7006006-05:00 [PHASE4B] [OK ] [3.1] LEGO_ELEMENTS: 10,000/113,831 (8.8%) batches=2 elapsed=0.16s
2026-08-25T07:11:24.7016024-05:00 [PHASE4B] [RUN] [3.1] P4B_ELEMENTS / LEGO_ELEMENTS 10,000/113,831 (  8.8%) batch=3
2026-08-25T07:11:24.8549027-05:00 [PHASE4B] [OK ] [3.1] LEGO_ELEMENTS: 15,000/113,831 (13.2%) batches=3 elapsed=0.15s
2026-08-25T07:11:24.8569035-05:00 [PHASE4B] [RUN] [3.1] P4B_ELEMENTS / LEGO_ELEMENTS 15,000/113,831 ( 13.2%) batch=4
2026-08-25T07:11:25.0017170-05:00 [PHASE4B] [OK ] [3.1] LEGO_ELEMENTS: 20,000/113,831 (17.6%) batches=4 elapsed=0.15s
2026-08-25T07:11:25.0038661-05:00 [PHASE4B] [RUN] [3.1] P4B_ELEMENTS / LEGO_ELEMENTS 20,000/113,831 ( 17.6%) batch=5
2026-08-25T07:11:25.1468690-05:00 [PHASE4B] [OK ] [3.1] LEGO_ELEMENTS: 25,000/113,831 (22.0%) batches=5 elapsed=0.14s
2026-08-25T07:11:25.1478713-05:00 [PHASE4B] [RUN] [3.1] P4B_ELEMENTS / LEGO_ELEMENTS 25,000/113,831 ( 22.0%) batch=6
2026-08-25T07:11:25.2976488-05:00 [PHASE4B] [OK ] [3.1] LEGO_ELEMENTS: 30,000/113,831 (26.4%) batches=6 elapsed=0.15s
2026-08-25T07:11:25.2986477-05:00 [PHASE4B] [RUN] [3.1] P4B_ELEMENTS / LEGO_ELEMENTS 30,000/113,831 ( 26.4%) batch=7
2026-08-25T07:11:25.4458025-05:00 [PHASE4B] [OK ] [3.1] LEGO_ELEMENTS: 35,000/113,831 (30.7%) batches=7 elapsed=0.15s
2026-08-25T07:11:25.4468057-05:00 [PHASE4B] [RUN] [3.1] P4B_ELEMENTS / LEGO_ELEMENTS 35,000/113,831 ( 30.7%) batch=8
2026-08-25T07:11:25.6117422-05:00 [PHASE4B] [OK ] [3.1] LEGO_ELEMENTS: 40,000/113,831 (35.1%) batches=8 elapsed=0.17s
2026-08-25T07:11:25.6137463-05:00 [PHASE4B] [RUN] [3.1] P4B_ELEMENTS / LEGO_ELEMENTS 40,000/113,831 ( 35.1%) batch=9
2026-08-25T07:11:25.7568033-05:00 [PHASE4B] [OK ] [3.1] LEGO_ELEMENTS: 45,000/113,831 (39.5%) batches=9 elapsed=0.14s
2026-08-25T07:11:25.7578036-05:00 [PHASE4B] [RUN] [3.1] P4B_ELEMENTS / LEGO_ELEMENTS 45,000/113,831 ( 39.5%) batch=10
2026-08-25T07:11:25.9164641-05:00 [PHASE4B] [OK ] [3.1] LEGO_ELEMENTS: 50,000/113,831 (43.9%) batches=10 elapsed=0.16s
2026-08-25T07:11:25.9184646-05:00 [PHASE4B] [RUN] [3.1] P4B_ELEMENTS / LEGO_ELEMENTS 50,000/113,831 ( 43.9%) batch=11
2026-08-25T07:11:26.0922927-05:00 [PHASE4B] [OK ] [3.1] LEGO_ELEMENTS: 55,000/113,831 (48.3%) batches=11 elapsed=0.17s
2026-08-25T07:11:26.0932919-05:00 [PHASE4B] [RUN] [3.1] P4B_ELEMENTS / LEGO_ELEMENTS 55,000/113,831 ( 48.3%) batch=12
2026-08-25T07:11:26.2428341-05:00 [PHASE4B] [OK ] [3.1] LEGO_ELEMENTS: 60,000/113,831 (52.7%) batches=12 elapsed=0.15s
2026-08-25T07:11:26.2438373-05:00 [PHASE4B] [RUN] [3.1] P4B_ELEMENTS / LEGO_ELEMENTS 60,000/113,831 ( 52.7%) batch=13
2026-08-25T07:11:26.3941139-05:00 [PHASE4B] [OK ] [3.1] LEGO_ELEMENTS: 65,000/113,831 (57.1%) batches=13 elapsed=0.15s
2026-08-25T07:11:26.3961150-05:00 [PHASE4B] [RUN] [3.1] P4B_ELEMENTS / LEGO_ELEMENTS 65,000/113,831 ( 57.1%) batch=14
2026-08-25T07:11:26.5467415-05:00 [PHASE4B] [OK ] [3.1] LEGO_ELEMENTS: 70,000/113,831 (61.5%) batches=14 elapsed=0.15s
2026-08-25T07:11:26.5487420-05:00 [PHASE4B] [RUN] [3.1] P4B_ELEMENTS / LEGO_ELEMENTS 70,000/113,831 ( 61.5%) batch=15
2026-08-25T07:11:26.7025492-05:00 [PHASE4B] [OK ] [3.1] LEGO_ELEMENTS: 75,000/113,831 (65.9%) batches=15 elapsed=0.15s
2026-08-25T07:11:26.7035532-05:00 [PHASE4B] [RUN] [3.1] P4B_ELEMENTS / LEGO_ELEMENTS 75,000/113,831 ( 65.9%) batch=16
2026-08-25T07:11:26.8658954-05:00 [PHASE4B] [OK ] [3.1] LEGO_ELEMENTS: 80,000/113,831 (70.3%) batches=16 elapsed=0.16s
2026-08-25T07:11:26.8668935-05:00 [PHASE4B] [RUN] [3.1] P4B_ELEMENTS / LEGO_ELEMENTS 80,000/113,831 ( 70.3%) batch=17
2026-08-25T07:11:27.0228240-05:00 [PHASE4B] [OK ] [3.1] LEGO_ELEMENTS: 85,000/113,831 (74.7%) batches=17 elapsed=0.16s
2026-08-25T07:11:27.0238262-05:00 [PHASE4B] [RUN] [3.1] P4B_ELEMENTS / LEGO_ELEMENTS 85,000/113,831 ( 74.7%) batch=18
2026-08-25T07:11:27.1945818-05:00 [PHASE4B] [OK ] [3.1] LEGO_ELEMENTS: 90,000/113,831 (79.1%) batches=18 elapsed=0.17s
2026-08-25T07:11:27.1955832-05:00 [PHASE4B] [RUN] [3.1] P4B_ELEMENTS / LEGO_ELEMENTS 90,000/113,831 ( 79.1%) batch=19
2026-08-25T07:11:27.4074784-05:00 [PHASE4B] [OK ] [3.1] LEGO_ELEMENTS: 95,000/113,831 (83.5%) batches=19 elapsed=0.21s
2026-08-25T07:11:27.4094787-05:00 [PHASE4B] [RUN] [3.1] P4B_ELEMENTS / LEGO_ELEMENTS 95,000/113,831 ( 83.5%) batch=20
2026-08-25T07:11:27.5696220-05:00 [PHASE4B] [OK ] [3.1] LEGO_ELEMENTS: 100,000/113,831 (87.8%) batches=20 elapsed=0.16s
2026-08-25T07:11:27.5706223-05:00 [PHASE4B] [RUN] [3.1] P4B_ELEMENTS / LEGO_ELEMENTS 100,000/113,831 ( 87.8%) batch=21
2026-08-25T07:11:27.7225972-05:00 [PHASE4B] [OK ] [3.1] LEGO_ELEMENTS: 105,000/113,831 (92.2%) batches=21 elapsed=0.15s
2026-08-25T07:11:27.7235968-05:00 [PHASE4B] [RUN] [3.1] P4B_ELEMENTS / LEGO_ELEMENTS 105,000/113,831 ( 92.2%) batch=22
2026-08-25T07:11:27.8764019-05:00 [PHASE4B] [OK ] [3.1] LEGO_ELEMENTS: 110,000/113,831 (96.6%) batches=22 elapsed=0.15s
2026-08-25T07:11:27.8773997-05:00 [PHASE4B] [RUN] [3.1] P4B_ELEMENTS / LEGO_ELEMENTS 110,000/113,831 ( 96.6%) batch=23
2026-08-25T07:11:28.0115749-05:00 [PHASE4B] [OK ] [3.1] LEGO_ELEMENTS: 113,831/113,831 (100.0%) batches=23 elapsed=0.13s
2026-08-25T07:11:28.0126116-05:00 [PHASE4B] 
2026-08-25T07:11:28.0136104-05:00 [PHASE4B] -------------------------------------------------------------------------------
2026-08-25T07:11:28.0146094-05:00 [PHASE4B]  Durable Phase 4B checkpoint status
2026-08-25T07:11:28.0156096-05:00 [PHASE4B] -------------------------------------------------------------------------------
2026-08-25T07:11:28.0156096-05:00 [PHASE4B] 
2026-08-25T07:11:28.0166114-05:00 [PHASE4B] [1/5] P4B_VALIDATE
2026-08-25T07:11:28.0176098-05:00 [PHASE4B]       [1.1] SOURCE_CONTRACT          COMPLETED         1 / 1         100.0% batches=1
2026-08-25T07:11:28.0186122-05:00 [PHASE4B]       [1.2] PART_REFERENCES          COMPLETED         1 / 1         100.0% batches=1
2026-08-25T07:11:28.0186122-05:00 [PHASE4B]       [1.3] COLOR_REFERENCES         COMPLETED         1 / 1         100.0% batches=1
2026-08-25T07:11:28.0196134-05:00 [PHASE4B]       [1.4] ELEMENT_IDENTIFIERS      COMPLETED         1 / 1         100.0% batches=1
2026-08-25T07:11:28.0206101-05:00 [PHASE4B] 
2026-08-25T07:11:28.0216101-05:00 [PHASE4B] [2/5] P4B_VARIANTS
2026-08-25T07:11:28.0216101-05:00 [PHASE4B]       [2.1] PART_COLOR_VARIANTS      COMPLETED   113,831 / 113,831   100.0% batches=23
2026-08-25T07:11:28.0226339-05:00 [PHASE4B] 
2026-08-25T07:11:28.0236345-05:00 [PHASE4B] [3/5] P4B_ELEMENTS
2026-08-25T07:11:28.0246372-05:00 [PHASE4B]       [3.1] LEGO_ELEMENTS            COMPLETED   113,831 / 113,831   100.0% batches=23
2026-08-25T07:11:28.0256351-05:00 [PHASE4B]       [3.2] EXTERNAL_IDENTIFIERS     PENDING           0 / 113,831     0.0% batches=0
2026-08-25T07:11:28.0286339-05:00 [PHASE4B] 
2026-08-25T07:11:28.0296343-05:00 [PHASE4B] [4/5] P4B_SOURCE_PRESENCE
2026-08-25T07:11:28.0306341-05:00 [PHASE4B]       [4.1] ELEMENTS                 PENDING           0 / 1           0.0% batches=0
2026-08-25T07:11:28.0306341-05:00 [PHASE4B] 
2026-08-25T07:11:28.0316341-05:00 [PHASE4B] [5/5] P4B_FINALIZE
2026-08-25T07:11:28.0327504-05:00 [PHASE4B]       [5.1] VERIFY_COUNTS            PENDING           0 / 1           0.0% batches=0
2026-08-25T07:11:28.0337499-05:00 [PHASE4B]       [5.2] COMPLETE_RUN             PENDING           0 / 1           0.0% batches=0
2026-08-25T07:11:28.0337499-05:00 [PHASE4B] 
2026-08-25T07:11:28.0347509-05:00 [PHASE4B] [RUN] [3.2] P4B_ELEMENTS / EXTERNAL_IDENTIFIERS 0/113,831 (  0.0%) batch=1
2026-08-25T07:11:28.2298112-05:00 [PHASE4B] [OK ] [3.2] EXTERNAL_IDENTIFIERS: 5,000/113,831 (4.4%) batches=1 elapsed=0.22s
2026-08-25T07:11:28.2313154-05:00 [PHASE4B] [RUN] [3.2] P4B_ELEMENTS / EXTERNAL_IDENTIFIERS 5,000/113,831 (  4.4%) batch=2
2026-08-25T07:11:28.4423967-05:00 [PHASE4B] [OK ] [3.2] EXTERNAL_IDENTIFIERS: 10,000/113,831 (8.8%) batches=2 elapsed=0.21s
2026-08-25T07:11:28.4443963-05:00 [PHASE4B] [RUN] [3.2] P4B_ELEMENTS / EXTERNAL_IDENTIFIERS 10,000/113,831 (  8.8%) batch=3
2026-08-25T07:11:28.6497639-05:00 [PHASE4B] [OK ] [3.2] EXTERNAL_IDENTIFIERS: 15,000/113,831 (13.2%) batches=3 elapsed=0.21s
2026-08-25T07:11:28.6512671-05:00 [PHASE4B] [RUN] [3.2] P4B_ELEMENTS / EXTERNAL_IDENTIFIERS 15,000/113,831 ( 13.2%) batch=4
2026-08-25T07:11:28.8598233-05:00 [PHASE4B] [OK ] [3.2] EXTERNAL_IDENTIFIERS: 20,000/113,831 (17.6%) batches=4 elapsed=0.21s
2026-08-25T07:11:28.8613275-05:00 [PHASE4B] [RUN] [3.2] P4B_ELEMENTS / EXTERNAL_IDENTIFIERS 20,000/113,831 ( 17.6%) batch=5
2026-08-25T07:11:29.0815502-05:00 [PHASE4B] [OK ] [3.2] EXTERNAL_IDENTIFIERS: 25,000/113,831 (22.0%) batches=5 elapsed=0.22s
2026-08-25T07:11:29.0837173-05:00 [PHASE4B] [RUN] [3.2] P4B_ELEMENTS / EXTERNAL_IDENTIFIERS 25,000/113,831 ( 22.0%) batch=6
2026-08-25T07:11:29.2954101-05:00 [PHASE4B] [OK ] [3.2] EXTERNAL_IDENTIFIERS: 30,000/113,831 (26.4%) batches=6 elapsed=0.21s
2026-08-25T07:11:29.2964077-05:00 [PHASE4B] [RUN] [3.2] P4B_ELEMENTS / EXTERNAL_IDENTIFIERS 30,000/113,831 ( 26.4%) batch=7
2026-08-25T07:11:29.5055721-05:00 [PHASE4B] [OK ] [3.2] EXTERNAL_IDENTIFIERS: 35,000/113,831 (30.7%) batches=7 elapsed=0.21s
2026-08-25T07:11:29.5065726-05:00 [PHASE4B] [RUN] [3.2] P4B_ELEMENTS / EXTERNAL_IDENTIFIERS 35,000/113,831 ( 30.7%) batch=8
2026-08-25T07:11:29.7183706-05:00 [PHASE4B] [OK ] [3.2] EXTERNAL_IDENTIFIERS: 40,000/113,831 (35.1%) batches=8 elapsed=0.21s
2026-08-25T07:11:29.7203719-05:00 [PHASE4B] [RUN] [3.2] P4B_ELEMENTS / EXTERNAL_IDENTIFIERS 40,000/113,831 ( 35.1%) batch=9
2026-08-25T07:11:29.9391834-05:00 [PHASE4B] [OK ] [3.2] EXTERNAL_IDENTIFIERS: 45,000/113,831 (39.5%) batches=9 elapsed=0.22s
2026-08-25T07:11:29.9401829-05:00 [PHASE4B] [RUN] [3.2] P4B_ELEMENTS / EXTERNAL_IDENTIFIERS 45,000/113,831 ( 39.5%) batch=10
2026-08-25T07:11:30.1533972-05:00 [PHASE4B] [OK ] [3.2] EXTERNAL_IDENTIFIERS: 50,000/113,831 (43.9%) batches=10 elapsed=0.21s
2026-08-25T07:11:30.1543960-05:00 [PHASE4B] [RUN] [3.2] P4B_ELEMENTS / EXTERNAL_IDENTIFIERS 50,000/113,831 ( 43.9%) batch=11
2026-08-25T07:11:30.3689703-05:00 [PHASE4B] [OK ] [3.2] EXTERNAL_IDENTIFIERS: 55,000/113,831 (48.3%) batches=11 elapsed=0.22s
2026-08-25T07:11:30.3699734-05:00 [PHASE4B] [RUN] [3.2] P4B_ELEMENTS / EXTERNAL_IDENTIFIERS 55,000/113,831 ( 48.3%) batch=12
2026-08-25T07:11:30.5740354-05:00 [PHASE4B] [OK ] [3.2] EXTERNAL_IDENTIFIERS: 60,000/113,831 (52.7%) batches=12 elapsed=0.21s
2026-08-25T07:11:30.5750361-05:00 [PHASE4B] [RUN] [3.2] P4B_ELEMENTS / EXTERNAL_IDENTIFIERS 60,000/113,831 ( 52.7%) batch=13
2026-08-25T07:11:30.7937332-05:00 [PHASE4B] [OK ] [3.2] EXTERNAL_IDENTIFIERS: 65,000/113,831 (57.1%) batches=13 elapsed=0.22s
2026-08-25T07:11:30.7957328-05:00 [PHASE4B] [RUN] [3.2] P4B_ELEMENTS / EXTERNAL_IDENTIFIERS 65,000/113,831 ( 57.1%) batch=14
2026-08-25T07:11:31.0301212-05:00 [PHASE4B] [OK ] [3.2] EXTERNAL_IDENTIFIERS: 70,000/113,831 (61.5%) batches=14 elapsed=0.24s
2026-08-25T07:11:31.0301212-05:00 [PHASE4B] [RUN] [3.2] P4B_ELEMENTS / EXTERNAL_IDENTIFIERS 70,000/113,831 ( 61.5%) batch=15
2026-08-25T07:11:31.2486360-05:00 [PHASE4B] [OK ] [3.2] EXTERNAL_IDENTIFIERS: 75,000/113,831 (65.9%) batches=15 elapsed=0.22s
2026-08-25T07:11:31.2506369-05:00 [PHASE4B] [RUN] [3.2] P4B_ELEMENTS / EXTERNAL_IDENTIFIERS 75,000/113,831 ( 65.9%) batch=16
2026-08-25T07:11:31.4645083-05:00 [PHASE4B] [OK ] [3.2] EXTERNAL_IDENTIFIERS: 80,000/113,831 (70.3%) batches=16 elapsed=0.22s
2026-08-25T07:11:31.4665097-05:00 [PHASE4B] [RUN] [3.2] P4B_ELEMENTS / EXTERNAL_IDENTIFIERS 80,000/113,831 ( 70.3%) batch=17
2026-08-25T07:11:31.6777113-05:00 [PHASE4B] [OK ] [3.2] EXTERNAL_IDENTIFIERS: 85,000/113,831 (74.7%) batches=17 elapsed=0.21s
2026-08-25T07:11:31.6787104-05:00 [PHASE4B] [RUN] [3.2] P4B_ELEMENTS / EXTERNAL_IDENTIFIERS 85,000/113,831 ( 74.7%) batch=18
2026-08-25T07:11:31.8988810-05:00 [PHASE4B] [OK ] [3.2] EXTERNAL_IDENTIFIERS: 90,000/113,831 (79.1%) batches=18 elapsed=0.22s
2026-08-25T07:11:31.8998824-05:00 [PHASE4B] [RUN] [3.2] P4B_ELEMENTS / EXTERNAL_IDENTIFIERS 90,000/113,831 ( 79.1%) batch=19
2026-08-25T07:11:32.1144786-05:00 [PHASE4B] [OK ] [3.2] EXTERNAL_IDENTIFIERS: 95,000/113,831 (83.5%) batches=19 elapsed=0.21s
2026-08-25T07:11:32.1154799-05:00 [PHASE4B] [RUN] [3.2] P4B_ELEMENTS / EXTERNAL_IDENTIFIERS 95,000/113,831 ( 83.5%) batch=20
2026-08-25T07:11:32.3293258-05:00 [PHASE4B] [OK ] [3.2] EXTERNAL_IDENTIFIERS: 100,000/113,831 (87.8%) batches=20 elapsed=0.21s
2026-08-25T07:11:32.3303264-05:00 [PHASE4B] [RUN] [3.2] P4B_ELEMENTS / EXTERNAL_IDENTIFIERS 100,000/113,831 ( 87.8%) batch=21
2026-08-25T07:11:32.5694120-05:00 [PHASE4B] [OK ] [3.2] EXTERNAL_IDENTIFIERS: 105,000/113,831 (92.2%) batches=21 elapsed=0.24s
2026-08-25T07:11:32.5704092-05:00 [PHASE4B] [RUN] [3.2] P4B_ELEMENTS / EXTERNAL_IDENTIFIERS 105,000/113,831 ( 92.2%) batch=22
2026-08-25T07:11:32.8883735-05:00 [PHASE4B] [OK ] [3.2] EXTERNAL_IDENTIFIERS: 110,000/113,831 (96.6%) batches=22 elapsed=0.32s
2026-08-25T07:11:32.8893751-05:00 [PHASE4B] [RUN] [3.2] P4B_ELEMENTS / EXTERNAL_IDENTIFIERS 110,000/113,831 ( 96.6%) batch=23
2026-08-25T07:11:33.0625255-05:00 [PHASE4B] [OK ] [3.2] EXTERNAL_IDENTIFIERS: 113,831/113,831 (100.0%) batches=23 elapsed=0.17s
2026-08-25T07:11:33.0635287-05:00 [PHASE4B] 
2026-08-25T07:11:33.0635287-05:00 [PHASE4B] -------------------------------------------------------------------------------
2026-08-25T07:11:33.0645294-05:00 [PHASE4B]  Durable Phase 4B checkpoint status
2026-08-25T07:11:33.0655300-05:00 [PHASE4B] -------------------------------------------------------------------------------
2026-08-25T07:11:33.0665299-05:00 [PHASE4B] 
2026-08-25T07:11:33.0665299-05:00 [PHASE4B] [1/5] P4B_VALIDATE
2026-08-25T07:11:33.0675291-05:00 [PHASE4B]       [1.1] SOURCE_CONTRACT          COMPLETED         1 / 1         100.0% batches=1
2026-08-25T07:11:33.0685294-05:00 [PHASE4B]       [1.2] PART_REFERENCES          COMPLETED         1 / 1         100.0% batches=1
2026-08-25T07:11:33.0695287-05:00 [PHASE4B]       [1.3] COLOR_REFERENCES         COMPLETED         1 / 1         100.0% batches=1
2026-08-25T07:11:33.0695287-05:00 [PHASE4B]       [1.4] ELEMENT_IDENTIFIERS      COMPLETED         1 / 1         100.0% batches=1
2026-08-25T07:11:33.0705285-05:00 [PHASE4B] 
2026-08-25T07:11:33.0715296-05:00 [PHASE4B] [2/5] P4B_VARIANTS
2026-08-25T07:11:33.0726271-05:00 [PHASE4B]       [2.1] PART_COLOR_VARIANTS      COMPLETED   113,831 / 113,831   100.0% batches=23
2026-08-25T07:11:33.0726271-05:00 [PHASE4B] 
2026-08-25T07:11:33.0736304-05:00 [PHASE4B] [3/5] P4B_ELEMENTS
2026-08-25T07:11:33.0746308-05:00 [PHASE4B]       [3.1] LEGO_ELEMENTS            COMPLETED   113,831 / 113,831   100.0% batches=23
2026-08-25T07:11:33.0756307-05:00 [PHASE4B]       [3.2] EXTERNAL_IDENTIFIERS     COMPLETED   113,831 / 113,831   100.0% batches=23
2026-08-25T07:11:33.0756307-05:00 [PHASE4B] 
2026-08-25T07:11:33.0766301-05:00 [PHASE4B] [4/5] P4B_SOURCE_PRESENCE
2026-08-25T07:11:33.0776329-05:00 [PHASE4B]       [4.1] ELEMENTS                 PENDING           0 / 1           0.0% batches=0
2026-08-25T07:11:33.0786303-05:00 [PHASE4B] 
2026-08-25T07:11:33.0786303-05:00 [PHASE4B] [5/5] P4B_FINALIZE
2026-08-25T07:11:33.0797078-05:00 [PHASE4B]       [5.1] VERIFY_COUNTS            PENDING           0 / 1           0.0% batches=0
2026-08-25T07:11:33.0807081-05:00 [PHASE4B]       [5.2] COMPLETE_RUN             PENDING           0 / 1           0.0% batches=0
2026-08-25T07:11:33.0817082-05:00 [PHASE4B] 
2026-08-25T07:11:33.0817082-05:00 [PHASE4B] [RUN] [4.1] P4B_SOURCE_PRESENCE / ELEMENTS 0/1 (  0.0%) batch=1
2026-08-25T07:43:23.9965480-05:00 [PHASE4B] [OK ] [4.1] ELEMENTS: 1/1 (100.0%) batches=1 elapsed=1910.93s
2026-08-25T07:43:23.9986193-05:00 [PHASE4B] 
2026-08-25T07:43:23.9996207-05:00 [PHASE4B] -------------------------------------------------------------------------------
2026-08-25T07:43:24.0006557-05:00 [PHASE4B]  Durable Phase 4B checkpoint status
2026-08-25T07:43:24.0006557-05:00 [PHASE4B] -------------------------------------------------------------------------------
2026-08-25T07:43:24.0016554-05:00 [PHASE4B] 
2026-08-25T07:43:24.0026563-05:00 [PHASE4B] [1/5] P4B_VALIDATE
2026-08-25T07:43:24.0036557-05:00 [PHASE4B]       [1.1] SOURCE_CONTRACT          COMPLETED         1 / 1         100.0% batches=1
2026-08-25T07:43:24.0036557-05:00 [PHASE4B]       [1.2] PART_REFERENCES          COMPLETED         1 / 1         100.0% batches=1
2026-08-25T07:43:24.0046562-05:00 [PHASE4B]       [1.3] COLOR_REFERENCES         COMPLETED         1 / 1         100.0% batches=1
2026-08-25T07:43:24.0056561-05:00 [PHASE4B]       [1.4] ELEMENT_IDENTIFIERS      COMPLETED         1 / 1         100.0% batches=1
2026-08-25T07:43:24.0066560-05:00 [PHASE4B] 
2026-08-25T07:43:24.0076554-05:00 [PHASE4B] [2/5] P4B_VARIANTS
2026-08-25T07:43:24.0086554-05:00 [PHASE4B]       [2.1] PART_COLOR_VARIANTS      COMPLETED   113,831 / 113,831   100.0% batches=23
2026-08-25T07:43:24.0086554-05:00 [PHASE4B] 
2026-08-25T07:43:24.0096562-05:00 [PHASE4B] [3/5] P4B_ELEMENTS
2026-08-25T07:43:24.0106904-05:00 [PHASE4B]       [3.1] LEGO_ELEMENTS            COMPLETED   113,831 / 113,831   100.0% batches=23
2026-08-25T07:43:24.0116896-05:00 [PHASE4B]       [3.2] EXTERNAL_IDENTIFIERS     COMPLETED   113,831 / 113,831   100.0% batches=23
2026-08-25T07:43:24.0126897-05:00 [PHASE4B] 
2026-08-25T07:43:24.0126897-05:00 [PHASE4B] [4/5] P4B_SOURCE_PRESENCE
2026-08-25T07:43:24.0136897-05:00 [PHASE4B]       [4.1] ELEMENTS                 COMPLETED         1 / 1         100.0% batches=1
2026-08-25T07:43:24.0146914-05:00 [PHASE4B] 
2026-08-25T07:43:24.0156907-05:00 [PHASE4B] [5/5] P4B_FINALIZE
2026-08-25T07:43:24.0156907-05:00 [PHASE4B]       [5.1] VERIFY_COUNTS            PENDING           0 / 1           0.0% batches=0
2026-08-25T07:43:24.0166940-05:00 [PHASE4B]       [5.2] COMPLETE_RUN             PENDING           0 / 1           0.0% batches=0
2026-08-25T07:43:24.0176906-05:00 [PHASE4B] 
2026-08-25T07:43:24.0186910-05:00 [PHASE4B] [RUN] [5.1] P4B_FINALIZE / VERIFY_COUNTS 0/1 (  0.0%) batch=1
2026-08-25T07:43:24.8471285-05:00 [PHASE4B] [OK ] [5.1] VERIFY_COUNTS: 1/1 (100.0%) batches=1 elapsed=0.85s
2026-08-25T07:43:24.8481301-05:00 [PHASE4B] 
2026-08-25T07:43:24.8496364-05:00 [PHASE4B] -------------------------------------------------------------------------------
2026-08-25T07:43:24.8506412-05:00 [PHASE4B]  Durable Phase 4B checkpoint status
2026-08-25T07:43:24.8506412-05:00 [PHASE4B] -------------------------------------------------------------------------------
2026-08-25T07:43:24.8516419-05:00 [PHASE4B] 
2026-08-25T07:43:24.8526433-05:00 [PHASE4B] [1/5] P4B_VALIDATE
2026-08-25T07:43:24.8536409-05:00 [PHASE4B]       [1.1] SOURCE_CONTRACT          COMPLETED         1 / 1         100.0% batches=1
2026-08-25T07:43:24.8546420-05:00 [PHASE4B]       [1.2] PART_REFERENCES          COMPLETED         1 / 1         100.0% batches=1
2026-08-25T07:43:24.8566413-05:00 [PHASE4B]       [1.3] COLOR_REFERENCES         COMPLETED         1 / 1         100.0% batches=1
2026-08-25T07:43:24.8576422-05:00 [PHASE4B]       [1.4] ELEMENT_IDENTIFIERS      COMPLETED         1 / 1         100.0% batches=1
2026-08-25T07:43:24.8586422-05:00 [PHASE4B] 
2026-08-25T07:43:24.8586422-05:00 [PHASE4B] [2/5] P4B_VARIANTS
2026-08-25T07:43:24.8601448-05:00 [PHASE4B]       [2.1] PART_COLOR_VARIANTS      COMPLETED   113,831 / 113,831   100.0% batches=23
2026-08-25T07:43:24.8611469-05:00 [PHASE4B] 
2026-08-25T07:43:24.8621487-05:00 [PHASE4B] [3/5] P4B_ELEMENTS
2026-08-25T07:43:24.8631468-05:00 [PHASE4B]       [3.1] LEGO_ELEMENTS            COMPLETED   113,831 / 113,831   100.0% batches=23
2026-08-25T07:43:24.8636536-05:00 [PHASE4B]       [3.2] EXTERNAL_IDENTIFIERS     COMPLETED   113,831 / 113,831   100.0% batches=23
2026-08-25T07:43:24.8646550-05:00 [PHASE4B] 
2026-08-25T07:43:24.8656549-05:00 [PHASE4B] [4/5] P4B_SOURCE_PRESENCE
2026-08-25T07:43:24.8666562-05:00 [PHASE4B]       [4.1] ELEMENTS                 COMPLETED         1 / 1         100.0% batches=1
2026-08-25T07:43:24.8666562-05:00 [PHASE4B] 
2026-08-25T07:43:24.8676556-05:00 [PHASE4B] [5/5] P4B_FINALIZE
2026-08-25T07:43:24.8686560-05:00 [PHASE4B]       [5.1] VERIFY_COUNTS            COMPLETED         1 / 1         100.0% batches=1
2026-08-25T07:43:24.8696556-05:00 [PHASE4B]       [5.2] COMPLETE_RUN             PENDING           0 / 1           0.0% batches=0
2026-08-25T07:43:24.8707492-05:00 [PHASE4B] 
2026-08-25T07:43:24.8717495-05:00 [PHASE4B] [RUN] [5.2] P4B_FINALIZE / COMPLETE_RUN 0/1 (  0.0%) batch=1
2026-08-25T07:43:24.8727503-05:00 [PHASE4B] [OK ] [5.2] COMPLETE_RUN: 1/1 (100.0%) batches=1 elapsed=0.00s
2026-08-25T07:43:24.8727503-05:00 [PHASE4B] 
2026-08-25T07:43:24.8737503-05:00 [PHASE4B] -------------------------------------------------------------------------------
2026-08-25T07:43:24.8747489-05:00 [PHASE4B]  Durable Phase 4B checkpoint status
2026-08-25T07:43:24.8757486-05:00 [PHASE4B] -------------------------------------------------------------------------------
2026-08-25T07:43:24.8767490-05:00 [PHASE4B] 
2026-08-25T07:43:24.8777500-05:00 [PHASE4B] [1/5] P4B_VALIDATE
2026-08-25T07:43:24.8777500-05:00 [PHASE4B]       [1.1] SOURCE_CONTRACT          COMPLETED         1 / 1         100.0% batches=1
2026-08-25T07:43:24.8787505-05:00 [PHASE4B]       [1.2] PART_REFERENCES          COMPLETED         1 / 1         100.0% batches=1
2026-08-25T07:43:24.8797505-05:00 [PHASE4B]       [1.3] COLOR_REFERENCES         COMPLETED         1 / 1         100.0% batches=1
2026-08-25T07:43:24.8810809-05:00 [PHASE4B]       [1.4] ELEMENT_IDENTIFIERS      COMPLETED         1 / 1         100.0% batches=1
2026-08-25T07:43:24.8820830-05:00 [PHASE4B] 
2026-08-25T07:43:24.8830813-05:00 [PHASE4B] [2/5] P4B_VARIANTS
2026-08-25T07:43:24.8830813-05:00 [PHASE4B]       [2.1] PART_COLOR_VARIANTS      COMPLETED   113,831 / 113,831   100.0% batches=23
2026-08-25T07:43:24.8840815-05:00 [PHASE4B] 
2026-08-25T07:43:24.8850807-05:00 [PHASE4B] [3/5] P4B_ELEMENTS
2026-08-25T07:43:24.8860810-05:00 [PHASE4B]       [3.1] LEGO_ELEMENTS            COMPLETED   113,831 / 113,831   100.0% batches=23
2026-08-25T07:43:24.8870807-05:00 [PHASE4B]       [3.2] EXTERNAL_IDENTIFIERS     COMPLETED   113,831 / 113,831   100.0% batches=23
2026-08-25T07:43:24.8870807-05:00 [PHASE4B] 
2026-08-25T07:43:24.8880805-05:00 [PHASE4B] [4/5] P4B_SOURCE_PRESENCE
2026-08-25T07:43:24.8895848-05:00 [PHASE4B]       [4.1] ELEMENTS                 COMPLETED         1 / 1         100.0% batches=1
2026-08-25T07:43:24.8895848-05:00 [PHASE4B] 
2026-08-25T07:43:24.8905887-05:00 [PHASE4B] [5/5] P4B_FINALIZE
2026-08-25T07:43:24.8915907-05:00 [PHASE4B]       [5.1] VERIFY_COUNTS            COMPLETED         1 / 1         100.0% batches=1
2026-08-25T07:43:24.8925903-05:00 [PHASE4B]       [5.2] COMPLETE_RUN             COMPLETED         1 / 1         100.0% batches=1
2026-08-25T07:43:24.8935902-05:00 [PHASE4B] 
2026-08-25T07:43:24.8935902-05:00 [PHASE4B] ==============================================================================
2026-08-25T07:43:24.8945887-05:00 [PHASE4B]  [PASS] Rebrickable Phase 4B checkpointed reconciliation completed
2026-08-25T07:43:24.8955900-05:00 [PHASE4B]  [INFO] Source run: 01a038d4-f4ed-76e1-aa31-20ed2cccb8a5
2026-08-25T07:43:24.8965905-05:00 [PHASE4B]  [INFO] Elapsed seconds: 1924.51
2026-08-25T07:43:24.8975951-05:00 [PHASE4B] ==============================================================================
2026-08-25T07:43:24.8985899-05:00 [INFO] PHASE4B process exit code=0
2026-08-25T07:43:24.8985899-05:00 [PASS] PHASE4B completed
2026-08-25T07:43:24.9456320-05:00 [PASS] Lifecycle finalized source_run_id=01a038d4-f4ed-76e1-aa31-20ed2cccb8a5
2026-08-25T07:43:24.9476311-05:00 [INFO] START PHASE5A: import_rebrickable_phase5a_inventory.py --downloads-dir L:\var\www\Brk.Trkr\brk.trkr-db\import\runtime\snapshots\nightly_20260825_070552
2026-08-25T07:43:29.6726208-05:00 [PHASE5A] ==============================================================================
2026-08-25T07:43:29.6736206-05:00 [PHASE5A]  BrickTrackr Rebrickable Phase 5A - Inventory Staging v5.0.1
2026-08-25T07:43:29.6746213-05:00 [PHASE5A] ==============================================================================
2026-08-25T07:43:29.6756218-05:00 [PHASE5A] [INFO] Downloads:  L:\var\www\Brk.Trkr\brk.trkr-db\import\runtime\snapshots\nightly_20260825_070552
2026-08-25T07:43:29.6766231-05:00 [PHASE5A] [INFO] COPY batch: 50,000
2026-08-25T07:43:29.6766231-05:00 [PHASE5A] 
2026-08-25T07:43:29.6776215-05:00 [PHASE5A] [VALIDATE] Source contracts and cross-file inventory references
2026-08-25T07:43:29.6786217-05:00 [PHASE5A] [PASS] inventories          rows=    47,216 sha256=a5f9c085a32d6e433397502343425062fea3587cdb87d1b671e16d1f103d7deb
2026-08-25T07:43:29.6796215-05:00 [PHASE5A] [PASS] inventory_parts      rows= 1,551,426 sha256=a73e272f816826798973ec72b01bf2f8bca120571cd67cad8b3c2a5dc704f01c
2026-08-25T07:43:29.6796215-05:00 [PHASE5A] [PASS] inventory_sets       rows=     5,176 sha256=a260844f665f5fe64675184fc01a93f78488548e51fbd7b2cc9dfdd7b7e5798b
2026-08-25T07:43:29.6809464-05:00 [PHASE5A] [PASS] inventory_minifigs   rows=    25,738 sha256=805be4a494c16fc4277f27693c503e3d2b2cbc21847f483954b244bb05109670
2026-08-25T07:43:29.6819460-05:00 [PHASE5A] [PASS] Total source rows: 1,629,556
2026-08-25T07:43:29.6829465-05:00 [PHASE5A] 
2026-08-25T07:43:29.6839449-05:00 [PHASE5A] [RUN ] Source run: 01a038f2-7263-744e-89be-60c2becc1291
2026-08-25T07:43:29.6849450-05:00 [PHASE5A] 
2026-08-25T07:43:29.6849450-05:00 [PHASE5A] [DATASET] inventories -> INVENTORY (47,216 rows)
2026-08-25T07:43:29.6879453-05:00 [PHASE5A] [STAGE] inventories          batch=  1     47,216/47,216 (100.0%)
2026-08-25T07:43:31.4356687-05:00 [PHASE5A] [PASS] inventories: 47,216 rows staged/validated
2026-08-25T07:43:31.4376703-05:00 [PHASE5A] 
2026-08-25T07:43:31.4376703-05:00 [PHASE5A] [DATASET] inventory_parts -> INVENTORY_PART (1,551,426 rows)
2026-08-25T07:43:31.4386686-05:00 [PHASE5A] [STAGE] inventory_parts      batch=  1     50,000/1,551,426 (  3.2%)
2026-08-25T07:43:33.0624378-05:00 [PHASE5A] [STAGE] inventory_parts      batch=  2    100,000/1,551,426 (  6.4%)
2026-08-25T07:43:35.0976528-05:00 [PHASE5A] [STAGE] inventory_parts      batch=  3    150,000/1,551,426 (  9.7%)
2026-08-25T07:43:36.8351100-05:00 [PHASE5A] [STAGE] inventory_parts      batch=  4    200,000/1,551,426 ( 12.9%)
2026-08-25T07:43:38.5903021-05:00 [PHASE5A] [STAGE] inventory_parts      batch=  5    250,000/1,551,426 ( 16.1%)
2026-08-25T07:43:40.3946800-05:00 [PHASE5A] [STAGE] inventory_parts      batch=  6    300,000/1,551,426 ( 19.3%)
2026-08-25T07:43:42.4542431-05:00 [PHASE5A] [STAGE] inventory_parts      batch=  7    350,000/1,551,426 ( 22.6%)
2026-08-25T07:43:44.2549810-05:00 [PHASE5A] [STAGE] inventory_parts      batch=  8    400,000/1,551,426 ( 25.8%)
2026-08-25T07:43:46.4724343-05:00 [PHASE5A] [STAGE] inventory_parts      batch=  9    450,000/1,551,426 ( 29.0%)
2026-08-25T07:43:51.2432643-05:00 [PHASE5A] [STAGE] inventory_parts      batch= 10    500,000/1,551,426 ( 32.2%)
2026-08-25T07:43:59.4523813-05:00 [PHASE5A] [STAGE] inventory_parts      batch= 11    550,000/1,551,426 ( 35.5%)
2026-08-25T07:44:01.2136332-05:00 [PHASE5A] [STAGE] inventory_parts      batch= 12    600,000/1,551,426 ( 38.7%)
2026-08-25T07:44:03.1424676-05:00 [PHASE5A] [STAGE] inventory_parts      batch= 13    650,000/1,551,426 ( 41.9%)
2026-08-25T07:44:04.9207662-05:00 [PHASE5A] [STAGE] inventory_parts      batch= 14    700,000/1,551,426 ( 45.1%)
2026-08-25T07:44:06.6526251-05:00 [PHASE5A] [STAGE] inventory_parts      batch= 15    750,000/1,551,426 ( 48.3%)
2026-08-25T07:44:08.7324591-05:00 [PHASE5A] [STAGE] inventory_parts      batch= 16    800,000/1,551,426 ( 51.6%)
2026-08-25T07:44:10.6512777-05:00 [PHASE5A] [STAGE] inventory_parts      batch= 17    850,000/1,551,426 ( 54.8%)
2026-08-25T07:44:12.6992108-05:00 [PHASE5A] [STAGE] inventory_parts      batch= 18    900,000/1,551,426 ( 58.0%)
2026-08-25T07:44:14.4666670-05:00 [PHASE5A] [STAGE] inventory_parts      batch= 19    950,000/1,551,426 ( 61.2%)
2026-08-25T07:44:16.1766346-05:00 [PHASE5A] [STAGE] inventory_parts      batch= 20  1,000,000/1,551,426 ( 64.5%)
2026-08-25T07:44:18.6782551-05:00 [PHASE5A] [STAGE] inventory_parts      batch= 21  1,050,000/1,551,426 ( 67.7%)
2026-08-25T07:44:43.6362074-05:00 [PHASE5A] [STAGE] inventory_parts      batch= 22  1,100,000/1,551,426 ( 70.9%)
2026-08-25T07:44:45.4299642-05:00 [PHASE5A] [STAGE] inventory_parts      batch= 23  1,150,000/1,551,426 ( 74.1%)
2026-08-25T07:44:47.7332822-05:00 [PHASE5A] [STAGE] inventory_parts      batch= 24  1,200,000/1,551,426 ( 77.3%)
2026-08-25T07:44:49.8852946-05:00 [PHASE5A] [STAGE] inventory_parts      batch= 25  1,250,000/1,551,426 ( 80.6%)
2026-08-25T07:44:52.3099371-05:00 [PHASE5A] [STAGE] inventory_parts      batch= 26  1,300,000/1,551,426 ( 83.8%)
2026-08-25T07:44:54.2389358-05:00 [PHASE5A] [STAGE] inventory_parts      batch= 27  1,350,000/1,551,426 ( 87.0%)
2026-08-25T07:44:56.2757558-05:00 [PHASE5A] [STAGE] inventory_parts      batch= 28  1,400,000/1,551,426 ( 90.2%)
2026-08-25T07:44:58.4705166-05:00 [PHASE5A] [STAGE] inventory_parts      batch= 29  1,450,000/1,551,426 ( 93.5%)
2026-08-25T07:45:00.3845170-05:00 [PHASE5A] [STAGE] inventory_parts      batch= 30  1,500,000/1,551,426 ( 96.7%)
2026-08-25T07:45:02.6191608-05:00 [PHASE5A] [STAGE] inventory_parts      batch= 31  1,550,000/1,551,426 ( 99.9%)
2026-08-25T07:45:02.6808314-05:00 [PHASE5A] [STAGE] inventory_parts      batch= 32  1,551,426/1,551,426 (100.0%)
2026-08-25T07:45:30.2507399-05:00 [PHASE5A] [PASS] inventory_parts: 1,551,426 rows staged/validated
2026-08-25T07:45:30.2517428-05:00 [PHASE5A] 
2026-08-25T07:45:30.2527447-05:00 [PHASE5A] [DATASET] inventory_sets -> INVENTORY_SET (5,176 rows)
2026-08-25T07:45:30.2537409-05:00 [PHASE5A] [STAGE] inventory_sets       batch=  1      5,176/5,176 (100.0%)
2026-08-25T07:45:34.4572298-05:00 [PHASE5A] [PASS] inventory_sets: 5,176 rows staged/validated
2026-08-25T07:45:34.4587357-05:00 [PHASE5A] 
2026-08-25T07:45:34.4597410-05:00 [PHASE5A] [DATASET] inventory_minifigs -> INVENTORY_MINIFIGURE (25,738 rows)
2026-08-25T07:45:34.4607405-05:00 [PHASE5A] [STAGE] inventory_minifigs   batch=  1     25,738/25,738 (100.0%)
2026-08-25T07:45:34.6286829-05:00 [PHASE5A] [PASS] inventory_minifigs: 25,738 rows staged/validated
2026-08-25T07:45:34.6299411-05:00 [PHASE5A] 
2026-08-25T07:45:34.6309399-05:00 [PHASE5A] ==============================================================================
2026-08-25T07:45:34.6319392-05:00 [PHASE5A]  [PASS] Rebrickable Phase 5A inventory staging completed
2026-08-25T07:45:34.6329419-05:00 [PHASE5A]  [INFO] Source run: 01a038f2-7263-744e-89be-60c2becc1291
2026-08-25T07:45:34.6339410-05:00 [PHASE5A]  [INFO] Total rows: 1,629,556
2026-08-25T07:45:34.6339410-05:00 [PHASE5A]  [INFO] Elapsed seconds: 129.53
2026-08-25T07:45:34.6349401-05:00 [PHASE5A]  [INFO] Status: VALIDATING
2026-08-25T07:45:34.6359406-05:00 [PHASE5A] ==============================================================================
2026-08-25T07:45:34.6369409-05:00 [PHASE5A] 
2026-08-25T07:45:34.6379398-05:00 [PHASE5A] [NEXT] Phase 5B may reconcile this source run. No canonical definition/catalog DML was performed.
2026-08-25T07:45:34.6519745-05:00 [INFO] PHASE5A process exit code=0
2026-08-25T07:45:34.6529767-05:00 [PASS] PHASE5A completed
2026-08-25T07:45:34.9506643-05:00 [INFO] PHASE5A source_run_id=01a038f2-7263-744e-89be-60c2becc1291
2026-08-25T07:45:35.1276462-05:00 [INFO] START PHASE5B: reconcile_rebrickable_phase5b_checkpointed.py --source-run-id 01a038f2-7263-744e-89be-60c2becc1291
2026-08-25T07:45:36.0512163-05:00 [PHASE5B] ==============================================================================
2026-08-25T07:45:36.0522164-05:00 [PHASE5B]  BrickTrackr Rebrickable Phase 5B - Checkpointed Reconcile v5.1.2
2026-08-25T07:45:36.0532183-05:00 [PHASE5B] ==============================================================================
2026-08-25T07:45:36.0532183-05:00 [PHASE5B] [INFO] Mode:       RESUME
2026-08-25T07:45:36.0542171-05:00 [PHASE5B] [INFO] Source run: 01a038f2-7263-744e-89be-60c2becc1291
2026-08-25T07:45:36.0552172-05:00 [PHASE5B] [INFO] Batch size: 5,000
2026-08-25T07:45:36.0562172-05:00 [PHASE5B] [+] Checkpoint ledger ready: inventories=47,216, parts=1,551,426, sets=5,176, minifigs=25,738
2026-08-25T07:45:36.0562172-05:00 [PHASE5B] 
2026-08-25T07:45:36.0572170-05:00 [PHASE5B] -------------------------------------------------------------------------------
2026-08-25T07:45:36.0572170-05:00 [PHASE5B]  Durable Phase 5B checkpoint status
2026-08-25T07:45:36.0592391-05:00 [PHASE5B] -------------------------------------------------------------------------------
2026-08-25T07:45:36.0602422-05:00 [PHASE5B] 
2026-08-25T07:45:36.0602422-05:00 [PHASE5B] [1/10] P5B_VALIDATE
2026-08-25T07:45:36.0612419-05:00 [PHASE5B]       [1.1] SOURCE_CONTRACT              PENDING            0 / 1            0.0% batches=0
2026-08-25T07:45:36.0622424-05:00 [PHASE5B]       [1.2] PARENT_CLASSIFICATION        PENDING            0 / 1            0.0% batches=0
2026-08-25T07:45:36.0632433-05:00 [PHASE5B]       [1.3] CATALOG_REFERENCES           PENDING            0 / 1            0.0% batches=0
2026-08-25T07:45:36.0632433-05:00 [PHASE5B]       [1.4] VERSION_KEYS                 PENDING            0 / 1            0.0% batches=0
2026-08-25T07:45:36.0642425-05:00 [PHASE5B] 
2026-08-25T07:45:36.0652430-05:00 [PHASE5B] [2/10] P5B_VARIANTS
2026-08-25T07:45:36.0662430-05:00 [PHASE5B]       [2.1] BASE_PART_COLOR_VARIANTS     PENDING            0 / 1,551,426    0.0% batches=0
2026-08-25T07:45:36.0672428-05:00 [PHASE5B] 
2026-08-25T07:45:36.0672428-05:00 [PHASE5B] [3/10] P5B_DEFINITIONS
2026-08-25T07:45:36.0687456-05:00 [PHASE5B]       [3.1] PARENT_DEFINITIONS           PENDING            0 / 47,216       0.0% batches=0
2026-08-25T07:45:36.0697492-05:00 [PHASE5B] 
2026-08-25T07:45:36.0707487-05:00 [PHASE5B] [4/10] P5B_VERSIONS
2026-08-25T07:45:36.0717488-05:00 [PHASE5B]       [4.1] SOURCE_VERSIONS              PENDING            0 / 47,216       0.0% batches=0
2026-08-25T07:45:36.0727487-05:00 [PHASE5B] 
2026-08-25T07:45:36.0727487-05:00 [PHASE5B] [5/10] P5B_SET_MEMBERS
2026-08-25T07:45:36.0737486-05:00 [PHASE5B]       [5.1] PARTS                        PENDING            0 / 1,551,426    0.0% batches=0
2026-08-25T07:45:36.0747491-05:00 [PHASE5B]       [5.2] SETS                         PENDING            0 / 5,176        0.0% batches=0
2026-08-25T07:45:36.0757490-05:00 [PHASE5B]       [5.3] MINIFIGURES                  PENDING            0 / 25,738       0.0% batches=0
2026-08-25T07:45:36.0757490-05:00 [PHASE5B] 
2026-08-25T07:45:36.0767493-05:00 [PHASE5B] [6/10] P5B_MINIFIG_MEMBERS
2026-08-25T07:45:36.0777487-05:00 [PHASE5B]       [6.1] PARTS                        PENDING            0 / 1,551,426    0.0% batches=0
2026-08-25T07:45:36.0787485-05:00 [PHASE5B] 
2026-08-25T07:45:36.0787485-05:00 [PHASE5B] [7/10] P5B_MINIFIG_ANCHORS
2026-08-25T07:45:36.0797781-05:00 [PHASE5B]       [7.1] COMPOSITIONS                 PENDING            0 / 47,216       0.0% batches=0
2026-08-25T07:45:36.0807781-05:00 [PHASE5B] 
2026-08-25T07:45:36.0817778-05:00 [PHASE5B] [8/10] P5B_FINALIZE_VERSIONS
2026-08-25T07:45:36.0827775-05:00 [PHASE5B]       [8.1] HASH_AND_FINALIZE            PENDING            0 / 47,216       0.0% batches=0
2026-08-25T07:45:36.0827775-05:00 [PHASE5B] 
2026-08-25T07:45:36.0837772-05:00 [PHASE5B] [9/10] P5B_AUTHORITY
2026-08-25T07:45:36.0847772-05:00 [PHASE5B]       [9.1] LATEST_SOURCE                PENDING            0 / 47,216       0.0% batches=0
2026-08-25T07:45:36.0857774-05:00 [PHASE5B] 
2026-08-25T07:45:36.0867772-05:00 [PHASE5B] [10/10] P5B_COMPLETE
2026-08-25T07:45:36.0867772-05:00 [PHASE5B]       [10.1] VERIFY                       PENDING            0 / 1            0.0% batches=0
2026-08-25T07:45:36.0877777-05:00 [PHASE5B]       [10.2] COMPLETE_RUN                 PENDING            0 / 1            0.0% batches=0
2026-08-25T07:45:36.0887771-05:00 [PHASE5B] 
2026-08-25T07:45:36.0887771-05:00 [PHASE5B] [RUN] [1.1] P5B_VALIDATE / SOURCE_CONTRACT 0/1 (  0.0%) batch=1
2026-08-25T07:45:36.0900019-05:00 [PHASE5B] [OK ] [1.1] SOURCE_CONTRACT: 1/1 (100.0%) batches=1 elapsed=0.01s
2026-08-25T07:45:36.0910014-05:00 [PHASE5B] 
2026-08-25T07:45:36.0920042-05:00 [PHASE5B] -------------------------------------------------------------------------------
2026-08-25T07:45:36.0930024-05:00 [PHASE5B]  Durable Phase 5B checkpoint status
2026-08-25T07:45:36.0940021-05:00 [PHASE5B] -------------------------------------------------------------------------------
2026-08-25T07:45:36.0940021-05:00 [PHASE5B] 
2026-08-25T07:45:36.0950016-05:00 [PHASE5B] [1/10] P5B_VALIDATE
2026-08-25T07:45:36.0960015-05:00 [PHASE5B]       [1.1] SOURCE_CONTRACT              COMPLETED          1 / 1          100.0% batches=1
2026-08-25T07:45:36.0970014-05:00 [PHASE5B]       [1.2] PARENT_CLASSIFICATION        PENDING            0 / 1            0.0% batches=0
2026-08-25T07:45:36.0970014-05:00 [PHASE5B]       [1.3] CATALOG_REFERENCES           PENDING            0 / 1            0.0% batches=0
2026-08-25T07:45:36.0985048-05:00 [PHASE5B]       [1.4] VERSION_KEYS                 PENDING            0 / 1            0.0% batches=0
2026-08-25T07:45:36.0995087-05:00 [PHASE5B] 
2026-08-25T07:45:36.1005087-05:00 [PHASE5B] [2/10] P5B_VARIANTS
2026-08-25T07:45:36.1015081-05:00 [PHASE5B]       [2.1] BASE_PART_COLOR_VARIANTS     PENDING            0 / 1,551,426    0.0% batches=0
2026-08-25T07:45:36.1025078-05:00 [PHASE5B] 
2026-08-25T07:45:36.1025078-05:00 [PHASE5B] [3/10] P5B_DEFINITIONS
2026-08-25T07:45:36.1035097-05:00 [PHASE5B]       [3.1] PARENT_DEFINITIONS           PENDING            0 / 47,216       0.0% batches=0
2026-08-25T07:45:36.1045093-05:00 [PHASE5B] 
2026-08-25T07:45:36.1055080-05:00 [PHASE5B] [4/10] P5B_VERSIONS
2026-08-25T07:45:36.1055080-05:00 [PHASE5B]       [4.1] SOURCE_VERSIONS              PENDING            0 / 47,216       0.0% batches=0
2026-08-25T07:45:36.1065089-05:00 [PHASE5B] 
2026-08-25T07:45:36.1075075-05:00 [PHASE5B] [5/10] P5B_SET_MEMBERS
2026-08-25T07:45:36.1090125-05:00 [PHASE5B]       [5.1] PARTS                        PENDING            0 / 1,551,426    0.0% batches=0
2026-08-25T07:45:36.1100166-05:00 [PHASE5B]       [5.2] SETS                         PENDING            0 / 5,176        0.0% batches=0
2026-08-25T07:45:36.1100166-05:00 [PHASE5B]       [5.3] MINIFIGURES                  PENDING            0 / 25,738       0.0% batches=0
2026-08-25T07:45:36.1110197-05:00 [PHASE5B] 
2026-08-25T07:45:36.1120213-05:00 [PHASE5B] [6/10] P5B_MINIFIG_MEMBERS
2026-08-25T07:45:36.1130195-05:00 [PHASE5B]       [6.1] PARTS                        PENDING            0 / 1,551,426    0.0% batches=0
2026-08-25T07:45:36.1140199-05:00 [PHASE5B] 
2026-08-25T07:45:36.1140199-05:00 [PHASE5B] [7/10] P5B_MINIFIG_ANCHORS
2026-08-25T07:45:36.1150200-05:00 [PHASE5B]       [7.1] COMPOSITIONS                 PENDING            0 / 47,216       0.0% batches=0
2026-08-25T07:45:36.1160215-05:00 [PHASE5B] 
2026-08-25T07:45:36.1170205-05:00 [PHASE5B] [8/10] P5B_FINALIZE_VERSIONS
2026-08-25T07:45:36.1170205-05:00 [PHASE5B]       [8.1] HASH_AND_FINALIZE            PENDING            0 / 47,216       0.0% batches=0
2026-08-25T07:45:36.1185237-05:00 [PHASE5B] 
2026-08-25T07:45:36.1195281-05:00 [PHASE5B] [9/10] P5B_AUTHORITY
2026-08-25T07:45:36.1205267-05:00 [PHASE5B]       [9.1] LATEST_SOURCE                PENDING            0 / 47,216       0.0% batches=0
2026-08-25T07:45:36.1215278-05:00 [PHASE5B] 
2026-08-25T07:45:36.1225287-05:00 [PHASE5B] [10/10] P5B_COMPLETE
2026-08-25T07:45:36.1225287-05:00 [PHASE5B]       [10.1] VERIFY                       PENDING            0 / 1            0.0% batches=0
2026-08-25T07:45:36.1235270-05:00 [PHASE5B]       [10.2] COMPLETE_RUN                 PENDING            0 / 1            0.0% batches=0
2026-08-25T07:45:36.1245307-05:00 [PHASE5B] 
2026-08-25T07:45:36.1255275-05:00 [PHASE5B] [RUN] [1.2] P5B_VALIDATE / PARENT_CLASSIFICATION 0/1 (  0.0%) batch=1
2026-08-25T07:45:36.1368631-05:00 [PHASE5B] [OK ] [1.2] PARENT_CLASSIFICATION: 1/1 (100.0%) batches=1 elapsed=0.08s
2026-08-25T07:45:36.1378643-05:00 [PHASE5B] 
2026-08-25T07:45:36.1378643-05:00 [PHASE5B] -------------------------------------------------------------------------------
2026-08-25T07:45:36.1388648-05:00 [PHASE5B]  Durable Phase 5B checkpoint status
2026-08-25T07:45:36.1401232-05:00 [PHASE5B] -------------------------------------------------------------------------------
2026-08-25T07:45:36.1401232-05:00 [PHASE5B] 
2026-08-25T07:45:36.1411229-05:00 [PHASE5B] [1/10] P5B_VALIDATE
2026-08-25T07:45:36.1431225-05:00 [PHASE5B]       [1.1] SOURCE_CONTRACT              COMPLETED          1 / 1          100.0% batches=1
2026-08-25T07:45:36.1441229-05:00 [PHASE5B]       [1.2] PARENT_CLASSIFICATION        COMPLETED          1 / 1          100.0% batches=1
2026-08-25T07:45:36.1451229-05:00 [PHASE5B]       [1.3] CATALOG_REFERENCES           PENDING            0 / 1            0.0% batches=0
2026-08-25T07:45:36.1451229-05:00 [PHASE5B]       [1.4] VERSION_KEYS                 PENDING            0 / 1            0.0% batches=0
2026-08-25T07:45:36.1461227-05:00 [PHASE5B] 
2026-08-25T07:45:36.1471232-05:00 [PHASE5B] [2/10] P5B_VARIANTS
2026-08-25T07:45:36.1486263-05:00 [PHASE5B]       [2.1] BASE_PART_COLOR_VARIANTS     PENDING            0 / 1,551,426    0.0% batches=0
2026-08-25T07:45:36.1496296-05:00 [PHASE5B] 
2026-08-25T07:45:36.1496296-05:00 [PHASE5B] [3/10] P5B_DEFINITIONS
2026-08-25T07:45:36.1506295-05:00 [PHASE5B]       [3.1] PARENT_DEFINITIONS           PENDING            0 / 47,216       0.0% batches=0
2026-08-25T07:45:36.1516297-05:00 [PHASE5B] 
2026-08-25T07:45:36.1526302-05:00 [PHASE5B] [4/10] P5B_VERSIONS
2026-08-25T07:45:36.1526302-05:00 [PHASE5B]       [4.1] SOURCE_VERSIONS              PENDING            0 / 47,216       0.0% batches=0
2026-08-25T07:45:36.1536307-05:00 [PHASE5B] 
2026-08-25T07:45:36.1546299-05:00 [PHASE5B] [5/10] P5B_SET_MEMBERS
2026-08-25T07:45:36.1556292-05:00 [PHASE5B]       [5.1] PARTS                        PENDING            0 / 1,551,426    0.0% batches=0
2026-08-25T07:45:36.1566296-05:00 [PHASE5B]       [5.2] SETS                         PENDING            0 / 5,176        0.0% batches=0
2026-08-25T07:45:36.1566296-05:00 [PHASE5B]       [5.3] MINIFIGURES                  PENDING            0 / 25,738       0.0% batches=0
2026-08-25T07:45:36.1576297-05:00 [PHASE5B] 
2026-08-25T07:45:36.1586293-05:00 [PHASE5B] [6/10] P5B_MINIFIG_MEMBERS
2026-08-25T07:45:36.1591320-05:00 [PHASE5B]       [6.1] PARTS                        PENDING            0 / 1,551,426    0.0% batches=0
2026-08-25T07:45:36.1601357-05:00 [PHASE5B] 
2026-08-25T07:45:36.1611355-05:00 [PHASE5B] [7/10] P5B_MINIFIG_ANCHORS
2026-08-25T07:45:36.1621356-05:00 [PHASE5B]       [7.1] COMPOSITIONS                 PENDING            0 / 47,216       0.0% batches=0
2026-08-25T07:45:36.1621356-05:00 [PHASE5B] 
2026-08-25T07:45:36.1631366-05:00 [PHASE5B] [8/10] P5B_FINALIZE_VERSIONS
2026-08-25T07:45:36.1641354-05:00 [PHASE5B]       [8.1] HASH_AND_FINALIZE            PENDING            0 / 47,216       0.0% batches=0
2026-08-25T07:45:36.1651354-05:00 [PHASE5B] 
2026-08-25T07:45:36.1661359-05:00 [PHASE5B] [9/10] P5B_AUTHORITY
2026-08-25T07:45:36.1661359-05:00 [PHASE5B]       [9.1] LATEST_SOURCE                PENDING            0 / 47,216       0.0% batches=0
2026-08-25T07:45:36.1671370-05:00 [PHASE5B] 
2026-08-25T07:45:36.1686411-05:00 [PHASE5B] [10/10] P5B_COMPLETE
2026-08-25T07:45:36.1686411-05:00 [PHASE5B]       [10.1] VERIFY                       PENDING            0 / 1            0.0% batches=0
2026-08-25T07:45:36.1696465-05:00 [PHASE5B]       [10.2] COMPLETE_RUN                 PENDING            0 / 1            0.0% batches=0
2026-08-25T07:45:36.1706461-05:00 [PHASE5B] 
2026-08-25T07:45:36.1716495-05:00 [PHASE5B] [RUN] [1.3] P5B_VALIDATE / CATALOG_REFERENCES 0/1 (  0.0%) batch=1
2026-08-25T07:45:45.0926983-05:00 [PHASE5B] [OK ] [1.3] CATALOG_REFERENCES: 1/1 (100.0%) batches=1 elapsed=8.96s
2026-08-25T07:45:45.0936996-05:00 [PHASE5B] 
2026-08-25T07:45:45.0946981-05:00 [PHASE5B] -------------------------------------------------------------------------------
2026-08-25T07:45:45.0956998-05:00 [PHASE5B]  Durable Phase 5B checkpoint status
2026-08-25T07:45:45.0966980-05:00 [PHASE5B] -------------------------------------------------------------------------------
2026-08-25T07:45:45.0976980-05:00 [PHASE5B] 
2026-08-25T07:45:45.0976980-05:00 [PHASE5B] [1/10] P5B_VALIDATE
2026-08-25T07:45:45.0986980-05:00 [PHASE5B]       [1.1] SOURCE_CONTRACT              COMPLETED          1 / 1          100.0% batches=1
2026-08-25T07:45:45.0998258-05:00 [PHASE5B]       [1.2] PARENT_CLASSIFICATION        COMPLETED          1 / 1          100.0% batches=1
2026-08-25T07:45:45.0998258-05:00 [PHASE5B]       [1.3] CATALOG_REFERENCES           COMPLETED          1 / 1          100.0% batches=1
2026-08-25T07:45:45.1013294-05:00 [PHASE5B]       [1.4] VERSION_KEYS                 PENDING            0 / 1            0.0% batches=0
2026-08-25T07:45:45.1013294-05:00 [PHASE5B] 
2026-08-25T07:45:45.1023344-05:00 [PHASE5B] [2/10] P5B_VARIANTS
2026-08-25T07:45:45.1033345-05:00 [PHASE5B]       [2.1] BASE_PART_COLOR_VARIANTS     PENDING            0 / 1,551,426    0.0% batches=0
2026-08-25T07:45:45.1043328-05:00 [PHASE5B] 
2026-08-25T07:45:45.1053329-05:00 [PHASE5B] [3/10] P5B_DEFINITIONS
2026-08-25T07:45:45.1053329-05:00 [PHASE5B]       [3.1] PARENT_DEFINITIONS           PENDING            0 / 47,216       0.0% batches=0
2026-08-25T07:45:45.1063333-05:00 [PHASE5B] 
2026-08-25T07:45:45.1073332-05:00 [PHASE5B] [4/10] P5B_VERSIONS
2026-08-25T07:45:45.1073332-05:00 [PHASE5B]       [4.1] SOURCE_VERSIONS              PENDING            0 / 47,216       0.0% batches=0
2026-08-25T07:45:45.1088365-05:00 [PHASE5B] 
2026-08-25T07:45:45.1098405-05:00 [PHASE5B] [5/10] P5B_SET_MEMBERS
2026-08-25T07:45:45.1098405-05:00 [PHASE5B]       [5.1] PARTS                        PENDING            0 / 1,551,426    0.0% batches=0
2026-08-25T07:45:45.1108416-05:00 [PHASE5B]       [5.2] SETS                         PENDING            0 / 5,176        0.0% batches=0
2026-08-25T07:45:45.1118401-05:00 [PHASE5B]       [5.3] MINIFIGURES                  PENDING            0 / 25,738       0.0% batches=0
2026-08-25T07:45:45.1128407-05:00 [PHASE5B] 
2026-08-25T07:45:45.1138402-05:00 [PHASE5B] [6/10] P5B_MINIFIG_MEMBERS
2026-08-25T07:45:45.1138402-05:00 [PHASE5B]       [6.1] PARTS                        PENDING            0 / 1,551,426    0.0% batches=0
2026-08-25T07:45:45.1148402-05:00 [PHASE5B] 
2026-08-25T07:45:45.1158416-05:00 [PHASE5B] [7/10] P5B_MINIFIG_ANCHORS
2026-08-25T07:45:45.1168406-05:00 [PHASE5B]       [7.1] COMPOSITIONS                 PENDING            0 / 47,216       0.0% batches=0
2026-08-25T07:45:45.1168406-05:00 [PHASE5B] 
2026-08-25T07:45:45.1178432-05:00 [PHASE5B] [8/10] P5B_FINALIZE_VERSIONS
2026-08-25T07:45:45.1188437-05:00 [PHASE5B]       [8.1] HASH_AND_FINALIZE            PENDING            0 / 47,216       0.0% batches=0
2026-08-25T07:45:45.1198832-05:00 [PHASE5B] 
2026-08-25T07:45:45.1208832-05:00 [PHASE5B] [9/10] P5B_AUTHORITY
2026-08-25T07:45:45.1218836-05:00 [PHASE5B]       [9.1] LATEST_SOURCE                PENDING            0 / 47,216       0.0% batches=0
2026-08-25T07:45:45.1218836-05:00 [PHASE5B] 
2026-08-25T07:45:45.1228837-05:00 [PHASE5B] [10/10] P5B_COMPLETE
2026-08-25T07:45:45.1238850-05:00 [PHASE5B]       [10.1] VERIFY                       PENDING            0 / 1            0.0% batches=0
2026-08-25T07:45:45.1248836-05:00 [PHASE5B]       [10.2] COMPLETE_RUN                 PENDING            0 / 1            0.0% batches=0
2026-08-25T07:45:45.1258836-05:00 [PHASE5B] 
2026-08-25T07:45:45.1268833-05:00 [PHASE5B] [RUN] [1.4] P5B_VALIDATE / VERSION_KEYS 0/1 (  0.0%) batch=1
2026-08-25T07:45:45.2670112-05:00 [PHASE5B] [OK ] [1.4] VERSION_KEYS: 1/1 (100.0%) batches=1 elapsed=0.17s
2026-08-25T07:45:45.2685180-05:00 [PHASE5B] 
2026-08-25T07:45:45.2695227-05:00 [PHASE5B] -------------------------------------------------------------------------------
2026-08-25T07:45:45.2705224-05:00 [PHASE5B]  Durable Phase 5B checkpoint status
2026-08-25T07:45:45.2715225-05:00 [PHASE5B] -------------------------------------------------------------------------------
2026-08-25T07:45:45.2725227-05:00 [PHASE5B] 
2026-08-25T07:45:45.2725227-05:00 [PHASE5B] [1/10] P5B_VALIDATE
2026-08-25T07:45:45.2735225-05:00 [PHASE5B]       [1.1] SOURCE_CONTRACT              COMPLETED          1 / 1          100.0% batches=1
2026-08-25T07:45:45.2745256-05:00 [PHASE5B]       [1.2] PARENT_CLASSIFICATION        COMPLETED          1 / 1          100.0% batches=1
2026-08-25T07:45:45.2755225-05:00 [PHASE5B]       [1.3] CATALOG_REFERENCES           COMPLETED          1 / 1          100.0% batches=1
2026-08-25T07:45:45.2755225-05:00 [PHASE5B]       [1.4] VERSION_KEYS                 COMPLETED          1 / 1          100.0% batches=1
2026-08-25T07:45:45.2765221-05:00 [PHASE5B] 
2026-08-25T07:45:45.2775227-05:00 [PHASE5B] [2/10] P5B_VARIANTS
2026-08-25T07:45:45.2785222-05:00 [PHASE5B]       [2.1] BASE_PART_COLOR_VARIANTS     PENDING            0 / 1,551,426    0.0% batches=0
2026-08-25T07:45:45.2785222-05:00 [PHASE5B] 
2026-08-25T07:45:45.2798983-05:00 [PHASE5B] [3/10] P5B_DEFINITIONS
2026-08-25T07:45:45.2808982-05:00 [PHASE5B]       [3.1] PARENT_DEFINITIONS           PENDING            0 / 47,216       0.0% batches=0
2026-08-25T07:45:45.2808982-05:00 [PHASE5B] 
2026-08-25T07:45:45.2818986-05:00 [PHASE5B] [4/10] P5B_VERSIONS
2026-08-25T07:45:45.2828998-05:00 [PHASE5B]       [4.1] SOURCE_VERSIONS              PENDING            0 / 47,216       0.0% batches=0
2026-08-25T07:45:45.2838987-05:00 [PHASE5B] 
2026-08-25T07:45:45.2848980-05:00 [PHASE5B] [5/10] P5B_SET_MEMBERS
2026-08-25T07:45:45.2848980-05:00 [PHASE5B]       [5.1] PARTS                        PENDING            0 / 1,551,426    0.0% batches=0
2026-08-25T07:45:45.2858981-05:00 [PHASE5B]       [5.2] SETS                         PENDING            0 / 5,176        0.0% batches=0
2026-08-25T07:45:45.2868986-05:00 [PHASE5B]       [5.3] MINIFIGURES                  PENDING            0 / 25,738       0.0% batches=0
2026-08-25T07:45:45.2878993-05:00 [PHASE5B] 
2026-08-25T07:45:45.2888991-05:00 [PHASE5B] [6/10] P5B_MINIFIG_MEMBERS
2026-08-25T07:45:45.2894018-05:00 [PHASE5B]       [6.1] PARTS                        PENDING            0 / 1,551,426    0.0% batches=0
2026-08-25T07:45:45.2904054-05:00 [PHASE5B] 
2026-08-25T07:45:45.2914079-05:00 [PHASE5B] [7/10] P5B_MINIFIG_ANCHORS
2026-08-25T07:45:45.2914079-05:00 [PHASE5B]       [7.1] COMPOSITIONS                 PENDING            0 / 47,216       0.0% batches=0
2026-08-25T07:45:45.2924083-05:00 [PHASE5B] 
2026-08-25T07:45:45.2934081-05:00 [PHASE5B] [8/10] P5B_FINALIZE_VERSIONS
2026-08-25T07:45:45.2934081-05:00 [PHASE5B]       [8.1] HASH_AND_FINALIZE            PENDING            0 / 47,216       0.0% batches=0
2026-08-25T07:45:45.2944082-05:00 [PHASE5B] 
2026-08-25T07:45:45.2954086-05:00 [PHASE5B] [9/10] P5B_AUTHORITY
2026-08-25T07:45:45.2964081-05:00 [PHASE5B]       [9.1] LATEST_SOURCE                PENDING            0 / 47,216       0.0% batches=0
2026-08-25T07:45:45.2974081-05:00 [PHASE5B] 
2026-08-25T07:45:45.2974081-05:00 [PHASE5B] [10/10] P5B_COMPLETE
2026-08-25T07:45:45.2989109-05:00 [PHASE5B]       [10.1] VERIFY                       PENDING            0 / 1            0.0% batches=0
2026-08-25T07:45:45.2999160-05:00 [PHASE5B]       [10.2] COMPLETE_RUN                 PENDING            0 / 1            0.0% batches=0
2026-08-25T07:45:45.2999160-05:00 [PHASE5B] 
2026-08-25T07:45:45.3014187-05:00 [PHASE5B] [RUN] [2.1] P5B_VARIANTS / BASE_PART_COLOR_VARIANTS 0/1,551,426 (  0.0%) batch=1
2026-08-25T07:45:53.5518553-05:00 [PHASE5B] [OK ] [2.1] BASE_PART_COLOR_VARIANTS: 5,000/1,551,426 (0.3%) batches=1 elapsed=8.28s
2026-08-25T07:45:53.5528552-05:00 [PHASE5B] [RUN] [2.1] P5B_VARIANTS / BASE_PART_COLOR_VARIANTS 5,000/1,551,426 (  0.3%) batch=2
2026-08-25T07:46:01.6746537-05:00 [PHASE5B] [OK ] [2.1] BASE_PART_COLOR_VARIANTS: 10,000/1,551,426 (0.6%) batches=2 elapsed=8.12s
2026-08-25T07:46:01.6756522-05:00 [PHASE5B] [RUN] [2.1] P5B_VARIANTS / BASE_PART_COLOR_VARIANTS 10,000/1,551,426 (  0.6%) batch=3
2026-08-25T07:46:09.8284030-05:00 [PHASE5B] [OK ] [2.1] BASE_PART_COLOR_VARIANTS: 15,000/1,551,426 (1.0%) batches=3 elapsed=8.15s
2026-08-25T07:46:09.8304090-05:00 [PHASE5B] [RUN] [2.1] P5B_VARIANTS / BASE_PART_COLOR_VARIANTS 15,000/1,551,426 (  1.0%) batch=4
2026-08-25T07:46:17.9698728-05:00 [PHASE5B] [OK ] [2.1] BASE_PART_COLOR_VARIANTS: 20,000/1,551,426 (1.3%) batches=4 elapsed=8.14s
2026-08-25T07:46:17.9718762-05:00 [PHASE5B] [RUN] [2.1] P5B_VARIANTS / BASE_PART_COLOR_VARIANTS 20,000/1,551,426 (  1.3%) batch=5
2026-08-25T07:46:26.0494566-05:00 [PHASE5B] [OK ] [2.1] BASE_PART_COLOR_VARIANTS: 25,000/1,551,426 (1.6%) batches=5 elapsed=8.08s
2026-08-25T07:46:26.0504548-05:00 [PHASE5B] [RUN] [2.1] P5B_VARIANTS / BASE_PART_COLOR_VARIANTS 25,000/1,551,426 (  1.6%) batch=6
2026-08-25T07:46:34.1365700-05:00 [PHASE5B] [OK ] [2.1] BASE_PART_COLOR_VARIANTS: 30,000/1,551,426 (1.9%) batches=6 elapsed=8.09s
2026-08-25T07:46:34.1375693-05:00 [PHASE5B] [RUN] [2.1] P5B_VARIANTS / BASE_PART_COLOR_VARIANTS 30,000/1,551,426 (  1.9%) batch=7
2026-08-25T07:46:42.1106979-05:00 [PHASE5B] [OK ] [2.1] BASE_PART_COLOR_VARIANTS: 35,000/1,551,426 (2.3%) batches=7 elapsed=7.97s
2026-08-25T07:46:42.1116996-05:00 [PHASE5B] [RUN] [2.1] P5B_VARIANTS / BASE_PART_COLOR_VARIANTS 35,000/1,551,426 (  2.3%) batch=8
2026-08-25T07:46:50.1394581-05:00 [PHASE5B] [OK ] [2.1] BASE_PART_COLOR_VARIANTS: 40,000/1,551,426 (2.6%) batches=8 elapsed=8.03s
2026-08-25T07:46:50.1404602-05:00 [PHASE5B] [RUN] [2.1] P5B_VARIANTS / BASE_PART_COLOR_VARIANTS 40,000/1,551,426 (  2.6%) batch=9
2026-08-25T07:46:58.1247136-05:00 [PHASE5B] [OK ] [2.1] BASE_PART_COLOR_VARIANTS: 45,000/1,551,426 (2.9%) batches=9 elapsed=7.98s
2026-08-25T07:46:58.1257149-05:00 [PHASE5B] [RUN] [2.1] P5B_VARIANTS / BASE_PART_COLOR_VARIANTS 45,000/1,551,426 (  2.9%) batch=10
2026-08-25T07:47:06.1544691-05:00 [PHASE5B] [OK ] [2.1] BASE_PART_COLOR_VARIANTS: 50,000/1,551,426 (3.2%) batches=10 elapsed=8.03s
2026-08-25T07:47:06.1554687-05:00 [PHASE5B] [RUN] [2.1] P5B_VARIANTS / BASE_PART_COLOR_VARIANTS 50,000/1,551,426 (  3.2%) batch=11
2026-08-25T07:47:14.1881055-05:00 [PHASE5B] [OK ] [2.1] BASE_PART_COLOR_VARIANTS: 55,000/1,551,426 (3.5%) batches=11 elapsed=8.03s
2026-08-25T07:47:14.1892262-05:00 [PHASE5B] [RUN] [2.1] P5B_VARIANTS / BASE_PART_COLOR_VARIANTS 55,000/1,551,426 (  3.5%) batch=12
2026-08-25T07:47:22.0862334-05:00 [PHASE5B] [OK ] [2.1] BASE_PART_COLOR_VARIANTS: 60,000/1,551,426 (3.9%) batches=12 elapsed=7.90s
2026-08-25T07:47:22.0872357-05:00 [PHASE5B] [RUN] [2.1] P5B_VARIANTS / BASE_PART_COLOR_VARIANTS 60,000/1,551,426 (  3.9%) batch=13
2026-08-25T07:47:30.0118722-05:00 [PHASE5B] [OK ] [2.1] BASE_PART_COLOR_VARIANTS: 65,000/1,551,426 (4.2%) batches=13 elapsed=7.93s
2026-08-25T07:47:30.0128727-05:00 [PHASE5B] [RUN] [2.1] P5B_VARIANTS / BASE_PART_COLOR_VARIANTS 65,000/1,551,426 (  4.2%) batch=14
2026-08-25T07:47:37.8288538-05:00 [PHASE5B] [OK ] [2.1] BASE_PART_COLOR_VARIANTS: 70,000/1,551,426 (4.5%) batches=14 elapsed=7.82s
2026-08-25T07:47:37.8308543-05:00 [PHASE5B] [RUN] [2.1] P5B_VARIANTS / BASE_PART_COLOR_VARIANTS 70,000/1,551,426 (  4.5%) batch=15
2026-08-25T07:47:45.6765132-05:00 [PHASE5B] [OK ] [2.1] BASE_PART_COLOR_VARIANTS: 75,000/1,551,426 (4.8%) batches=15 elapsed=7.85s
2026-08-25T07:47:45.6780187-05:00 [PHASE5B] [RUN] [2.1] P5B_VARIANTS / BASE_PART_COLOR_VARIANTS 75,000/1,551,426 (  4.8%) batch=16
2026-08-25T07:47:53.5823219-05:00 [PHASE5B] [OK ] [2.1] BASE_PART_COLOR_VARIANTS: 80,000/1,551,426 (5.2%) batches=16 elapsed=7.91s
2026-08-25T07:47:53.5833219-05:00 [PHASE5B] [RUN] [2.1] P5B_VARIANTS / BASE_PART_COLOR_VARIANTS 80,000/1,551,426 (  5.2%) batch=17
2026-08-25T07:48:01.3630738-05:00 [PHASE5B] [OK ] [2.1] BASE_PART_COLOR_VARIANTS: 85,000/1,551,426 (5.5%) batches=17 elapsed=7.78s
2026-08-25T07:48:01.3650735-05:00 [PHASE5B] [RUN] [2.1] P5B_VARIANTS / BASE_PART_COLOR_VARIANTS 85,000/1,551,426 (  5.5%) batch=18
2026-08-25T07:48:09.2148804-05:00 [PHASE5B] [OK ] [2.1] BASE_PART_COLOR_VARIANTS: 90,000/1,551,426 (5.8%) batches=18 elapsed=7.85s
2026-08-25T07:48:09.2168826-05:00 [PHASE5B] [RUN] [2.1] P5B_VARIANTS / BASE_PART_COLOR_VARIANTS 90,000/1,551,426 (  5.8%) batch=19
2026-08-25T07:48:17.0057642-05:00 [PHASE5B] [OK ] [2.1] BASE_PART_COLOR_VARIANTS: 95,000/1,551,426 (6.1%) batches=19 elapsed=7.79s
2026-08-25T07:48:17.0067631-05:00 [PHASE5B] [RUN] [2.1] P5B_VARIANTS / BASE_PART_COLOR_VARIANTS 95,000/1,551,426 (  6.1%) batch=20
2026-08-25T07:48:24.7262691-05:00 [PHASE5B] [OK ] [2.1] BASE_PART_COLOR_VARIANTS: 100,000/1,551,426 (6.4%) batches=20 elapsed=7.72s
2026-08-25T07:48:24.7277726-05:00 [PHASE5B] [RUN] [2.1] P5B_VARIANTS / BASE_PART_COLOR_VARIANTS 100,000/1,551,426 (  6.4%) batch=21
2026-08-25T07:48:32.4763550-05:00 [PHASE5B] [OK ] [2.1] BASE_PART_COLOR_VARIANTS: 105,000/1,551,426 (6.8%) batches=21 elapsed=7.75s
2026-08-25T07:48:32.4778589-05:00 [PHASE5B] [RUN] [2.1] P5B_VARIANTS / BASE_PART_COLOR_VARIANTS 105,000/1,551,426 (  6.8%) batch=22
2026-08-25T07:48:40.1885406-05:00 [PHASE5B] [OK ] [2.1] BASE_PART_COLOR_VARIANTS: 110,000/1,551,426 (7.1%) batches=22 elapsed=7.71s
2026-08-25T07:48:40.1905391-05:00 [PHASE5B] [RUN] [2.1] P5B_VARIANTS / BASE_PART_COLOR_VARIANTS 110,000/1,551,426 (  7.1%) batch=23
2026-08-25T07:48:48.0378775-05:00 [PHASE5B] [OK ] [2.1] BASE_PART_COLOR_VARIANTS: 115,000/1,551,426 (7.4%) batches=23 elapsed=7.85s
2026-08-25T07:48:48.0388815-05:00 [PHASE5B] [RUN] [2.1] P5B_VARIANTS / BASE_PART_COLOR_VARIANTS 115,000/1,551,426 (  7.4%) batch=24
2026-08-25T07:48:55.7493385-05:00 [PHASE5B] [OK ] [2.1] BASE_PART_COLOR_VARIANTS: 120,000/1,551,426 (7.7%) batches=24 elapsed=7.71s
2026-08-25T07:48:55.7503389-05:00 [PHASE5B] [RUN] [2.1] P5B_VARIANTS / BASE_PART_COLOR_VARIANTS 120,000/1,551,426 (  7.7%) batch=25
2026-08-25T07:49:03.4501351-05:00 [PHASE5B] [OK ] [2.1] BASE_PART_COLOR_VARIANTS: 125,000/1,551,426 (8.1%) batches=25 elapsed=7.70s
2026-08-25T07:49:03.4511344-05:00 [PHASE5B] [RUN] [2.1] P5B_VARIANTS / BASE_PART_COLOR_VARIANTS 125,000/1,551,426 (  8.1%) batch=26
2026-08-25T07:49:11.0787762-05:00 [PHASE5B] [OK ] [2.1] BASE_PART_COLOR_VARIANTS: 130,000/1,551,426 (8.4%) batches=26 elapsed=7.63s
2026-08-25T07:49:11.0797763-05:00 [PHASE5B] [RUN] [2.1] P5B_VARIANTS / BASE_PART_COLOR_VARIANTS 130,000/1,551,426 (  8.4%) batch=27
2026-08-25T07:49:18.6899007-05:00 [PHASE5B] [OK ] [2.1] BASE_PART_COLOR_VARIANTS: 135,000/1,551,426 (8.7%) batches=27 elapsed=7.61s
2026-08-25T07:49:18.6908995-05:00 [PHASE5B] [RUN] [2.1] P5B_VARIANTS / BASE_PART_COLOR_VARIANTS 135,000/1,551,426 (  8.7%) batch=28
2026-08-25T07:49:26.2811497-05:00 [PHASE5B] [OK ] [2.1] BASE_PART_COLOR_VARIANTS: 140,000/1,551,426 (9.0%) batches=28 elapsed=7.59s
2026-08-25T07:49:26.2821424-05:00 [PHASE5B] [RUN] [2.1] P5B_VARIANTS / BASE_PART_COLOR_VARIANTS 140,000/1,551,426 (  9.0%) batch=29
2026-08-25T07:49:33.8760949-05:00 [PHASE5B] [OK ] [2.1] BASE_PART_COLOR_VARIANTS: 145,000/1,551,426 (9.3%) batches=29 elapsed=7.59s
2026-08-25T07:49:33.8775993-05:00 [PHASE5B] [RUN] [2.1] P5B_VARIANTS / BASE_PART_COLOR_VARIANTS 145,000/1,551,426 (  9.3%) batch=30
2026-08-25T07:49:41.3794907-05:00 [PHASE5B] [OK ] [2.1] BASE_PART_COLOR_VARIANTS: 150,000/1,551,426 (9.7%) batches=30 elapsed=7.50s
2026-08-25T07:49:41.3804918-05:00 [PHASE5B] [RUN] [2.1] P5B_VARIANTS / BASE_PART_COLOR_VARIANTS 150,000/1,551,426 (  9.7%) batch=31
2026-08-25T07:49:48.9631400-05:00 [PHASE5B] [OK ] [2.1] BASE_PART_COLOR_VARIANTS: 155,000/1,551,426 (10.0%) batches=31 elapsed=7.58s
2026-08-25T07:49:48.9641410-05:00 [PHASE5B] [RUN] [2.1] P5B_VARIANTS / BASE_PART_COLOR_VARIANTS 155,000/1,551,426 ( 10.0%) batch=32
2026-08-25T07:49:56.6255281-05:00 [PHASE5B] [OK ] [2.1] BASE_PART_COLOR_VARIANTS: 160,000/1,551,426 (10.3%) batches=32 elapsed=7.66s
2026-08-25T07:49:56.6270348-05:00 [PHASE5B] [RUN] [2.1] P5B_VARIANTS / BASE_PART_COLOR_VARIANTS 160,000/1,551,426 ( 10.3%) batch=33
2026-08-25T07:50:04.0937348-05:00 [PHASE5B] [OK ] [2.1] BASE_PART_COLOR_VARIANTS: 165,000/1,551,426 (10.6%) batches=33 elapsed=7.47s
2026-08-25T07:50:04.0947369-05:00 [PHASE5B] [RUN] [2.1] P5B_VARIANTS / BASE_PART_COLOR_VARIANTS 165,000/1,551,426 ( 10.6%) batch=34
2026-08-25T07:50:11.5384387-05:00 [PHASE5B] [OK ] [2.1] BASE_PART_COLOR_VARIANTS: 170,000/1,551,426 (11.0%) batches=34 elapsed=7.45s
2026-08-25T07:50:11.5404375-05:00 [PHASE5B] [RUN] [2.1] P5B_VARIANTS / BASE_PART_COLOR_VARIANTS 170,000/1,551,426 ( 11.0%) batch=35
2026-08-25T07:50:18.9083710-05:00 [PHASE5B] [OK ] [2.1] BASE_PART_COLOR_VARIANTS: 175,000/1,551,426 (11.3%) batches=35 elapsed=7.37s
2026-08-25T07:50:18.9093711-05:00 [PHASE5B] [RUN] [2.1] P5B_VARIANTS / BASE_PART_COLOR_VARIANTS 175,000/1,551,426 ( 11.3%) batch=36
2026-08-25T07:50:26.2577958-05:00 [PHASE5B] [OK ] [2.1] BASE_PART_COLOR_VARIANTS: 180,000/1,551,426 (11.6%) batches=36 elapsed=7.35s
2026-08-25T07:50:26.2597969-05:00 [PHASE5B] [RUN] [2.1] P5B_VARIANTS / BASE_PART_COLOR_VARIANTS 180,000/1,551,426 ( 11.6%) batch=37
2026-08-25T07:50:33.5968549-05:00 [PHASE5B] [OK ] [2.1] BASE_PART_COLOR_VARIANTS: 185,000/1,551,426 (11.9%) batches=37 elapsed=7.34s
2026-08-25T07:50:33.5988691-05:00 [PHASE5B] [RUN] [2.1] P5B_VARIANTS / BASE_PART_COLOR_VARIANTS 185,000/1,551,426 ( 11.9%) batch=38
2026-08-25T07:50:40.8398803-05:00 [PHASE5B] [OK ] [2.1] BASE_PART_COLOR_VARIANTS: 190,000/1,551,426 (12.2%) batches=38 elapsed=7.24s
2026-08-25T07:50:40.8418808-05:00 [PHASE5B] [RUN] [2.1] P5B_VARIANTS / BASE_PART_COLOR_VARIANTS 190,000/1,551,426 ( 12.2%) batch=39
2026-08-25T07:50:48.1416325-05:00 [PHASE5B] [OK ] [2.1] BASE_PART_COLOR_VARIANTS: 195,000/1,551,426 (12.6%) batches=39 elapsed=7.30s
2026-08-25T07:50:48.1426331-05:00 [PHASE5B] [RUN] [2.1] P5B_VARIANTS / BASE_PART_COLOR_VARIANTS 195,000/1,551,426 ( 12.6%) batch=40
2026-08-25T07:50:55.4540926-05:00 [PHASE5B] [OK ] [2.1] BASE_PART_COLOR_VARIANTS: 200,000/1,551,426 (12.9%) batches=40 elapsed=7.31s
2026-08-25T07:50:55.4550944-05:00 [PHASE5B] [RUN] [2.1] P5B_VARIANTS / BASE_PART_COLOR_VARIANTS 200,000/1,551,426 ( 12.9%) batch=41
2026-08-25T07:51:02.6156310-05:00 [PHASE5B] [OK ] [2.1] BASE_PART_COLOR_VARIANTS: 205,000/1,551,426 (13.2%) batches=41 elapsed=7.16s
2026-08-25T07:51:02.6166311-05:00 [PHASE5B] [RUN] [2.1] P5B_VARIANTS / BASE_PART_COLOR_VARIANTS 205,000/1,551,426 ( 13.2%) batch=42
2026-08-25T07:51:09.8867835-05:00 [PHASE5B] [OK ] [2.1] BASE_PART_COLOR_VARIANTS: 210,000/1,551,426 (13.5%) batches=42 elapsed=7.27s
2026-08-25T07:51:09.8872869-05:00 [PHASE5B] [RUN] [2.1] P5B_VARIANTS / BASE_PART_COLOR_VARIANTS 210,000/1,551,426 ( 13.5%) batch=43
2026-08-25T07:51:17.1234114-05:00 [PHASE5B] [OK ] [2.1] BASE_PART_COLOR_VARIANTS: 215,000/1,551,426 (13.9%) batches=43 elapsed=7.24s
2026-08-25T07:51:17.1244131-05:00 [PHASE5B] [RUN] [2.1] P5B_VARIANTS / BASE_PART_COLOR_VARIANTS 215,000/1,551,426 ( 13.9%) batch=44
2026-08-25T07:51:24.2863885-05:00 [PHASE5B] [OK ] [2.1] BASE_PART_COLOR_VARIANTS: 220,000/1,551,426 (14.2%) batches=44 elapsed=7.16s
2026-08-25T07:51:24.2873949-05:00 [PHASE5B] [RUN] [2.1] P5B_VARIANTS / BASE_PART_COLOR_VARIANTS 220,000/1,551,426 ( 14.2%) batch=45
2026-08-25T07:51:31.4634242-05:00 [PHASE5B] [OK ] [2.1] BASE_PART_COLOR_VARIANTS: 225,000/1,551,426 (14.5%) batches=45 elapsed=7.18s
2026-08-25T07:51:31.4644261-05:00 [PHASE5B] [RUN] [2.1] P5B_VARIANTS / BASE_PART_COLOR_VARIANTS 225,000/1,551,426 ( 14.5%) batch=46
2026-08-25T07:51:38.6187268-05:00 [PHASE5B] [OK ] [2.1] BASE_PART_COLOR_VARIANTS: 230,000/1,551,426 (14.8%) batches=46 elapsed=7.16s
2026-08-25T07:51:38.6197279-05:00 [PHASE5B] [RUN] [2.1] P5B_VARIANTS / BASE_PART_COLOR_VARIANTS 230,000/1,551,426 ( 14.8%) batch=47
2026-08-25T07:51:45.7496238-05:00 [PHASE5B] [OK ] [2.1] BASE_PART_COLOR_VARIANTS: 235,000/1,551,426 (15.1%) batches=47 elapsed=7.13s
2026-08-25T07:51:45.7516220-05:00 [PHASE5B] [RUN] [2.1] P5B_VARIANTS / BASE_PART_COLOR_VARIANTS 235,000/1,551,426 ( 15.1%) batch=48
2026-08-25T07:51:52.9984021-05:00 [PHASE5B] [OK ] [2.1] BASE_PART_COLOR_VARIANTS: 240,000/1,551,426 (15.5%) batches=48 elapsed=7.25s
2026-08-25T07:51:53.0004040-05:00 [PHASE5B] [RUN] [2.1] P5B_VARIANTS / BASE_PART_COLOR_VARIANTS 240,000/1,551,426 ( 15.5%) batch=49
2026-08-25T07:52:00.1139512-05:00 [PHASE5B] [OK ] [2.1] BASE_PART_COLOR_VARIANTS: 245,000/1,551,426 (15.8%) batches=49 elapsed=7.11s
2026-08-25T07:52:00.1149517-05:00 [PHASE5B] [RUN] [2.1] P5B_VARIANTS / BASE_PART_COLOR_VARIANTS 245,000/1,551,426 ( 15.8%) batch=50
2026-08-25T07:52:07.1845079-05:00 [PHASE5B] [OK ] [2.1] BASE_PART_COLOR_VARIANTS: 250,000/1,551,426 (16.1%) batches=50 elapsed=7.07s
2026-08-25T07:52:07.1855086-05:00 [PHASE5B] [RUN] [2.1] P5B_VARIANTS / BASE_PART_COLOR_VARIANTS 250,000/1,551,426 ( 16.1%) batch=51
2026-08-25T07:52:14.1620182-05:00 [PHASE5B] [OK ] [2.1] BASE_PART_COLOR_VARIANTS: 255,000/1,551,426 (16.4%) batches=51 elapsed=6.98s
2026-08-25T07:52:14.1630180-05:00 [PHASE5B] [RUN] [2.1] P5B_VARIANTS / BASE_PART_COLOR_VARIANTS 255,000/1,551,426 ( 16.4%) batch=52
2026-08-25T07:52:21.2631066-05:00 [PHASE5B] [OK ] [2.1] BASE_PART_COLOR_VARIANTS: 260,000/1,551,426 (16.8%) batches=52 elapsed=7.10s
2026-08-25T07:52:21.2641079-05:00 [PHASE5B] [RUN] [2.1] P5B_VARIANTS / BASE_PART_COLOR_VARIANTS 260,000/1,551,426 ( 16.8%) batch=53
2026-08-25T07:52:28.2324677-05:00 [PHASE5B] [OK ] [2.1] BASE_PART_COLOR_VARIANTS: 265,000/1,551,426 (17.1%) batches=53 elapsed=6.97s
2026-08-25T07:52:28.2334645-05:00 [PHASE5B] [RUN] [2.1] P5B_VARIANTS / BASE_PART_COLOR_VARIANTS 265,000/1,551,426 ( 17.1%) batch=54
2026-08-25T07:52:35.2551400-05:00 [PHASE5B] [OK ] [2.1] BASE_PART_COLOR_VARIANTS: 270,000/1,551,426 (17.4%) batches=54 elapsed=7.02s
2026-08-25T07:52:35.2566482-05:00 [PHASE5B] [RUN] [2.1] P5B_VARIANTS / BASE_PART_COLOR_VARIANTS 270,000/1,551,426 ( 17.4%) batch=55
2026-08-25T07:52:42.1948371-05:00 [PHASE5B] [OK ] [2.1] BASE_PART_COLOR_VARIANTS: 275,000/1,551,426 (17.7%) batches=55 elapsed=6.94s
2026-08-25T07:52:42.1973481-05:00 [PHASE5B] [RUN] [2.1] P5B_VARIANTS / BASE_PART_COLOR_VARIANTS 275,000/1,551,426 ( 17.7%) batch=56
2026-08-25T07:52:49.1637242-05:00 [PHASE5B] [OK ] [2.1] BASE_PART_COLOR_VARIANTS: 280,000/1,551,426 (18.0%) batches=56 elapsed=6.97s
2026-08-25T07:52:49.1647248-05:00 [PHASE5B] [RUN] [2.1] P5B_VARIANTS / BASE_PART_COLOR_VARIANTS 280,000/1,551,426 ( 18.0%) batch=57
2026-08-25T07:52:56.0532341-05:00 [PHASE5B] [OK ] [2.1] BASE_PART_COLOR_VARIANTS: 285,000/1,551,426 (18.4%) batches=57 elapsed=6.89s
2026-08-25T07:52:56.0542341-05:00 [PHASE5B] [RUN] [2.1] P5B_VARIANTS / BASE_PART_COLOR_VARIANTS 285,000/1,551,426 ( 18.4%) batch=58
2026-08-25T07:53:03.1239754-05:00 [PHASE5B] [OK ] [2.1] BASE_PART_COLOR_VARIANTS: 290,000/1,551,426 (18.7%) batches=58 elapsed=7.07s
2026-08-25T07:53:03.1249747-05:00 [PHASE5B] [RUN] [2.1] P5B_VARIANTS / BASE_PART_COLOR_VARIANTS 290,000/1,551,426 ( 18.7%) batch=59
2026-08-25T07:53:10.1067303-05:00 [PHASE5B] [OK ] [2.1] BASE_PART_COLOR_VARIANTS: 295,000/1,551,426 (19.0%) batches=59 elapsed=6.98s
2026-08-25T07:53:10.1077310-05:00 [PHASE5B] [RUN] [2.1] P5B_VARIANTS / BASE_PART_COLOR_VARIANTS 295,000/1,551,426 ( 19.0%) batch=60
2026-08-25T07:53:16.9378971-05:00 [PHASE5B] [OK ] [2.1] BASE_PART_COLOR_VARIANTS: 300,000/1,551,426 (19.3%) batches=60 elapsed=6.83s
2026-08-25T07:53:16.9389001-05:00 [PHASE5B] [RUN] [2.1] P5B_VARIANTS / BASE_PART_COLOR_VARIANTS 300,000/1,551,426 ( 19.3%) batch=61
2026-08-25T07:53:23.7294341-05:00 [PHASE5B] [OK ] [2.1] BASE_PART_COLOR_VARIANTS: 305,000/1,551,426 (19.7%) batches=61 elapsed=6.79s
2026-08-25T07:53:23.7304341-05:00 [PHASE5B] [RUN] [2.1] P5B_VARIANTS / BASE_PART_COLOR_VARIANTS 305,000/1,551,426 ( 19.7%) batch=62
2026-08-25T07:53:30.4377129-05:00 [PHASE5B] [OK ] [2.1] BASE_PART_COLOR_VARIANTS: 310,000/1,551,426 (20.0%) batches=62 elapsed=6.71s
2026-08-25T07:53:30.4397114-05:00 [PHASE5B] [RUN] [2.1] P5B_VARIANTS / BASE_PART_COLOR_VARIANTS 310,000/1,551,426 ( 20.0%) batch=63
2026-08-25T07:53:37.2239338-05:00 [PHASE5B] [OK ] [2.1] BASE_PART_COLOR_VARIANTS: 315,000/1,551,426 (20.3%) batches=63 elapsed=6.79s
2026-08-25T07:53:37.2249343-05:00 [PHASE5B] [RUN] [2.1] P5B_VARIANTS / BASE_PART_COLOR_VARIANTS 315,000/1,551,426 ( 20.3%) batch=64
2026-08-25T07:53:43.9468145-05:00 [PHASE5B] [OK ] [2.1] BASE_PART_COLOR_VARIANTS: 320,000/1,551,426 (20.6%) batches=64 elapsed=6.72s
2026-08-25T07:53:43.9478126-05:00 [PHASE5B] [RUN] [2.1] P5B_VARIANTS / BASE_PART_COLOR_VARIANTS 320,000/1,551,426 ( 20.6%) batch=65
2026-08-25T07:53:50.6340056-05:00 [PHASE5B] [OK ] [2.1] BASE_PART_COLOR_VARIANTS: 325,000/1,551,426 (20.9%) batches=65 elapsed=6.69s
2026-08-25T07:53:50.6355093-05:00 [PHASE5B] [RUN] [2.1] P5B_VARIANTS / BASE_PART_COLOR_VARIANTS 325,000/1,551,426 ( 20.9%) batch=66
2026-08-25T07:53:57.2490425-05:00 [PHASE5B] [OK ] [2.1] BASE_PART_COLOR_VARIANTS: 330,000/1,551,426 (21.3%) batches=66 elapsed=6.61s
2026-08-25T07:53:57.2500429-05:00 [PHASE5B] [RUN] [2.1] P5B_VARIANTS / BASE_PART_COLOR_VARIANTS 330,000/1,551,426 ( 21.3%) batch=67
2026-08-25T07:54:03.9415577-05:00 [PHASE5B] [OK ] [2.1] BASE_PART_COLOR_VARIANTS: 335,000/1,551,426 (21.6%) batches=67 elapsed=6.69s
2026-08-25T07:54:03.9425567-05:00 [PHASE5B] [RUN] [2.1] P5B_VARIANTS / BASE_PART_COLOR_VARIANTS 335,000/1,551,426 ( 21.6%) batch=68
2026-08-25T07:54:10.6256185-05:00 [PHASE5B] [OK ] [2.1] BASE_PART_COLOR_VARIANTS: 340,000/1,551,426 (21.9%) batches=68 elapsed=6.68s
2026-08-25T07:54:10.6271277-05:00 [PHASE5B] [RUN] [2.1] P5B_VARIANTS / BASE_PART_COLOR_VARIANTS 340,000/1,551,426 ( 21.9%) batch=69
2026-08-25T07:54:17.1555080-05:00 [PHASE5B] [OK ] [2.1] BASE_PART_COLOR_VARIANTS: 345,000/1,551,426 (22.2%) batches=69 elapsed=6.53s
2026-08-25T07:54:17.1569261-05:00 [PHASE5B] [RUN] [2.1] P5B_VARIANTS / BASE_PART_COLOR_VARIANTS 345,000/1,551,426 ( 22.2%) batch=70
2026-08-25T07:54:23.7152607-05:00 [PHASE5B] [OK ] [2.1] BASE_PART_COLOR_VARIANTS: 350,000/1,551,426 (22.6%) batches=70 elapsed=6.56s
2026-08-25T07:54:23.7173635-05:00 [PHASE5B] [RUN] [2.1] P5B_VARIANTS / BASE_PART_COLOR_VARIANTS 350,000/1,551,426 ( 22.6%) batch=71
2026-08-25T07:54:30.2277601-05:00 [PHASE5B] [OK ] [2.1] BASE_PART_COLOR_VARIANTS: 355,000/1,551,426 (22.9%) batches=71 elapsed=6.51s
2026-08-25T07:54:30.2292642-05:00 [PHASE5B] [RUN] [2.1] P5B_VARIANTS / BASE_PART_COLOR_VARIANTS 355,000/1,551,426 ( 22.9%) batch=72
2026-08-25T07:54:36.7190214-05:00 [PHASE5B] [OK ] [2.1] BASE_PART_COLOR_VARIANTS: 360,000/1,551,426 (23.2%) batches=72 elapsed=6.49s
2026-08-25T07:54:36.7200220-05:00 [PHASE5B] [RUN] [2.1] P5B_VARIANTS / BASE_PART_COLOR_VARIANTS 360,000/1,551,426 ( 23.2%) batch=73
2026-08-25T07:54:43.2859556-05:00 [PHASE5B] [OK ] [2.1] BASE_PART_COLOR_VARIANTS: 365,000/1,551,426 (23.5%) batches=73 elapsed=6.57s
2026-08-25T07:54:43.2879587-05:00 [PHASE5B] [RUN] [2.1] P5B_VARIANTS / BASE_PART_COLOR_VARIANTS 365,000/1,551,426 ( 23.5%) batch=74
2026-08-25T07:54:49.7833327-05:00 [PHASE5B] [OK ] [2.1] BASE_PART_COLOR_VARIANTS: 370,000/1,551,426 (23.8%) batches=74 elapsed=6.50s
2026-08-25T07:54:49.7843321-05:00 [PHASE5B] [RUN] [2.1] P5B_VARIANTS / BASE_PART_COLOR_VARIANTS 370,000/1,551,426 ( 23.8%) batch=75
2026-08-25T07:54:56.2018827-05:00 [PHASE5B] [OK ] [2.1] BASE_PART_COLOR_VARIANTS: 375,000/1,551,426 (24.2%) batches=75 elapsed=6.42s
2026-08-25T07:54:56.2028820-05:00 [PHASE5B] [RUN] [2.1] P5B_VARIANTS / BASE_PART_COLOR_VARIANTS 375,000/1,551,426 ( 24.2%) batch=76
2026-08-25T07:55:02.6661301-05:00 [PHASE5B] [OK ] [2.1] BASE_PART_COLOR_VARIANTS: 380,000/1,551,426 (24.5%) batches=76 elapsed=6.46s
2026-08-25T07:55:02.6671316-05:00 [PHASE5B] [RUN] [2.1] P5B_VARIANTS / BASE_PART_COLOR_VARIANTS 380,000/1,551,426 ( 24.5%) batch=77
2026-08-25T07:55:09.1383267-05:00 [PHASE5B] [OK ] [2.1] BASE_PART_COLOR_VARIANTS: 385,000/1,551,426 (24.8%) batches=77 elapsed=6.47s
2026-08-25T07:55:09.1393282-05:00 [PHASE5B] [RUN] [2.1] P5B_VARIANTS / BASE_PART_COLOR_VARIANTS 385,000/1,551,426 ( 24.8%) batch=78
2026-08-25T07:55:15.6294539-05:00 [PHASE5B] [OK ] [2.1] BASE_PART_COLOR_VARIANTS: 390,000/1,551,426 (25.1%) batches=78 elapsed=6.49s
2026-08-25T07:55:15.6304538-05:00 [PHASE5B] [RUN] [2.1] P5B_VARIANTS / BASE_PART_COLOR_VARIANTS 390,000/1,551,426 ( 25.1%) batch=79
2026-08-25T07:55:21.9966136-05:00 [PHASE5B] [OK ] [2.1] BASE_PART_COLOR_VARIANTS: 395,000/1,551,426 (25.5%) batches=79 elapsed=6.37s
2026-08-25T07:55:21.9986121-05:00 [PHASE5B] [RUN] [2.1] P5B_VARIANTS / BASE_PART_COLOR_VARIANTS 395,000/1,551,426 ( 25.5%) batch=80
2026-08-25T07:55:28.3599091-05:00 [PHASE5B] [OK ] [2.1] BASE_PART_COLOR_VARIANTS: 400,000/1,551,426 (25.8%) batches=80 elapsed=6.36s
2026-08-25T07:55:28.3609100-05:00 [PHASE5B] [RUN] [2.1] P5B_VARIANTS / BASE_PART_COLOR_VARIANTS 400,000/1,551,426 ( 25.8%) batch=81
2026-08-25T07:55:34.7430175-05:00 [PHASE5B] [OK ] [2.1] BASE_PART_COLOR_VARIANTS: 405,000/1,551,426 (26.1%) batches=81 elapsed=6.38s
2026-08-25T07:55:34.7440170-05:00 [PHASE5B] [RUN] [2.1] P5B_VARIANTS / BASE_PART_COLOR_VARIANTS 405,000/1,551,426 ( 26.1%) batch=82
2026-08-25T07:55:41.0591630-05:00 [PHASE5B] [OK ] [2.1] BASE_PART_COLOR_VARIANTS: 410,000/1,551,426 (26.4%) batches=82 elapsed=6.32s
2026-08-25T07:55:41.0601640-05:00 [PHASE5B] [RUN] [2.1] P5B_VARIANTS / BASE_PART_COLOR_VARIANTS 410,000/1,551,426 ( 26.4%) batch=83
2026-08-25T07:55:47.2590444-05:00 [PHASE5B] [OK ] [2.1] BASE_PART_COLOR_VARIANTS: 415,000/1,551,426 (26.7%) batches=83 elapsed=6.20s
2026-08-25T07:55:47.2600448-05:00 [PHASE5B] [RUN] [2.1] P5B_VARIANTS / BASE_PART_COLOR_VARIANTS 415,000/1,551,426 ( 26.7%) batch=84
2026-08-25T07:55:53.5039798-05:00 [PHASE5B] [OK ] [2.1] BASE_PART_COLOR_VARIANTS: 420,000/1,551,426 (27.1%) batches=84 elapsed=6.24s
2026-08-25T07:55:53.5049790-05:00 [PHASE5B] [RUN] [2.1] P5B_VARIANTS / BASE_PART_COLOR_VARIANTS 420,000/1,551,426 ( 27.1%) batch=85
2026-08-25T07:55:59.6225916-05:00 [PHASE5B] [OK ] [2.1] BASE_PART_COLOR_VARIANTS: 425,000/1,551,426 (27.4%) batches=85 elapsed=6.12s
2026-08-25T07:55:59.6235912-05:00 [PHASE5B] [RUN] [2.1] P5B_VARIANTS / BASE_PART_COLOR_VARIANTS 425,000/1,551,426 ( 27.4%) batch=86
2026-08-25T07:56:05.8939949-05:00 [PHASE5B] [OK ] [2.1] BASE_PART_COLOR_VARIANTS: 430,000/1,551,426 (27.7%) batches=86 elapsed=6.27s
2026-08-25T07:56:05.8949967-05:00 [PHASE5B] [RUN] [2.1] P5B_VARIANTS / BASE_PART_COLOR_VARIANTS 430,000/1,551,426 ( 27.7%) batch=87
2026-08-25T07:56:12.0590299-05:00 [PHASE5B] [OK ] [2.1] BASE_PART_COLOR_VARIANTS: 435,000/1,551,426 (28.0%) batches=87 elapsed=6.16s
2026-08-25T07:56:12.0600273-05:00 [PHASE5B] [RUN] [2.1] P5B_VARIANTS / BASE_PART_COLOR_VARIANTS 435,000/1,551,426 ( 28.0%) batch=88
2026-08-25T07:56:18.2086090-05:00 [PHASE5B] [OK ] [2.1] BASE_PART_COLOR_VARIANTS: 440,000/1,551,426 (28.4%) batches=88 elapsed=6.15s
2026-08-25T07:56:18.2096123-05:00 [PHASE5B] [RUN] [2.1] P5B_VARIANTS / BASE_PART_COLOR_VARIANTS 440,000/1,551,426 ( 28.4%) batch=89
2026-08-25T07:56:24.3388582-05:00 [PHASE5B] [OK ] [2.1] BASE_PART_COLOR_VARIANTS: 445,000/1,551,426 (28.7%) batches=89 elapsed=6.13s
2026-08-25T07:56:24.3398582-05:00 [PHASE5B] [RUN] [2.1] P5B_VARIANTS / BASE_PART_COLOR_VARIANTS 445,000/1,551,426 ( 28.7%) batch=90
2026-08-25T07:56:30.4472504-05:00 [PHASE5B] [OK ] [2.1] BASE_PART_COLOR_VARIANTS: 450,000/1,551,426 (29.0%) batches=90 elapsed=6.11s
2026-08-25T07:56:30.4492525-05:00 [PHASE5B] [RUN] [2.1] P5B_VARIANTS / BASE_PART_COLOR_VARIANTS 450,000/1,551,426 ( 29.0%) batch=91
2026-08-25T07:56:36.4605547-05:00 [PHASE5B] [OK ] [2.1] BASE_PART_COLOR_VARIANTS: 455,000/1,551,426 (29.3%) batches=91 elapsed=6.01s
2026-08-25T07:56:36.4615556-05:00 [PHASE5B] [RUN] [2.1] P5B_VARIANTS / BASE_PART_COLOR_VARIANTS 455,000/1,551,426 ( 29.3%) batch=92
2026-08-25T07:56:42.4717510-05:00 [PHASE5B] [OK ] [2.1] BASE_PART_COLOR_VARIANTS: 460,000/1,551,426 (29.7%) batches=92 elapsed=6.01s
2026-08-25T07:56:42.4732544-05:00 [PHASE5B] [RUN] [2.1] P5B_VARIANTS / BASE_PART_COLOR_VARIANTS 460,000/1,551,426 ( 29.7%) batch=93
2026-08-25T07:56:48.4974825-05:00 [PHASE5B] [OK ] [2.1] BASE_PART_COLOR_VARIANTS: 465,000/1,551,426 (30.0%) batches=93 elapsed=6.02s
2026-08-25T07:56:48.4984833-05:00 [PHASE5B] [RUN] [2.1] P5B_VARIANTS / BASE_PART_COLOR_VARIANTS 465,000/1,551,426 ( 30.0%) batch=94
2026-08-25T07:56:54.6463393-05:00 [PHASE5B] [OK ] [2.1] BASE_PART_COLOR_VARIANTS: 470,000/1,551,426 (30.3%) batches=94 elapsed=6.15s
2026-08-25T07:56:54.6483386-05:00 [PHASE5B] [RUN] [2.1] P5B_VARIANTS / BASE_PART_COLOR_VARIANTS 470,000/1,551,426 ( 30.3%) batch=95
2026-08-25T07:57:00.6356056-05:00 [PHASE5B] [OK ] [2.1] BASE_PART_COLOR_VARIANTS: 475,000/1,551,426 (30.6%) batches=95 elapsed=5.99s
2026-08-25T07:57:00.6366061-05:00 [PHASE5B] [RUN] [2.1] P5B_VARIANTS / BASE_PART_COLOR_VARIANTS 475,000/1,551,426 ( 30.6%) batch=96
2026-08-25T07:57:06.7083707-05:00 [PHASE5B] [OK ] [2.1] BASE_PART_COLOR_VARIANTS: 480,000/1,551,426 (30.9%) batches=96 elapsed=6.07s
2026-08-25T07:57:06.7093732-05:00 [PHASE5B] [RUN] [2.1] P5B_VARIANTS / BASE_PART_COLOR_VARIANTS 480,000/1,551,426 ( 30.9%) batch=97
2026-08-25T07:57:12.6172449-05:00 [PHASE5B] [OK ] [2.1] BASE_PART_COLOR_VARIANTS: 485,000/1,551,426 (31.3%) batches=97 elapsed=5.91s
2026-08-25T07:57:12.6192460-05:00 [PHASE5B] [RUN] [2.1] P5B_VARIANTS / BASE_PART_COLOR_VARIANTS 485,000/1,551,426 ( 31.3%) batch=98
2026-08-25T07:57:18.4862380-05:00 [PHASE5B] [OK ] [2.1] BASE_PART_COLOR_VARIANTS: 490,000/1,551,426 (31.6%) batches=98 elapsed=5.87s
2026-08-25T07:57:18.4872413-05:00 [PHASE5B] [RUN] [2.1] P5B_VARIANTS / BASE_PART_COLOR_VARIANTS 490,000/1,551,426 ( 31.6%) batch=99
2026-08-25T07:57:24.3602779-05:00 [PHASE5B] [OK ] [2.1] BASE_PART_COLOR_VARIANTS: 495,000/1,551,426 (31.9%) batches=99 elapsed=5.87s
2026-08-25T07:57:24.3612774-05:00 [PHASE5B] [RUN] [2.1] P5B_VARIANTS / BASE_PART_COLOR_VARIANTS 495,000/1,551,426 ( 31.9%) batch=100
2026-08-25T07:57:30.2247957-05:00 [PHASE5B] [OK ] [2.1] BASE_PART_COLOR_VARIANTS: 500,000/1,551,426 (32.2%) batches=100 elapsed=5.86s
2026-08-25T07:57:30.2268011-05:00 [PHASE5B] [RUN] [2.1] P5B_VARIANTS / BASE_PART_COLOR_VARIANTS 500,000/1,551,426 ( 32.2%) batch=101
2026-08-25T07:57:36.0320145-05:00 [PHASE5B] [OK ] [2.1] BASE_PART_COLOR_VARIANTS: 505,000/1,551,426 (32.6%) batches=101 elapsed=5.81s
2026-08-25T07:57:36.0330129-05:00 [PHASE5B] [RUN] [2.1] P5B_VARIANTS / BASE_PART_COLOR_VARIANTS 505,000/1,551,426 ( 32.6%) batch=102
2026-08-25T07:57:41.8826772-05:00 [PHASE5B] [OK ] [2.1] BASE_PART_COLOR_VARIANTS: 510,000/1,551,426 (32.9%) batches=102 elapsed=5.85s
2026-08-25T07:57:41.8841823-05:00 [PHASE5B] [RUN] [2.1] P5B_VARIANTS / BASE_PART_COLOR_VARIANTS 510,000/1,551,426 ( 32.9%) batch=103
2026-08-25T07:57:47.6277309-05:00 [PHASE5B] [OK ] [2.1] BASE_PART_COLOR_VARIANTS: 515,000/1,551,426 (33.2%) batches=103 elapsed=5.74s
2026-08-25T07:57:47.6287307-05:00 [PHASE5B] [RUN] [2.1] P5B_VARIANTS / BASE_PART_COLOR_VARIANTS 515,000/1,551,426 ( 33.2%) batch=104
2026-08-25T07:57:53.3854212-05:00 [PHASE5B] [OK ] [2.1] BASE_PART_COLOR_VARIANTS: 520,000/1,551,426 (33.5%) batches=104 elapsed=5.76s
2026-08-25T07:57:53.3864216-05:00 [PHASE5B] [RUN] [2.1] P5B_VARIANTS / BASE_PART_COLOR_VARIANTS 520,000/1,551,426 ( 33.5%) batch=105
2026-08-25T07:57:59.1316116-05:00 [PHASE5B] [OK ] [2.1] BASE_PART_COLOR_VARIANTS: 525,000/1,551,426 (33.8%) batches=105 elapsed=5.75s
2026-08-25T07:57:59.1326132-05:00 [PHASE5B] [RUN] [2.1] P5B_VARIANTS / BASE_PART_COLOR_VARIANTS 525,000/1,551,426 ( 33.8%) batch=106
2026-08-25T07:58:04.9806340-05:00 [PHASE5B] [OK ] [2.1] BASE_PART_COLOR_VARIANTS: 530,000/1,551,426 (34.2%) batches=106 elapsed=5.85s
2026-08-25T07:58:04.9816364-05:00 [PHASE5B] [RUN] [2.1] P5B_VARIANTS / BASE_PART_COLOR_VARIANTS 530,000/1,551,426 ( 34.2%) batch=107
2026-08-25T07:58:10.7739782-05:00 [PHASE5B] [OK ] [2.1] BASE_PART_COLOR_VARIANTS: 535,000/1,551,426 (34.5%) batches=107 elapsed=5.79s
2026-08-25T07:58:10.7749825-05:00 [PHASE5B] [RUN] [2.1] P5B_VARIANTS / BASE_PART_COLOR_VARIANTS 535,000/1,551,426 ( 34.5%) batch=108
2026-08-25T07:58:16.4821078-05:00 [PHASE5B] [OK ] [2.1] BASE_PART_COLOR_VARIANTS: 540,000/1,551,426 (34.8%) batches=108 elapsed=5.71s
2026-08-25T07:58:16.4831064-05:00 [PHASE5B] [RUN] [2.1] P5B_VARIANTS / BASE_PART_COLOR_VARIANTS 540,000/1,551,426 ( 34.8%) batch=109
2026-08-25T07:58:22.1838913-05:00 [PHASE5B] [OK ] [2.1] BASE_PART_COLOR_VARIANTS: 545,000/1,551,426 (35.1%) batches=109 elapsed=5.70s
2026-08-25T07:58:22.1849628-05:00 [PHASE5B] [RUN] [2.1] P5B_VARIANTS / BASE_PART_COLOR_VARIANTS 545,000/1,551,426 ( 35.1%) batch=110
2026-08-25T07:58:27.8150292-05:00 [PHASE5B] [OK ] [2.1] BASE_PART_COLOR_VARIANTS: 550,000/1,551,426 (35.5%) batches=110 elapsed=5.63s
2026-08-25T07:58:27.8160293-05:00 [PHASE5B] [RUN] [2.1] P5B_VARIANTS / BASE_PART_COLOR_VARIANTS 550,000/1,551,426 ( 35.5%) batch=111
2026-08-25T07:58:33.4552752-05:00 [PHASE5B] [OK ] [2.1] BASE_PART_COLOR_VARIANTS: 555,000/1,551,426 (35.8%) batches=111 elapsed=5.64s
2026-08-25T07:58:33.4562754-05:00 [PHASE5B] [RUN] [2.1] P5B_VARIANTS / BASE_PART_COLOR_VARIANTS 555,000/1,551,426 ( 35.8%) batch=112
2026-08-25T07:58:38.9371854-05:00 [PHASE5B] [OK ] [2.1] BASE_PART_COLOR_VARIANTS: 560,000/1,551,426 (36.1%) batches=112 elapsed=5.48s
2026-08-25T07:58:38.9381845-05:00 [PHASE5B] [RUN] [2.1] P5B_VARIANTS / BASE_PART_COLOR_VARIANTS 560,000/1,551,426 ( 36.1%) batch=113
2026-08-25T07:58:44.4759772-05:00 [PHASE5B] [OK ] [2.1] BASE_PART_COLOR_VARIANTS: 565,000/1,551,426 (36.4%) batches=113 elapsed=5.54s
2026-08-25T07:58:44.4779753-05:00 [PHASE5B] [RUN] [2.1] P5B_VARIANTS / BASE_PART_COLOR_VARIANTS 565,000/1,551,426 ( 36.4%) batch=114
2026-08-25T07:58:49.9766141-05:00 [PHASE5B] [OK ] [2.1] BASE_PART_COLOR_VARIANTS: 570,000/1,551,426 (36.7%) batches=114 elapsed=5.50s
2026-08-25T07:58:49.9776150-05:00 [PHASE5B] [RUN] [2.1] P5B_VARIANTS / BASE_PART_COLOR_VARIANTS 570,000/1,551,426 ( 36.7%) batch=115
2026-08-25T07:58:55.4745993-05:00 [PHASE5B] [OK ] [2.1] BASE_PART_COLOR_VARIANTS: 575,000/1,551,426 (37.1%) batches=115 elapsed=5.50s
2026-08-25T07:58:55.4755987-05:00 [PHASE5B] [RUN] [2.1] P5B_VARIANTS / BASE_PART_COLOR_VARIANTS 575,000/1,551,426 ( 37.1%) batch=116
2026-08-25T07:59:00.9569701-05:00 [PHASE5B] [OK ] [2.1] BASE_PART_COLOR_VARIANTS: 580,000/1,551,426 (37.4%) batches=116 elapsed=5.48s
2026-08-25T07:59:00.9579702-05:00 [PHASE5B] [RUN] [2.1] P5B_VARIANTS / BASE_PART_COLOR_VARIANTS 580,000/1,551,426 ( 37.4%) batch=117
2026-08-25T07:59:06.5399480-05:00 [PHASE5B] [OK ] [2.1] BASE_PART_COLOR_VARIANTS: 585,000/1,551,426 (37.7%) batches=117 elapsed=5.58s
2026-08-25T07:59:06.5409483-05:00 [PHASE5B] [RUN] [2.1] P5B_VARIANTS / BASE_PART_COLOR_VARIANTS 585,000/1,551,426 ( 37.7%) batch=118
2026-08-25T07:59:12.0341775-05:00 [PHASE5B] [OK ] [2.1] BASE_PART_COLOR_VARIANTS: 590,000/1,551,426 (38.0%) batches=118 elapsed=5.49s
2026-08-25T07:59:12.0361787-05:00 [PHASE5B] [RUN] [2.1] P5B_VARIANTS / BASE_PART_COLOR_VARIANTS 590,000/1,551,426 ( 38.0%) batch=119
2026-08-25T07:59:17.4488411-05:00 [PHASE5B] [OK ] [2.1] BASE_PART_COLOR_VARIANTS: 595,000/1,551,426 (38.4%) batches=119 elapsed=5.41s
2026-08-25T07:59:17.4508437-05:00 [PHASE5B] [RUN] [2.1] P5B_VARIANTS / BASE_PART_COLOR_VARIANTS 595,000/1,551,426 ( 38.4%) batch=120
2026-08-25T07:59:22.8484679-05:00 [PHASE5B] [OK ] [2.1] BASE_PART_COLOR_VARIANTS: 600,000/1,551,426 (38.7%) batches=120 elapsed=5.40s
2026-08-25T07:59:22.8494663-05:00 [PHASE5B] [RUN] [2.1] P5B_VARIANTS / BASE_PART_COLOR_VARIANTS 600,000/1,551,426 ( 38.7%) batch=121
2026-08-25T07:59:28.1517527-05:00 [PHASE5B] [OK ] [2.1] BASE_PART_COLOR_VARIANTS: 605,000/1,551,426 (39.0%) batches=121 elapsed=5.30s
2026-08-25T07:59:28.1527518-05:00 [PHASE5B] [RUN] [2.1] P5B_VARIANTS / BASE_PART_COLOR_VARIANTS 605,000/1,551,426 ( 39.0%) batch=122
2026-08-25T07:59:33.4920610-05:00 [PHASE5B] [OK ] [2.1] BASE_PART_COLOR_VARIANTS: 610,000/1,551,426 (39.3%) batches=122 elapsed=5.34s
2026-08-25T07:59:33.4935650-05:00 [PHASE5B] [RUN] [2.1] P5B_VARIANTS / BASE_PART_COLOR_VARIANTS 610,000/1,551,426 ( 39.3%) batch=123
2026-08-25T07:59:38.7561615-05:00 [PHASE5B] [OK ] [2.1] BASE_PART_COLOR_VARIANTS: 615,000/1,551,426 (39.6%) batches=123 elapsed=5.26s
2026-08-25T07:59:38.7571632-05:00 [PHASE5B] [RUN] [2.1] P5B_VARIANTS / BASE_PART_COLOR_VARIANTS 615,000/1,551,426 ( 39.6%) batch=124
2026-08-25T07:59:44.0698566-05:00 [PHASE5B] [OK ] [2.1] BASE_PART_COLOR_VARIANTS: 620,000/1,551,426 (40.0%) batches=124 elapsed=5.31s
2026-08-25T07:59:44.0708579-05:00 [PHASE5B] [RUN] [2.1] P5B_VARIANTS / BASE_PART_COLOR_VARIANTS 620,000/1,551,426 ( 40.0%) batch=125
2026-08-25T07:59:49.4285125-05:00 [PHASE5B] [OK ] [2.1] BASE_PART_COLOR_VARIANTS: 625,000/1,551,426 (40.3%) batches=125 elapsed=5.36s
2026-08-25T07:59:49.4295104-05:00 [PHASE5B] [RUN] [2.1] P5B_VARIANTS / BASE_PART_COLOR_VARIANTS 625,000/1,551,426 ( 40.3%) batch=126
2026-08-25T07:59:54.6722560-05:00 [PHASE5B] [OK ] [2.1] BASE_PART_COLOR_VARIANTS: 630,000/1,551,426 (40.6%) batches=126 elapsed=5.24s
2026-08-25T07:59:54.6732560-05:00 [PHASE5B] [RUN] [2.1] P5B_VARIANTS / BASE_PART_COLOR_VARIANTS 630,000/1,551,426 ( 40.6%) batch=127
2026-08-25T07:59:59.8922529-05:00 [PHASE5B] [OK ] [2.1] BASE_PART_COLOR_VARIANTS: 635,000/1,551,426 (40.9%) batches=127 elapsed=5.22s
2026-08-25T07:59:59.8932532-05:00 [PHASE5B] [RUN] [2.1] P5B_VARIANTS / BASE_PART_COLOR_VARIANTS 635,000/1,551,426 ( 40.9%) batch=128
2026-08-25T08:00:05.1079239-05:00 [PHASE5B] [OK ] [2.1] BASE_PART_COLOR_VARIANTS: 640,000/1,551,426 (41.3%) batches=128 elapsed=5.22s
2026-08-25T08:00:05.1099255-05:00 [PHASE5B] [RUN] [2.1] P5B_VARIANTS / BASE_PART_COLOR_VARIANTS 640,000/1,551,426 ( 41.3%) batch=129
2026-08-25T08:00:10.3318827-05:00 [PHASE5B] [OK ] [2.1] BASE_PART_COLOR_VARIANTS: 645,000/1,551,426 (41.6%) batches=129 elapsed=5.22s
2026-08-25T08:00:10.3318827-05:00 [PHASE5B] [RUN] [2.1] P5B_VARIANTS / BASE_PART_COLOR_VARIANTS 645,000/1,551,426 ( 41.6%) batch=130
2026-08-25T08:00:15.4898783-05:00 [PHASE5B] [OK ] [2.1] BASE_PART_COLOR_VARIANTS: 650,000/1,551,426 (41.9%) batches=130 elapsed=5.16s
2026-08-25T08:00:15.4908798-05:00 [PHASE5B] [RUN] [2.1] P5B_VARIANTS / BASE_PART_COLOR_VARIANTS 650,000/1,551,426 ( 41.9%) batch=131
2026-08-25T08:00:20.6643028-05:00 [PHASE5B] [OK ] [2.1] BASE_PART_COLOR_VARIANTS: 655,000/1,551,426 (42.2%) batches=131 elapsed=5.17s
2026-08-25T08:00:20.6653092-05:00 [PHASE5B] [RUN] [2.1] P5B_VARIANTS / BASE_PART_COLOR_VARIANTS 655,000/1,551,426 ( 42.2%) batch=132
2026-08-25T08:00:25.7532380-05:00 [PHASE5B] [OK ] [2.1] BASE_PART_COLOR_VARIANTS: 660,000/1,551,426 (42.5%) batches=132 elapsed=5.09s
2026-08-25T08:00:25.7545467-05:00 [PHASE5B] [RUN] [2.1] P5B_VARIANTS / BASE_PART_COLOR_VARIANTS 660,000/1,551,426 ( 42.5%) batch=133
2026-08-25T08:00:30.8899165-05:00 [PHASE5B] [OK ] [2.1] BASE_PART_COLOR_VARIANTS: 665,000/1,551,426 (42.9%) batches=133 elapsed=5.14s
2026-08-25T08:00:30.8919168-05:00 [PHASE5B] [RUN] [2.1] P5B_VARIANTS / BASE_PART_COLOR_VARIANTS 665,000/1,551,426 ( 42.9%) batch=134
2026-08-25T08:00:36.0361527-05:00 [PHASE5B] [OK ] [2.1] BASE_PART_COLOR_VARIANTS: 670,000/1,551,426 (43.2%) batches=134 elapsed=5.15s
2026-08-25T08:00:36.0371523-05:00 [PHASE5B] [RUN] [2.1] P5B_VARIANTS / BASE_PART_COLOR_VARIANTS 670,000/1,551,426 ( 43.2%) batch=135
2026-08-25T08:00:41.0331948-05:00 [PHASE5B] [OK ] [2.1] BASE_PART_COLOR_VARIANTS: 675,000/1,551,426 (43.5%) batches=135 elapsed=5.00s
2026-08-25T08:00:41.0342003-05:00 [PHASE5B] [RUN] [2.1] P5B_VARIANTS / BASE_PART_COLOR_VARIANTS 675,000/1,551,426 ( 43.5%) batch=136
2026-08-25T08:00:46.0701421-05:00 [PHASE5B] [OK ] [2.1] BASE_PART_COLOR_VARIANTS: 680,000/1,551,426 (43.8%) batches=136 elapsed=5.04s
2026-08-25T08:00:46.0711440-05:00 [PHASE5B] [RUN] [2.1] P5B_VARIANTS / BASE_PART_COLOR_VARIANTS 680,000/1,551,426 ( 43.8%) batch=137
2026-08-25T08:00:51.0497554-05:00 [PHASE5B] [OK ] [2.1] BASE_PART_COLOR_VARIANTS: 685,000/1,551,426 (44.2%) batches=137 elapsed=4.98s
2026-08-25T08:00:51.0507552-05:00 [PHASE5B] [RUN] [2.1] P5B_VARIANTS / BASE_PART_COLOR_VARIANTS 685,000/1,551,426 ( 44.2%) batch=138
2026-08-25T08:00:55.9842601-05:00 [PHASE5B] [OK ] [2.1] BASE_PART_COLOR_VARIANTS: 690,000/1,551,426 (44.5%) batches=138 elapsed=4.93s
2026-08-25T08:00:55.9852606-05:00 [PHASE5B] [RUN] [2.1] P5B_VARIANTS / BASE_PART_COLOR_VARIANTS 690,000/1,551,426 ( 44.5%) batch=139
2026-08-25T08:01:00.9152744-05:00 [PHASE5B] [OK ] [2.1] BASE_PART_COLOR_VARIANTS: 695,000/1,551,426 (44.8%) batches=139 elapsed=4.93s
2026-08-25T08:01:00.9172740-05:00 [PHASE5B] [RUN] [2.1] P5B_VARIANTS / BASE_PART_COLOR_VARIANTS 695,000/1,551,426 ( 44.8%) batch=140
2026-08-25T08:01:05.9014694-05:00 [PHASE5B] [OK ] [2.1] BASE_PART_COLOR_VARIANTS: 700,000/1,551,426 (45.1%) batches=140 elapsed=4.99s
2026-08-25T08:01:05.9029767-05:00 [PHASE5B] [RUN] [2.1] P5B_VARIANTS / BASE_PART_COLOR_VARIANTS 700,000/1,551,426 ( 45.1%) batch=141
2026-08-25T08:01:10.9264010-05:00 [PHASE5B] [OK ] [2.1] BASE_PART_COLOR_VARIANTS: 705,000/1,551,426 (45.4%) batches=141 elapsed=5.02s
2026-08-25T08:01:10.9274005-05:00 [PHASE5B] [RUN] [2.1] P5B_VARIANTS / BASE_PART_COLOR_VARIANTS 705,000/1,551,426 ( 45.4%) batch=142
2026-08-25T08:01:15.8382020-05:00 [PHASE5B] [OK ] [2.1] BASE_PART_COLOR_VARIANTS: 710,000/1,551,426 (45.8%) batches=142 elapsed=4.91s
2026-08-25T08:01:15.8392013-05:00 [PHASE5B] [RUN] [2.1] P5B_VARIANTS / BASE_PART_COLOR_VARIANTS 710,000/1,551,426 ( 45.8%) batch=143
2026-08-25T08:01:20.7105533-05:00 [PHASE5B] [OK ] [2.1] BASE_PART_COLOR_VARIANTS: 715,000/1,551,426 (46.1%) batches=143 elapsed=4.87s
2026-08-25T08:01:20.7115532-05:00 [PHASE5B] [RUN] [2.1] P5B_VARIANTS / BASE_PART_COLOR_VARIANTS 715,000/1,551,426 ( 46.1%) batch=144
2026-08-25T08:01:25.5334970-05:00 [PHASE5B] [OK ] [2.1] BASE_PART_COLOR_VARIANTS: 720,000/1,551,426 (46.4%) batches=144 elapsed=4.82s
2026-08-25T08:01:25.5345005-05:00 [PHASE5B] [RUN] [2.1] P5B_VARIANTS / BASE_PART_COLOR_VARIANTS 720,000/1,551,426 ( 46.4%) batch=145
2026-08-25T08:01:30.3383591-05:00 [PHASE5B] [OK ] [2.1] BASE_PART_COLOR_VARIANTS: 725,000/1,551,426 (46.7%) batches=145 elapsed=4.80s
2026-08-25T08:01:30.3393587-05:00 [PHASE5B] [RUN] [2.1] P5B_VARIANTS / BASE_PART_COLOR_VARIANTS 725,000/1,551,426 ( 46.7%) batch=146
2026-08-25T08:01:35.1073130-05:00 [PHASE5B] [OK ] [2.1] BASE_PART_COLOR_VARIANTS: 730,000/1,551,426 (47.1%) batches=146 elapsed=4.77s
2026-08-25T08:01:35.1083183-05:00 [PHASE5B] [RUN] [2.1] P5B_VARIANTS / BASE_PART_COLOR_VARIANTS 730,000/1,551,426 ( 47.1%) batch=147
2026-08-25T08:01:39.8654919-05:00 [PHASE5B] [OK ] [2.1] BASE_PART_COLOR_VARIANTS: 735,000/1,551,426 (47.4%) batches=147 elapsed=4.76s
2026-08-25T08:01:39.8664936-05:00 [PHASE5B] [RUN] [2.1] P5B_VARIANTS / BASE_PART_COLOR_VARIANTS 735,000/1,551,426 ( 47.4%) batch=148
2026-08-25T08:01:44.4929706-05:00 [PHASE5B] [OK ] [2.1] BASE_PART_COLOR_VARIANTS: 740,000/1,551,426 (47.7%) batches=148 elapsed=4.63s
2026-08-25T08:01:44.4939767-05:00 [PHASE5B] [RUN] [2.1] P5B_VARIANTS / BASE_PART_COLOR_VARIANTS 740,000/1,551,426 ( 47.7%) batch=149
2026-08-25T08:01:49.1342998-05:00 [PHASE5B] [OK ] [2.1] BASE_PART_COLOR_VARIANTS: 745,000/1,551,426 (48.0%) batches=149 elapsed=4.64s
2026-08-25T08:01:49.1353014-05:00 [PHASE5B] [RUN] [2.1] P5B_VARIANTS / BASE_PART_COLOR_VARIANTS 745,000/1,551,426 ( 48.0%) batch=150
2026-08-25T08:01:53.7907828-05:00 [PHASE5B] [OK ] [2.1] BASE_PART_COLOR_VARIANTS: 750,000/1,551,426 (48.3%) batches=150 elapsed=4.66s
2026-08-25T08:01:53.7917836-05:00 [PHASE5B] [RUN] [2.1] P5B_VARIANTS / BASE_PART_COLOR_VARIANTS 750,000/1,551,426 ( 48.3%) batch=151
2026-08-25T08:01:58.4394732-05:00 [PHASE5B] [OK ] [2.1] BASE_PART_COLOR_VARIANTS: 755,000/1,551,426 (48.7%) batches=151 elapsed=4.65s
2026-08-25T08:01:58.4404752-05:00 [PHASE5B] [RUN] [2.1] P5B_VARIANTS / BASE_PART_COLOR_VARIANTS 755,000/1,551,426 ( 48.7%) batch=152
2026-08-25T08:02:03.0894218-05:00 [PHASE5B] [OK ] [2.1] BASE_PART_COLOR_VARIANTS: 760,000/1,551,426 (49.0%) batches=152 elapsed=4.65s
2026-08-25T08:02:03.0904234-05:00 [PHASE5B] [RUN] [2.1] P5B_VARIANTS / BASE_PART_COLOR_VARIANTS 760,000/1,551,426 ( 49.0%) batch=153
2026-08-25T08:02:07.7196197-05:00 [PHASE5B] [OK ] [2.1] BASE_PART_COLOR_VARIANTS: 765,000/1,551,426 (49.3%) batches=153 elapsed=4.63s
2026-08-25T08:02:07.7206221-05:00 [PHASE5B] [RUN] [2.1] P5B_VARIANTS / BASE_PART_COLOR_VARIANTS 765,000/1,551,426 ( 49.3%) batch=154
2026-08-25T08:02:12.4427747-05:00 [PHASE5B] [OK ] [2.1] BASE_PART_COLOR_VARIANTS: 770,000/1,551,426 (49.6%) batches=154 elapsed=4.72s
2026-08-25T08:02:12.4437788-05:00 [PHASE5B] [RUN] [2.1] P5B_VARIANTS / BASE_PART_COLOR_VARIANTS 770,000/1,551,426 ( 49.6%) batch=155
2026-08-25T08:02:17.0188790-05:00 [PHASE5B] [OK ] [2.1] BASE_PART_COLOR_VARIANTS: 775,000/1,551,426 (50.0%) batches=155 elapsed=4.58s
2026-08-25T08:02:17.0198794-05:00 [PHASE5B] [RUN] [2.1] P5B_VARIANTS / BASE_PART_COLOR_VARIANTS 775,000/1,551,426 ( 50.0%) batch=156
2026-08-25T08:02:21.5227396-05:00 [PHASE5B] [OK ] [2.1] BASE_PART_COLOR_VARIANTS: 780,000/1,551,426 (50.3%) batches=156 elapsed=4.50s
2026-08-25T08:02:21.5232434-05:00 [PHASE5B] [RUN] [2.1] P5B_VARIANTS / BASE_PART_COLOR_VARIANTS 780,000/1,551,426 ( 50.3%) batch=157
2026-08-25T08:02:26.0536016-05:00 [PHASE5B] [OK ] [2.1] BASE_PART_COLOR_VARIANTS: 785,000/1,551,426 (50.6%) batches=157 elapsed=4.53s
2026-08-25T08:02:26.0546035-05:00 [PHASE5B] [RUN] [2.1] P5B_VARIANTS / BASE_PART_COLOR_VARIANTS 785,000/1,551,426 ( 50.6%) batch=158
2026-08-25T08:02:30.5525245-05:00 [PHASE5B] [OK ] [2.1] BASE_PART_COLOR_VARIANTS: 790,000/1,551,426 (50.9%) batches=158 elapsed=4.50s
2026-08-25T08:02:30.5535278-05:00 [PHASE5B] [RUN] [2.1] P5B_VARIANTS / BASE_PART_COLOR_VARIANTS 790,000/1,551,426 ( 50.9%) batch=159
2026-08-25T08:02:35.0579450-05:00 [PHASE5B] [OK ] [2.1] BASE_PART_COLOR_VARIANTS: 795,000/1,551,426 (51.2%) batches=159 elapsed=4.50s
2026-08-25T08:02:35.0589443-05:00 [PHASE5B] [RUN] [2.1] P5B_VARIANTS / BASE_PART_COLOR_VARIANTS 795,000/1,551,426 ( 51.2%) batch=160
2026-08-25T08:02:39.4765027-05:00 [PHASE5B] [OK ] [2.1] BASE_PART_COLOR_VARIANTS: 800,000/1,551,426 (51.6%) batches=160 elapsed=4.42s
2026-08-25T08:02:39.4785028-05:00 [PHASE5B] [RUN] [2.1] P5B_VARIANTS / BASE_PART_COLOR_VARIANTS 800,000/1,551,426 ( 51.6%) batch=161
2026-08-25T08:02:43.9072313-05:00 [PHASE5B] [OK ] [2.1] BASE_PART_COLOR_VARIANTS: 805,000/1,551,426 (51.9%) batches=161 elapsed=4.43s
2026-08-25T08:02:43.9082314-05:00 [PHASE5B] [RUN] [2.1] P5B_VARIANTS / BASE_PART_COLOR_VARIANTS 805,000/1,551,426 ( 51.9%) batch=162
2026-08-25T08:02:48.2914716-05:00 [PHASE5B] [OK ] [2.1] BASE_PART_COLOR_VARIANTS: 810,000/1,551,426 (52.2%) batches=162 elapsed=4.38s
2026-08-25T08:02:48.2924733-05:00 [PHASE5B] [RUN] [2.1] P5B_VARIANTS / BASE_PART_COLOR_VARIANTS 810,000/1,551,426 ( 52.2%) batch=163
2026-08-25T08:02:52.6828265-05:00 [PHASE5B] [OK ] [2.1] BASE_PART_COLOR_VARIANTS: 815,000/1,551,426 (52.5%) batches=163 elapsed=4.39s
2026-08-25T08:02:52.6838298-05:00 [PHASE5B] [RUN] [2.1] P5B_VARIANTS / BASE_PART_COLOR_VARIANTS 815,000/1,551,426 ( 52.5%) batch=164
2026-08-25T08:02:56.9944841-05:00 [PHASE5B] [OK ] [2.1] BASE_PART_COLOR_VARIANTS: 820,000/1,551,426 (52.9%) batches=164 elapsed=4.31s
2026-08-25T08:02:56.9954855-05:00 [PHASE5B] [RUN] [2.1] P5B_VARIANTS / BASE_PART_COLOR_VARIANTS 820,000/1,551,426 ( 52.9%) batch=165
2026-08-25T08:03:01.2632515-05:00 [PHASE5B] [OK ] [2.1] BASE_PART_COLOR_VARIANTS: 825,000/1,551,426 (53.2%) batches=165 elapsed=4.27s
2026-08-25T08:03:01.2642506-05:00 [PHASE5B] [RUN] [2.1] P5B_VARIANTS / BASE_PART_COLOR_VARIANTS 825,000/1,551,426 ( 53.2%) batch=166
2026-08-25T08:03:05.5851893-05:00 [PHASE5B] [OK ] [2.1] BASE_PART_COLOR_VARIANTS: 830,000/1,551,426 (53.5%) batches=166 elapsed=4.32s
2026-08-25T08:03:05.5861892-05:00 [PHASE5B] [RUN] [2.1] P5B_VARIANTS / BASE_PART_COLOR_VARIANTS 830,000/1,551,426 ( 53.5%) batch=167
2026-08-25T08:03:09.9322821-05:00 [PHASE5B] [OK ] [2.1] BASE_PART_COLOR_VARIANTS: 835,000/1,551,426 (53.8%) batches=167 elapsed=4.35s
2026-08-25T08:03:09.9332880-05:00 [PHASE5B] [RUN] [2.1] P5B_VARIANTS / BASE_PART_COLOR_VARIANTS 835,000/1,551,426 ( 53.8%) batch=168
2026-08-25T08:03:14.3120909-05:00 [PHASE5B] [OK ] [2.1] BASE_PART_COLOR_VARIANTS: 840,000/1,551,426 (54.1%) batches=168 elapsed=4.38s
2026-08-25T08:03:14.3130961-05:00 [PHASE5B] [RUN] [2.1] P5B_VARIANTS / BASE_PART_COLOR_VARIANTS 840,000/1,551,426 ( 54.1%) batch=169
2026-08-25T08:03:18.5303771-05:00 [PHASE5B] [OK ] [2.1] BASE_PART_COLOR_VARIANTS: 845,000/1,551,426 (54.5%) batches=169 elapsed=4.22s
2026-08-25T08:03:18.5313792-05:00 [PHASE5B] [RUN] [2.1] P5B_VARIANTS / BASE_PART_COLOR_VARIANTS 845,000/1,551,426 ( 54.5%) batch=170
2026-08-25T08:03:22.7384103-05:00 [PHASE5B] [OK ] [2.1] BASE_PART_COLOR_VARIANTS: 850,000/1,551,426 (54.8%) batches=170 elapsed=4.21s
2026-08-25T08:03:22.7404145-05:00 [PHASE5B] [RUN] [2.1] P5B_VARIANTS / BASE_PART_COLOR_VARIANTS 850,000/1,551,426 ( 54.8%) batch=171
2026-08-25T08:03:26.9474934-05:00 [PHASE5B] [OK ] [2.1] BASE_PART_COLOR_VARIANTS: 855,000/1,551,426 (55.1%) batches=171 elapsed=4.21s
2026-08-25T08:03:26.9484919-05:00 [PHASE5B] [RUN] [2.1] P5B_VARIANTS / BASE_PART_COLOR_VARIANTS 855,000/1,551,426 ( 55.1%) batch=172
2026-08-25T08:03:31.1639311-05:00 [PHASE5B] [OK ] [2.1] BASE_PART_COLOR_VARIANTS: 860,000/1,551,426 (55.4%) batches=172 elapsed=4.22s
2026-08-25T08:03:31.1659302-05:00 [PHASE5B] [RUN] [2.1] P5B_VARIANTS / BASE_PART_COLOR_VARIANTS 860,000/1,551,426 ( 55.4%) batch=173
2026-08-25T08:03:35.3995549-05:00 [PHASE5B] [OK ] [2.1] BASE_PART_COLOR_VARIANTS: 865,000/1,551,426 (55.8%) batches=173 elapsed=4.23s
2026-08-25T08:03:35.4005529-05:00 [PHASE5B] [RUN] [2.1] P5B_VARIANTS / BASE_PART_COLOR_VARIANTS 865,000/1,551,426 ( 55.8%) batch=174
2026-08-25T08:03:39.5251333-05:00 [PHASE5B] [OK ] [2.1] BASE_PART_COLOR_VARIANTS: 870,000/1,551,426 (56.1%) batches=174 elapsed=4.12s
2026-08-25T08:03:39.5261345-05:00 [PHASE5B] [RUN] [2.1] P5B_VARIANTS / BASE_PART_COLOR_VARIANTS 870,000/1,551,426 ( 56.1%) batch=175
2026-08-25T08:03:43.6562367-05:00 [PHASE5B] [OK ] [2.1] BASE_PART_COLOR_VARIANTS: 875,000/1,551,426 (56.4%) batches=175 elapsed=4.13s
2026-08-25T08:03:43.6572373-05:00 [PHASE5B] [RUN] [2.1] P5B_VARIANTS / BASE_PART_COLOR_VARIANTS 875,000/1,551,426 ( 56.4%) batch=176
2026-08-25T08:03:47.8297825-05:00 [PHASE5B] [OK ] [2.1] BASE_PART_COLOR_VARIANTS: 880,000/1,551,426 (56.7%) batches=176 elapsed=4.17s
2026-08-25T08:03:47.8307824-05:00 [PHASE5B] [RUN] [2.1] P5B_VARIANTS / BASE_PART_COLOR_VARIANTS 880,000/1,551,426 ( 56.7%) batch=177
2026-08-25T08:03:51.8999714-05:00 [PHASE5B] [OK ] [2.1] BASE_PART_COLOR_VARIANTS: 885,000/1,551,426 (57.0%) batches=177 elapsed=4.07s
2026-08-25T08:03:51.9019714-05:00 [PHASE5B] [RUN] [2.1] P5B_VARIANTS / BASE_PART_COLOR_VARIANTS 885,000/1,551,426 ( 57.0%) batch=178
2026-08-25T08:03:55.9430985-05:00 [PHASE5B] [OK ] [2.1] BASE_PART_COLOR_VARIANTS: 890,000/1,551,426 (57.4%) batches=178 elapsed=4.04s
2026-08-25T08:03:55.9440948-05:00 [PHASE5B] [RUN] [2.1] P5B_VARIANTS / BASE_PART_COLOR_VARIANTS 890,000/1,551,426 ( 57.4%) batch=179
2026-08-25T08:04:00.0058372-05:00 [PHASE5B] [OK ] [2.1] BASE_PART_COLOR_VARIANTS: 895,000/1,551,426 (57.7%) batches=179 elapsed=4.06s
2026-08-25T08:04:00.0078365-05:00 [PHASE5B] [RUN] [2.1] P5B_VARIANTS / BASE_PART_COLOR_VARIANTS 895,000/1,551,426 ( 57.7%) batch=180
2026-08-25T08:04:04.0406966-05:00 [PHASE5B] [OK ] [2.1] BASE_PART_COLOR_VARIANTS: 900,000/1,551,426 (58.0%) batches=180 elapsed=4.03s
2026-08-25T08:04:04.0422007-05:00 [PHASE5B] [RUN] [2.1] P5B_VARIANTS / BASE_PART_COLOR_VARIANTS 900,000/1,551,426 ( 58.0%) batch=181
2026-08-25T08:04:08.0117429-05:00 [PHASE5B] [OK ] [2.1] BASE_PART_COLOR_VARIANTS: 905,000/1,551,426 (58.3%) batches=181 elapsed=3.97s
2026-08-25T08:04:08.0141165-05:00 [PHASE5B] [RUN] [2.1] P5B_VARIANTS / BASE_PART_COLOR_VARIANTS 905,000/1,551,426 ( 58.3%) batch=182
2026-08-25T08:04:12.1340167-05:00 [PHASE5B] [OK ] [2.1] BASE_PART_COLOR_VARIANTS: 910,000/1,551,426 (58.7%) batches=182 elapsed=4.12s
2026-08-25T08:04:12.1355193-05:00 [PHASE5B] [RUN] [2.1] P5B_VARIANTS / BASE_PART_COLOR_VARIANTS 910,000/1,551,426 ( 58.7%) batch=183
2026-08-25T08:04:16.0720533-05:00 [PHASE5B] [OK ] [2.1] BASE_PART_COLOR_VARIANTS: 915,000/1,551,426 (59.0%) batches=183 elapsed=3.94s
2026-08-25T08:04:16.0732782-05:00 [PHASE5B] [RUN] [2.1] P5B_VARIANTS / BASE_PART_COLOR_VARIANTS 915,000/1,551,426 ( 59.0%) batch=184
2026-08-25T08:04:19.9948404-05:00 [PHASE5B] [OK ] [2.1] BASE_PART_COLOR_VARIANTS: 920,000/1,551,426 (59.3%) batches=184 elapsed=3.92s
2026-08-25T08:04:19.9968409-05:00 [PHASE5B] [RUN] [2.1] P5B_VARIANTS / BASE_PART_COLOR_VARIANTS 920,000/1,551,426 ( 59.3%) batch=185
2026-08-25T08:04:23.8432197-05:00 [PHASE5B] [OK ] [2.1] BASE_PART_COLOR_VARIANTS: 925,000/1,551,426 (59.6%) batches=185 elapsed=3.85s
2026-08-25T08:04:23.8442223-05:00 [PHASE5B] [RUN] [2.1] P5B_VARIANTS / BASE_PART_COLOR_VARIANTS 925,000/1,551,426 ( 59.6%) batch=186
2026-08-25T08:04:27.6902534-05:00 [PHASE5B] [OK ] [2.1] BASE_PART_COLOR_VARIANTS: 930,000/1,551,426 (59.9%) batches=186 elapsed=3.85s
2026-08-25T08:04:27.6902534-05:00 [PHASE5B] [RUN] [2.1] P5B_VARIANTS / BASE_PART_COLOR_VARIANTS 930,000/1,551,426 ( 59.9%) batch=187
2026-08-25T08:04:31.5323801-05:00 [PHASE5B] [OK ] [2.1] BASE_PART_COLOR_VARIANTS: 935,000/1,551,426 (60.3%) batches=187 elapsed=3.84s
2026-08-25T08:04:31.5333824-05:00 [PHASE5B] [RUN] [2.1] P5B_VARIANTS / BASE_PART_COLOR_VARIANTS 935,000/1,551,426 ( 60.3%) batch=188
2026-08-25T08:04:35.3369391-05:00 [PHASE5B] [OK ] [2.1] BASE_PART_COLOR_VARIANTS: 940,000/1,551,426 (60.6%) batches=188 elapsed=3.80s
2026-08-25T08:04:35.3379427-05:00 [PHASE5B] [RUN] [2.1] P5B_VARIANTS / BASE_PART_COLOR_VARIANTS 940,000/1,551,426 ( 60.6%) batch=189
2026-08-25T08:04:39.0965303-05:00 [PHASE5B] [OK ] [2.1] BASE_PART_COLOR_VARIANTS: 945,000/1,551,426 (60.9%) batches=189 elapsed=3.76s
2026-08-25T08:04:39.0975298-05:00 [PHASE5B] [RUN] [2.1] P5B_VARIANTS / BASE_PART_COLOR_VARIANTS 945,000/1,551,426 ( 60.9%) batch=190
2026-08-25T08:04:42.8626017-05:00 [PHASE5B] [OK ] [2.1] BASE_PART_COLOR_VARIANTS: 950,000/1,551,426 (61.2%) batches=190 elapsed=3.77s
2026-08-25T08:04:42.8641052-05:00 [PHASE5B] [RUN] [2.1] P5B_VARIANTS / BASE_PART_COLOR_VARIANTS 950,000/1,551,426 ( 61.2%) batch=191
2026-08-25T08:04:46.6093913-05:00 [PHASE5B] [OK ] [2.1] BASE_PART_COLOR_VARIANTS: 955,000/1,551,426 (61.6%) batches=191 elapsed=3.75s
2026-08-25T08:04:46.6103915-05:00 [PHASE5B] [RUN] [2.1] P5B_VARIANTS / BASE_PART_COLOR_VARIANTS 955,000/1,551,426 ( 61.6%) batch=192
2026-08-25T08:04:50.3179775-05:00 [PHASE5B] [OK ] [2.1] BASE_PART_COLOR_VARIANTS: 960,000/1,551,426 (61.9%) batches=192 elapsed=3.71s
2026-08-25T08:04:50.3189782-05:00 [PHASE5B] [RUN] [2.1] P5B_VARIANTS / BASE_PART_COLOR_VARIANTS 960,000/1,551,426 ( 61.9%) batch=193
2026-08-25T08:04:54.0157306-05:00 [PHASE5B] [OK ] [2.1] BASE_PART_COLOR_VARIANTS: 965,000/1,551,426 (62.2%) batches=193 elapsed=3.70s
2026-08-25T08:04:54.0167311-05:00 [PHASE5B] [RUN] [2.1] P5B_VARIANTS / BASE_PART_COLOR_VARIANTS 965,000/1,551,426 ( 62.2%) batch=194
2026-08-25T08:04:57.6870841-05:00 [PHASE5B] [OK ] [2.1] BASE_PART_COLOR_VARIANTS: 970,000/1,551,426 (62.5%) batches=194 elapsed=3.67s
2026-08-25T08:04:57.6890827-05:00 [PHASE5B] [RUN] [2.1] P5B_VARIANTS / BASE_PART_COLOR_VARIANTS 970,000/1,551,426 ( 62.5%) batch=195
2026-08-25T08:05:01.3213083-05:00 [PHASE5B] [OK ] [2.1] BASE_PART_COLOR_VARIANTS: 975,000/1,551,426 (62.8%) batches=195 elapsed=3.63s
2026-08-25T08:05:01.3223738-05:00 [PHASE5B] [RUN] [2.1] P5B_VARIANTS / BASE_PART_COLOR_VARIANTS 975,000/1,551,426 ( 62.8%) batch=196
2026-08-25T08:05:04.9728006-05:00 [PHASE5B] [OK ] [2.1] BASE_PART_COLOR_VARIANTS: 980,000/1,551,426 (63.2%) batches=196 elapsed=3.65s
2026-08-25T08:05:04.9738001-05:00 [PHASE5B] [RUN] [2.1] P5B_VARIANTS / BASE_PART_COLOR_VARIANTS 980,000/1,551,426 ( 63.2%) batch=197
2026-08-25T08:05:08.5683372-05:00 [PHASE5B] [OK ] [2.1] BASE_PART_COLOR_VARIANTS: 985,000/1,551,426 (63.5%) batches=197 elapsed=3.60s
2026-08-25T08:05:08.5693367-05:00 [PHASE5B] [RUN] [2.1] P5B_VARIANTS / BASE_PART_COLOR_VARIANTS 985,000/1,551,426 ( 63.5%) batch=198
2026-08-25T08:05:12.2205792-05:00 [PHASE5B] [OK ] [2.1] BASE_PART_COLOR_VARIANTS: 990,000/1,551,426 (63.8%) batches=198 elapsed=3.65s
2026-08-25T08:05:12.2215788-05:00 [PHASE5B] [RUN] [2.1] P5B_VARIANTS / BASE_PART_COLOR_VARIANTS 990,000/1,551,426 ( 63.8%) batch=199
2026-08-25T08:05:15.8460433-05:00 [PHASE5B] [OK ] [2.1] BASE_PART_COLOR_VARIANTS: 995,000/1,551,426 (64.1%) batches=199 elapsed=3.63s
2026-08-25T08:05:15.8470442-05:00 [PHASE5B] [RUN] [2.1] P5B_VARIANTS / BASE_PART_COLOR_VARIANTS 995,000/1,551,426 ( 64.1%) batch=200
2026-08-25T08:05:19.4073838-05:00 [PHASE5B] [OK ] [2.1] BASE_PART_COLOR_VARIANTS: 1,000,000/1,551,426 (64.5%) batches=200 elapsed=3.56s
2026-08-25T08:05:19.4093839-05:00 [PHASE5B] [RUN] [2.1] P5B_VARIANTS / BASE_PART_COLOR_VARIANTS 1,000,000/1,551,426 ( 64.5%) batch=201
2026-08-25T08:05:22.9096613-05:00 [PHASE5B] [OK ] [2.1] BASE_PART_COLOR_VARIANTS: 1,005,000/1,551,426 (64.8%) batches=201 elapsed=3.50s
2026-08-25T08:05:22.9096613-05:00 [PHASE5B] [RUN] [2.1] P5B_VARIANTS / BASE_PART_COLOR_VARIANTS 1,005,000/1,551,426 ( 64.8%) batch=202
2026-08-25T08:05:26.4126103-05:00 [PHASE5B] [OK ] [2.1] BASE_PART_COLOR_VARIANTS: 1,010,000/1,551,426 (65.1%) batches=202 elapsed=3.50s
2026-08-25T08:05:26.4136116-05:00 [PHASE5B] [RUN] [2.1] P5B_VARIANTS / BASE_PART_COLOR_VARIANTS 1,010,000/1,551,426 ( 65.1%) batch=203
2026-08-25T08:05:29.8795387-05:00 [PHASE5B] [OK ] [2.1] BASE_PART_COLOR_VARIANTS: 1,015,000/1,551,426 (65.4%) batches=203 elapsed=3.47s
2026-08-25T08:05:29.8805362-05:00 [PHASE5B] [RUN] [2.1] P5B_VARIANTS / BASE_PART_COLOR_VARIANTS 1,015,000/1,551,426 ( 65.4%) batch=204
2026-08-25T08:05:33.3395677-05:00 [PHASE5B] [OK ] [2.1] BASE_PART_COLOR_VARIANTS: 1,020,000/1,551,426 (65.7%) batches=204 elapsed=3.46s
2026-08-25T08:05:33.3405668-05:00 [PHASE5B] [RUN] [2.1] P5B_VARIANTS / BASE_PART_COLOR_VARIANTS 1,020,000/1,551,426 ( 65.7%) batch=205
2026-08-25T08:05:36.7750061-05:00 [PHASE5B] [OK ] [2.1] BASE_PART_COLOR_VARIANTS: 1,025,000/1,551,426 (66.1%) batches=205 elapsed=3.43s
2026-08-25T08:05:36.7760064-05:00 [PHASE5B] [RUN] [2.1] P5B_VARIANTS / BASE_PART_COLOR_VARIANTS 1,025,000/1,551,426 ( 66.1%) batch=206
2026-08-25T08:05:40.0994911-05:00 [PHASE5B] [OK ] [2.1] BASE_PART_COLOR_VARIANTS: 1,030,000/1,551,426 (66.4%) batches=206 elapsed=3.32s
2026-08-25T08:05:40.1014896-05:00 [PHASE5B] [RUN] [2.1] P5B_VARIANTS / BASE_PART_COLOR_VARIANTS 1,030,000/1,551,426 ( 66.4%) batch=207
2026-08-25T08:05:43.4428379-05:00 [PHASE5B] [OK ] [2.1] BASE_PART_COLOR_VARIANTS: 1,035,000/1,551,426 (66.7%) batches=207 elapsed=3.34s
2026-08-25T08:05:43.4438363-05:00 [PHASE5B] [RUN] [2.1] P5B_VARIANTS / BASE_PART_COLOR_VARIANTS 1,035,000/1,551,426 ( 66.7%) batch=208
2026-08-25T08:05:46.7855213-05:00 [PHASE5B] [OK ] [2.1] BASE_PART_COLOR_VARIANTS: 1,040,000/1,551,426 (67.0%) batches=208 elapsed=3.34s
2026-08-25T08:05:46.7865252-05:00 [PHASE5B] [RUN] [2.1] P5B_VARIANTS / BASE_PART_COLOR_VARIANTS 1,040,000/1,551,426 ( 67.0%) batch=209
2026-08-25T08:05:50.0996277-05:00 [PHASE5B] [OK ] [2.1] BASE_PART_COLOR_VARIANTS: 1,045,000/1,551,426 (67.4%) batches=209 elapsed=3.31s
2026-08-25T08:05:50.1011314-05:00 [PHASE5B] [RUN] [2.1] P5B_VARIANTS / BASE_PART_COLOR_VARIANTS 1,045,000/1,551,426 ( 67.4%) batch=210
2026-08-25T08:05:53.3735469-05:00 [PHASE5B] [OK ] [2.1] BASE_PART_COLOR_VARIANTS: 1,050,000/1,551,426 (67.7%) batches=210 elapsed=3.27s
2026-08-25T08:05:53.3755471-05:00 [PHASE5B] [RUN] [2.1] P5B_VARIANTS / BASE_PART_COLOR_VARIANTS 1,050,000/1,551,426 ( 67.7%) batch=211
2026-08-25T08:05:56.5966724-05:00 [PHASE5B] [OK ] [2.1] BASE_PART_COLOR_VARIANTS: 1,055,000/1,551,426 (68.0%) batches=211 elapsed=3.22s
2026-08-25T08:05:56.5986738-05:00 [PHASE5B] [RUN] [2.1] P5B_VARIANTS / BASE_PART_COLOR_VARIANTS 1,055,000/1,551,426 ( 68.0%) batch=212
2026-08-25T08:05:59.8402885-05:00 [PHASE5B] [OK ] [2.1] BASE_PART_COLOR_VARIANTS: 1,060,000/1,551,426 (68.3%) batches=212 elapsed=3.24s
2026-08-25T08:05:59.8412892-05:00 [PHASE5B] [RUN] [2.1] P5B_VARIANTS / BASE_PART_COLOR_VARIANTS 1,060,000/1,551,426 ( 68.3%) batch=213
2026-08-25T08:06:03.0690998-05:00 [PHASE5B] [OK ] [2.1] BASE_PART_COLOR_VARIANTS: 1,065,000/1,551,426 (68.6%) batches=213 elapsed=3.23s
2026-08-25T08:06:03.0701006-05:00 [PHASE5B] [RUN] [2.1] P5B_VARIANTS / BASE_PART_COLOR_VARIANTS 1,065,000/1,551,426 ( 68.6%) batch=214
2026-08-25T08:06:06.2463633-05:00 [PHASE5B] [OK ] [2.1] BASE_PART_COLOR_VARIANTS: 1,070,000/1,551,426 (69.0%) batches=214 elapsed=3.18s
2026-08-25T08:06:06.2473624-05:00 [PHASE5B] [RUN] [2.1] P5B_VARIANTS / BASE_PART_COLOR_VARIANTS 1,070,000/1,551,426 ( 69.0%) batch=215
2026-08-25T08:06:09.4170384-05:00 [PHASE5B] [OK ] [2.1] BASE_PART_COLOR_VARIANTS: 1,075,000/1,551,426 (69.3%) batches=215 elapsed=3.17s
2026-08-25T08:06:09.4180406-05:00 [PHASE5B] [RUN] [2.1] P5B_VARIANTS / BASE_PART_COLOR_VARIANTS 1,075,000/1,551,426 ( 69.3%) batch=216
2026-08-25T08:06:12.6210933-05:00 [PHASE5B] [OK ] [2.1] BASE_PART_COLOR_VARIANTS: 1,080,000/1,551,426 (69.6%) batches=216 elapsed=3.20s
2026-08-25T08:06:12.6222396-05:00 [PHASE5B] [RUN] [2.1] P5B_VARIANTS / BASE_PART_COLOR_VARIANTS 1,080,000/1,551,426 ( 69.6%) batch=217
2026-08-25T08:06:15.8080125-05:00 [PHASE5B] [OK ] [2.1] BASE_PART_COLOR_VARIANTS: 1,085,000/1,551,426 (69.9%) batches=217 elapsed=3.19s
2026-08-25T08:06:15.8090128-05:00 [PHASE5B] [RUN] [2.1] P5B_VARIANTS / BASE_PART_COLOR_VARIANTS 1,085,000/1,551,426 ( 69.9%) batch=218
2026-08-25T08:06:18.8928783-05:00 [PHASE5B] [OK ] [2.1] BASE_PART_COLOR_VARIANTS: 1,090,000/1,551,426 (70.3%) batches=218 elapsed=3.08s
2026-08-25T08:06:18.8948788-05:00 [PHASE5B] [RUN] [2.1] P5B_VARIANTS / BASE_PART_COLOR_VARIANTS 1,090,000/1,551,426 ( 70.3%) batch=219
2026-08-25T08:06:21.9653529-05:00 [PHASE5B] [OK ] [2.1] BASE_PART_COLOR_VARIANTS: 1,095,000/1,551,426 (70.6%) batches=219 elapsed=3.07s
2026-08-25T08:06:21.9663524-05:00 [PHASE5B] [RUN] [2.1] P5B_VARIANTS / BASE_PART_COLOR_VARIANTS 1,095,000/1,551,426 ( 70.6%) batch=220
2026-08-25T08:06:24.9858366-05:00 [PHASE5B] [OK ] [2.1] BASE_PART_COLOR_VARIANTS: 1,100,000/1,551,426 (70.9%) batches=220 elapsed=3.02s
2026-08-25T08:06:24.9868344-05:00 [PHASE5B] [RUN] [2.1] P5B_VARIANTS / BASE_PART_COLOR_VARIANTS 1,100,000/1,551,426 ( 70.9%) batch=221
2026-08-25T08:06:27.9721801-05:00 [PHASE5B] [OK ] [2.1] BASE_PART_COLOR_VARIANTS: 1,105,000/1,551,426 (71.2%) batches=221 elapsed=2.99s
2026-08-25T08:06:27.9731800-05:00 [PHASE5B] [RUN] [2.1] P5B_VARIANTS / BASE_PART_COLOR_VARIANTS 1,105,000/1,551,426 ( 71.2%) batch=222
2026-08-25T08:06:30.9922674-05:00 [PHASE5B] [OK ] [2.1] BASE_PART_COLOR_VARIANTS: 1,110,000/1,551,426 (71.5%) batches=222 elapsed=3.02s
2026-08-25T08:06:30.9932683-05:00 [PHASE5B] [RUN] [2.1] P5B_VARIANTS / BASE_PART_COLOR_VARIANTS 1,110,000/1,551,426 ( 71.5%) batch=223
2026-08-25T08:06:33.9730310-05:00 [PHASE5B] [OK ] [2.1] BASE_PART_COLOR_VARIANTS: 1,115,000/1,551,426 (71.9%) batches=223 elapsed=2.98s
2026-08-25T08:06:33.9740312-05:00 [PHASE5B] [RUN] [2.1] P5B_VARIANTS / BASE_PART_COLOR_VARIANTS 1,115,000/1,551,426 ( 71.9%) batch=224
2026-08-25T08:06:36.9747656-05:00 [PHASE5B] [OK ] [2.1] BASE_PART_COLOR_VARIANTS: 1,120,000/1,551,426 (72.2%) batches=224 elapsed=3.00s
2026-08-25T08:06:36.9767648-05:00 [PHASE5B] [RUN] [2.1] P5B_VARIANTS / BASE_PART_COLOR_VARIANTS 1,120,000/1,551,426 ( 72.2%) batch=225
2026-08-25T08:06:39.9123926-05:00 [PHASE5B] [OK ] [2.1] BASE_PART_COLOR_VARIANTS: 1,125,000/1,551,426 (72.5%) batches=225 elapsed=2.94s
2026-08-25T08:06:39.9133933-05:00 [PHASE5B] [RUN] [2.1] P5B_VARIANTS / BASE_PART_COLOR_VARIANTS 1,125,000/1,551,426 ( 72.5%) batch=226
2026-08-25T08:06:42.8532168-05:00 [PHASE5B] [OK ] [2.1] BASE_PART_COLOR_VARIANTS: 1,130,000/1,551,426 (72.8%) batches=226 elapsed=2.94s
2026-08-25T08:06:42.8542147-05:00 [PHASE5B] [RUN] [2.1] P5B_VARIANTS / BASE_PART_COLOR_VARIANTS 1,130,000/1,551,426 ( 72.8%) batch=227
2026-08-25T08:06:45.7238349-05:00 [PHASE5B] [OK ] [2.1] BASE_PART_COLOR_VARIANTS: 1,135,000/1,551,426 (73.2%) batches=227 elapsed=2.87s
2026-08-25T08:06:45.7248362-05:00 [PHASE5B] [RUN] [2.1] P5B_VARIANTS / BASE_PART_COLOR_VARIANTS 1,135,000/1,551,426 ( 73.2%) batch=228
2026-08-25T08:06:48.5621492-05:00 [PHASE5B] [OK ] [2.1] BASE_PART_COLOR_VARIANTS: 1,140,000/1,551,426 (73.5%) batches=228 elapsed=2.84s
2026-08-25T08:06:48.5631551-05:00 [PHASE5B] [RUN] [2.1] P5B_VARIANTS / BASE_PART_COLOR_VARIANTS 1,140,000/1,551,426 ( 73.5%) batch=229
2026-08-25T08:06:51.4104435-05:00 [PHASE5B] [OK ] [2.1] BASE_PART_COLOR_VARIANTS: 1,145,000/1,551,426 (73.8%) batches=229 elapsed=2.85s
2026-08-25T08:06:51.4119487-05:00 [PHASE5B] [RUN] [2.1] P5B_VARIANTS / BASE_PART_COLOR_VARIANTS 1,145,000/1,551,426 ( 73.8%) batch=230
2026-08-25T08:06:54.1984466-05:00 [PHASE5B] [OK ] [2.1] BASE_PART_COLOR_VARIANTS: 1,150,000/1,551,426 (74.1%) batches=230 elapsed=2.79s
2026-08-25T08:06:54.2004494-05:00 [PHASE5B] [RUN] [2.1] P5B_VARIANTS / BASE_PART_COLOR_VARIANTS 1,150,000/1,551,426 ( 74.1%) batch=231
2026-08-25T08:06:56.9511684-05:00 [PHASE5B] [OK ] [2.1] BASE_PART_COLOR_VARIANTS: 1,155,000/1,551,426 (74.4%) batches=231 elapsed=2.75s
2026-08-25T08:06:56.9532816-05:00 [PHASE5B] [RUN] [2.1] P5B_VARIANTS / BASE_PART_COLOR_VARIANTS 1,155,000/1,551,426 ( 74.4%) batch=232
2026-08-25T08:06:59.6984181-05:00 [PHASE5B] [OK ] [2.1] BASE_PART_COLOR_VARIANTS: 1,160,000/1,551,426 (74.8%) batches=232 elapsed=2.75s
2026-08-25T08:06:59.7004199-05:00 [PHASE5B] [RUN] [2.1] P5B_VARIANTS / BASE_PART_COLOR_VARIANTS 1,160,000/1,551,426 ( 74.8%) batch=233
2026-08-25T08:07:02.4030679-05:00 [PHASE5B] [OK ] [2.1] BASE_PART_COLOR_VARIANTS: 1,165,000/1,551,426 (75.1%) batches=233 elapsed=2.70s
2026-08-25T08:07:02.4040700-05:00 [PHASE5B] [RUN] [2.1] P5B_VARIANTS / BASE_PART_COLOR_VARIANTS 1,165,000/1,551,426 ( 75.1%) batch=234
2026-08-25T08:07:05.1091803-05:00 [PHASE5B] [OK ] [2.1] BASE_PART_COLOR_VARIANTS: 1,170,000/1,551,426 (75.4%) batches=234 elapsed=2.71s
2026-08-25T08:07:05.1101816-05:00 [PHASE5B] [RUN] [2.1] P5B_VARIANTS / BASE_PART_COLOR_VARIANTS 1,170,000/1,551,426 ( 75.4%) batch=235
2026-08-25T08:07:07.7603839-05:00 [PHASE5B] [OK ] [2.1] BASE_PART_COLOR_VARIANTS: 1,175,000/1,551,426 (75.7%) batches=235 elapsed=2.65s
2026-08-25T08:07:07.7618879-05:00 [PHASE5B] [RUN] [2.1] P5B_VARIANTS / BASE_PART_COLOR_VARIANTS 1,175,000/1,551,426 ( 75.7%) batch=236
2026-08-25T08:07:10.4667777-05:00 [PHASE5B] [OK ] [2.1] BASE_PART_COLOR_VARIANTS: 1,180,000/1,551,426 (76.1%) batches=236 elapsed=2.71s
2026-08-25T08:07:10.4687788-05:00 [PHASE5B] [RUN] [2.1] P5B_VARIANTS / BASE_PART_COLOR_VARIANTS 1,180,000/1,551,426 ( 76.1%) batch=237
2026-08-25T08:07:13.1302773-05:00 [PHASE5B] [OK ] [2.1] BASE_PART_COLOR_VARIANTS: 1,185,000/1,551,426 (76.4%) batches=237 elapsed=2.66s
2026-08-25T08:07:13.1302773-05:00 [PHASE5B] [RUN] [2.1] P5B_VARIANTS / BASE_PART_COLOR_VARIANTS 1,185,000/1,551,426 ( 76.4%) batch=238
2026-08-25T08:07:15.8103196-05:00 [PHASE5B] [OK ] [2.1] BASE_PART_COLOR_VARIANTS: 1,190,000/1,551,426 (76.7%) batches=238 elapsed=2.68s
2026-08-25T08:07:15.8103196-05:00 [PHASE5B] [RUN] [2.1] P5B_VARIANTS / BASE_PART_COLOR_VARIANTS 1,190,000/1,551,426 ( 76.7%) batch=239
2026-08-25T08:07:18.3601405-05:00 [PHASE5B] [OK ] [2.1] BASE_PART_COLOR_VARIANTS: 1,195,000/1,551,426 (77.0%) batches=239 elapsed=2.55s
2026-08-25T08:07:18.3616447-05:00 [PHASE5B] [RUN] [2.1] P5B_VARIANTS / BASE_PART_COLOR_VARIANTS 1,195,000/1,551,426 ( 77.0%) batch=240
2026-08-25T08:07:20.9475853-05:00 [PHASE5B] [OK ] [2.1] BASE_PART_COLOR_VARIANTS: 1,200,000/1,551,426 (77.3%) batches=240 elapsed=2.59s
2026-08-25T08:07:20.9485854-05:00 [PHASE5B] [RUN] [2.1] P5B_VARIANTS / BASE_PART_COLOR_VARIANTS 1,200,000/1,551,426 ( 77.3%) batch=241
2026-08-25T08:07:23.4287708-05:00 [PHASE5B] [OK ] [2.1] BASE_PART_COLOR_VARIANTS: 1,205,000/1,551,426 (77.7%) batches=241 elapsed=2.48s
2026-08-25T08:07:23.4297708-05:00 [PHASE5B] [RUN] [2.1] P5B_VARIANTS / BASE_PART_COLOR_VARIANTS 1,205,000/1,551,426 ( 77.7%) batch=242
2026-08-25T08:07:25.9505641-05:00 [PHASE5B] [OK ] [2.1] BASE_PART_COLOR_VARIANTS: 1,210,000/1,551,426 (78.0%) batches=242 elapsed=2.52s
2026-08-25T08:07:25.9505641-05:00 [PHASE5B] [RUN] [2.1] P5B_VARIANTS / BASE_PART_COLOR_VARIANTS 1,210,000/1,551,426 ( 78.0%) batch=243
2026-08-25T08:07:28.4271152-05:00 [PHASE5B] [OK ] [2.1] BASE_PART_COLOR_VARIANTS: 1,215,000/1,551,426 (78.3%) batches=243 elapsed=2.48s
2026-08-25T08:07:28.4281148-05:00 [PHASE5B] [RUN] [2.1] P5B_VARIANTS / BASE_PART_COLOR_VARIANTS 1,215,000/1,551,426 ( 78.3%) batch=244
2026-08-25T08:07:30.8839878-05:00 [PHASE5B] [OK ] [2.1] BASE_PART_COLOR_VARIANTS: 1,220,000/1,551,426 (78.6%) batches=244 elapsed=2.46s
2026-08-25T08:07:30.8849877-05:00 [PHASE5B] [RUN] [2.1] P5B_VARIANTS / BASE_PART_COLOR_VARIANTS 1,220,000/1,551,426 ( 78.6%) batch=245
2026-08-25T08:07:33.2851617-05:00 [PHASE5B] [OK ] [2.1] BASE_PART_COLOR_VARIANTS: 1,225,000/1,551,426 (79.0%) batches=245 elapsed=2.40s
2026-08-25T08:07:33.2871587-05:00 [PHASE5B] [RUN] [2.1] P5B_VARIANTS / BASE_PART_COLOR_VARIANTS 1,225,000/1,551,426 ( 79.0%) batch=246
2026-08-25T08:07:35.6989569-05:00 [PHASE5B] [OK ] [2.1] BASE_PART_COLOR_VARIANTS: 1,230,000/1,551,426 (79.3%) batches=246 elapsed=2.41s
2026-08-25T08:07:35.6999568-05:00 [PHASE5B] [RUN] [2.1] P5B_VARIANTS / BASE_PART_COLOR_VARIANTS 1,230,000/1,551,426 ( 79.3%) batch=247
2026-08-25T08:07:38.0825324-05:00 [PHASE5B] [OK ] [2.1] BASE_PART_COLOR_VARIANTS: 1,235,000/1,551,426 (79.6%) batches=247 elapsed=2.38s
2026-08-25T08:07:38.0845344-05:00 [PHASE5B] [RUN] [2.1] P5B_VARIANTS / BASE_PART_COLOR_VARIANTS 1,235,000/1,551,426 ( 79.6%) batch=248
2026-08-25T08:07:40.4675907-05:00 [PHASE5B] [OK ] [2.1] BASE_PART_COLOR_VARIANTS: 1,240,000/1,551,426 (79.9%) batches=248 elapsed=2.38s
2026-08-25T08:07:40.4685956-05:00 [PHASE5B] [RUN] [2.1] P5B_VARIANTS / BASE_PART_COLOR_VARIANTS 1,240,000/1,551,426 ( 79.9%) batch=249
2026-08-25T08:07:42.8145597-05:00 [PHASE5B] [OK ] [2.1] BASE_PART_COLOR_VARIANTS: 1,245,000/1,551,426 (80.2%) batches=249 elapsed=2.35s
2026-08-25T08:07:42.8155626-05:00 [PHASE5B] [RUN] [2.1] P5B_VARIANTS / BASE_PART_COLOR_VARIANTS 1,245,000/1,551,426 ( 80.2%) batch=250
2026-08-25T08:07:45.1117710-05:00 [PHASE5B] [OK ] [2.1] BASE_PART_COLOR_VARIANTS: 1,250,000/1,551,426 (80.6%) batches=250 elapsed=2.30s
2026-08-25T08:07:45.1132640-05:00 [PHASE5B] [RUN] [2.1] P5B_VARIANTS / BASE_PART_COLOR_VARIANTS 1,250,000/1,551,426 ( 80.6%) batch=251
2026-08-25T08:07:47.3956429-05:00 [PHASE5B] [OK ] [2.1] BASE_PART_COLOR_VARIANTS: 1,255,000/1,551,426 (80.9%) batches=251 elapsed=2.28s
2026-08-25T08:07:47.3966450-05:00 [PHASE5B] [RUN] [2.1] P5B_VARIANTS / BASE_PART_COLOR_VARIANTS 1,255,000/1,551,426 ( 80.9%) batch=252
2026-08-25T08:07:49.6103376-05:00 [PHASE5B] [OK ] [2.1] BASE_PART_COLOR_VARIANTS: 1,260,000/1,551,426 (81.2%) batches=252 elapsed=2.21s
2026-08-25T08:07:49.6118436-05:00 [PHASE5B] [RUN] [2.1] P5B_VARIANTS / BASE_PART_COLOR_VARIANTS 1,260,000/1,551,426 ( 81.2%) batch=253
2026-08-25T08:07:51.8616973-05:00 [PHASE5B] [OK ] [2.1] BASE_PART_COLOR_VARIANTS: 1,265,000/1,551,426 (81.5%) batches=253 elapsed=2.25s
2026-08-25T08:07:51.8627196-05:00 [PHASE5B] [RUN] [2.1] P5B_VARIANTS / BASE_PART_COLOR_VARIANTS 1,265,000/1,551,426 ( 81.5%) batch=254
2026-08-25T08:07:54.0760525-05:00 [PHASE5B] [OK ] [2.1] BASE_PART_COLOR_VARIANTS: 1,270,000/1,551,426 (81.9%) batches=254 elapsed=2.21s
2026-08-25T08:07:54.0770536-05:00 [PHASE5B] [RUN] [2.1] P5B_VARIANTS / BASE_PART_COLOR_VARIANTS 1,270,000/1,551,426 ( 81.9%) batch=255
2026-08-25T08:07:56.2606436-05:00 [PHASE5B] [OK ] [2.1] BASE_PART_COLOR_VARIANTS: 1,275,000/1,551,426 (82.2%) batches=255 elapsed=2.18s
2026-08-25T08:07:56.2616459-05:00 [PHASE5B] [RUN] [2.1] P5B_VARIANTS / BASE_PART_COLOR_VARIANTS 1,275,000/1,551,426 ( 82.2%) batch=256
2026-08-25T08:07:58.4569477-05:00 [PHASE5B] [OK ] [2.1] BASE_PART_COLOR_VARIANTS: 1,280,000/1,551,426 (82.5%) batches=256 elapsed=2.20s
2026-08-25T08:07:58.4579517-05:00 [PHASE5B] [RUN] [2.1] P5B_VARIANTS / BASE_PART_COLOR_VARIANTS 1,280,000/1,551,426 ( 82.5%) batch=257
2026-08-25T08:08:00.6000080-05:00 [PHASE5B] [OK ] [2.1] BASE_PART_COLOR_VARIANTS: 1,285,000/1,551,426 (82.8%) batches=257 elapsed=2.14s
2026-08-25T08:08:00.6025156-05:00 [PHASE5B] [RUN] [2.1] P5B_VARIANTS / BASE_PART_COLOR_VARIANTS 1,285,000/1,551,426 ( 82.8%) batch=258
2026-08-25T08:08:02.7439458-05:00 [PHASE5B] [OK ] [2.1] BASE_PART_COLOR_VARIANTS: 1,290,000/1,551,426 (83.1%) batches=258 elapsed=2.14s
2026-08-25T08:08:02.7449462-05:00 [PHASE5B] [RUN] [2.1] P5B_VARIANTS / BASE_PART_COLOR_VARIANTS 1,290,000/1,551,426 ( 83.1%) batch=259
2026-08-25T08:08:04.8480426-05:00 [PHASE5B] [OK ] [2.1] BASE_PART_COLOR_VARIANTS: 1,295,000/1,551,426 (83.5%) batches=259 elapsed=2.10s
2026-08-25T08:08:04.8500432-05:00 [PHASE5B] [RUN] [2.1] P5B_VARIANTS / BASE_PART_COLOR_VARIANTS 1,295,000/1,551,426 ( 83.5%) batch=260
2026-08-25T08:08:06.9323659-05:00 [PHASE5B] [OK ] [2.1] BASE_PART_COLOR_VARIANTS: 1,300,000/1,551,426 (83.8%) batches=260 elapsed=2.08s
2026-08-25T08:08:06.9343659-05:00 [PHASE5B] [RUN] [2.1] P5B_VARIANTS / BASE_PART_COLOR_VARIANTS 1,300,000/1,551,426 ( 83.8%) batch=261
2026-08-25T08:08:09.0019346-05:00 [PHASE5B] [OK ] [2.1] BASE_PART_COLOR_VARIANTS: 1,305,000/1,551,426 (84.1%) batches=261 elapsed=2.07s
2026-08-25T08:08:09.0039351-05:00 [PHASE5B] [RUN] [2.1] P5B_VARIANTS / BASE_PART_COLOR_VARIANTS 1,305,000/1,551,426 ( 84.1%) batch=262
2026-08-25T08:08:11.0845369-05:00 [PHASE5B] [OK ] [2.1] BASE_PART_COLOR_VARIANTS: 1,310,000/1,551,426 (84.4%) batches=262 elapsed=2.08s
2026-08-25T08:08:11.0855390-05:00 [PHASE5B] [RUN] [2.1] P5B_VARIANTS / BASE_PART_COLOR_VARIANTS 1,310,000/1,551,426 ( 84.4%) batch=263
2026-08-25T08:08:13.1058373-05:00 [PHASE5B] [OK ] [2.1] BASE_PART_COLOR_VARIANTS: 1,315,000/1,551,426 (84.8%) batches=263 elapsed=2.02s
2026-08-25T08:08:13.1068373-05:00 [PHASE5B] [RUN] [2.1] P5B_VARIANTS / BASE_PART_COLOR_VARIANTS 1,315,000/1,551,426 ( 84.8%) batch=264
2026-08-25T08:08:15.1030085-05:00 [PHASE5B] [OK ] [2.1] BASE_PART_COLOR_VARIANTS: 1,320,000/1,551,426 (85.1%) batches=264 elapsed=2.00s
2026-08-25T08:08:15.1040095-05:00 [PHASE5B] [RUN] [2.1] P5B_VARIANTS / BASE_PART_COLOR_VARIANTS 1,320,000/1,551,426 ( 85.1%) batch=265
2026-08-25T08:08:17.1134590-05:00 [PHASE5B] [OK ] [2.1] BASE_PART_COLOR_VARIANTS: 1,325,000/1,551,426 (85.4%) batches=265 elapsed=2.01s
2026-08-25T08:08:17.1144576-05:00 [PHASE5B] [RUN] [2.1] P5B_VARIANTS / BASE_PART_COLOR_VARIANTS 1,325,000/1,551,426 ( 85.4%) batch=266
2026-08-25T08:08:19.0606403-05:00 [PHASE5B] [OK ] [2.1] BASE_PART_COLOR_VARIANTS: 1,330,000/1,551,426 (85.7%) batches=266 elapsed=1.95s
2026-08-25T08:08:19.0616415-05:00 [PHASE5B] [RUN] [2.1] P5B_VARIANTS / BASE_PART_COLOR_VARIANTS 1,330,000/1,551,426 ( 85.7%) batch=267
2026-08-25T08:08:20.9878958-05:00 [PHASE5B] [OK ] [2.1] BASE_PART_COLOR_VARIANTS: 1,335,000/1,551,426 (86.0%) batches=267 elapsed=1.93s
2026-08-25T08:08:20.9888957-05:00 [PHASE5B] [RUN] [2.1] P5B_VARIANTS / BASE_PART_COLOR_VARIANTS 1,335,000/1,551,426 ( 86.0%) batch=268
2026-08-25T08:08:22.8588499-05:00 [PHASE5B] [OK ] [2.1] BASE_PART_COLOR_VARIANTS: 1,340,000/1,551,426 (86.4%) batches=268 elapsed=1.87s
2026-08-25T08:08:22.8598498-05:00 [PHASE5B] [RUN] [2.1] P5B_VARIANTS / BASE_PART_COLOR_VARIANTS 1,340,000/1,551,426 ( 86.4%) batch=269
2026-08-25T08:08:24.7271194-05:00 [PHASE5B] [OK ] [2.1] BASE_PART_COLOR_VARIANTS: 1,345,000/1,551,426 (86.7%) batches=269 elapsed=1.87s
2026-08-25T08:08:24.7281211-05:00 [PHASE5B] [RUN] [2.1] P5B_VARIANTS / BASE_PART_COLOR_VARIANTS 1,345,000/1,551,426 ( 86.7%) batch=270
2026-08-25T08:08:26.6112285-05:00 [PHASE5B] [OK ] [2.1] BASE_PART_COLOR_VARIANTS: 1,350,000/1,551,426 (87.0%) batches=270 elapsed=1.88s
2026-08-25T08:08:26.6124043-05:00 [PHASE5B] [RUN] [2.1] P5B_VARIANTS / BASE_PART_COLOR_VARIANTS 1,350,000/1,551,426 ( 87.0%) batch=271
2026-08-25T08:08:28.4877514-05:00 [PHASE5B] [OK ] [2.1] BASE_PART_COLOR_VARIANTS: 1,355,000/1,551,426 (87.3%) batches=271 elapsed=1.88s
2026-08-25T08:08:28.4897512-05:00 [PHASE5B] [RUN] [2.1] P5B_VARIANTS / BASE_PART_COLOR_VARIANTS 1,355,000/1,551,426 ( 87.3%) batch=272
2026-08-25T08:08:30.3259908-05:00 [PHASE5B] [OK ] [2.1] BASE_PART_COLOR_VARIANTS: 1,360,000/1,551,426 (87.7%) batches=272 elapsed=1.84s
2026-08-25T08:08:30.3269887-05:00 [PHASE5B] [RUN] [2.1] P5B_VARIANTS / BASE_PART_COLOR_VARIANTS 1,360,000/1,551,426 ( 87.7%) batch=273
2026-08-25T08:08:32.1342988-05:00 [PHASE5B] [OK ] [2.1] BASE_PART_COLOR_VARIANTS: 1,365,000/1,551,426 (88.0%) batches=273 elapsed=1.81s
2026-08-25T08:08:32.1352986-05:00 [PHASE5B] [RUN] [2.1] P5B_VARIANTS / BASE_PART_COLOR_VARIANTS 1,365,000/1,551,426 ( 88.0%) batch=274
2026-08-25T08:08:34.0104229-05:00 [PHASE5B] [OK ] [2.1] BASE_PART_COLOR_VARIANTS: 1,370,000/1,551,426 (88.3%) batches=274 elapsed=1.88s
2026-08-25T08:08:34.0114232-05:00 [PHASE5B] [RUN] [2.1] P5B_VARIANTS / BASE_PART_COLOR_VARIANTS 1,370,000/1,551,426 ( 88.3%) batch=275
2026-08-25T08:08:35.7401621-05:00 [PHASE5B] [OK ] [2.1] BASE_PART_COLOR_VARIANTS: 1,375,000/1,551,426 (88.6%) batches=275 elapsed=1.73s
2026-08-25T08:08:35.7411622-05:00 [PHASE5B] [RUN] [2.1] P5B_VARIANTS / BASE_PART_COLOR_VARIANTS 1,375,000/1,551,426 ( 88.6%) batch=276
2026-08-25T08:08:37.4379844-05:00 [PHASE5B] [OK ] [2.1] BASE_PART_COLOR_VARIANTS: 1,380,000/1,551,426 (89.0%) batches=276 elapsed=1.70s
2026-08-25T08:08:37.4389877-05:00 [PHASE5B] [RUN] [2.1] P5B_VARIANTS / BASE_PART_COLOR_VARIANTS 1,380,000/1,551,426 ( 89.0%) batch=277
2026-08-25T08:08:39.1049963-05:00 [PHASE5B] [OK ] [2.1] BASE_PART_COLOR_VARIANTS: 1,385,000/1,551,426 (89.3%) batches=277 elapsed=1.67s
2026-08-25T08:08:39.1059972-05:00 [PHASE5B] [RUN] [2.1] P5B_VARIANTS / BASE_PART_COLOR_VARIANTS 1,385,000/1,551,426 ( 89.3%) batch=278
2026-08-25T08:08:40.7352947-05:00 [PHASE5B] [OK ] [2.1] BASE_PART_COLOR_VARIANTS: 1,390,000/1,551,426 (89.6%) batches=278 elapsed=1.63s
2026-08-25T08:08:40.7362941-05:00 [PHASE5B] [RUN] [2.1] P5B_VARIANTS / BASE_PART_COLOR_VARIANTS 1,390,000/1,551,426 ( 89.6%) batch=279
2026-08-25T08:08:42.4003801-05:00 [PHASE5B] [OK ] [2.1] BASE_PART_COLOR_VARIANTS: 1,395,000/1,551,426 (89.9%) batches=279 elapsed=1.66s
2026-08-25T08:08:42.4013803-05:00 [PHASE5B] [RUN] [2.1] P5B_VARIANTS / BASE_PART_COLOR_VARIANTS 1,395,000/1,551,426 ( 89.9%) batch=280
2026-08-25T08:08:43.9844588-05:00 [PHASE5B] [OK ] [2.1] BASE_PART_COLOR_VARIANTS: 1,400,000/1,551,426 (90.2%) batches=280 elapsed=1.58s
2026-08-25T08:08:43.9854592-05:00 [PHASE5B] [RUN] [2.1] P5B_VARIANTS / BASE_PART_COLOR_VARIANTS 1,400,000/1,551,426 ( 90.2%) batch=281
2026-08-25T08:08:45.5601465-05:00 [PHASE5B] [OK ] [2.1] BASE_PART_COLOR_VARIANTS: 1,405,000/1,551,426 (90.6%) batches=281 elapsed=1.58s
2026-08-25T08:08:45.5611461-05:00 [PHASE5B] [RUN] [2.1] P5B_VARIANTS / BASE_PART_COLOR_VARIANTS 1,405,000/1,551,426 ( 90.6%) batch=282
2026-08-25T08:08:47.1328202-05:00 [PHASE5B] [OK ] [2.1] BASE_PART_COLOR_VARIANTS: 1,410,000/1,551,426 (90.9%) batches=282 elapsed=1.57s
2026-08-25T08:08:47.1338207-05:00 [PHASE5B] [RUN] [2.1] P5B_VARIANTS / BASE_PART_COLOR_VARIANTS 1,410,000/1,551,426 ( 90.9%) batch=283
2026-08-25T08:08:48.6495620-05:00 [PHASE5B] [OK ] [2.1] BASE_PART_COLOR_VARIANTS: 1,415,000/1,551,426 (91.2%) batches=283 elapsed=1.52s
2026-08-25T08:08:48.6510648-05:00 [PHASE5B] [RUN] [2.1] P5B_VARIANTS / BASE_PART_COLOR_VARIANTS 1,415,000/1,551,426 ( 91.2%) batch=284
2026-08-25T08:08:50.1543609-05:00 [PHASE5B] [OK ] [2.1] BASE_PART_COLOR_VARIANTS: 1,420,000/1,551,426 (91.5%) batches=284 elapsed=1.50s
2026-08-25T08:08:50.1553612-05:00 [PHASE5B] [RUN] [2.1] P5B_VARIANTS / BASE_PART_COLOR_VARIANTS 1,420,000/1,551,426 ( 91.5%) batch=285
2026-08-25T08:08:51.6313240-05:00 [PHASE5B] [OK ] [2.1] BASE_PART_COLOR_VARIANTS: 1,425,000/1,551,426 (91.9%) batches=285 elapsed=1.48s
2026-08-25T08:08:51.6318278-05:00 [PHASE5B] [RUN] [2.1] P5B_VARIANTS / BASE_PART_COLOR_VARIANTS 1,425,000/1,551,426 ( 91.9%) batch=286
2026-08-25T08:08:53.1013350-05:00 [PHASE5B] [OK ] [2.1] BASE_PART_COLOR_VARIANTS: 1,430,000/1,551,426 (92.2%) batches=286 elapsed=1.47s
2026-08-25T08:08:53.1025884-05:00 [PHASE5B] [RUN] [2.1] P5B_VARIANTS / BASE_PART_COLOR_VARIANTS 1,430,000/1,551,426 ( 92.2%) batch=287
2026-08-25T08:08:54.5313194-05:00 [PHASE5B] [OK ] [2.1] BASE_PART_COLOR_VARIANTS: 1,435,000/1,551,426 (92.5%) batches=287 elapsed=1.43s
2026-08-25T08:08:54.5327039-05:00 [PHASE5B] [RUN] [2.1] P5B_VARIANTS / BASE_PART_COLOR_VARIANTS 1,435,000/1,551,426 ( 92.5%) batch=288
2026-08-25T08:08:55.9677271-05:00 [PHASE5B] [OK ] [2.1] BASE_PART_COLOR_VARIANTS: 1,440,000/1,551,426 (92.8%) batches=288 elapsed=1.44s
2026-08-25T08:08:55.9697302-05:00 [PHASE5B] [RUN] [2.1] P5B_VARIANTS / BASE_PART_COLOR_VARIANTS 1,440,000/1,551,426 ( 92.8%) batch=289
2026-08-25T08:08:57.3695871-05:00 [PHASE5B] [OK ] [2.1] BASE_PART_COLOR_VARIANTS: 1,445,000/1,551,426 (93.1%) batches=289 elapsed=1.40s
2026-08-25T08:08:57.3710908-05:00 [PHASE5B] [RUN] [2.1] P5B_VARIANTS / BASE_PART_COLOR_VARIANTS 1,445,000/1,551,426 ( 93.1%) batch=290
2026-08-25T08:08:58.7510660-05:00 [PHASE5B] [OK ] [2.1] BASE_PART_COLOR_VARIANTS: 1,450,000/1,551,426 (93.5%) batches=290 elapsed=1.38s
2026-08-25T08:08:58.7520725-05:00 [PHASE5B] [RUN] [2.1] P5B_VARIANTS / BASE_PART_COLOR_VARIANTS 1,450,000/1,551,426 ( 93.5%) batch=291
2026-08-25T08:09:00.0970711-05:00 [PHASE5B] [OK ] [2.1] BASE_PART_COLOR_VARIANTS: 1,455,000/1,551,426 (93.8%) batches=291 elapsed=1.35s
2026-08-25T08:09:00.0980714-05:00 [PHASE5B] [RUN] [2.1] P5B_VARIANTS / BASE_PART_COLOR_VARIANTS 1,455,000/1,551,426 ( 93.8%) batch=292
2026-08-25T08:09:01.4338214-05:00 [PHASE5B] [OK ] [2.1] BASE_PART_COLOR_VARIANTS: 1,460,000/1,551,426 (94.1%) batches=292 elapsed=1.34s
2026-08-25T08:09:01.4358222-05:00 [PHASE5B] [RUN] [2.1] P5B_VARIANTS / BASE_PART_COLOR_VARIANTS 1,460,000/1,551,426 ( 94.1%) batch=293
2026-08-25T08:09:02.7390317-05:00 [PHASE5B] [OK ] [2.1] BASE_PART_COLOR_VARIANTS: 1,465,000/1,551,426 (94.4%) batches=293 elapsed=1.31s
2026-08-25T08:09:02.7410307-05:00 [PHASE5B] [RUN] [2.1] P5B_VARIANTS / BASE_PART_COLOR_VARIANTS 1,465,000/1,551,426 ( 94.4%) batch=294
2026-08-25T08:09:04.0177656-05:00 [PHASE5B] [OK ] [2.1] BASE_PART_COLOR_VARIANTS: 1,470,000/1,551,426 (94.8%) batches=294 elapsed=1.28s
2026-08-25T08:09:04.0187672-05:00 [PHASE5B] [RUN] [2.1] P5B_VARIANTS / BASE_PART_COLOR_VARIANTS 1,470,000/1,551,426 ( 94.8%) batch=295
2026-08-25T08:09:05.2773279-05:00 [PHASE5B] [OK ] [2.1] BASE_PART_COLOR_VARIANTS: 1,475,000/1,551,426 (95.1%) batches=295 elapsed=1.26s
2026-08-25T08:09:05.2783284-05:00 [PHASE5B] [RUN] [2.1] P5B_VARIANTS / BASE_PART_COLOR_VARIANTS 1,475,000/1,551,426 ( 95.1%) batch=296
2026-08-25T08:09:06.5119548-05:00 [PHASE5B] [OK ] [2.1] BASE_PART_COLOR_VARIANTS: 1,480,000/1,551,426 (95.4%) batches=296 elapsed=1.23s
2026-08-25T08:09:06.5129541-05:00 [PHASE5B] [RUN] [2.1] P5B_VARIANTS / BASE_PART_COLOR_VARIANTS 1,480,000/1,551,426 ( 95.4%) batch=297
2026-08-25T08:09:07.7103358-05:00 [PHASE5B] [OK ] [2.1] BASE_PART_COLOR_VARIANTS: 1,485,000/1,551,426 (95.7%) batches=297 elapsed=1.20s
2026-08-25T08:09:07.7113381-05:00 [PHASE5B] [RUN] [2.1] P5B_VARIANTS / BASE_PART_COLOR_VARIANTS 1,485,000/1,551,426 ( 95.7%) batch=298
2026-08-25T08:09:08.9071890-05:00 [PHASE5B] [OK ] [2.1] BASE_PART_COLOR_VARIANTS: 1,490,000/1,551,426 (96.0%) batches=298 elapsed=1.20s
2026-08-25T08:09:08.9081917-05:00 [PHASE5B] [RUN] [2.1] P5B_VARIANTS / BASE_PART_COLOR_VARIANTS 1,490,000/1,551,426 ( 96.0%) batch=299
2026-08-25T08:09:12.6830954-05:00 [PHASE5B] [OK ] [2.1] BASE_PART_COLOR_VARIANTS: 1,495,000/1,551,426 (96.4%) batches=299 elapsed=3.78s
2026-08-25T08:09:12.6840950-05:00 [PHASE5B] [RUN] [2.1] P5B_VARIANTS / BASE_PART_COLOR_VARIANTS 1,495,000/1,551,426 ( 96.4%) batch=300
2026-08-25T08:09:16.1315131-05:00 [PHASE5B] [OK ] [2.1] BASE_PART_COLOR_VARIANTS: 1,500,000/1,551,426 (96.7%) batches=300 elapsed=3.45s
2026-08-25T08:09:16.1335190-05:00 [PHASE5B] [RUN] [2.1] P5B_VARIANTS / BASE_PART_COLOR_VARIANTS 1,500,000/1,551,426 ( 96.7%) batch=301
2026-08-25T08:09:19.4085649-05:00 [PHASE5B] [OK ] [2.1] BASE_PART_COLOR_VARIANTS: 1,505,000/1,551,426 (97.0%) batches=301 elapsed=3.28s
2026-08-25T08:09:19.4095673-05:00 [PHASE5B] [RUN] [2.1] P5B_VARIANTS / BASE_PART_COLOR_VARIANTS 1,505,000/1,551,426 ( 97.0%) batch=302
2026-08-25T08:09:22.3991080-05:00 [PHASE5B] [OK ] [2.1] BASE_PART_COLOR_VARIANTS: 1,510,000/1,551,426 (97.3%) batches=302 elapsed=2.99s
2026-08-25T08:09:22.4011046-05:00 [PHASE5B] [RUN] [2.1] P5B_VARIANTS / BASE_PART_COLOR_VARIANTS 1,510,000/1,551,426 ( 97.3%) batch=303
2026-08-25T08:09:25.0694242-05:00 [PHASE5B] [OK ] [2.1] BASE_PART_COLOR_VARIANTS: 1,515,000/1,551,426 (97.7%) batches=303 elapsed=2.67s
2026-08-25T08:09:25.0694242-05:00 [PHASE5B] [RUN] [2.1] P5B_VARIANTS / BASE_PART_COLOR_VARIANTS 1,515,000/1,551,426 ( 97.7%) batch=304
2026-08-25T08:09:27.4901971-05:00 [PHASE5B] [OK ] [2.1] BASE_PART_COLOR_VARIANTS: 1,520,000/1,551,426 (98.0%) batches=304 elapsed=2.42s
2026-08-25T08:09:27.4917041-05:00 [PHASE5B] [RUN] [2.1] P5B_VARIANTS / BASE_PART_COLOR_VARIANTS 1,520,000/1,551,426 ( 98.0%) batch=305
2026-08-25T08:09:29.6920755-05:00 [PHASE5B] [OK ] [2.1] BASE_PART_COLOR_VARIANTS: 1,525,000/1,551,426 (98.3%) batches=305 elapsed=2.20s
2026-08-25T08:09:29.6930754-05:00 [PHASE5B] [RUN] [2.1] P5B_VARIANTS / BASE_PART_COLOR_VARIANTS 1,525,000/1,551,426 ( 98.3%) batch=306
2026-08-25T08:09:31.7700536-05:00 [PHASE5B] [OK ] [2.1] BASE_PART_COLOR_VARIANTS: 1,530,000/1,551,426 (98.6%) batches=306 elapsed=2.08s
2026-08-25T08:09:31.7715571-05:00 [PHASE5B] [RUN] [2.1] P5B_VARIANTS / BASE_PART_COLOR_VARIANTS 1,530,000/1,551,426 ( 98.6%) batch=307
2026-08-25T08:09:33.5150213-05:00 [PHASE5B] [OK ] [2.1] BASE_PART_COLOR_VARIANTS: 1,535,000/1,551,426 (98.9%) batches=307 elapsed=1.74s
2026-08-25T08:09:33.5160206-05:00 [PHASE5B] [RUN] [2.1] P5B_VARIANTS / BASE_PART_COLOR_VARIANTS 1,535,000/1,551,426 ( 98.9%) batch=308
2026-08-25T08:09:34.9543238-05:00 [PHASE5B] [OK ] [2.1] BASE_PART_COLOR_VARIANTS: 1,540,000/1,551,426 (99.3%) batches=308 elapsed=1.44s
2026-08-25T08:09:34.9553198-05:00 [PHASE5B] [RUN] [2.1] P5B_VARIANTS / BASE_PART_COLOR_VARIANTS 1,540,000/1,551,426 ( 99.3%) batch=309
2026-08-25T08:09:36.2294875-05:00 [PHASE5B] [OK ] [2.1] BASE_PART_COLOR_VARIANTS: 1,545,000/1,551,426 (99.6%) batches=309 elapsed=1.28s
2026-08-25T08:09:36.2309911-05:00 [PHASE5B] [RUN] [2.1] P5B_VARIANTS / BASE_PART_COLOR_VARIANTS 1,545,000/1,551,426 ( 99.6%) batch=310
2026-08-25T08:09:37.3271703-05:00 [PHASE5B] [OK ] [2.1] BASE_PART_COLOR_VARIANTS: 1,550,000/1,551,426 (99.9%) batches=310 elapsed=1.10s
2026-08-25T08:09:37.3281690-05:00 [PHASE5B] [RUN] [2.1] P5B_VARIANTS / BASE_PART_COLOR_VARIANTS 1,550,000/1,551,426 ( 99.9%) batch=311
2026-08-25T08:09:37.4072417-05:00 [PHASE5B] [OK ] [2.1] BASE_PART_COLOR_VARIANTS: 1,551,426/1,551,426 (100.0%) batches=311 elapsed=0.08s
2026-08-25T08:09:37.4092417-05:00 [PHASE5B] 
2026-08-25T08:09:37.4102428-05:00 [PHASE5B] -------------------------------------------------------------------------------
2026-08-25T08:09:37.4112440-05:00 [PHASE5B]  Durable Phase 5B checkpoint status
2026-08-25T08:09:37.4112440-05:00 [PHASE5B] -------------------------------------------------------------------------------
2026-08-25T08:09:37.4125193-05:00 [PHASE5B] 
2026-08-25T08:09:37.4135198-05:00 [PHASE5B] [1/10] P5B_VALIDATE
2026-08-25T08:09:37.4135198-05:00 [PHASE5B]       [1.1] SOURCE_CONTRACT              COMPLETED          1 / 1          100.0% batches=1
2026-08-25T08:09:37.4145202-05:00 [PHASE5B]       [1.2] PARENT_CLASSIFICATION        COMPLETED          1 / 1          100.0% batches=1
2026-08-25T08:09:37.4155205-05:00 [PHASE5B]       [1.3] CATALOG_REFERENCES           COMPLETED          1 / 1          100.0% batches=1
2026-08-25T08:09:37.4165184-05:00 [PHASE5B]       [1.4] VERSION_KEYS                 COMPLETED          1 / 1          100.0% batches=1
2026-08-25T08:09:37.4165184-05:00 [PHASE5B] 
2026-08-25T08:09:37.4175201-05:00 [PHASE5B] [2/10] P5B_VARIANTS
2026-08-25T08:09:37.4185184-05:00 [PHASE5B]       [2.1] BASE_PART_COLOR_VARIANTS     COMPLETED  1,551,426 / 1,551,426  100.0% batches=311
2026-08-25T08:09:37.4195181-05:00 [PHASE5B] 
2026-08-25T08:09:37.4195181-05:00 [PHASE5B] [3/10] P5B_DEFINITIONS
2026-08-25T08:09:37.4210212-05:00 [PHASE5B]       [3.1] PARENT_DEFINITIONS           PENDING            0 / 47,216       0.0% batches=0
2026-08-25T08:09:37.4220253-05:00 [PHASE5B] 
2026-08-25T08:09:37.4230295-05:00 [PHASE5B] [4/10] P5B_VERSIONS
2026-08-25T08:09:37.4240289-05:00 [PHASE5B]       [4.1] SOURCE_VERSIONS              PENDING            0 / 47,216       0.0% batches=0
2026-08-25T08:09:37.4240289-05:00 [PHASE5B] 
2026-08-25T08:09:37.4250299-05:00 [PHASE5B] [5/10] P5B_SET_MEMBERS
2026-08-25T08:09:37.4260287-05:00 [PHASE5B]       [5.1] PARTS                        PENDING            0 / 1,551,426    0.0% batches=0
2026-08-25T08:09:37.4270286-05:00 [PHASE5B]       [5.2] SETS                         PENDING            0 / 5,176        0.0% batches=0
2026-08-25T08:09:37.4270286-05:00 [PHASE5B]       [5.3] MINIFIGURES                  PENDING            0 / 25,738       0.0% batches=0
2026-08-25T08:09:37.4280301-05:00 [PHASE5B] 
2026-08-25T08:09:37.4290295-05:00 [PHASE5B] [6/10] P5B_MINIFIG_MEMBERS
2026-08-25T08:09:37.4300300-05:00 [PHASE5B]       [6.1] PARTS                        PENDING            0 / 1,551,426    0.0% batches=0
2026-08-25T08:09:37.4310295-05:00 [PHASE5B] 
2026-08-25T08:09:37.4310295-05:00 [PHASE5B] [7/10] P5B_MINIFIG_ANCHORS
2026-08-25T08:09:37.4324406-05:00 [PHASE5B]       [7.1] COMPOSITIONS                 PENDING            0 / 47,216       0.0% batches=0
2026-08-25T08:09:37.4334394-05:00 [PHASE5B] 
2026-08-25T08:09:37.4344394-05:00 [PHASE5B] [8/10] P5B_FINALIZE_VERSIONS
2026-08-25T08:09:37.4354404-05:00 [PHASE5B]       [8.1] HASH_AND_FINALIZE            PENDING            0 / 47,216       0.0% batches=0
2026-08-25T08:09:37.4364398-05:00 [PHASE5B] 
2026-08-25T08:09:37.4384400-05:00 [PHASE5B] [9/10] P5B_AUTHORITY
2026-08-25T08:09:37.4394404-05:00 [PHASE5B]       [9.1] LATEST_SOURCE                PENDING            0 / 47,216       0.0% batches=0
2026-08-25T08:09:37.4394404-05:00 [PHASE5B] 
2026-08-25T08:09:37.4409434-05:00 [PHASE5B] [10/10] P5B_COMPLETE
2026-08-25T08:09:37.4419491-05:00 [PHASE5B]       [10.1] VERIFY                       PENDING            0 / 1            0.0% batches=0
2026-08-25T08:09:37.4419491-05:00 [PHASE5B]       [10.2] COMPLETE_RUN                 PENDING            0 / 1            0.0% batches=0
2026-08-25T08:09:37.4429478-05:00 [PHASE5B] 
2026-08-25T08:09:37.4439482-05:00 [PHASE5B] [RUN] [3.1] P5B_DEFINITIONS / PARENT_DEFINITIONS 0/47,216 (  0.0%) batch=1
2026-08-25T08:09:37.6361927-05:00 [PHASE5B] [OK ] [3.1] PARENT_DEFINITIONS: 5,000/47,216 (10.6%) batches=1 elapsed=0.23s
2026-08-25T08:09:37.6381919-05:00 [PHASE5B] [RUN] [3.1] P5B_DEFINITIONS / PARENT_DEFINITIONS 5,000/47,216 ( 10.6%) batch=2
2026-08-25T08:09:37.8433619-05:00 [PHASE5B] [OK ] [3.1] PARENT_DEFINITIONS: 10,000/47,216 (21.2%) batches=2 elapsed=0.21s
2026-08-25T08:09:37.8453645-05:00 [PHASE5B] [RUN] [3.1] P5B_DEFINITIONS / PARENT_DEFINITIONS 10,000/47,216 ( 21.2%) batch=3
2026-08-25T08:09:38.0221760-05:00 [PHASE5B] [OK ] [3.1] PARENT_DEFINITIONS: 15,000/47,216 (31.8%) batches=3 elapsed=0.18s
2026-08-25T08:09:38.0231761-05:00 [PHASE5B] [RUN] [3.1] P5B_DEFINITIONS / PARENT_DEFINITIONS 15,000/47,216 ( 31.8%) batch=4
2026-08-25T08:09:38.1795624-05:00 [PHASE5B] [OK ] [3.1] PARENT_DEFINITIONS: 20,000/47,216 (42.4%) batches=4 elapsed=0.16s
2026-08-25T08:09:38.1810667-05:00 [PHASE5B] [RUN] [3.1] P5B_DEFINITIONS / PARENT_DEFINITIONS 20,000/47,216 ( 42.4%) batch=5
2026-08-25T08:09:38.3162506-05:00 [PHASE5B] [OK ] [3.1] PARENT_DEFINITIONS: 25,000/47,216 (52.9%) batches=5 elapsed=0.14s
2026-08-25T08:09:38.3172499-05:00 [PHASE5B] [RUN] [3.1] P5B_DEFINITIONS / PARENT_DEFINITIONS 25,000/47,216 ( 52.9%) batch=6
2026-08-25T08:09:38.4341590-05:00 [PHASE5B] [OK ] [3.1] PARENT_DEFINITIONS: 30,000/47,216 (63.5%) batches=6 elapsed=0.12s
2026-08-25T08:09:38.4361600-05:00 [PHASE5B] [RUN] [3.1] P5B_DEFINITIONS / PARENT_DEFINITIONS 30,000/47,216 ( 63.5%) batch=7
2026-08-25T08:09:38.5412321-05:00 [PHASE5B] [OK ] [3.1] PARENT_DEFINITIONS: 35,000/47,216 (74.1%) batches=7 elapsed=0.11s
2026-08-25T08:09:38.5432403-05:00 [PHASE5B] [RUN] [3.1] P5B_DEFINITIONS / PARENT_DEFINITIONS 35,000/47,216 ( 74.1%) batch=8
2026-08-25T08:09:38.6408586-05:00 [PHASE5B] [OK ] [3.1] PARENT_DEFINITIONS: 40,000/47,216 (84.7%) batches=8 elapsed=0.10s
2026-08-25T08:09:38.6419175-05:00 [PHASE5B] [RUN] [3.1] P5B_DEFINITIONS / PARENT_DEFINITIONS 40,000/47,216 ( 84.7%) batch=9
2026-08-25T08:09:38.7678267-05:00 [PHASE5B] [OK ] [3.1] PARENT_DEFINITIONS: 45,000/47,216 (95.3%) batches=9 elapsed=0.13s
2026-08-25T08:09:38.7688275-05:00 [PHASE5B] [RUN] [3.1] P5B_DEFINITIONS / PARENT_DEFINITIONS 45,000/47,216 ( 95.3%) batch=10
2026-08-25T08:09:38.8350063-05:00 [PHASE5B] [OK ] [3.1] PARENT_DEFINITIONS: 47,216/47,216 (100.0%) batches=10 elapsed=0.07s
2026-08-25T08:09:38.8370071-05:00 [PHASE5B] 
2026-08-25T08:09:38.8370071-05:00 [PHASE5B] -------------------------------------------------------------------------------
2026-08-25T08:09:38.8380076-05:00 [PHASE5B]  Durable Phase 5B checkpoint status
2026-08-25T08:09:38.8390080-05:00 [PHASE5B] -------------------------------------------------------------------------------
2026-08-25T08:09:38.8400068-05:00 [PHASE5B] 
2026-08-25T08:09:38.8410074-05:00 [PHASE5B] [1/10] P5B_VALIDATE
2026-08-25T08:09:38.8410074-05:00 [PHASE5B]       [1.1] SOURCE_CONTRACT              COMPLETED          1 / 1          100.0% batches=1
2026-08-25T08:09:38.8423908-05:00 [PHASE5B]       [1.2] PARENT_CLASSIFICATION        COMPLETED          1 / 1          100.0% batches=1
2026-08-25T08:09:38.8423908-05:00 [PHASE5B]       [1.3] CATALOG_REFERENCES           COMPLETED          1 / 1          100.0% batches=1
2026-08-25T08:09:38.8433922-05:00 [PHASE5B]       [1.4] VERSION_KEYS                 COMPLETED          1 / 1          100.0% batches=1
2026-08-25T08:09:38.8443915-05:00 [PHASE5B] 
2026-08-25T08:09:38.8453919-05:00 [PHASE5B] [2/10] P5B_VARIANTS
2026-08-25T08:09:38.8453919-05:00 [PHASE5B]       [2.1] BASE_PART_COLOR_VARIANTS     COMPLETED  1,551,426 / 1,551,426  100.0% batches=311
2026-08-25T08:09:38.8463909-05:00 [PHASE5B] 
2026-08-25T08:09:38.8473926-05:00 [PHASE5B] [3/10] P5B_DEFINITIONS
2026-08-25T08:09:38.8473926-05:00 [PHASE5B]       [3.1] PARENT_DEFINITIONS           COMPLETED     47,216 / 47,216     100.0% batches=10
2026-08-25T08:09:38.8483935-05:00 [PHASE5B] 
2026-08-25T08:09:38.8493918-05:00 [PHASE5B] [4/10] P5B_VERSIONS
2026-08-25T08:09:38.8493918-05:00 [PHASE5B]       [4.1] SOURCE_VERSIONS              PENDING            0 / 47,216       0.0% batches=0
2026-08-25T08:09:38.8508990-05:00 [PHASE5B] 
2026-08-25T08:09:38.8519036-05:00 [PHASE5B] [5/10] P5B_SET_MEMBERS
2026-08-25T08:09:38.8529041-05:00 [PHASE5B]       [5.1] PARTS                        PENDING            0 / 1,551,426    0.0% batches=0
2026-08-25T08:09:38.8539034-05:00 [PHASE5B]       [5.2] SETS                         PENDING            0 / 5,176        0.0% batches=0
2026-08-25T08:09:38.8539034-05:00 [PHASE5B]       [5.3] MINIFIGURES                  PENDING            0 / 25,738       0.0% batches=0
2026-08-25T08:09:38.8549040-05:00 [PHASE5B] 
2026-08-25T08:09:38.8559034-05:00 [PHASE5B] [6/10] P5B_MINIFIG_MEMBERS
2026-08-25T08:09:38.8569034-05:00 [PHASE5B]       [6.1] PARTS                        PENDING            0 / 1,551,426    0.0% batches=0
2026-08-25T08:09:38.8579033-05:00 [PHASE5B] 
2026-08-25T08:09:38.8579033-05:00 [PHASE5B] [7/10] P5B_MINIFIG_ANCHORS
2026-08-25T08:09:38.8589034-05:00 [PHASE5B]       [7.1] COMPOSITIONS                 PENDING            0 / 47,216       0.0% batches=0
2026-08-25T08:09:38.8599035-05:00 [PHASE5B] 
2026-08-25T08:09:38.8609054-05:00 [PHASE5B] [8/10] P5B_FINALIZE_VERSIONS
2026-08-25T08:09:38.8621210-05:00 [PHASE5B]       [8.1] HASH_AND_FINALIZE            PENDING            0 / 47,216       0.0% batches=0
2026-08-25T08:09:38.8621210-05:00 [PHASE5B] 
2026-08-25T08:09:38.8631203-05:00 [PHASE5B] [9/10] P5B_AUTHORITY
2026-08-25T08:09:38.8641219-05:00 [PHASE5B]       [9.1] LATEST_SOURCE                PENDING            0 / 47,216       0.0% batches=0
2026-08-25T08:09:38.8651196-05:00 [PHASE5B] 
2026-08-25T08:09:38.8661196-05:00 [PHASE5B] [10/10] P5B_COMPLETE
2026-08-25T08:09:38.8661196-05:00 [PHASE5B]       [10.1] VERIFY                       PENDING            0 / 1            0.0% batches=0
2026-08-25T08:09:38.8671226-05:00 [PHASE5B]       [10.2] COMPLETE_RUN                 PENDING            0 / 1            0.0% batches=0
2026-08-25T08:09:38.8681196-05:00 [PHASE5B] 
2026-08-25T08:09:38.8691213-05:00 [PHASE5B] [RUN] [4.1] P5B_VERSIONS / SOURCE_VERSIONS 0/47,216 (  0.0%) batch=1
2026-08-25T08:09:39.1687524-05:00 [PHASE5B] [OK ] [4.1] SOURCE_VERSIONS: 5,000/47,216 (10.6%) batches=1 elapsed=0.33s
2026-08-25T08:09:39.1697486-05:00 [PHASE5B] [RUN] [4.1] P5B_VERSIONS / SOURCE_VERSIONS 5,000/47,216 ( 10.6%) batch=2
2026-08-25T08:09:39.4635704-05:00 [PHASE5B] [OK ] [4.1] SOURCE_VERSIONS: 10,000/47,216 (21.2%) batches=2 elapsed=0.29s
2026-08-25T08:09:39.4645721-05:00 [PHASE5B] [RUN] [4.1] P5B_VERSIONS / SOURCE_VERSIONS 10,000/47,216 ( 21.2%) batch=3
2026-08-25T08:09:39.7496957-05:00 [PHASE5B] [OK ] [4.1] SOURCE_VERSIONS: 15,000/47,216 (31.8%) batches=3 elapsed=0.29s
2026-08-25T08:09:39.7511990-05:00 [PHASE5B] [RUN] [4.1] P5B_VERSIONS / SOURCE_VERSIONS 15,000/47,216 ( 31.8%) batch=4
2026-08-25T08:09:40.0171862-05:00 [PHASE5B] [OK ] [4.1] SOURCE_VERSIONS: 20,000/47,216 (42.4%) batches=4 elapsed=0.27s
2026-08-25T08:09:40.0191852-05:00 [PHASE5B] [RUN] [4.1] P5B_VERSIONS / SOURCE_VERSIONS 20,000/47,216 ( 42.4%) batch=5
2026-08-25T08:09:40.2582056-05:00 [PHASE5B] [OK ] [4.1] SOURCE_VERSIONS: 25,000/47,216 (52.9%) batches=5 elapsed=0.24s
2026-08-25T08:09:40.2592056-05:00 [PHASE5B] [RUN] [4.1] P5B_VERSIONS / SOURCE_VERSIONS 25,000/47,216 ( 52.9%) batch=6
2026-08-25T08:09:40.4868278-05:00 [PHASE5B] [OK ] [4.1] SOURCE_VERSIONS: 30,000/47,216 (63.5%) batches=6 elapsed=0.23s
2026-08-25T08:09:40.4878289-05:00 [PHASE5B] [RUN] [4.1] P5B_VERSIONS / SOURCE_VERSIONS 30,000/47,216 ( 63.5%) batch=7
2026-08-25T08:09:40.6871432-05:00 [PHASE5B] [OK ] [4.1] SOURCE_VERSIONS: 35,000/47,216 (74.1%) batches=7 elapsed=0.20s
2026-08-25T08:09:40.6891418-05:00 [PHASE5B] [RUN] [4.1] P5B_VERSIONS / SOURCE_VERSIONS 35,000/47,216 ( 74.1%) batch=8
2026-08-25T08:09:40.8759567-05:00 [PHASE5B] [OK ] [4.1] SOURCE_VERSIONS: 40,000/47,216 (84.7%) batches=8 elapsed=0.19s
2026-08-25T08:09:40.8779579-05:00 [PHASE5B] [RUN] [4.1] P5B_VERSIONS / SOURCE_VERSIONS 40,000/47,216 ( 84.7%) batch=9
2026-08-25T08:09:41.0542747-05:00 [PHASE5B] [OK ] [4.1] SOURCE_VERSIONS: 45,000/47,216 (95.3%) batches=9 elapsed=0.18s
2026-08-25T08:09:41.0552746-05:00 [PHASE5B] [RUN] [4.1] P5B_VERSIONS / SOURCE_VERSIONS 45,000/47,216 ( 95.3%) batch=10
2026-08-25T08:09:41.1393516-05:00 [PHASE5B] [OK ] [4.1] SOURCE_VERSIONS: 47,216/47,216 (100.0%) batches=10 elapsed=0.09s
2026-08-25T08:09:41.1418611-05:00 [PHASE5B] 
2026-08-25T08:09:41.1418611-05:00 [PHASE5B] -------------------------------------------------------------------------------
2026-08-25T08:09:41.1428601-05:00 [PHASE5B]  Durable Phase 5B checkpoint status
2026-08-25T08:09:41.1438623-05:00 [PHASE5B] -------------------------------------------------------------------------------
2026-08-25T08:09:41.1448597-05:00 [PHASE5B] 
2026-08-25T08:09:41.1458599-05:00 [PHASE5B] [1/10] P5B_VALIDATE
2026-08-25T08:09:41.1458599-05:00 [PHASE5B]       [1.1] SOURCE_CONTRACT              COMPLETED          1 / 1          100.0% batches=1
2026-08-25T08:09:41.1468608-05:00 [PHASE5B]       [1.2] PARENT_CLASSIFICATION        COMPLETED          1 / 1          100.0% batches=1
2026-08-25T08:09:41.1478601-05:00 [PHASE5B]       [1.3] CATALOG_REFERENCES           COMPLETED          1 / 1          100.0% batches=1
2026-08-25T08:09:41.1488603-05:00 [PHASE5B]       [1.4] VERSION_KEYS                 COMPLETED          1 / 1          100.0% batches=1
2026-08-25T08:09:41.1488603-05:00 [PHASE5B] 
2026-08-25T08:09:41.1498603-05:00 [PHASE5B] [2/10] P5B_VARIANTS
2026-08-25T08:09:41.1513633-05:00 [PHASE5B]       [2.1] BASE_PART_COLOR_VARIANTS     COMPLETED  1,551,426 / 1,551,426  100.0% batches=311
2026-08-25T08:09:41.1513633-05:00 [PHASE5B] 
2026-08-25T08:09:41.1523674-05:00 [PHASE5B] [3/10] P5B_DEFINITIONS
2026-08-25T08:09:41.1533705-05:00 [PHASE5B]       [3.1] PARENT_DEFINITIONS           COMPLETED     47,216 / 47,216     100.0% batches=10
2026-08-25T08:09:41.1543712-05:00 [PHASE5B] 
2026-08-25T08:09:41.1553716-05:00 [PHASE5B] [4/10] P5B_VERSIONS
2026-08-25T08:09:41.1553716-05:00 [PHASE5B]       [4.1] SOURCE_VERSIONS              COMPLETED     47,216 / 47,216     100.0% batches=10
2026-08-25T08:09:41.1563713-05:00 [PHASE5B] 
2026-08-25T08:09:41.1573716-05:00 [PHASE5B] [5/10] P5B_SET_MEMBERS
2026-08-25T08:09:41.1583713-05:00 [PHASE5B]       [5.1] PARTS                        PENDING            0 / 1,551,426    0.0% batches=0
2026-08-25T08:09:41.1593703-05:00 [PHASE5B]       [5.2] SETS                         PENDING            0 / 5,176        0.0% batches=0
2026-08-25T08:09:41.1593703-05:00 [PHASE5B]       [5.3] MINIFIGURES                  PENDING            0 / 25,738       0.0% batches=0
2026-08-25T08:09:41.1608738-05:00 [PHASE5B] 
2026-08-25T08:09:41.1608738-05:00 [PHASE5B] [6/10] P5B_MINIFIG_MEMBERS
2026-08-25T08:09:41.1618771-05:00 [PHASE5B]       [6.1] PARTS                        PENDING            0 / 1,551,426    0.0% batches=0
2026-08-25T08:09:41.1628791-05:00 [PHASE5B] 
2026-08-25T08:09:41.1638785-05:00 [PHASE5B] [7/10] P5B_MINIFIG_ANCHORS
2026-08-25T08:09:41.1648776-05:00 [PHASE5B]       [7.1] COMPOSITIONS                 PENDING            0 / 47,216       0.0% batches=0
2026-08-25T08:09:41.1658772-05:00 [PHASE5B] 
2026-08-25T08:09:41.1668793-05:00 [PHASE5B] [8/10] P5B_FINALIZE_VERSIONS
2026-08-25T08:09:41.1668793-05:00 [PHASE5B]       [8.1] HASH_AND_FINALIZE            PENDING            0 / 47,216       0.0% batches=0
2026-08-25T08:09:41.1678802-05:00 [PHASE5B] 
2026-08-25T08:09:41.1688781-05:00 [PHASE5B] [9/10] P5B_AUTHORITY
2026-08-25T08:09:41.1698782-05:00 [PHASE5B]       [9.1] LATEST_SOURCE                PENDING            0 / 47,216       0.0% batches=0
2026-08-25T08:09:41.1708791-05:00 [PHASE5B] 
2026-08-25T08:09:41.1708791-05:00 [PHASE5B] [10/10] P5B_COMPLETE
2026-08-25T08:09:41.1721568-05:00 [PHASE5B]       [10.1] VERIFY                       PENDING            0 / 1            0.0% batches=0
2026-08-25T08:09:41.1731610-05:00 [PHASE5B]       [10.2] COMPLETE_RUN                 PENDING            0 / 1            0.0% batches=0
2026-08-25T08:09:41.1741605-05:00 [PHASE5B] 
2026-08-25T08:09:41.1751600-05:00 [PHASE5B] [RUN] [5.1] P5B_SET_MEMBERS / PARTS 0/1,551,426 (  0.0%) batch=1
2026-08-25T08:09:41.8720817-05:00 [PHASE5B] [OK ] [5.1] PARTS: 5,000/1,551,426 (0.3%) batches=1 elapsed=0.73s
2026-08-25T08:09:41.8730809-05:00 [PHASE5B] [RUN] [5.1] P5B_SET_MEMBERS / PARTS 5,000/1,551,426 (  0.3%) batch=2
2026-08-25T08:09:42.4946215-05:00 [PHASE5B] [OK ] [5.1] PARTS: 10,000/1,551,426 (0.6%) batches=2 elapsed=0.62s
2026-08-25T08:09:42.4966187-05:00 [PHASE5B] [RUN] [5.1] P5B_SET_MEMBERS / PARTS 10,000/1,551,426 (  0.6%) batch=3
2026-08-25T08:09:43.1019181-05:00 [PHASE5B] [OK ] [5.1] PARTS: 15,000/1,551,426 (1.0%) batches=3 elapsed=0.61s
2026-08-25T08:09:43.1029185-05:00 [PHASE5B] [RUN] [5.1] P5B_SET_MEMBERS / PARTS 15,000/1,551,426 (  1.0%) batch=4
2026-08-25T08:09:43.7212706-05:00 [PHASE5B] [OK ] [5.1] PARTS: 20,000/1,551,426 (1.3%) batches=4 elapsed=0.62s
2026-08-25T08:09:43.7232730-05:00 [PHASE5B] [RUN] [5.1] P5B_SET_MEMBERS / PARTS 20,000/1,551,426 (  1.3%) batch=5
2026-08-25T08:09:44.3990222-05:00 [PHASE5B] [OK ] [5.1] PARTS: 25,000/1,551,426 (1.6%) batches=5 elapsed=0.68s
2026-08-25T08:09:44.4000202-05:00 [PHASE5B] [RUN] [5.1] P5B_SET_MEMBERS / PARTS 25,000/1,551,426 (  1.6%) batch=6
2026-08-25T08:09:45.0321707-05:00 [PHASE5B] [OK ] [5.1] PARTS: 30,000/1,551,426 (1.9%) batches=6 elapsed=0.63s
2026-08-25T08:09:45.0331715-05:00 [PHASE5B] [RUN] [5.1] P5B_SET_MEMBERS / PARTS 30,000/1,551,426 (  1.9%) batch=7
2026-08-25T08:09:45.6816097-05:00 [PHASE5B] [OK ] [5.1] PARTS: 35,000/1,551,426 (2.3%) batches=7 elapsed=0.65s
2026-08-25T08:09:45.6836132-05:00 [PHASE5B] [RUN] [5.1] P5B_SET_MEMBERS / PARTS 35,000/1,551,426 (  2.3%) batch=8
2026-08-25T08:09:46.3107067-05:00 [PHASE5B] [OK ] [5.1] PARTS: 40,000/1,551,426 (2.6%) batches=8 elapsed=0.63s
2026-08-25T08:09:46.3117993-05:00 [PHASE5B] [RUN] [5.1] P5B_SET_MEMBERS / PARTS 40,000/1,551,426 (  2.6%) batch=9
2026-08-25T08:09:47.0072922-05:00 [PHASE5B] [OK ] [5.1] PARTS: 45,000/1,551,426 (2.9%) batches=9 elapsed=0.70s
2026-08-25T08:09:47.0082949-05:00 [PHASE5B] [RUN] [5.1] P5B_SET_MEMBERS / PARTS 45,000/1,551,426 (  2.9%) batch=10
2026-08-25T08:09:47.6150594-05:00 [PHASE5B] [OK ] [5.1] PARTS: 50,000/1,551,426 (3.2%) batches=10 elapsed=0.61s
2026-08-25T08:09:47.6170592-05:00 [PHASE5B] [RUN] [5.1] P5B_SET_MEMBERS / PARTS 50,000/1,551,426 (  3.2%) batch=11
2026-08-25T08:09:48.2118977-05:00 [PHASE5B] [OK ] [5.1] PARTS: 55,000/1,551,426 (3.5%) batches=11 elapsed=0.60s
2026-08-25T08:09:48.2138964-05:00 [PHASE5B] [RUN] [5.1] P5B_SET_MEMBERS / PARTS 55,000/1,551,426 (  3.5%) batch=12
2026-08-25T08:09:48.8398631-05:00 [PHASE5B] [OK ] [5.1] PARTS: 60,000/1,551,426 (3.9%) batches=12 elapsed=0.63s
2026-08-25T08:09:48.8413663-05:00 [PHASE5B] [RUN] [5.1] P5B_SET_MEMBERS / PARTS 60,000/1,551,426 (  3.9%) batch=13
2026-08-25T08:09:49.4420220-05:00 [PHASE5B] [OK ] [5.1] PARTS: 65,000/1,551,426 (4.2%) batches=13 elapsed=0.60s
2026-08-25T08:09:49.4440228-05:00 [PHASE5B] [RUN] [5.1] P5B_SET_MEMBERS / PARTS 65,000/1,551,426 (  4.2%) batch=14
2026-08-25T08:09:50.1637470-05:00 [PHASE5B] [OK ] [5.1] PARTS: 70,000/1,551,426 (4.5%) batches=14 elapsed=0.72s
2026-08-25T08:09:50.1647474-05:00 [PHASE5B] [RUN] [5.1] P5B_SET_MEMBERS / PARTS 70,000/1,551,426 (  4.5%) batch=15
2026-08-25T08:09:50.7620799-05:00 [PHASE5B] [OK ] [5.1] PARTS: 75,000/1,551,426 (4.8%) batches=15 elapsed=0.60s
2026-08-25T08:09:50.7630791-05:00 [PHASE5B] [RUN] [5.1] P5B_SET_MEMBERS / PARTS 75,000/1,551,426 (  4.8%) batch=16
2026-08-25T08:09:51.3751062-05:00 [PHASE5B] [OK ] [5.1] PARTS: 80,000/1,551,426 (5.2%) batches=16 elapsed=0.61s
2026-08-25T08:09:51.3761064-05:00 [PHASE5B] [RUN] [5.1] P5B_SET_MEMBERS / PARTS 80,000/1,551,426 (  5.2%) batch=17
2026-08-25T08:09:51.9854577-05:00 [PHASE5B] [OK ] [5.1] PARTS: 85,000/1,551,426 (5.5%) batches=17 elapsed=0.61s
2026-08-25T08:09:51.9874589-05:00 [PHASE5B] [RUN] [5.1] P5B_SET_MEMBERS / PARTS 85,000/1,551,426 (  5.5%) batch=18
2026-08-25T08:09:52.6284881-05:00 [PHASE5B] [OK ] [5.1] PARTS: 90,000/1,551,426 (5.8%) batches=18 elapsed=0.64s
2026-08-25T08:09:52.6294873-05:00 [PHASE5B] [RUN] [5.1] P5B_SET_MEMBERS / PARTS 90,000/1,551,426 (  5.8%) batch=19
2026-08-25T08:09:53.2298309-05:00 [PHASE5B] [OK ] [5.1] PARTS: 95,000/1,551,426 (6.1%) batches=19 elapsed=0.60s
2026-08-25T08:09:53.2308302-05:00 [PHASE5B] [RUN] [5.1] P5B_SET_MEMBERS / PARTS 95,000/1,551,426 (  6.1%) batch=20
2026-08-25T08:09:53.8530853-05:00 [PHASE5B] [OK ] [5.1] PARTS: 100,000/1,551,426 (6.4%) batches=20 elapsed=0.62s
2026-08-25T08:09:53.8540838-05:00 [PHASE5B] [RUN] [5.1] P5B_SET_MEMBERS / PARTS 100,000/1,551,426 (  6.4%) batch=21
2026-08-25T08:09:54.4566624-05:00 [PHASE5B] [OK ] [5.1] PARTS: 105,000/1,551,426 (6.8%) batches=21 elapsed=0.60s
2026-08-25T08:09:54.4576625-05:00 [PHASE5B] [RUN] [5.1] P5B_SET_MEMBERS / PARTS 105,000/1,551,426 (  6.8%) batch=22
2026-08-25T08:09:55.0851245-05:00 [PHASE5B] [OK ] [5.1] PARTS: 110,000/1,551,426 (7.1%) batches=22 elapsed=0.63s
2026-08-25T08:09:55.0871222-05:00 [PHASE5B] [RUN] [5.1] P5B_SET_MEMBERS / PARTS 110,000/1,551,426 (  7.1%) batch=23
2026-08-25T08:09:55.6996406-05:00 [PHASE5B] [OK ] [5.1] PARTS: 115,000/1,551,426 (7.4%) batches=23 elapsed=0.61s
2026-08-25T08:09:55.7011428-05:00 [PHASE5B] [RUN] [5.1] P5B_SET_MEMBERS / PARTS 115,000/1,551,426 (  7.4%) batch=24
2026-08-25T08:09:56.3095555-05:00 [PHASE5B] [OK ] [5.1] PARTS: 120,000/1,551,426 (7.7%) batches=24 elapsed=0.61s
2026-08-25T08:09:56.3095555-05:00 [PHASE5B] [RUN] [5.1] P5B_SET_MEMBERS / PARTS 120,000/1,551,426 (  7.7%) batch=25
2026-08-25T08:09:56.9741289-05:00 [PHASE5B] [OK ] [5.1] PARTS: 125,000/1,551,426 (8.1%) batches=25 elapsed=0.66s
2026-08-25T08:09:56.9751288-05:00 [PHASE5B] [RUN] [5.1] P5B_SET_MEMBERS / PARTS 125,000/1,551,426 (  8.1%) batch=26
2026-08-25T08:09:57.6540870-05:00 [PHASE5B] [OK ] [5.1] PARTS: 130,000/1,551,426 (8.4%) batches=26 elapsed=0.68s
2026-08-25T08:09:57.6550858-05:00 [PHASE5B] [RUN] [5.1] P5B_SET_MEMBERS / PARTS 130,000/1,551,426 (  8.4%) batch=27
2026-08-25T08:09:58.3048273-05:00 [PHASE5B] [OK ] [5.1] PARTS: 135,000/1,551,426 (8.7%) batches=27 elapsed=0.65s
2026-08-25T08:09:58.3058280-05:00 [PHASE5B] [RUN] [5.1] P5B_SET_MEMBERS / PARTS 135,000/1,551,426 (  8.7%) batch=28
2026-08-25T08:09:59.0272636-05:00 [PHASE5B] [OK ] [5.1] PARTS: 140,000/1,551,426 (9.0%) batches=28 elapsed=0.72s
2026-08-25T08:09:59.0282637-05:00 [PHASE5B] [RUN] [5.1] P5B_SET_MEMBERS / PARTS 140,000/1,551,426 (  9.0%) batch=29
2026-08-25T08:09:59.6850127-05:00 [PHASE5B] [OK ] [5.1] PARTS: 145,000/1,551,426 (9.3%) batches=29 elapsed=0.66s
2026-08-25T08:09:59.6870127-05:00 [PHASE5B] [RUN] [5.1] P5B_SET_MEMBERS / PARTS 145,000/1,551,426 (  9.3%) batch=30
2026-08-25T08:10:00.3030898-05:00 [PHASE5B] [OK ] [5.1] PARTS: 150,000/1,551,426 (9.7%) batches=30 elapsed=0.62s
2026-08-25T08:10:00.3040910-05:00 [PHASE5B] [RUN] [5.1] P5B_SET_MEMBERS / PARTS 150,000/1,551,426 (  9.7%) batch=31
2026-08-25T08:10:01.0929316-05:00 [PHASE5B] [OK ] [5.1] PARTS: 155,000/1,551,426 (10.0%) batches=31 elapsed=0.79s
2026-08-25T08:10:01.0939310-05:00 [PHASE5B] [RUN] [5.1] P5B_SET_MEMBERS / PARTS 155,000/1,551,426 ( 10.0%) batch=32
2026-08-25T08:10:02.5586743-05:00 [PHASE5B] [OK ] [5.1] PARTS: 160,000/1,551,426 (10.3%) batches=32 elapsed=1.47s
2026-08-25T08:10:02.5606748-05:00 [PHASE5B] [RUN] [5.1] P5B_SET_MEMBERS / PARTS 160,000/1,551,426 ( 10.3%) batch=33
2026-08-25T08:10:04.0196604-05:00 [PHASE5B] [OK ] [5.1] PARTS: 165,000/1,551,426 (10.6%) batches=33 elapsed=1.46s
2026-08-25T08:10:04.0211643-05:00 [PHASE5B] [RUN] [5.1] P5B_SET_MEMBERS / PARTS 165,000/1,551,426 ( 10.6%) batch=34
2026-08-25T08:10:05.4610613-05:00 [PHASE5B] [OK ] [5.1] PARTS: 170,000/1,551,426 (11.0%) batches=34 elapsed=1.44s
2026-08-25T08:10:05.4622210-05:00 [PHASE5B] [RUN] [5.1] P5B_SET_MEMBERS / PARTS 170,000/1,551,426 ( 11.0%) batch=35
2026-08-25T08:10:07.2297227-05:00 [PHASE5B] [OK ] [5.1] PARTS: 175,000/1,551,426 (11.3%) batches=35 elapsed=1.77s
2026-08-25T08:10:07.2312271-05:00 [PHASE5B] [RUN] [5.1] P5B_SET_MEMBERS / PARTS 175,000/1,551,426 ( 11.3%) batch=36
2026-08-25T08:10:08.6082575-05:00 [PHASE5B] [OK ] [5.1] PARTS: 180,000/1,551,426 (11.6%) batches=36 elapsed=1.38s
2026-08-25T08:10:08.6092568-05:00 [PHASE5B] [RUN] [5.1] P5B_SET_MEMBERS / PARTS 180,000/1,551,426 ( 11.6%) batch=37
2026-08-25T08:10:10.1091265-05:00 [PHASE5B] [OK ] [5.1] PARTS: 185,000/1,551,426 (11.9%) batches=37 elapsed=1.50s
2026-08-25T08:10:10.1091265-05:00 [PHASE5B] [RUN] [5.1] P5B_SET_MEMBERS / PARTS 185,000/1,551,426 ( 11.9%) batch=38
2026-08-25T08:10:11.5671190-05:00 [PHASE5B] [OK ] [5.1] PARTS: 190,000/1,551,426 (12.2%) batches=38 elapsed=1.46s
2026-08-25T08:10:11.5681175-05:00 [PHASE5B] [RUN] [5.1] P5B_SET_MEMBERS / PARTS 190,000/1,551,426 ( 12.2%) batch=39
2026-08-25T08:10:13.0212242-05:00 [PHASE5B] [OK ] [5.1] PARTS: 195,000/1,551,426 (12.6%) batches=39 elapsed=1.45s
2026-08-25T08:10:13.0222268-05:00 [PHASE5B] [RUN] [5.1] P5B_SET_MEMBERS / PARTS 195,000/1,551,426 ( 12.6%) batch=40
2026-08-25T08:10:14.5676309-05:00 [PHASE5B] [OK ] [5.1] PARTS: 200,000/1,551,426 (12.9%) batches=40 elapsed=1.55s
2026-08-25T08:10:14.5696311-05:00 [PHASE5B] [RUN] [5.1] P5B_SET_MEMBERS / PARTS 200,000/1,551,426 ( 12.9%) batch=41
2026-08-25T08:10:16.1028488-05:00 [PHASE5B] [OK ] [5.1] PARTS: 205,000/1,551,426 (13.2%) batches=41 elapsed=1.53s
2026-08-25T08:10:16.1038487-05:00 [PHASE5B] [RUN] [5.1] P5B_SET_MEMBERS / PARTS 205,000/1,551,426 ( 13.2%) batch=42
2026-08-25T08:10:17.5218206-05:00 [PHASE5B] [OK ] [5.1] PARTS: 210,000/1,551,426 (13.5%) batches=42 elapsed=1.42s
2026-08-25T08:10:17.5228206-05:00 [PHASE5B] [RUN] [5.1] P5B_SET_MEMBERS / PARTS 210,000/1,551,426 ( 13.5%) batch=43
2026-08-25T08:10:18.9305721-05:00 [PHASE5B] [OK ] [5.1] PARTS: 215,000/1,551,426 (13.9%) batches=43 elapsed=1.41s
2026-08-25T08:10:18.9315781-05:00 [PHASE5B] [RUN] [5.1] P5B_SET_MEMBERS / PARTS 215,000/1,551,426 ( 13.9%) batch=44
2026-08-25T08:10:20.4771113-05:00 [PHASE5B] [OK ] [5.1] PARTS: 220,000/1,551,426 (14.2%) batches=44 elapsed=1.55s
2026-08-25T08:10:20.4781098-05:00 [PHASE5B] [RUN] [5.1] P5B_SET_MEMBERS / PARTS 220,000/1,551,426 ( 14.2%) batch=45
2026-08-25T08:10:21.8938563-05:00 [PHASE5B] [OK ] [5.1] PARTS: 225,000/1,551,426 (14.5%) batches=45 elapsed=1.42s
2026-08-25T08:10:21.8948548-05:00 [PHASE5B] [RUN] [5.1] P5B_SET_MEMBERS / PARTS 225,000/1,551,426 ( 14.5%) batch=46
2026-08-25T08:10:23.4789039-05:00 [PHASE5B] [OK ] [5.1] PARTS: 230,000/1,551,426 (14.8%) batches=46 elapsed=1.59s
2026-08-25T08:10:23.4809041-05:00 [PHASE5B] [RUN] [5.1] P5B_SET_MEMBERS / PARTS 230,000/1,551,426 ( 14.8%) batch=47
2026-08-25T08:10:24.9459698-05:00 [PHASE5B] [OK ] [5.1] PARTS: 235,000/1,551,426 (15.1%) batches=47 elapsed=1.47s
2026-08-25T08:10:24.9479703-05:00 [PHASE5B] [RUN] [5.1] P5B_SET_MEMBERS / PARTS 235,000/1,551,426 ( 15.1%) batch=48
2026-08-25T08:10:26.6240860-05:00 [PHASE5B] [OK ] [5.1] PARTS: 240,000/1,551,426 (15.5%) batches=48 elapsed=1.68s
2026-08-25T08:10:26.6250850-05:00 [PHASE5B] [RUN] [5.1] P5B_SET_MEMBERS / PARTS 240,000/1,551,426 ( 15.5%) batch=49
2026-08-25T08:10:28.0430049-05:00 [PHASE5B] [OK ] [5.1] PARTS: 245,000/1,551,426 (15.8%) batches=49 elapsed=1.42s
2026-08-25T08:10:28.0450036-05:00 [PHASE5B] [RUN] [5.1] P5B_SET_MEMBERS / PARTS 245,000/1,551,426 ( 15.8%) batch=50
2026-08-25T08:10:29.6639313-05:00 [PHASE5B] [OK ] [5.1] PARTS: 250,000/1,551,426 (16.1%) batches=50 elapsed=1.62s
2026-08-25T08:10:29.6649298-05:00 [PHASE5B] [RUN] [5.1] P5B_SET_MEMBERS / PARTS 250,000/1,551,426 ( 16.1%) batch=51
2026-08-25T08:10:31.2339658-05:00 [PHASE5B] [OK ] [5.1] PARTS: 255,000/1,551,426 (16.4%) batches=51 elapsed=1.57s
2026-08-25T08:10:31.2349652-05:00 [PHASE5B] [RUN] [5.1] P5B_SET_MEMBERS / PARTS 255,000/1,551,426 ( 16.4%) batch=52
2026-08-25T08:10:32.7347412-05:00 [PHASE5B] [OK ] [5.1] PARTS: 260,000/1,551,426 (16.8%) batches=52 elapsed=1.50s
2026-08-25T08:10:32.7357405-05:00 [PHASE5B] [RUN] [5.1] P5B_SET_MEMBERS / PARTS 260,000/1,551,426 ( 16.8%) batch=53
2026-08-25T08:10:34.2290364-05:00 [PHASE5B] [OK ] [5.1] PARTS: 265,000/1,551,426 (17.1%) batches=53 elapsed=1.49s
2026-08-25T08:10:34.2305407-05:00 [PHASE5B] [RUN] [5.1] P5B_SET_MEMBERS / PARTS 265,000/1,551,426 ( 17.1%) batch=54
2026-08-25T08:10:35.6966521-05:00 [PHASE5B] [OK ] [5.1] PARTS: 270,000/1,551,426 (17.4%) batches=54 elapsed=1.47s
2026-08-25T08:10:35.6976537-05:00 [PHASE5B] [RUN] [5.1] P5B_SET_MEMBERS / PARTS 270,000/1,551,426 ( 17.4%) batch=55
2026-08-25T08:10:37.2308212-05:00 [PHASE5B] [OK ] [5.1] PARTS: 275,000/1,551,426 (17.7%) batches=55 elapsed=1.53s
2026-08-25T08:10:37.2318245-05:00 [PHASE5B] [RUN] [5.1] P5B_SET_MEMBERS / PARTS 275,000/1,551,426 ( 17.7%) batch=56
2026-08-25T08:10:38.8384833-05:00 [PHASE5B] [OK ] [5.1] PARTS: 280,000/1,551,426 (18.0%) batches=56 elapsed=1.61s
2026-08-25T08:10:38.8394832-05:00 [PHASE5B] [RUN] [5.1] P5B_SET_MEMBERS / PARTS 280,000/1,551,426 ( 18.0%) batch=57
2026-08-25T08:10:40.3016272-05:00 [PHASE5B] [OK ] [5.1] PARTS: 285,000/1,551,426 (18.4%) batches=57 elapsed=1.46s
2026-08-25T08:10:40.3026279-05:00 [PHASE5B] [RUN] [5.1] P5B_SET_MEMBERS / PARTS 285,000/1,551,426 ( 18.4%) batch=58
2026-08-25T08:10:41.8834220-05:00 [PHASE5B] [OK ] [5.1] PARTS: 290,000/1,551,426 (18.7%) batches=58 elapsed=1.58s
2026-08-25T08:10:41.8844215-05:00 [PHASE5B] [RUN] [5.1] P5B_SET_MEMBERS / PARTS 290,000/1,551,426 ( 18.7%) batch=59
2026-08-25T08:10:43.5605387-05:00 [PHASE5B] [OK ] [5.1] PARTS: 295,000/1,551,426 (19.0%) batches=59 elapsed=1.68s
2026-08-25T08:10:43.5625427-05:00 [PHASE5B] [RUN] [5.1] P5B_SET_MEMBERS / PARTS 295,000/1,551,426 ( 19.0%) batch=60
2026-08-25T08:10:45.1834409-05:00 [PHASE5B] [OK ] [5.1] PARTS: 300,000/1,551,426 (19.3%) batches=60 elapsed=1.62s
2026-08-25T08:10:45.1854397-05:00 [PHASE5B] [RUN] [5.1] P5B_SET_MEMBERS / PARTS 300,000/1,551,426 ( 19.3%) batch=61
2026-08-25T08:10:46.7716085-05:00 [PHASE5B] [OK ] [5.1] PARTS: 305,000/1,551,426 (19.7%) batches=61 elapsed=1.59s
2026-08-25T08:10:46.7726093-05:00 [PHASE5B] [RUN] [5.1] P5B_SET_MEMBERS / PARTS 305,000/1,551,426 ( 19.7%) batch=62
2026-08-25T08:10:48.3814443-05:00 [PHASE5B] [OK ] [5.1] PARTS: 310,000/1,551,426 (20.0%) batches=62 elapsed=1.61s
2026-08-25T08:10:48.3824475-05:00 [PHASE5B] [RUN] [5.1] P5B_SET_MEMBERS / PARTS 310,000/1,551,426 ( 20.0%) batch=63
2026-08-25T08:10:49.9879480-05:00 [PHASE5B] [OK ] [5.1] PARTS: 315,000/1,551,426 (20.3%) batches=63 elapsed=1.61s
2026-08-25T08:10:49.9889460-05:00 [PHASE5B] [RUN] [5.1] P5B_SET_MEMBERS / PARTS 315,000/1,551,426 ( 20.3%) batch=64
2026-08-25T08:10:51.5480940-05:00 [PHASE5B] [OK ] [5.1] PARTS: 320,000/1,551,426 (20.6%) batches=64 elapsed=1.56s
2026-08-25T08:10:51.5490916-05:00 [PHASE5B] [RUN] [5.1] P5B_SET_MEMBERS / PARTS 320,000/1,551,426 ( 20.6%) batch=65
2026-08-25T08:10:53.0525744-05:00 [PHASE5B] [OK ] [5.1] PARTS: 325,000/1,551,426 (20.9%) batches=65 elapsed=1.50s
2026-08-25T08:10:53.0535743-05:00 [PHASE5B] [RUN] [5.1] P5B_SET_MEMBERS / PARTS 325,000/1,551,426 ( 20.9%) batch=66
2026-08-25T08:10:54.4813713-05:00 [PHASE5B] [OK ] [5.1] PARTS: 330,000/1,551,426 (21.3%) batches=66 elapsed=1.43s
2026-08-25T08:10:54.4823718-05:00 [PHASE5B] [RUN] [5.1] P5B_SET_MEMBERS / PARTS 330,000/1,551,426 ( 21.3%) batch=67
2026-08-25T08:10:56.0306184-05:00 [PHASE5B] [OK ] [5.1] PARTS: 335,000/1,551,426 (21.6%) batches=67 elapsed=1.55s
2026-08-25T08:10:56.0327227-05:00 [PHASE5B] [RUN] [5.1] P5B_SET_MEMBERS / PARTS 335,000/1,551,426 ( 21.6%) batch=68
2026-08-25T08:10:57.6104630-05:00 [PHASE5B] [OK ] [5.1] PARTS: 340,000/1,551,426 (21.9%) batches=68 elapsed=1.58s
2026-08-25T08:10:57.6119706-05:00 [PHASE5B] [RUN] [5.1] P5B_SET_MEMBERS / PARTS 340,000/1,551,426 ( 21.9%) batch=69
2026-08-25T08:10:59.3155639-05:00 [PHASE5B] [OK ] [5.1] PARTS: 345,000/1,551,426 (22.2%) batches=69 elapsed=1.70s
2026-08-25T08:10:59.3165634-05:00 [PHASE5B] [RUN] [5.1] P5B_SET_MEMBERS / PARTS 345,000/1,551,426 ( 22.2%) batch=70
2026-08-25T08:11:00.9795049-05:00 [PHASE5B] [OK ] [5.1] PARTS: 350,000/1,551,426 (22.6%) batches=70 elapsed=1.66s
2026-08-25T08:11:00.9810070-05:00 [PHASE5B] [RUN] [5.1] P5B_SET_MEMBERS / PARTS 350,000/1,551,426 ( 22.6%) batch=71
2026-08-25T08:11:02.4882726-05:00 [PHASE5B] [OK ] [5.1] PARTS: 355,000/1,551,426 (22.9%) batches=71 elapsed=1.51s
2026-08-25T08:11:02.4902730-05:00 [PHASE5B] [RUN] [5.1] P5B_SET_MEMBERS / PARTS 355,000/1,551,426 ( 22.9%) batch=72
2026-08-25T08:11:04.2315932-05:00 [PHASE5B] [OK ] [5.1] PARTS: 360,000/1,551,426 (23.2%) batches=72 elapsed=1.74s
2026-08-25T08:11:04.2325940-05:00 [PHASE5B] [RUN] [5.1] P5B_SET_MEMBERS / PARTS 360,000/1,551,426 ( 23.2%) batch=73
2026-08-25T08:11:05.7765027-05:00 [PHASE5B] [OK ] [5.1] PARTS: 365,000/1,551,426 (23.5%) batches=73 elapsed=1.54s
2026-08-25T08:11:05.7775038-05:00 [PHASE5B] [RUN] [5.1] P5B_SET_MEMBERS / PARTS 365,000/1,551,426 ( 23.5%) batch=74
2026-08-25T08:11:07.2555668-05:00 [PHASE5B] [OK ] [5.1] PARTS: 370,000/1,551,426 (23.8%) batches=74 elapsed=1.48s
2026-08-25T08:11:07.2575678-05:00 [PHASE5B] [RUN] [5.1] P5B_SET_MEMBERS / PARTS 370,000/1,551,426 ( 23.8%) batch=75
2026-08-25T08:11:08.8155262-05:00 [PHASE5B] [OK ] [5.1] PARTS: 375,000/1,551,426 (24.2%) batches=75 elapsed=1.56s
2026-08-25T08:11:08.8165263-05:00 [PHASE5B] [RUN] [5.1] P5B_SET_MEMBERS / PARTS 375,000/1,551,426 ( 24.2%) batch=76
2026-08-25T08:11:10.3025589-05:00 [PHASE5B] [OK ] [5.1] PARTS: 380,000/1,551,426 (24.5%) batches=76 elapsed=1.49s
2026-08-25T08:11:10.3035589-05:00 [PHASE5B] [RUN] [5.1] P5B_SET_MEMBERS / PARTS 380,000/1,551,426 ( 24.5%) batch=77
2026-08-25T08:11:11.8624211-05:00 [PHASE5B] [OK ] [5.1] PARTS: 385,000/1,551,426 (24.8%) batches=77 elapsed=1.56s
2026-08-25T08:11:11.8637613-05:00 [PHASE5B] [RUN] [5.1] P5B_SET_MEMBERS / PARTS 385,000/1,551,426 ( 24.8%) batch=78
2026-08-25T08:11:13.3762399-05:00 [PHASE5B] [OK ] [5.1] PARTS: 390,000/1,551,426 (25.1%) batches=78 elapsed=1.51s
2026-08-25T08:11:13.3782386-05:00 [PHASE5B] [RUN] [5.1] P5B_SET_MEMBERS / PARTS 390,000/1,551,426 ( 25.1%) batch=79
2026-08-25T08:11:14.8422066-05:00 [PHASE5B] [OK ] [5.1] PARTS: 395,000/1,551,426 (25.5%) batches=79 elapsed=1.46s
2026-08-25T08:11:14.8432071-05:00 [PHASE5B] [RUN] [5.1] P5B_SET_MEMBERS / PARTS 395,000/1,551,426 ( 25.5%) batch=80
2026-08-25T08:11:16.3326686-05:00 [PHASE5B] [OK ] [5.1] PARTS: 400,000/1,551,426 (25.8%) batches=80 elapsed=1.49s
2026-08-25T08:11:16.3336674-05:00 [PHASE5B] [RUN] [5.1] P5B_SET_MEMBERS / PARTS 400,000/1,551,426 ( 25.8%) batch=81
2026-08-25T08:11:17.7590681-05:00 [PHASE5B] [OK ] [5.1] PARTS: 405,000/1,551,426 (26.1%) batches=81 elapsed=1.43s
2026-08-25T08:11:17.7605716-05:00 [PHASE5B] [RUN] [5.1] P5B_SET_MEMBERS / PARTS 405,000/1,551,426 ( 26.1%) batch=82
2026-08-25T08:11:19.2447669-05:00 [PHASE5B] [OK ] [5.1] PARTS: 410,000/1,551,426 (26.4%) batches=82 elapsed=1.49s
2026-08-25T08:11:19.2457649-05:00 [PHASE5B] [RUN] [5.1] P5B_SET_MEMBERS / PARTS 410,000/1,551,426 ( 26.4%) batch=83
2026-08-25T08:11:20.7386505-05:00 [PHASE5B] [OK ] [5.1] PARTS: 415,000/1,551,426 (26.7%) batches=83 elapsed=1.49s
2026-08-25T08:11:20.7386505-05:00 [PHASE5B] [RUN] [5.1] P5B_SET_MEMBERS / PARTS 415,000/1,551,426 ( 26.7%) batch=84
2026-08-25T08:11:22.2776420-05:00 [PHASE5B] [OK ] [5.1] PARTS: 420,000/1,551,426 (27.1%) batches=84 elapsed=1.54s
2026-08-25T08:11:22.2786426-05:00 [PHASE5B] [RUN] [5.1] P5B_SET_MEMBERS / PARTS 420,000/1,551,426 ( 27.1%) batch=85
2026-08-25T08:11:23.7063650-05:00 [PHASE5B] [OK ] [5.1] PARTS: 425,000/1,551,426 (27.4%) batches=85 elapsed=1.43s
2026-08-25T08:11:23.7073647-05:00 [PHASE5B] [RUN] [5.1] P5B_SET_MEMBERS / PARTS 425,000/1,551,426 ( 27.4%) batch=86
2026-08-25T08:11:25.2072406-05:00 [PHASE5B] [OK ] [5.1] PARTS: 430,000/1,551,426 (27.7%) batches=86 elapsed=1.50s
2026-08-25T08:11:25.2082422-05:00 [PHASE5B] [RUN] [5.1] P5B_SET_MEMBERS / PARTS 430,000/1,551,426 ( 27.7%) batch=87
2026-08-25T08:11:26.6102924-05:00 [PHASE5B] [OK ] [5.1] PARTS: 435,000/1,551,426 (28.0%) batches=87 elapsed=1.40s
2026-08-25T08:11:26.6112989-05:00 [PHASE5B] [RUN] [5.1] P5B_SET_MEMBERS / PARTS 435,000/1,551,426 ( 28.0%) batch=88
2026-08-25T08:11:28.5193733-05:00 [PHASE5B] [OK ] [5.1] PARTS: 440,000/1,551,426 (28.4%) batches=88 elapsed=1.91s
2026-08-25T08:11:28.5203749-05:00 [PHASE5B] [RUN] [5.1] P5B_SET_MEMBERS / PARTS 440,000/1,551,426 ( 28.4%) batch=89
2026-08-25T08:11:29.9330866-05:00 [PHASE5B] [OK ] [5.1] PARTS: 445,000/1,551,426 (28.7%) batches=89 elapsed=1.41s
2026-08-25T08:11:29.9350851-05:00 [PHASE5B] [RUN] [5.1] P5B_SET_MEMBERS / PARTS 445,000/1,551,426 ( 28.7%) batch=90
2026-08-25T08:11:31.4437607-05:00 [PHASE5B] [OK ] [5.1] PARTS: 450,000/1,551,426 (29.0%) batches=90 elapsed=1.51s
2026-08-25T08:11:31.4447594-05:00 [PHASE5B] [RUN] [5.1] P5B_SET_MEMBERS / PARTS 450,000/1,551,426 ( 29.0%) batch=91
2026-08-25T08:11:32.9235124-05:00 [PHASE5B] [OK ] [5.1] PARTS: 455,000/1,551,426 (29.3%) batches=91 elapsed=1.48s
2026-08-25T08:11:32.9245123-05:00 [PHASE5B] [RUN] [5.1] P5B_SET_MEMBERS / PARTS 455,000/1,551,426 ( 29.3%) batch=92
2026-08-25T08:11:34.4820820-05:00 [PHASE5B] [OK ] [5.1] PARTS: 460,000/1,551,426 (29.7%) batches=92 elapsed=1.56s
2026-08-25T08:11:34.4835874-05:00 [PHASE5B] [RUN] [5.1] P5B_SET_MEMBERS / PARTS 460,000/1,551,426 ( 29.7%) batch=93
2026-08-25T08:11:35.9247943-05:00 [PHASE5B] [OK ] [5.1] PARTS: 465,000/1,551,426 (30.0%) batches=93 elapsed=1.44s
2026-08-25T08:11:35.9267950-05:00 [PHASE5B] [RUN] [5.1] P5B_SET_MEMBERS / PARTS 465,000/1,551,426 ( 30.0%) batch=94
2026-08-25T08:11:37.4202996-05:00 [PHASE5B] [OK ] [5.1] PARTS: 470,000/1,551,426 (30.3%) batches=94 elapsed=1.50s
2026-08-25T08:11:37.4223055-05:00 [PHASE5B] [RUN] [5.1] P5B_SET_MEMBERS / PARTS 470,000/1,551,426 ( 30.3%) batch=95
2026-08-25T08:11:38.8730334-05:00 [PHASE5B] [OK ] [5.1] PARTS: 475,000/1,551,426 (30.6%) batches=95 elapsed=1.45s
2026-08-25T08:11:38.8740335-05:00 [PHASE5B] [RUN] [5.1] P5B_SET_MEMBERS / PARTS 475,000/1,551,426 ( 30.6%) batch=96
2026-08-25T08:11:40.2700932-05:00 [PHASE5B] [OK ] [5.1] PARTS: 480,000/1,551,426 (30.9%) batches=96 elapsed=1.40s
2026-08-25T08:11:40.2710981-05:00 [PHASE5B] [RUN] [5.1] P5B_SET_MEMBERS / PARTS 480,000/1,551,426 ( 30.9%) batch=97
2026-08-25T08:11:41.7933423-05:00 [PHASE5B] [OK ] [5.1] PARTS: 485,000/1,551,426 (31.3%) batches=97 elapsed=1.52s
2026-08-25T08:11:41.7943411-05:00 [PHASE5B] [RUN] [5.1] P5B_SET_MEMBERS / PARTS 485,000/1,551,426 ( 31.3%) batch=98
2026-08-25T08:11:43.2759873-05:00 [PHASE5B] [OK ] [5.1] PARTS: 490,000/1,551,426 (31.6%) batches=98 elapsed=1.48s
2026-08-25T08:11:43.2769891-05:00 [PHASE5B] [RUN] [5.1] P5B_SET_MEMBERS / PARTS 490,000/1,551,426 ( 31.6%) batch=99
2026-08-25T08:11:44.7600945-05:00 [PHASE5B] [OK ] [5.1] PARTS: 495,000/1,551,426 (31.9%) batches=99 elapsed=1.48s
2026-08-25T08:11:44.7611011-05:00 [PHASE5B] [RUN] [5.1] P5B_SET_MEMBERS / PARTS 495,000/1,551,426 ( 31.9%) batch=100
2026-08-25T08:11:46.2156812-05:00 [PHASE5B] [OK ] [5.1] PARTS: 500,000/1,551,426 (32.2%) batches=100 elapsed=1.46s
2026-08-25T08:11:46.2166822-05:00 [PHASE5B] [RUN] [5.1] P5B_SET_MEMBERS / PARTS 500,000/1,551,426 ( 32.2%) batch=101
2026-08-25T08:11:47.7634320-05:00 [PHASE5B] [OK ] [5.1] PARTS: 505,000/1,551,426 (32.6%) batches=101 elapsed=1.55s
2026-08-25T08:11:47.7654311-05:00 [PHASE5B] [RUN] [5.1] P5B_SET_MEMBERS / PARTS 505,000/1,551,426 ( 32.6%) batch=102
2026-08-25T08:11:49.3180665-05:00 [PHASE5B] [OK ] [5.1] PARTS: 510,000/1,551,426 (32.9%) batches=102 elapsed=1.55s
2026-08-25T08:11:49.3190652-05:00 [PHASE5B] [RUN] [5.1] P5B_SET_MEMBERS / PARTS 510,000/1,551,426 ( 32.9%) batch=103
2026-08-25T08:11:50.7634760-05:00 [PHASE5B] [OK ] [5.1] PARTS: 515,000/1,551,426 (33.2%) batches=103 elapsed=1.45s
2026-08-25T08:11:50.7654765-05:00 [PHASE5B] [RUN] [5.1] P5B_SET_MEMBERS / PARTS 515,000/1,551,426 ( 33.2%) batch=104
2026-08-25T08:11:52.1810451-05:00 [PHASE5B] [OK ] [5.1] PARTS: 520,000/1,551,426 (33.5%) batches=104 elapsed=1.42s
2026-08-25T08:11:52.1820445-05:00 [PHASE5B] [RUN] [5.1] P5B_SET_MEMBERS / PARTS 520,000/1,551,426 ( 33.5%) batch=105
2026-08-25T08:11:53.6971561-05:00 [PHASE5B] [OK ] [5.1] PARTS: 525,000/1,551,426 (33.8%) batches=105 elapsed=1.52s
2026-08-25T08:11:53.6981571-05:00 [PHASE5B] [RUN] [5.1] P5B_SET_MEMBERS / PARTS 525,000/1,551,426 ( 33.8%) batch=106
2026-08-25T08:11:55.3185350-05:00 [PHASE5B] [OK ] [5.1] PARTS: 530,000/1,551,426 (34.2%) batches=106 elapsed=1.62s
2026-08-25T08:11:55.3200385-05:00 [PHASE5B] [RUN] [5.1] P5B_SET_MEMBERS / PARTS 530,000/1,551,426 ( 34.2%) batch=107
2026-08-25T08:11:56.7979833-05:00 [PHASE5B] [OK ] [5.1] PARTS: 535,000/1,551,426 (34.5%) batches=107 elapsed=1.48s
2026-08-25T08:11:56.7989841-05:00 [PHASE5B] [RUN] [5.1] P5B_SET_MEMBERS / PARTS 535,000/1,551,426 ( 34.5%) batch=108
2026-08-25T08:11:58.3779227-05:00 [PHASE5B] [OK ] [5.1] PARTS: 540,000/1,551,426 (34.8%) batches=108 elapsed=1.58s
2026-08-25T08:11:58.3799236-05:00 [PHASE5B] [RUN] [5.1] P5B_SET_MEMBERS / PARTS 540,000/1,551,426 ( 34.8%) batch=109
2026-08-25T08:11:59.8487294-05:00 [PHASE5B] [OK ] [5.1] PARTS: 545,000/1,551,426 (35.1%) batches=109 elapsed=1.47s
2026-08-25T08:11:59.8512417-05:00 [PHASE5B] [RUN] [5.1] P5B_SET_MEMBERS / PARTS 545,000/1,551,426 ( 35.1%) batch=110
2026-08-25T08:12:01.3362231-05:00 [PHASE5B] [OK ] [5.1] PARTS: 550,000/1,551,426 (35.5%) batches=110 elapsed=1.49s
2026-08-25T08:12:01.3372232-05:00 [PHASE5B] [RUN] [5.1] P5B_SET_MEMBERS / PARTS 550,000/1,551,426 ( 35.5%) batch=111
2026-08-25T08:12:02.8730234-05:00 [PHASE5B] [OK ] [5.1] PARTS: 555,000/1,551,426 (35.8%) batches=111 elapsed=1.54s
2026-08-25T08:12:02.8740246-05:00 [PHASE5B] [RUN] [5.1] P5B_SET_MEMBERS / PARTS 555,000/1,551,426 ( 35.8%) batch=112
2026-08-25T08:12:04.3343282-05:00 [PHASE5B] [OK ] [5.1] PARTS: 560,000/1,551,426 (36.1%) batches=112 elapsed=1.46s
2026-08-25T08:12:04.3353275-05:00 [PHASE5B] [RUN] [5.1] P5B_SET_MEMBERS / PARTS 560,000/1,551,426 ( 36.1%) batch=113
2026-08-25T08:12:05.9482999-05:00 [PHASE5B] [OK ] [5.1] PARTS: 565,000/1,551,426 (36.4%) batches=113 elapsed=1.61s
2026-08-25T08:12:05.9492990-05:00 [PHASE5B] [RUN] [5.1] P5B_SET_MEMBERS / PARTS 565,000/1,551,426 ( 36.4%) batch=114
2026-08-25T08:12:07.5077348-05:00 [PHASE5B] [OK ] [5.1] PARTS: 570,000/1,551,426 (36.7%) batches=114 elapsed=1.56s
2026-08-25T08:12:07.5087346-05:00 [PHASE5B] [RUN] [5.1] P5B_SET_MEMBERS / PARTS 570,000/1,551,426 ( 36.7%) batch=115
2026-08-25T08:12:09.1599169-05:00 [PHASE5B] [OK ] [5.1] PARTS: 575,000/1,551,426 (37.1%) batches=115 elapsed=1.65s
2026-08-25T08:12:09.1622988-05:00 [PHASE5B] [RUN] [5.1] P5B_SET_MEMBERS / PARTS 575,000/1,551,426 ( 37.1%) batch=116
2026-08-25T08:12:10.6144069-05:00 [PHASE5B] [OK ] [5.1] PARTS: 580,000/1,551,426 (37.4%) batches=116 elapsed=1.45s
2026-08-25T08:12:10.6154096-05:00 [PHASE5B] [RUN] [5.1] P5B_SET_MEMBERS / PARTS 580,000/1,551,426 ( 37.4%) batch=117
2026-08-25T08:12:12.1101850-05:00 [PHASE5B] [OK ] [5.1] PARTS: 585,000/1,551,426 (37.7%) batches=117 elapsed=1.50s
2026-08-25T08:12:12.1111917-05:00 [PHASE5B] [RUN] [5.1] P5B_SET_MEMBERS / PARTS 585,000/1,551,426 ( 37.7%) batch=118
2026-08-25T08:12:13.6151610-05:00 [PHASE5B] [OK ] [5.1] PARTS: 590,000/1,551,426 (38.0%) batches=118 elapsed=1.51s
2026-08-25T08:12:13.6176706-05:00 [PHASE5B] [RUN] [5.1] P5B_SET_MEMBERS / PARTS 590,000/1,551,426 ( 38.0%) batch=119
2026-08-25T08:12:15.2015826-05:00 [PHASE5B] [OK ] [5.1] PARTS: 595,000/1,551,426 (38.4%) batches=119 elapsed=1.59s
2026-08-25T08:12:15.2025863-05:00 [PHASE5B] [RUN] [5.1] P5B_SET_MEMBERS / PARTS 595,000/1,551,426 ( 38.4%) batch=120
2026-08-25T08:12:16.7260007-05:00 [PHASE5B] [OK ] [5.1] PARTS: 600,000/1,551,426 (38.7%) batches=120 elapsed=1.52s
2026-08-25T08:12:16.7270003-05:00 [PHASE5B] [RUN] [5.1] P5B_SET_MEMBERS / PARTS 600,000/1,551,426 ( 38.7%) batch=121
2026-08-25T08:12:18.4119878-05:00 [PHASE5B] [OK ] [5.1] PARTS: 605,000/1,551,426 (39.0%) batches=121 elapsed=1.69s
2026-08-25T08:12:18.4129898-05:00 [PHASE5B] [RUN] [5.1] P5B_SET_MEMBERS / PARTS 605,000/1,551,426 ( 39.0%) batch=122
2026-08-25T08:12:19.8567979-05:00 [PHASE5B] [OK ] [5.1] PARTS: 610,000/1,551,426 (39.3%) batches=122 elapsed=1.44s
2026-08-25T08:12:19.8577966-05:00 [PHASE5B] [RUN] [5.1] P5B_SET_MEMBERS / PARTS 610,000/1,551,426 ( 39.3%) batch=123
2026-08-25T08:12:21.3708566-05:00 [PHASE5B] [OK ] [5.1] PARTS: 615,000/1,551,426 (39.6%) batches=123 elapsed=1.51s
2026-08-25T08:12:21.3718570-05:00 [PHASE5B] [RUN] [5.1] P5B_SET_MEMBERS / PARTS 615,000/1,551,426 ( 39.6%) batch=124
2026-08-25T08:12:22.5698187-05:00 [PHASE5B] [OK ] [5.1] PARTS: 620,000/1,551,426 (40.0%) batches=124 elapsed=1.20s
2026-08-25T08:12:22.5708887-05:00 [PHASE5B] [RUN] [5.1] P5B_SET_MEMBERS / PARTS 620,000/1,551,426 ( 40.0%) batch=125
2026-08-25T08:12:24.2299131-05:00 [PHASE5B] [OK ] [5.1] PARTS: 625,000/1,551,426 (40.3%) batches=125 elapsed=1.66s
2026-08-25T08:12:24.2309173-05:00 [PHASE5B] [RUN] [5.1] P5B_SET_MEMBERS / PARTS 625,000/1,551,426 ( 40.3%) batch=126
2026-08-25T08:12:25.6913587-05:00 [PHASE5B] [OK ] [5.1] PARTS: 630,000/1,551,426 (40.6%) batches=126 elapsed=1.46s
2026-08-25T08:12:25.6923584-05:00 [PHASE5B] [RUN] [5.1] P5B_SET_MEMBERS / PARTS 630,000/1,551,426 ( 40.6%) batch=127
2026-08-25T08:12:26.9810990-05:00 [PHASE5B] [OK ] [5.1] PARTS: 635,000/1,551,426 (40.9%) batches=127 elapsed=1.29s
2026-08-25T08:12:26.9830962-05:00 [PHASE5B] [RUN] [5.1] P5B_SET_MEMBERS / PARTS 635,000/1,551,426 ( 40.9%) batch=128
2026-08-25T08:12:27.9929791-05:00 [PHASE5B] [OK ] [5.1] PARTS: 640,000/1,551,426 (41.3%) batches=128 elapsed=1.01s
2026-08-25T08:12:27.9939776-05:00 [PHASE5B] [RUN] [5.1] P5B_SET_MEMBERS / PARTS 640,000/1,551,426 ( 41.3%) batch=129
2026-08-25T08:12:29.4403137-05:00 [PHASE5B] [OK ] [5.1] PARTS: 645,000/1,551,426 (41.6%) batches=129 elapsed=1.45s
2026-08-25T08:12:29.4423156-05:00 [PHASE5B] [RUN] [5.1] P5B_SET_MEMBERS / PARTS 645,000/1,551,426 ( 41.6%) batch=130
2026-08-25T08:12:30.7259844-05:00 [PHASE5B] [OK ] [5.1] PARTS: 650,000/1,551,426 (41.9%) batches=130 elapsed=1.28s
2026-08-25T08:12:30.7269908-05:00 [PHASE5B] [RUN] [5.1] P5B_SET_MEMBERS / PARTS 650,000/1,551,426 ( 41.9%) batch=131
2026-08-25T08:12:31.9774805-05:00 [PHASE5B] [OK ] [5.1] PARTS: 655,000/1,551,426 (42.2%) batches=131 elapsed=1.25s
2026-08-25T08:12:31.9784771-05:00 [PHASE5B] [RUN] [5.1] P5B_SET_MEMBERS / PARTS 655,000/1,551,426 ( 42.2%) batch=132
2026-08-25T08:12:33.2008131-05:00 [PHASE5B] [OK ] [5.1] PARTS: 660,000/1,551,426 (42.5%) batches=132 elapsed=1.22s
2026-08-25T08:12:33.2018111-05:00 [PHASE5B] [RUN] [5.1] P5B_SET_MEMBERS / PARTS 660,000/1,551,426 ( 42.5%) batch=133
2026-08-25T08:12:34.5724489-05:00 [PHASE5B] [OK ] [5.1] PARTS: 665,000/1,551,426 (42.9%) batches=133 elapsed=1.37s
2026-08-25T08:12:34.5744484-05:00 [PHASE5B] [RUN] [5.1] P5B_SET_MEMBERS / PARTS 665,000/1,551,426 ( 42.9%) batch=134
2026-08-25T08:12:36.2645333-05:00 [PHASE5B] [OK ] [5.1] PARTS: 670,000/1,551,426 (43.2%) batches=134 elapsed=1.69s
2026-08-25T08:12:36.2655312-05:00 [PHASE5B] [RUN] [5.1] P5B_SET_MEMBERS / PARTS 670,000/1,551,426 ( 43.2%) batch=135
2026-08-25T08:12:37.8749868-05:00 [PHASE5B] [OK ] [5.1] PARTS: 675,000/1,551,426 (43.5%) batches=135 elapsed=1.61s
2026-08-25T08:12:37.8759848-05:00 [PHASE5B] [RUN] [5.1] P5B_SET_MEMBERS / PARTS 675,000/1,551,426 ( 43.5%) batch=136
2026-08-25T08:12:39.2928899-05:00 [PHASE5B] [OK ] [5.1] PARTS: 680,000/1,551,426 (43.8%) batches=136 elapsed=1.42s
2026-08-25T08:12:39.2938902-05:00 [PHASE5B] [RUN] [5.1] P5B_SET_MEMBERS / PARTS 680,000/1,551,426 ( 43.8%) batch=137
2026-08-25T08:12:40.7897623-05:00 [PHASE5B] [OK ] [5.1] PARTS: 685,000/1,551,426 (44.2%) batches=137 elapsed=1.50s
2026-08-25T08:12:40.7907680-05:00 [PHASE5B] [RUN] [5.1] P5B_SET_MEMBERS / PARTS 685,000/1,551,426 ( 44.2%) batch=138
2026-08-25T08:12:42.3103610-05:00 [PHASE5B] [OK ] [5.1] PARTS: 690,000/1,551,426 (44.5%) batches=138 elapsed=1.52s
2026-08-25T08:12:42.3113652-05:00 [PHASE5B] [RUN] [5.1] P5B_SET_MEMBERS / PARTS 690,000/1,551,426 ( 44.5%) batch=139
2026-08-25T08:12:43.8670518-05:00 [PHASE5B] [OK ] [5.1] PARTS: 695,000/1,551,426 (44.8%) batches=139 elapsed=1.56s
2026-08-25T08:12:43.8690523-05:00 [PHASE5B] [RUN] [5.1] P5B_SET_MEMBERS / PARTS 695,000/1,551,426 ( 44.8%) batch=140
2026-08-25T08:12:45.4140590-05:00 [PHASE5B] [OK ] [5.1] PARTS: 700,000/1,551,426 (45.1%) batches=140 elapsed=1.55s
2026-08-25T08:12:45.4150598-05:00 [PHASE5B] [RUN] [5.1] P5B_SET_MEMBERS / PARTS 700,000/1,551,426 ( 45.1%) batch=141
2026-08-25T08:12:46.9799400-05:00 [PHASE5B] [OK ] [5.1] PARTS: 705,000/1,551,426 (45.4%) batches=141 elapsed=1.57s
2026-08-25T08:12:46.9822505-05:00 [PHASE5B] [RUN] [5.1] P5B_SET_MEMBERS / PARTS 705,000/1,551,426 ( 45.4%) batch=142
2026-08-25T08:12:48.5758231-05:00 [PHASE5B] [OK ] [5.1] PARTS: 710,000/1,551,426 (45.8%) batches=142 elapsed=1.59s
2026-08-25T08:12:48.5768231-05:00 [PHASE5B] [RUN] [5.1] P5B_SET_MEMBERS / PARTS 710,000/1,551,426 ( 45.8%) batch=143
2026-08-25T08:12:50.0966468-05:00 [PHASE5B] [OK ] [5.1] PARTS: 715,000/1,551,426 (46.1%) batches=143 elapsed=1.52s
2026-08-25T08:12:50.0976484-05:00 [PHASE5B] [RUN] [5.1] P5B_SET_MEMBERS / PARTS 715,000/1,551,426 ( 46.1%) batch=144
2026-08-25T08:12:51.6082113-05:00 [PHASE5B] [OK ] [5.1] PARTS: 720,000/1,551,426 (46.4%) batches=144 elapsed=1.51s
2026-08-25T08:12:51.6107194-05:00 [PHASE5B] [RUN] [5.1] P5B_SET_MEMBERS / PARTS 720,000/1,551,426 ( 46.4%) batch=145
2026-08-25T08:12:53.1855181-05:00 [PHASE5B] [OK ] [5.1] PARTS: 725,000/1,551,426 (46.7%) batches=145 elapsed=1.58s
2026-08-25T08:12:53.1875179-05:00 [PHASE5B] [RUN] [5.1] P5B_SET_MEMBERS / PARTS 725,000/1,551,426 ( 46.7%) batch=146
2026-08-25T08:12:54.6079258-05:00 [PHASE5B] [OK ] [5.1] PARTS: 730,000/1,551,426 (47.1%) batches=146 elapsed=1.42s
2026-08-25T08:12:54.6089260-05:00 [PHASE5B] [RUN] [5.1] P5B_SET_MEMBERS / PARTS 730,000/1,551,426 ( 47.1%) batch=147
2026-08-25T08:12:56.1039749-05:00 [PHASE5B] [OK ] [5.1] PARTS: 735,000/1,551,426 (47.4%) batches=147 elapsed=1.50s
2026-08-25T08:12:56.1049752-05:00 [PHASE5B] [RUN] [5.1] P5B_SET_MEMBERS / PARTS 735,000/1,551,426 ( 47.4%) batch=148
2026-08-25T08:12:57.5897838-05:00 [PHASE5B] [OK ] [5.1] PARTS: 740,000/1,551,426 (47.7%) batches=148 elapsed=1.49s
2026-08-25T08:12:57.5921120-05:00 [PHASE5B] [RUN] [5.1] P5B_SET_MEMBERS / PARTS 740,000/1,551,426 ( 47.7%) batch=149
2026-08-25T08:12:59.2145932-05:00 [PHASE5B] [OK ] [5.1] PARTS: 745,000/1,551,426 (48.0%) batches=149 elapsed=1.62s
2026-08-25T08:12:59.2155957-05:00 [PHASE5B] [RUN] [5.1] P5B_SET_MEMBERS / PARTS 745,000/1,551,426 ( 48.0%) batch=150
2026-08-25T08:13:01.0265589-05:00 [PHASE5B] [OK ] [5.1] PARTS: 750,000/1,551,426 (48.3%) batches=150 elapsed=1.81s
2026-08-25T08:13:01.0275592-05:00 [PHASE5B] [RUN] [5.1] P5B_SET_MEMBERS / PARTS 750,000/1,551,426 ( 48.3%) batch=151
2026-08-25T08:13:02.6141083-05:00 [PHASE5B] [OK ] [5.1] PARTS: 755,000/1,551,426 (48.7%) batches=151 elapsed=1.59s
2026-08-25T08:13:02.6151080-05:00 [PHASE5B] [RUN] [5.1] P5B_SET_MEMBERS / PARTS 755,000/1,551,426 ( 48.7%) batch=152
2026-08-25T08:13:04.2484977-05:00 [PHASE5B] [OK ] [5.1] PARTS: 760,000/1,551,426 (49.0%) batches=152 elapsed=1.63s
2026-08-25T08:13:04.2494942-05:00 [PHASE5B] [RUN] [5.1] P5B_SET_MEMBERS / PARTS 760,000/1,551,426 ( 49.0%) batch=153
2026-08-25T08:13:05.7896940-05:00 [PHASE5B] [OK ] [5.1] PARTS: 765,000/1,551,426 (49.3%) batches=153 elapsed=1.54s
2026-08-25T08:13:05.7917247-05:00 [PHASE5B] [RUN] [5.1] P5B_SET_MEMBERS / PARTS 765,000/1,551,426 ( 49.3%) batch=154
2026-08-25T08:13:06.4242451-05:00 [PHASE5B] [OK ] [5.1] PARTS: 770,000/1,551,426 (49.6%) batches=154 elapsed=0.63s
2026-08-25T08:13:06.4252457-05:00 [PHASE5B] [RUN] [5.1] P5B_SET_MEMBERS / PARTS 770,000/1,551,426 ( 49.6%) batch=155
2026-08-25T08:13:06.5720704-05:00 [PHASE5B] [OK ] [5.1] PARTS: 775,000/1,551,426 (50.0%) batches=155 elapsed=0.15s
2026-08-25T08:13:06.5730690-05:00 [PHASE5B] [RUN] [5.1] P5B_SET_MEMBERS / PARTS 775,000/1,551,426 ( 50.0%) batch=156
2026-08-25T08:13:06.7904649-05:00 [PHASE5B] [OK ] [5.1] PARTS: 780,000/1,551,426 (50.3%) batches=156 elapsed=0.22s
2026-08-25T08:13:06.7914656-05:00 [PHASE5B] [RUN] [5.1] P5B_SET_MEMBERS / PARTS 780,000/1,551,426 ( 50.3%) batch=157
2026-08-25T08:13:07.1169726-05:00 [PHASE5B] [OK ] [5.1] PARTS: 785,000/1,551,426 (50.6%) batches=157 elapsed=0.33s
2026-08-25T08:13:07.1179725-05:00 [PHASE5B] [RUN] [5.1] P5B_SET_MEMBERS / PARTS 785,000/1,551,426 ( 50.6%) batch=158
2026-08-25T08:13:07.7656889-05:00 [PHASE5B] [OK ] [5.1] PARTS: 790,000/1,551,426 (50.9%) batches=158 elapsed=0.65s
2026-08-25T08:13:07.7666887-05:00 [PHASE5B] [RUN] [5.1] P5B_SET_MEMBERS / PARTS 790,000/1,551,426 ( 50.9%) batch=159
2026-08-25T08:13:08.3228378-05:00 [PHASE5B] [OK ] [5.1] PARTS: 795,000/1,551,426 (51.2%) batches=159 elapsed=0.56s
2026-08-25T08:13:08.3238383-05:00 [PHASE5B] [RUN] [5.1] P5B_SET_MEMBERS / PARTS 795,000/1,551,426 ( 51.2%) batch=160
2026-08-25T08:13:09.5481358-05:00 [PHASE5B] [OK ] [5.1] PARTS: 800,000/1,551,426 (51.6%) batches=160 elapsed=1.23s
2026-08-25T08:13:09.5506448-05:00 [PHASE5B] [RUN] [5.1] P5B_SET_MEMBERS / PARTS 800,000/1,551,426 ( 51.6%) batch=161
2026-08-25T08:13:10.9284311-05:00 [PHASE5B] [OK ] [5.1] PARTS: 805,000/1,551,426 (51.9%) batches=161 elapsed=1.38s
2026-08-25T08:13:10.9294292-05:00 [PHASE5B] [RUN] [5.1] P5B_SET_MEMBERS / PARTS 805,000/1,551,426 ( 51.9%) batch=162
2026-08-25T08:13:11.3329811-05:00 [PHASE5B] [OK ] [5.1] PARTS: 810,000/1,551,426 (52.2%) batches=162 elapsed=0.40s
2026-08-25T08:13:11.3339819-05:00 [PHASE5B] [RUN] [5.1] P5B_SET_MEMBERS / PARTS 810,000/1,551,426 ( 52.2%) batch=163
2026-08-25T08:13:11.7174159-05:00 [PHASE5B] [OK ] [5.1] PARTS: 815,000/1,551,426 (52.5%) batches=163 elapsed=0.38s
2026-08-25T08:13:11.7174159-05:00 [PHASE5B] [RUN] [5.1] P5B_SET_MEMBERS / PARTS 815,000/1,551,426 ( 52.5%) batch=164
2026-08-25T08:13:12.7620835-05:00 [PHASE5B] [OK ] [5.1] PARTS: 820,000/1,551,426 (52.9%) batches=164 elapsed=1.04s
2026-08-25T08:13:12.7630842-05:00 [PHASE5B] [RUN] [5.1] P5B_SET_MEMBERS / PARTS 820,000/1,551,426 ( 52.9%) batch=165
2026-08-25T08:13:13.4466408-05:00 [PHASE5B] [OK ] [5.1] PARTS: 825,000/1,551,426 (53.2%) batches=165 elapsed=0.68s
2026-08-25T08:13:13.4476413-05:00 [PHASE5B] [RUN] [5.1] P5B_SET_MEMBERS / PARTS 825,000/1,551,426 ( 53.2%) batch=166
2026-08-25T08:13:13.9397009-05:00 [PHASE5B] [OK ] [5.1] PARTS: 830,000/1,551,426 (53.5%) batches=166 elapsed=0.49s
2026-08-25T08:13:13.9408274-05:00 [PHASE5B] [RUN] [5.1] P5B_SET_MEMBERS / PARTS 830,000/1,551,426 ( 53.5%) batch=167
2026-08-25T08:13:14.9358631-05:00 [PHASE5B] [OK ] [5.1] PARTS: 835,000/1,551,426 (53.8%) batches=167 elapsed=1.00s
2026-08-25T08:13:14.9368620-05:00 [PHASE5B] [RUN] [5.1] P5B_SET_MEMBERS / PARTS 835,000/1,551,426 ( 53.8%) batch=168
2026-08-25T08:13:16.3139696-05:00 [PHASE5B] [OK ] [5.1] PARTS: 840,000/1,551,426 (54.1%) batches=168 elapsed=1.38s
2026-08-25T08:13:16.3149678-05:00 [PHASE5B] [RUN] [5.1] P5B_SET_MEMBERS / PARTS 840,000/1,551,426 ( 54.1%) batch=169
2026-08-25T08:13:17.7547475-05:00 [PHASE5B] [OK ] [5.1] PARTS: 845,000/1,551,426 (54.5%) batches=169 elapsed=1.44s
2026-08-25T08:13:17.7557480-05:00 [PHASE5B] [RUN] [5.1] P5B_SET_MEMBERS / PARTS 845,000/1,551,426 ( 54.5%) batch=170
2026-08-25T08:13:19.2198842-05:00 [PHASE5B] [OK ] [5.1] PARTS: 850,000/1,551,426 (54.8%) batches=170 elapsed=1.46s
2026-08-25T08:13:19.2208877-05:00 [PHASE5B] [RUN] [5.1] P5B_SET_MEMBERS / PARTS 850,000/1,551,426 ( 54.8%) batch=171
2026-08-25T08:13:20.6175516-05:00 [PHASE5B] [OK ] [5.1] PARTS: 855,000/1,551,426 (55.1%) batches=171 elapsed=1.40s
2026-08-25T08:13:20.6185502-05:00 [PHASE5B] [RUN] [5.1] P5B_SET_MEMBERS / PARTS 855,000/1,551,426 ( 55.1%) batch=172
2026-08-25T08:13:22.1927251-05:00 [PHASE5B] [OK ] [5.1] PARTS: 860,000/1,551,426 (55.4%) batches=172 elapsed=1.57s
2026-08-25T08:13:22.1937251-05:00 [PHASE5B] [RUN] [5.1] P5B_SET_MEMBERS / PARTS 860,000/1,551,426 ( 55.4%) batch=173
2026-08-25T08:13:23.6807047-05:00 [PHASE5B] [OK ] [5.1] PARTS: 865,000/1,551,426 (55.8%) batches=173 elapsed=1.49s
2026-08-25T08:13:23.6817083-05:00 [PHASE5B] [RUN] [5.1] P5B_SET_MEMBERS / PARTS 865,000/1,551,426 ( 55.8%) batch=174
2026-08-25T08:13:25.2300711-05:00 [PHASE5B] [OK ] [5.1] PARTS: 870,000/1,551,426 (56.1%) batches=174 elapsed=1.55s
2026-08-25T08:13:25.2310747-05:00 [PHASE5B] [RUN] [5.1] P5B_SET_MEMBERS / PARTS 870,000/1,551,426 ( 56.1%) batch=175
2026-08-25T08:13:26.8761766-05:00 [PHASE5B] [OK ] [5.1] PARTS: 875,000/1,551,426 (56.4%) batches=175 elapsed=1.65s
2026-08-25T08:13:26.8771747-05:00 [PHASE5B] [RUN] [5.1] P5B_SET_MEMBERS / PARTS 875,000/1,551,426 ( 56.4%) batch=176
2026-08-25T08:13:28.3226930-05:00 [PHASE5B] [OK ] [5.1] PARTS: 880,000/1,551,426 (56.7%) batches=176 elapsed=1.45s
2026-08-25T08:13:28.3236901-05:00 [PHASE5B] [RUN] [5.1] P5B_SET_MEMBERS / PARTS 880,000/1,551,426 ( 56.7%) batch=177
2026-08-25T08:13:29.7079690-05:00 [PHASE5B] [OK ] [5.1] PARTS: 885,000/1,551,426 (57.0%) batches=177 elapsed=1.39s
2026-08-25T08:13:29.7094736-05:00 [PHASE5B] [RUN] [5.1] P5B_SET_MEMBERS / PARTS 885,000/1,551,426 ( 57.0%) batch=178
2026-08-25T08:13:31.3144196-05:00 [PHASE5B] [OK ] [5.1] PARTS: 890,000/1,551,426 (57.4%) batches=178 elapsed=1.61s
2026-08-25T08:13:31.3154187-05:00 [PHASE5B] [RUN] [5.1] P5B_SET_MEMBERS / PARTS 890,000/1,551,426 ( 57.4%) batch=179
2026-08-25T08:13:32.7847499-05:00 [PHASE5B] [OK ] [5.1] PARTS: 895,000/1,551,426 (57.7%) batches=179 elapsed=1.47s
2026-08-25T08:13:32.7857476-05:00 [PHASE5B] [RUN] [5.1] P5B_SET_MEMBERS / PARTS 895,000/1,551,426 ( 57.7%) batch=180
2026-08-25T08:13:34.1079563-05:00 [PHASE5B] [OK ] [5.1] PARTS: 900,000/1,551,426 (58.0%) batches=180 elapsed=1.32s
2026-08-25T08:13:34.1094599-05:00 [PHASE5B] [RUN] [5.1] P5B_SET_MEMBERS / PARTS 900,000/1,551,426 ( 58.0%) batch=181
2026-08-25T08:13:35.7845630-05:00 [PHASE5B] [OK ] [5.1] PARTS: 905,000/1,551,426 (58.3%) batches=181 elapsed=1.68s
2026-08-25T08:13:35.7855630-05:00 [PHASE5B] [RUN] [5.1] P5B_SET_MEMBERS / PARTS 905,000/1,551,426 ( 58.3%) batch=182
2026-08-25T08:13:37.3334287-05:00 [PHASE5B] [OK ] [5.1] PARTS: 910,000/1,551,426 (58.7%) batches=182 elapsed=1.55s
2026-08-25T08:13:37.3344262-05:00 [PHASE5B] [RUN] [5.1] P5B_SET_MEMBERS / PARTS 910,000/1,551,426 ( 58.7%) batch=183
2026-08-25T08:13:39.8796465-05:00 [PHASE5B] [OK ] [5.1] PARTS: 915,000/1,551,426 (59.0%) batches=183 elapsed=2.55s
2026-08-25T08:13:39.8816502-05:00 [PHASE5B] [RUN] [5.1] P5B_SET_MEMBERS / PARTS 915,000/1,551,426 ( 59.0%) batch=184
2026-08-25T08:13:41.4761089-05:00 [PHASE5B] [OK ] [5.1] PARTS: 920,000/1,551,426 (59.3%) batches=184 elapsed=1.60s
2026-08-25T08:13:41.4771073-05:00 [PHASE5B] [RUN] [5.1] P5B_SET_MEMBERS / PARTS 920,000/1,551,426 ( 59.3%) batch=185
2026-08-25T08:13:43.1238702-05:00 [PHASE5B] [OK ] [5.1] PARTS: 925,000/1,551,426 (59.6%) batches=185 elapsed=1.65s
2026-08-25T08:13:43.1258686-05:00 [PHASE5B] [RUN] [5.1] P5B_SET_MEMBERS / PARTS 925,000/1,551,426 ( 59.6%) batch=186
2026-08-25T08:13:44.4757107-05:00 [PHASE5B] [OK ] [5.1] PARTS: 930,000/1,551,426 (59.9%) batches=186 elapsed=1.35s
2026-08-25T08:13:44.4777105-05:00 [PHASE5B] [RUN] [5.1] P5B_SET_MEMBERS / PARTS 930,000/1,551,426 ( 59.9%) batch=187
2026-08-25T08:13:45.9112374-05:00 [PHASE5B] [OK ] [5.1] PARTS: 935,000/1,551,426 (60.3%) batches=187 elapsed=1.43s
2026-08-25T08:13:45.9122350-05:00 [PHASE5B] [RUN] [5.1] P5B_SET_MEMBERS / PARTS 935,000/1,551,426 ( 60.3%) batch=188
2026-08-25T08:13:47.5025449-05:00 [PHASE5B] [OK ] [5.1] PARTS: 940,000/1,551,426 (60.6%) batches=188 elapsed=1.59s
2026-08-25T08:13:47.5035449-05:00 [PHASE5B] [RUN] [5.1] P5B_SET_MEMBERS / PARTS 940,000/1,551,426 ( 60.6%) batch=189
2026-08-25T08:13:48.9661323-05:00 [PHASE5B] [OK ] [5.1] PARTS: 945,000/1,551,426 (60.9%) batches=189 elapsed=1.46s
2026-08-25T08:13:48.9671325-05:00 [PHASE5B] [RUN] [5.1] P5B_SET_MEMBERS / PARTS 945,000/1,551,426 ( 60.9%) batch=190
2026-08-25T08:13:50.0256024-05:00 [PHASE5B] [OK ] [5.1] PARTS: 950,000/1,551,426 (61.2%) batches=190 elapsed=1.06s
2026-08-25T08:13:50.0266033-05:00 [PHASE5B] [RUN] [5.1] P5B_SET_MEMBERS / PARTS 950,000/1,551,426 ( 61.2%) batch=191
2026-08-25T08:13:51.6316761-05:00 [PHASE5B] [OK ] [5.1] PARTS: 955,000/1,551,426 (61.6%) batches=191 elapsed=1.61s
2026-08-25T08:13:51.6326758-05:00 [PHASE5B] [RUN] [5.1] P5B_SET_MEMBERS / PARTS 955,000/1,551,426 ( 61.6%) batch=192
2026-08-25T08:13:53.1930465-05:00 [PHASE5B] [OK ] [5.1] PARTS: 960,000/1,551,426 (61.9%) batches=192 elapsed=1.56s
2026-08-25T08:13:53.1940447-05:00 [PHASE5B] [RUN] [5.1] P5B_SET_MEMBERS / PARTS 960,000/1,551,426 ( 61.9%) batch=193
2026-08-25T08:13:54.7054882-05:00 [PHASE5B] [OK ] [5.1] PARTS: 965,000/1,551,426 (62.2%) batches=193 elapsed=1.51s
2026-08-25T08:13:54.7064839-05:00 [PHASE5B] [RUN] [5.1] P5B_SET_MEMBERS / PARTS 965,000/1,551,426 ( 62.2%) batch=194
2026-08-25T08:13:56.2737340-05:00 [PHASE5B] [OK ] [5.1] PARTS: 970,000/1,551,426 (62.5%) batches=194 elapsed=1.57s
2026-08-25T08:13:56.2747341-05:00 [PHASE5B] [RUN] [5.1] P5B_SET_MEMBERS / PARTS 970,000/1,551,426 ( 62.5%) batch=195
2026-08-25T08:13:57.8426055-05:00 [PHASE5B] [OK ] [5.1] PARTS: 975,000/1,551,426 (62.8%) batches=195 elapsed=1.57s
2026-08-25T08:13:57.8446045-05:00 [PHASE5B] [RUN] [5.1] P5B_SET_MEMBERS / PARTS 975,000/1,551,426 ( 62.8%) batch=196
2026-08-25T08:13:59.3637204-05:00 [PHASE5B] [OK ] [5.1] PARTS: 980,000/1,551,426 (63.2%) batches=196 elapsed=1.52s
2026-08-25T08:13:59.3647202-05:00 [PHASE5B] [RUN] [5.1] P5B_SET_MEMBERS / PARTS 980,000/1,551,426 ( 63.2%) batch=197
2026-08-25T08:14:01.0481984-05:00 [PHASE5B] [OK ] [5.1] PARTS: 985,000/1,551,426 (63.5%) batches=197 elapsed=1.68s
2026-08-25T08:14:01.0497011-05:00 [PHASE5B] [RUN] [5.1] P5B_SET_MEMBERS / PARTS 985,000/1,551,426 ( 63.5%) batch=198
2026-08-25T08:14:02.6607279-05:00 [PHASE5B] [OK ] [5.1] PARTS: 990,000/1,551,426 (63.8%) batches=198 elapsed=1.61s
2026-08-25T08:14:02.6617263-05:00 [PHASE5B] [RUN] [5.1] P5B_SET_MEMBERS / PARTS 990,000/1,551,426 ( 63.8%) batch=199
2026-08-25T08:14:03.7254260-05:00 [PHASE5B] [OK ] [5.1] PARTS: 995,000/1,551,426 (64.1%) batches=199 elapsed=1.06s
2026-08-25T08:14:03.7264251-05:00 [PHASE5B] [RUN] [5.1] P5B_SET_MEMBERS / PARTS 995,000/1,551,426 ( 64.1%) batch=200
2026-08-25T08:14:05.1862447-05:00 [PHASE5B] [OK ] [5.1] PARTS: 1,000,000/1,551,426 (64.5%) batches=200 elapsed=1.46s
2026-08-25T08:14:05.1872435-05:00 [PHASE5B] [RUN] [5.1] P5B_SET_MEMBERS / PARTS 1,000,000/1,551,426 ( 64.5%) batch=201
2026-08-25T08:14:06.7866036-05:00 [PHASE5B] [OK ] [5.1] PARTS: 1,005,000/1,551,426 (64.8%) batches=201 elapsed=1.60s
2026-08-25T08:14:06.7876059-05:00 [PHASE5B] [RUN] [5.1] P5B_SET_MEMBERS / PARTS 1,005,000/1,551,426 ( 64.8%) batch=202
2026-08-25T08:14:08.2215760-05:00 [PHASE5B] [OK ] [5.1] PARTS: 1,010,000/1,551,426 (65.1%) batches=202 elapsed=1.43s
2026-08-25T08:14:08.2225763-05:00 [PHASE5B] [RUN] [5.1] P5B_SET_MEMBERS / PARTS 1,010,000/1,551,426 ( 65.1%) batch=203
2026-08-25T08:14:09.8737817-05:00 [PHASE5B] [OK ] [5.1] PARTS: 1,015,000/1,551,426 (65.4%) batches=203 elapsed=1.65s
2026-08-25T08:14:09.8747816-05:00 [PHASE5B] [RUN] [5.1] P5B_SET_MEMBERS / PARTS 1,015,000/1,551,426 ( 65.4%) batch=204
2026-08-25T08:14:11.3392186-05:00 [PHASE5B] [OK ] [5.1] PARTS: 1,020,000/1,551,426 (65.7%) batches=204 elapsed=1.47s
2026-08-25T08:14:11.3412269-05:00 [PHASE5B] [RUN] [5.1] P5B_SET_MEMBERS / PARTS 1,020,000/1,551,426 ( 65.7%) batch=205
2026-08-25T08:14:12.6204692-05:00 [PHASE5B] [OK ] [5.1] PARTS: 1,025,000/1,551,426 (66.1%) batches=205 elapsed=1.28s
2026-08-25T08:14:12.6214737-05:00 [PHASE5B] [RUN] [5.1] P5B_SET_MEMBERS / PARTS 1,025,000/1,551,426 ( 66.1%) batch=206
2026-08-25T08:14:14.3100395-05:00 [PHASE5B] [OK ] [5.1] PARTS: 1,030,000/1,551,426 (66.4%) batches=206 elapsed=1.69s
2026-08-25T08:14:14.3120392-05:00 [PHASE5B] [RUN] [5.1] P5B_SET_MEMBERS / PARTS 1,030,000/1,551,426 ( 66.4%) batch=207
2026-08-25T08:14:15.7449081-05:00 [PHASE5B] [OK ] [5.1] PARTS: 1,035,000/1,551,426 (66.7%) batches=207 elapsed=1.43s
2026-08-25T08:14:15.7459095-05:00 [PHASE5B] [RUN] [5.1] P5B_SET_MEMBERS / PARTS 1,035,000/1,551,426 ( 66.7%) batch=208
2026-08-25T08:14:17.4347515-05:00 [PHASE5B] [OK ] [5.1] PARTS: 1,040,000/1,551,426 (67.0%) batches=208 elapsed=1.69s
2026-08-25T08:14:17.4367524-05:00 [PHASE5B] [RUN] [5.1] P5B_SET_MEMBERS / PARTS 1,040,000/1,551,426 ( 67.0%) batch=209
2026-08-25T08:14:18.9671720-05:00 [PHASE5B] [OK ] [5.1] PARTS: 1,045,000/1,551,426 (67.4%) batches=209 elapsed=1.53s
2026-08-25T08:14:18.9681755-05:00 [PHASE5B] [RUN] [5.1] P5B_SET_MEMBERS / PARTS 1,045,000/1,551,426 ( 67.4%) batch=210
2026-08-25T08:14:20.5744641-05:00 [PHASE5B] [OK ] [5.1] PARTS: 1,050,000/1,551,426 (67.7%) batches=210 elapsed=1.61s
2026-08-25T08:14:20.5754623-05:00 [PHASE5B] [RUN] [5.1] P5B_SET_MEMBERS / PARTS 1,050,000/1,551,426 ( 67.7%) batch=211
2026-08-25T08:14:22.4162890-05:00 [PHASE5B] [OK ] [5.1] PARTS: 1,055,000/1,551,426 (68.0%) batches=211 elapsed=1.84s
2026-08-25T08:14:22.4172899-05:00 [PHASE5B] [RUN] [5.1] P5B_SET_MEMBERS / PARTS 1,055,000/1,551,426 ( 68.0%) batch=212
2026-08-25T08:14:24.0390558-05:00 [PHASE5B] [OK ] [5.1] PARTS: 1,060,000/1,551,426 (68.3%) batches=212 elapsed=1.62s
2026-08-25T08:14:24.0410607-05:00 [PHASE5B] [RUN] [5.1] P5B_SET_MEMBERS / PARTS 1,060,000/1,551,426 ( 68.3%) batch=213
2026-08-25T08:14:25.4189765-05:00 [PHASE5B] [OK ] [5.1] PARTS: 1,065,000/1,551,426 (68.6%) batches=213 elapsed=1.38s
2026-08-25T08:14:25.4199855-05:00 [PHASE5B] [RUN] [5.1] P5B_SET_MEMBERS / PARTS 1,065,000/1,551,426 ( 68.6%) batch=214
2026-08-25T08:14:26.9107586-05:00 [PHASE5B] [OK ] [5.1] PARTS: 1,070,000/1,551,426 (69.0%) batches=214 elapsed=1.49s
2026-08-25T08:14:26.9117590-05:00 [PHASE5B] [RUN] [5.1] P5B_SET_MEMBERS / PARTS 1,070,000/1,551,426 ( 69.0%) batch=215
2026-08-25T08:14:28.3493568-05:00 [PHASE5B] [OK ] [5.1] PARTS: 1,075,000/1,551,426 (69.3%) batches=215 elapsed=1.44s
2026-08-25T08:14:28.3508620-05:00 [PHASE5B] [RUN] [5.1] P5B_SET_MEMBERS / PARTS 1,075,000/1,551,426 ( 69.3%) batch=216
2026-08-25T08:14:29.9910616-05:00 [PHASE5B] [OK ] [5.1] PARTS: 1,080,000/1,551,426 (69.6%) batches=216 elapsed=1.64s
2026-08-25T08:14:29.9920616-05:00 [PHASE5B] [RUN] [5.1] P5B_SET_MEMBERS / PARTS 1,080,000/1,551,426 ( 69.6%) batch=217
2026-08-25T08:14:31.5581448-05:00 [PHASE5B] [OK ] [5.1] PARTS: 1,085,000/1,551,426 (69.9%) batches=217 elapsed=1.57s
2026-08-25T08:14:31.5591447-05:00 [PHASE5B] [RUN] [5.1] P5B_SET_MEMBERS / PARTS 1,085,000/1,551,426 ( 69.9%) batch=218
2026-08-25T08:14:33.0520613-05:00 [PHASE5B] [OK ] [5.1] PARTS: 1,090,000/1,551,426 (70.3%) batches=218 elapsed=1.49s
2026-08-25T08:14:33.0530591-05:00 [PHASE5B] [RUN] [5.1] P5B_SET_MEMBERS / PARTS 1,090,000/1,551,426 ( 70.3%) batch=219
2026-08-25T08:14:34.4853600-05:00 [PHASE5B] [OK ] [5.1] PARTS: 1,095,000/1,551,426 (70.6%) batches=219 elapsed=1.43s
2026-08-25T08:14:34.4863586-05:00 [PHASE5B] [RUN] [5.1] P5B_SET_MEMBERS / PARTS 1,095,000/1,551,426 ( 70.6%) batch=220
2026-08-25T08:14:36.0512946-05:00 [PHASE5B] [OK ] [5.1] PARTS: 1,100,000/1,551,426 (70.9%) batches=220 elapsed=1.57s
2026-08-25T08:14:36.0532924-05:00 [PHASE5B] [RUN] [5.1] P5B_SET_MEMBERS / PARTS 1,100,000/1,551,426 ( 70.9%) batch=221
2026-08-25T08:14:37.7332324-05:00 [PHASE5B] [OK ] [5.1] PARTS: 1,105,000/1,551,426 (71.2%) batches=221 elapsed=1.68s
2026-08-25T08:14:37.7342311-05:00 [PHASE5B] [RUN] [5.1] P5B_SET_MEMBERS / PARTS 1,105,000/1,551,426 ( 71.2%) batch=222
2026-08-25T08:14:39.1854527-05:00 [PHASE5B] [OK ] [5.1] PARTS: 1,110,000/1,551,426 (71.5%) batches=222 elapsed=1.45s
2026-08-25T08:14:39.1864502-05:00 [PHASE5B] [RUN] [5.1] P5B_SET_MEMBERS / PARTS 1,110,000/1,551,426 ( 71.5%) batch=223
2026-08-25T08:14:40.7111614-05:00 [PHASE5B] [OK ] [5.1] PARTS: 1,115,000/1,551,426 (71.9%) batches=223 elapsed=1.52s
2026-08-25T08:14:40.7121626-05:00 [PHASE5B] [RUN] [5.1] P5B_SET_MEMBERS / PARTS 1,115,000/1,551,426 ( 71.9%) batch=224
2026-08-25T08:14:42.2364914-05:00 [PHASE5B] [OK ] [5.1] PARTS: 1,120,000/1,551,426 (72.2%) batches=224 elapsed=1.53s
2026-08-25T08:14:42.2374895-05:00 [PHASE5B] [RUN] [5.1] P5B_SET_MEMBERS / PARTS 1,120,000/1,551,426 ( 72.2%) batch=225
2026-08-25T08:14:43.8289123-05:00 [PHASE5B] [OK ] [5.1] PARTS: 1,125,000/1,551,426 (72.5%) batches=225 elapsed=1.59s
2026-08-25T08:14:43.8304177-05:00 [PHASE5B] [RUN] [5.1] P5B_SET_MEMBERS / PARTS 1,125,000/1,551,426 ( 72.5%) batch=226
2026-08-25T08:14:45.3239119-05:00 [PHASE5B] [OK ] [5.1] PARTS: 1,130,000/1,551,426 (72.8%) batches=226 elapsed=1.49s
2026-08-25T08:14:45.3249105-05:00 [PHASE5B] [RUN] [5.1] P5B_SET_MEMBERS / PARTS 1,130,000/1,551,426 ( 72.8%) batch=227
2026-08-25T08:14:46.8453350-05:00 [PHASE5B] [OK ] [5.1] PARTS: 1,135,000/1,551,426 (73.2%) batches=227 elapsed=1.52s
2026-08-25T08:14:46.8473335-05:00 [PHASE5B] [RUN] [5.1] P5B_SET_MEMBERS / PARTS 1,135,000/1,551,426 ( 73.2%) batch=228
2026-08-25T08:14:48.2647976-05:00 [PHASE5B] [OK ] [5.1] PARTS: 1,140,000/1,551,426 (73.5%) batches=228 elapsed=1.42s
2026-08-25T08:14:48.2658019-05:00 [PHASE5B] [RUN] [5.1] P5B_SET_MEMBERS / PARTS 1,140,000/1,551,426 ( 73.5%) batch=229
2026-08-25T08:14:49.8254176-05:00 [PHASE5B] [OK ] [5.1] PARTS: 1,145,000/1,551,426 (73.8%) batches=229 elapsed=1.56s
2026-08-25T08:14:49.8264169-05:00 [PHASE5B] [RUN] [5.1] P5B_SET_MEMBERS / PARTS 1,145,000/1,551,426 ( 73.8%) batch=230
2026-08-25T08:14:51.4438295-05:00 [PHASE5B] [OK ] [5.1] PARTS: 1,150,000/1,551,426 (74.1%) batches=230 elapsed=1.62s
2026-08-25T08:14:51.4458300-05:00 [PHASE5B] [RUN] [5.1] P5B_SET_MEMBERS / PARTS 1,150,000/1,551,426 ( 74.1%) batch=231
2026-08-25T08:14:53.1652741-05:00 [PHASE5B] [OK ] [5.1] PARTS: 1,155,000/1,551,426 (74.4%) batches=231 elapsed=1.72s
2026-08-25T08:14:53.1662743-05:00 [PHASE5B] [RUN] [5.1] P5B_SET_MEMBERS / PARTS 1,155,000/1,551,426 ( 74.4%) batch=232
2026-08-25T08:14:54.7353727-05:00 [PHASE5B] [OK ] [5.1] PARTS: 1,160,000/1,551,426 (74.8%) batches=232 elapsed=1.57s
2026-08-25T08:14:54.7373730-05:00 [PHASE5B] [RUN] [5.1] P5B_SET_MEMBERS / PARTS 1,160,000/1,551,426 ( 74.8%) batch=233
2026-08-25T08:14:56.0634065-05:00 [PHASE5B] [OK ] [5.1] PARTS: 1,165,000/1,551,426 (75.1%) batches=233 elapsed=1.33s
2026-08-25T08:14:56.0644071-05:00 [PHASE5B] [RUN] [5.1] P5B_SET_MEMBERS / PARTS 1,165,000/1,551,426 ( 75.1%) batch=234
2026-08-25T08:14:57.3400200-05:00 [PHASE5B] [OK ] [5.1] PARTS: 1,170,000/1,551,426 (75.4%) batches=234 elapsed=1.28s
2026-08-25T08:14:57.3410197-05:00 [PHASE5B] [RUN] [5.1] P5B_SET_MEMBERS / PARTS 1,170,000/1,551,426 ( 75.4%) batch=235
2026-08-25T08:14:58.8221400-05:00 [PHASE5B] [OK ] [5.1] PARTS: 1,175,000/1,551,426 (75.7%) batches=235 elapsed=1.48s
2026-08-25T08:14:58.8231410-05:00 [PHASE5B] [RUN] [5.1] P5B_SET_MEMBERS / PARTS 1,175,000/1,551,426 ( 75.7%) batch=236
2026-08-25T08:15:00.3927892-05:00 [PHASE5B] [OK ] [5.1] PARTS: 1,180,000/1,551,426 (76.1%) batches=236 elapsed=1.57s
2026-08-25T08:15:00.3937903-05:00 [PHASE5B] [RUN] [5.1] P5B_SET_MEMBERS / PARTS 1,180,000/1,551,426 ( 76.1%) batch=237
2026-08-25T08:15:01.9671217-05:00 [PHASE5B] [OK ] [5.1] PARTS: 1,185,000/1,551,426 (76.4%) batches=237 elapsed=1.57s
2026-08-25T08:15:01.9681237-05:00 [PHASE5B] [RUN] [5.1] P5B_SET_MEMBERS / PARTS 1,185,000/1,551,426 ( 76.4%) batch=238
2026-08-25T08:15:03.6079667-05:00 [PHASE5B] [OK ] [5.1] PARTS: 1,190,000/1,551,426 (76.7%) batches=238 elapsed=1.64s
2026-08-25T08:15:03.6089688-05:00 [PHASE5B] [RUN] [5.1] P5B_SET_MEMBERS / PARTS 1,190,000/1,551,426 ( 76.7%) batch=239
2026-08-25T08:15:05.3978791-05:00 [PHASE5B] [OK ] [5.1] PARTS: 1,195,000/1,551,426 (77.0%) batches=239 elapsed=1.79s
2026-08-25T08:15:05.3993839-05:00 [PHASE5B] [RUN] [5.1] P5B_SET_MEMBERS / PARTS 1,195,000/1,551,426 ( 77.0%) batch=240
2026-08-25T08:15:07.0347456-05:00 [PHASE5B] [OK ] [5.1] PARTS: 1,200,000/1,551,426 (77.3%) batches=240 elapsed=1.64s
2026-08-25T08:15:07.0367459-05:00 [PHASE5B] [RUN] [5.1] P5B_SET_MEMBERS / PARTS 1,200,000/1,551,426 ( 77.3%) batch=241
2026-08-25T08:15:08.6566561-05:00 [PHASE5B] [OK ] [5.1] PARTS: 1,205,000/1,551,426 (77.7%) batches=241 elapsed=1.62s
2026-08-25T08:15:08.6576532-05:00 [PHASE5B] [RUN] [5.1] P5B_SET_MEMBERS / PARTS 1,205,000/1,551,426 ( 77.7%) batch=242
2026-08-25T08:15:10.1473504-05:00 [PHASE5B] [OK ] [5.1] PARTS: 1,210,000/1,551,426 (78.0%) batches=242 elapsed=1.49s
2026-08-25T08:15:10.1498574-05:00 [PHASE5B] [RUN] [5.1] P5B_SET_MEMBERS / PARTS 1,210,000/1,551,426 ( 78.0%) batch=243
2026-08-25T08:15:11.6351080-05:00 [PHASE5B] [OK ] [5.1] PARTS: 1,215,000/1,551,426 (78.3%) batches=243 elapsed=1.49s
2026-08-25T08:15:11.6371069-05:00 [PHASE5B] [RUN] [5.1] P5B_SET_MEMBERS / PARTS 1,215,000/1,551,426 ( 78.3%) batch=244
2026-08-25T08:15:12.9409223-05:00 [PHASE5B] [OK ] [5.1] PARTS: 1,220,000/1,551,426 (78.6%) batches=244 elapsed=1.31s
2026-08-25T08:15:12.9429247-05:00 [PHASE5B] [RUN] [5.1] P5B_SET_MEMBERS / PARTS 1,220,000/1,551,426 ( 78.6%) batch=245
2026-08-25T08:15:14.4297557-05:00 [PHASE5B] [OK ] [5.1] PARTS: 1,225,000/1,551,426 (79.0%) batches=245 elapsed=1.49s
2026-08-25T08:15:14.4317559-05:00 [PHASE5B] [RUN] [5.1] P5B_SET_MEMBERS / PARTS 1,225,000/1,551,426 ( 79.0%) batch=246
2026-08-25T08:15:16.0616318-05:00 [PHASE5B] [OK ] [5.1] PARTS: 1,230,000/1,551,426 (79.3%) batches=246 elapsed=1.63s
2026-08-25T08:15:16.0626318-05:00 [PHASE5B] [RUN] [5.1] P5B_SET_MEMBERS / PARTS 1,230,000/1,551,426 ( 79.3%) batch=247
2026-08-25T08:15:17.6104711-05:00 [PHASE5B] [OK ] [5.1] PARTS: 1,235,000/1,551,426 (79.6%) batches=247 elapsed=1.55s
2026-08-25T08:15:17.6124696-05:00 [PHASE5B] [RUN] [5.1] P5B_SET_MEMBERS / PARTS 1,235,000/1,551,426 ( 79.6%) batch=248
2026-08-25T08:15:19.2916388-05:00 [PHASE5B] [OK ] [5.1] PARTS: 1,240,000/1,551,426 (79.9%) batches=248 elapsed=1.68s
2026-08-25T08:15:19.2926381-05:00 [PHASE5B] [RUN] [5.1] P5B_SET_MEMBERS / PARTS 1,240,000/1,551,426 ( 79.9%) batch=249
2026-08-25T08:15:20.8386946-05:00 [PHASE5B] [OK ] [5.1] PARTS: 1,245,000/1,551,426 (80.2%) batches=249 elapsed=1.55s
2026-08-25T08:15:20.8407000-05:00 [PHASE5B] [RUN] [5.1] P5B_SET_MEMBERS / PARTS 1,245,000/1,551,426 ( 80.2%) batch=250
2026-08-25T08:15:22.3987750-05:00 [PHASE5B] [OK ] [5.1] PARTS: 1,250,000/1,551,426 (80.6%) batches=250 elapsed=1.56s
2026-08-25T08:15:22.3997798-05:00 [PHASE5B] [RUN] [5.1] P5B_SET_MEMBERS / PARTS 1,250,000/1,551,426 ( 80.6%) batch=251
2026-08-25T08:15:23.9689507-05:00 [PHASE5B] [OK ] [5.1] PARTS: 1,255,000/1,551,426 (80.9%) batches=251 elapsed=1.57s
2026-08-25T08:15:23.9699540-05:00 [PHASE5B] [RUN] [5.1] P5B_SET_MEMBERS / PARTS 1,255,000/1,551,426 ( 80.9%) batch=252
2026-08-25T08:15:25.4436284-05:00 [PHASE5B] [OK ] [5.1] PARTS: 1,260,000/1,551,426 (81.2%) batches=252 elapsed=1.47s
2026-08-25T08:15:25.4446287-05:00 [PHASE5B] [RUN] [5.1] P5B_SET_MEMBERS / PARTS 1,260,000/1,551,426 ( 81.2%) batch=253
2026-08-25T08:15:27.1346655-05:00 [PHASE5B] [OK ] [5.1] PARTS: 1,265,000/1,551,426 (81.5%) batches=253 elapsed=1.69s
2026-08-25T08:15:27.1356649-05:00 [PHASE5B] [RUN] [5.1] P5B_SET_MEMBERS / PARTS 1,265,000/1,551,426 ( 81.5%) batch=254
2026-08-25T08:15:28.8236121-05:00 [PHASE5B] [OK ] [5.1] PARTS: 1,270,000/1,551,426 (81.9%) batches=254 elapsed=1.69s
2026-08-25T08:15:28.8246141-05:00 [PHASE5B] [RUN] [5.1] P5B_SET_MEMBERS / PARTS 1,270,000/1,551,426 ( 81.9%) batch=255
2026-08-25T08:15:30.3875750-05:00 [PHASE5B] [OK ] [5.1] PARTS: 1,275,000/1,551,426 (82.2%) batches=255 elapsed=1.56s
2026-08-25T08:15:30.3885723-05:00 [PHASE5B] [RUN] [5.1] P5B_SET_MEMBERS / PARTS 1,275,000/1,551,426 ( 82.2%) batch=256
2026-08-25T08:15:31.9170729-05:00 [PHASE5B] [OK ] [5.1] PARTS: 1,280,000/1,551,426 (82.5%) batches=256 elapsed=1.53s
2026-08-25T08:15:31.9170729-05:00 [PHASE5B] [RUN] [5.1] P5B_SET_MEMBERS / PARTS 1,280,000/1,551,426 ( 82.5%) batch=257
2026-08-25T08:15:33.5058705-05:00 [PHASE5B] [OK ] [5.1] PARTS: 1,285,000/1,551,426 (82.8%) batches=257 elapsed=1.59s
2026-08-25T08:15:33.5068705-05:00 [PHASE5B] [RUN] [5.1] P5B_SET_MEMBERS / PARTS 1,285,000/1,551,426 ( 82.8%) batch=258
2026-08-25T08:15:35.0075194-05:00 [PHASE5B] [OK ] [5.1] PARTS: 1,290,000/1,551,426 (83.1%) batches=258 elapsed=1.50s
2026-08-25T08:15:35.0075194-05:00 [PHASE5B] [RUN] [5.1] P5B_SET_MEMBERS / PARTS 1,290,000/1,551,426 ( 83.1%) batch=259
2026-08-25T08:15:36.5139783-05:00 [PHASE5B] [OK ] [5.1] PARTS: 1,295,000/1,551,426 (83.5%) batches=259 elapsed=1.51s
2026-08-25T08:15:36.5149774-05:00 [PHASE5B] [RUN] [5.1] P5B_SET_MEMBERS / PARTS 1,295,000/1,551,426 ( 83.5%) batch=260
2026-08-25T08:15:41.0326334-05:00 [PHASE5B] [OK ] [5.1] PARTS: 1,300,000/1,551,426 (83.8%) batches=260 elapsed=4.52s
2026-08-25T08:15:41.0336319-05:00 [PHASE5B] [RUN] [5.1] P5B_SET_MEMBERS / PARTS 1,300,000/1,551,426 ( 83.8%) batch=261
2026-08-25T08:15:42.8769229-05:00 [PHASE5B] [OK ] [5.1] PARTS: 1,305,000/1,551,426 (84.1%) batches=261 elapsed=1.84s
2026-08-25T08:15:42.8789241-05:00 [PHASE5B] [RUN] [5.1] P5B_SET_MEMBERS / PARTS 1,305,000/1,551,426 ( 84.1%) batch=262
2026-08-25T08:15:44.4045359-05:00 [PHASE5B] [OK ] [5.1] PARTS: 1,310,000/1,551,426 (84.4%) batches=262 elapsed=1.53s
2026-08-25T08:15:44.4055358-05:00 [PHASE5B] [RUN] [5.1] P5B_SET_MEMBERS / PARTS 1,310,000/1,551,426 ( 84.4%) batch=263
2026-08-25T08:15:45.8718791-05:00 [PHASE5B] [OK ] [5.1] PARTS: 1,315,000/1,551,426 (84.8%) batches=263 elapsed=1.47s
2026-08-25T08:15:45.8738791-05:00 [PHASE5B] [RUN] [5.1] P5B_SET_MEMBERS / PARTS 1,315,000/1,551,426 ( 84.8%) batch=264
2026-08-25T08:15:47.3238640-05:00 [PHASE5B] [OK ] [5.1] PARTS: 1,320,000/1,551,426 (85.1%) batches=264 elapsed=1.45s
2026-08-25T08:15:47.3258649-05:00 [PHASE5B] [RUN] [5.1] P5B_SET_MEMBERS / PARTS 1,320,000/1,551,426 ( 85.1%) batch=265
2026-08-25T08:15:48.9607315-05:00 [PHASE5B] [OK ] [5.1] PARTS: 1,325,000/1,551,426 (85.4%) batches=265 elapsed=1.64s
2026-08-25T08:15:48.9617326-05:00 [PHASE5B] [RUN] [5.1] P5B_SET_MEMBERS / PARTS 1,325,000/1,551,426 ( 85.4%) batch=266
2026-08-25T08:15:50.4916895-05:00 [PHASE5B] [OK ] [5.1] PARTS: 1,330,000/1,551,426 (85.7%) batches=266 elapsed=1.53s
2026-08-25T08:15:50.4926875-05:00 [PHASE5B] [RUN] [5.1] P5B_SET_MEMBERS / PARTS 1,330,000/1,551,426 ( 85.7%) batch=267
2026-08-25T08:15:52.0195355-05:00 [PHASE5B] [OK ] [5.1] PARTS: 1,335,000/1,551,426 (86.0%) batches=267 elapsed=1.53s
2026-08-25T08:15:52.0205356-05:00 [PHASE5B] [RUN] [5.1] P5B_SET_MEMBERS / PARTS 1,335,000/1,551,426 ( 86.0%) batch=268
2026-08-25T08:15:53.5545545-05:00 [PHASE5B] [OK ] [5.1] PARTS: 1,340,000/1,551,426 (86.4%) batches=268 elapsed=1.53s
2026-08-25T08:15:53.5555539-05:00 [PHASE5B] [RUN] [5.1] P5B_SET_MEMBERS / PARTS 1,340,000/1,551,426 ( 86.4%) batch=269
2026-08-25T08:15:54.9666747-05:00 [PHASE5B] [OK ] [5.1] PARTS: 1,345,000/1,551,426 (86.7%) batches=269 elapsed=1.41s
2026-08-25T08:15:54.9676749-05:00 [PHASE5B] [RUN] [5.1] P5B_SET_MEMBERS / PARTS 1,345,000/1,551,426 ( 86.7%) batch=270
2026-08-25T08:15:56.5009152-05:00 [PHASE5B] [OK ] [5.1] PARTS: 1,350,000/1,551,426 (87.0%) batches=270 elapsed=1.53s
2026-08-25T08:15:56.5029092-05:00 [PHASE5B] [RUN] [5.1] P5B_SET_MEMBERS / PARTS 1,350,000/1,551,426 ( 87.0%) batch=271
2026-08-25T08:15:58.1358492-05:00 [PHASE5B] [OK ] [5.1] PARTS: 1,355,000/1,551,426 (87.3%) batches=271 elapsed=1.63s
2026-08-25T08:15:58.1378490-05:00 [PHASE5B] [RUN] [5.1] P5B_SET_MEMBERS / PARTS 1,355,000/1,551,426 ( 87.3%) batch=272
2026-08-25T08:15:59.5625081-05:00 [PHASE5B] [OK ] [5.1] PARTS: 1,360,000/1,551,426 (87.7%) batches=272 elapsed=1.43s
2026-08-25T08:15:59.5635090-05:00 [PHASE5B] [RUN] [5.1] P5B_SET_MEMBERS / PARTS 1,360,000/1,551,426 ( 87.7%) batch=273
2026-08-25T08:16:01.1934103-05:00 [PHASE5B] [OK ] [5.1] PARTS: 1,365,000/1,551,426 (88.0%) batches=273 elapsed=1.63s
2026-08-25T08:16:01.1944111-05:00 [PHASE5B] [RUN] [5.1] P5B_SET_MEMBERS / PARTS 1,365,000/1,551,426 ( 88.0%) batch=274
2026-08-25T08:16:02.9317427-05:00 [PHASE5B] [OK ] [5.1] PARTS: 1,370,000/1,551,426 (88.3%) batches=274 elapsed=1.74s
2026-08-25T08:16:02.9327413-05:00 [PHASE5B] [RUN] [5.1] P5B_SET_MEMBERS / PARTS 1,370,000/1,551,426 ( 88.3%) batch=275
2026-08-25T08:16:04.2237960-05:00 [PHASE5B] [OK ] [5.1] PARTS: 1,375,000/1,551,426 (88.6%) batches=275 elapsed=1.29s
2026-08-25T08:16:04.2247963-05:00 [PHASE5B] [RUN] [5.1] P5B_SET_MEMBERS / PARTS 1,375,000/1,551,426 ( 88.6%) batch=276
2026-08-25T08:16:05.9759590-05:00 [PHASE5B] [OK ] [5.1] PARTS: 1,380,000/1,551,426 (89.0%) batches=276 elapsed=1.75s
2026-08-25T08:16:05.9769585-05:00 [PHASE5B] [RUN] [5.1] P5B_SET_MEMBERS / PARTS 1,380,000/1,551,426 ( 89.0%) batch=277
2026-08-25T08:16:07.5604595-05:00 [PHASE5B] [OK ] [5.1] PARTS: 1,385,000/1,551,426 (89.3%) batches=277 elapsed=1.58s
2026-08-25T08:16:07.5614602-05:00 [PHASE5B] [RUN] [5.1] P5B_SET_MEMBERS / PARTS 1,385,000/1,551,426 ( 89.3%) batch=278
2026-08-25T08:16:09.0775065-05:00 [PHASE5B] [OK ] [5.1] PARTS: 1,390,000/1,551,426 (89.6%) batches=278 elapsed=1.52s
2026-08-25T08:16:09.0790120-05:00 [PHASE5B] [RUN] [5.1] P5B_SET_MEMBERS / PARTS 1,390,000/1,551,426 ( 89.6%) batch=279
2026-08-25T08:16:10.6054911-05:00 [PHASE5B] [OK ] [5.1] PARTS: 1,395,000/1,551,426 (89.9%) batches=279 elapsed=1.53s
2026-08-25T08:16:10.6064911-05:00 [PHASE5B] [RUN] [5.1] P5B_SET_MEMBERS / PARTS 1,395,000/1,551,426 ( 89.9%) batch=280
2026-08-25T08:16:12.2469943-05:00 [PHASE5B] [OK ] [5.1] PARTS: 1,400,000/1,551,426 (90.2%) batches=280 elapsed=1.64s
2026-08-25T08:16:12.2484986-05:00 [PHASE5B] [RUN] [5.1] P5B_SET_MEMBERS / PARTS 1,400,000/1,551,426 ( 90.2%) batch=281
2026-08-25T08:16:13.5647115-05:00 [PHASE5B] [OK ] [5.1] PARTS: 1,405,000/1,551,426 (90.6%) batches=281 elapsed=1.32s
2026-08-25T08:16:13.5657132-05:00 [PHASE5B] [RUN] [5.1] P5B_SET_MEMBERS / PARTS 1,405,000/1,551,426 ( 90.6%) batch=282
2026-08-25T08:16:15.1209325-05:00 [PHASE5B] [OK ] [5.1] PARTS: 1,410,000/1,551,426 (90.9%) batches=282 elapsed=1.56s
2026-08-25T08:16:15.1229329-05:00 [PHASE5B] [RUN] [5.1] P5B_SET_MEMBERS / PARTS 1,410,000/1,551,426 ( 90.9%) batch=283
2026-08-25T08:16:16.6917005-05:00 [PHASE5B] [OK ] [5.1] PARTS: 1,415,000/1,551,426 (91.2%) batches=283 elapsed=1.57s
2026-08-25T08:16:16.6927000-05:00 [PHASE5B] [RUN] [5.1] P5B_SET_MEMBERS / PARTS 1,415,000/1,551,426 ( 91.2%) batch=284
2026-08-25T08:16:18.4487447-05:00 [PHASE5B] [OK ] [5.1] PARTS: 1,420,000/1,551,426 (91.5%) batches=284 elapsed=1.76s
2026-08-25T08:16:18.4500056-05:00 [PHASE5B] [RUN] [5.1] P5B_SET_MEMBERS / PARTS 1,420,000/1,551,426 ( 91.5%) batch=285
2026-08-25T08:16:19.8074910-05:00 [PHASE5B] [OK ] [5.1] PARTS: 1,425,000/1,551,426 (91.9%) batches=285 elapsed=1.36s
2026-08-25T08:16:19.8084888-05:00 [PHASE5B] [RUN] [5.1] P5B_SET_MEMBERS / PARTS 1,425,000/1,551,426 ( 91.9%) batch=286
2026-08-25T08:16:21.2956665-05:00 [PHASE5B] [OK ] [5.1] PARTS: 1,430,000/1,551,426 (92.2%) batches=286 elapsed=1.49s
2026-08-25T08:16:21.2976677-05:00 [PHASE5B] [RUN] [5.1] P5B_SET_MEMBERS / PARTS 1,430,000/1,551,426 ( 92.2%) batch=287
2026-08-25T08:16:22.6665057-05:00 [PHASE5B] [OK ] [5.1] PARTS: 1,435,000/1,551,426 (92.5%) batches=287 elapsed=1.37s
2026-08-25T08:16:22.6675084-05:00 [PHASE5B] [RUN] [5.1] P5B_SET_MEMBERS / PARTS 1,435,000/1,551,426 ( 92.5%) batch=288
2026-08-25T08:16:24.1976408-05:00 [PHASE5B] [OK ] [5.1] PARTS: 1,440,000/1,551,426 (92.8%) batches=288 elapsed=1.53s
2026-08-25T08:16:24.1986401-05:00 [PHASE5B] [RUN] [5.1] P5B_SET_MEMBERS / PARTS 1,440,000/1,551,426 ( 92.8%) batch=289
2026-08-25T08:16:25.6662008-05:00 [PHASE5B] [OK ] [5.1] PARTS: 1,445,000/1,551,426 (93.1%) batches=289 elapsed=1.47s
2026-08-25T08:16:25.6672016-05:00 [PHASE5B] [RUN] [5.1] P5B_SET_MEMBERS / PARTS 1,445,000/1,551,426 ( 93.1%) batch=290
2026-08-25T08:16:27.3492749-05:00 [PHASE5B] [OK ] [5.1] PARTS: 1,450,000/1,551,426 (93.5%) batches=290 elapsed=1.68s
2026-08-25T08:16:27.3502741-05:00 [PHASE5B] [RUN] [5.1] P5B_SET_MEMBERS / PARTS 1,450,000/1,551,426 ( 93.5%) batch=291
2026-08-25T08:16:28.7454408-05:00 [PHASE5B] [OK ] [5.1] PARTS: 1,455,000/1,551,426 (93.8%) batches=291 elapsed=1.40s
2026-08-25T08:16:28.7464387-05:00 [PHASE5B] [RUN] [5.1] P5B_SET_MEMBERS / PARTS 1,455,000/1,551,426 ( 93.8%) batch=292
2026-08-25T08:16:30.1531959-05:00 [PHASE5B] [OK ] [5.1] PARTS: 1,460,000/1,551,426 (94.1%) batches=292 elapsed=1.41s
2026-08-25T08:16:30.1551967-05:00 [PHASE5B] [RUN] [5.1] P5B_SET_MEMBERS / PARTS 1,460,000/1,551,426 ( 94.1%) batch=293
2026-08-25T08:16:31.5903536-05:00 [PHASE5B] [OK ] [5.1] PARTS: 1,465,000/1,551,426 (94.4%) batches=293 elapsed=1.44s
2026-08-25T08:16:31.5923521-05:00 [PHASE5B] [RUN] [5.1] P5B_SET_MEMBERS / PARTS 1,465,000/1,551,426 ( 94.4%) batch=294
2026-08-25T08:16:32.9769943-05:00 [PHASE5B] [OK ] [5.1] PARTS: 1,470,000/1,551,426 (94.8%) batches=294 elapsed=1.39s
2026-08-25T08:16:32.9784974-05:00 [PHASE5B] [RUN] [5.1] P5B_SET_MEMBERS / PARTS 1,470,000/1,551,426 ( 94.8%) batch=295
2026-08-25T08:16:34.1603593-05:00 [PHASE5B] [OK ] [5.1] PARTS: 1,475,000/1,551,426 (95.1%) batches=295 elapsed=1.18s
2026-08-25T08:16:34.1623576-05:00 [PHASE5B] [RUN] [5.1] P5B_SET_MEMBERS / PARTS 1,475,000/1,551,426 ( 95.1%) batch=296
2026-08-25T08:16:35.6046344-05:00 [PHASE5B] [OK ] [5.1] PARTS: 1,480,000/1,551,426 (95.4%) batches=296 elapsed=1.44s
2026-08-25T08:16:35.6056344-05:00 [PHASE5B] [RUN] [5.1] P5B_SET_MEMBERS / PARTS 1,480,000/1,551,426 ( 95.4%) batch=297
2026-08-25T08:16:37.0610737-05:00 [PHASE5B] [OK ] [5.1] PARTS: 1,485,000/1,551,426 (95.7%) batches=297 elapsed=1.46s
2026-08-25T08:16:37.0620731-05:00 [PHASE5B] [RUN] [5.1] P5B_SET_MEMBERS / PARTS 1,485,000/1,551,426 ( 95.7%) batch=298
2026-08-25T08:16:38.6683105-05:00 [PHASE5B] [OK ] [5.1] PARTS: 1,490,000/1,551,426 (96.0%) batches=298 elapsed=1.61s
2026-08-25T08:16:38.6688142-05:00 [PHASE5B] [RUN] [5.1] P5B_SET_MEMBERS / PARTS 1,490,000/1,551,426 ( 96.0%) batch=299
2026-08-25T08:16:40.0247171-05:00 [PHASE5B] [OK ] [5.1] PARTS: 1,495,000/1,551,426 (96.4%) batches=299 elapsed=1.36s
2026-08-25T08:16:40.0267173-05:00 [PHASE5B] [RUN] [5.1] P5B_SET_MEMBERS / PARTS 1,495,000/1,551,426 ( 96.4%) batch=300
2026-08-25T08:16:41.7034675-05:00 [PHASE5B] [OK ] [5.1] PARTS: 1,500,000/1,551,426 (96.7%) batches=300 elapsed=1.68s
2026-08-25T08:16:41.7044679-05:00 [PHASE5B] [RUN] [5.1] P5B_SET_MEMBERS / PARTS 1,500,000/1,551,426 ( 96.7%) batch=301
2026-08-25T08:16:43.1345524-05:00 [PHASE5B] [OK ] [5.1] PARTS: 1,505,000/1,551,426 (97.0%) batches=301 elapsed=1.43s
2026-08-25T08:16:43.1365529-05:00 [PHASE5B] [RUN] [5.1] P5B_SET_MEMBERS / PARTS 1,505,000/1,551,426 ( 97.0%) batch=302
2026-08-25T08:16:44.4539572-05:00 [PHASE5B] [OK ] [5.1] PARTS: 1,510,000/1,551,426 (97.3%) batches=302 elapsed=1.32s
2026-08-25T08:16:44.4549585-05:00 [PHASE5B] [RUN] [5.1] P5B_SET_MEMBERS / PARTS 1,510,000/1,551,426 ( 97.3%) batch=303
2026-08-25T08:16:45.8492602-05:00 [PHASE5B] [OK ] [5.1] PARTS: 1,515,000/1,551,426 (97.7%) batches=303 elapsed=1.40s
2026-08-25T08:16:45.8512633-05:00 [PHASE5B] [RUN] [5.1] P5B_SET_MEMBERS / PARTS 1,515,000/1,551,426 ( 97.7%) batch=304
2026-08-25T08:16:47.3116175-05:00 [PHASE5B] [OK ] [5.1] PARTS: 1,520,000/1,551,426 (98.0%) batches=304 elapsed=1.46s
2026-08-25T08:16:47.3126173-05:00 [PHASE5B] [RUN] [5.1] P5B_SET_MEMBERS / PARTS 1,520,000/1,551,426 ( 98.0%) batch=305
2026-08-25T08:16:48.7075521-05:00 [PHASE5B] [OK ] [5.1] PARTS: 1,525,000/1,551,426 (98.3%) batches=305 elapsed=1.39s
2026-08-25T08:16:48.7085505-05:00 [PHASE5B] [RUN] [5.1] P5B_SET_MEMBERS / PARTS 1,525,000/1,551,426 ( 98.3%) batch=306
2026-08-25T08:16:50.2690706-05:00 [PHASE5B] [OK ] [5.1] PARTS: 1,530,000/1,551,426 (98.6%) batches=306 elapsed=1.56s
2026-08-25T08:16:50.2710708-05:00 [PHASE5B] [RUN] [5.1] P5B_SET_MEMBERS / PARTS 1,530,000/1,551,426 ( 98.6%) batch=307
2026-08-25T08:16:51.6722255-05:00 [PHASE5B] [OK ] [5.1] PARTS: 1,535,000/1,551,426 (98.9%) batches=307 elapsed=1.40s
2026-08-25T08:16:51.6742310-05:00 [PHASE5B] [RUN] [5.1] P5B_SET_MEMBERS / PARTS 1,535,000/1,551,426 ( 98.9%) batch=308
2026-08-25T08:16:52.9765297-05:00 [PHASE5B] [OK ] [5.1] PARTS: 1,540,000/1,551,426 (99.3%) batches=308 elapsed=1.30s
2026-08-25T08:16:52.9775292-05:00 [PHASE5B] [RUN] [5.1] P5B_SET_MEMBERS / PARTS 1,540,000/1,551,426 ( 99.3%) batch=309
2026-08-25T08:16:54.3334929-05:00 [PHASE5B] [OK ] [5.1] PARTS: 1,545,000/1,551,426 (99.6%) batches=309 elapsed=1.36s
2026-08-25T08:16:54.3354905-05:00 [PHASE5B] [RUN] [5.1] P5B_SET_MEMBERS / PARTS 1,545,000/1,551,426 ( 99.6%) batch=310
2026-08-25T08:16:55.6922417-05:00 [PHASE5B] [OK ] [5.1] PARTS: 1,550,000/1,551,426 (99.9%) batches=310 elapsed=1.36s
2026-08-25T08:16:55.6932398-05:00 [PHASE5B] [RUN] [5.1] P5B_SET_MEMBERS / PARTS 1,550,000/1,551,426 ( 99.9%) batch=311
2026-08-25T08:16:55.8288445-05:00 [PHASE5B] [OK ] [5.1] PARTS: 1,551,426/1,551,426 (100.0%) batches=311 elapsed=0.14s
2026-08-25T08:16:55.8298455-05:00 [PHASE5B] 
2026-08-25T08:16:55.8308454-05:00 [PHASE5B] -------------------------------------------------------------------------------
2026-08-25T08:16:55.8318460-05:00 [PHASE5B]  Durable Phase 5B checkpoint status
2026-08-25T08:16:55.8328447-05:00 [PHASE5B] -------------------------------------------------------------------------------
2026-08-25T08:16:55.8328447-05:00 [PHASE5B] 
2026-08-25T08:16:55.8338449-05:00 [PHASE5B] [1/10] P5B_VALIDATE
2026-08-25T08:16:55.8348446-05:00 [PHASE5B]       [1.1] SOURCE_CONTRACT              COMPLETED          1 / 1          100.0% batches=1
2026-08-25T08:16:55.8358445-05:00 [PHASE5B]       [1.2] PARENT_CLASSIFICATION        COMPLETED          1 / 1          100.0% batches=1
2026-08-25T08:16:55.8368468-05:00 [PHASE5B]       [1.3] CATALOG_REFERENCES           COMPLETED          1 / 1          100.0% batches=1
2026-08-25T08:16:55.8368468-05:00 [PHASE5B]       [1.4] VERSION_KEYS                 COMPLETED          1 / 1          100.0% batches=1
2026-08-25T08:16:55.8383501-05:00 [PHASE5B] 
2026-08-25T08:16:55.8393540-05:00 [PHASE5B] [2/10] P5B_VARIANTS
2026-08-25T08:16:55.8393540-05:00 [PHASE5B]       [2.1] BASE_PART_COLOR_VARIANTS     COMPLETED  1,551,426 / 1,551,426  100.0% batches=311
2026-08-25T08:16:55.8403570-05:00 [PHASE5B] 
2026-08-25T08:16:55.8413565-05:00 [PHASE5B] [3/10] P5B_DEFINITIONS
2026-08-25T08:16:55.8423567-05:00 [PHASE5B]       [3.1] PARENT_DEFINITIONS           COMPLETED     47,216 / 47,216     100.0% batches=10
2026-08-25T08:16:55.8433567-05:00 [PHASE5B] 
2026-08-25T08:16:55.8433567-05:00 [PHASE5B] [4/10] P5B_VERSIONS
2026-08-25T08:16:55.8443566-05:00 [PHASE5B]       [4.1] SOURCE_VERSIONS              COMPLETED     47,216 / 47,216     100.0% batches=10
2026-08-25T08:16:55.8453567-05:00 [PHASE5B] 
2026-08-25T08:16:55.8463567-05:00 [PHASE5B] [5/10] P5B_SET_MEMBERS
2026-08-25T08:16:55.8473580-05:00 [PHASE5B]       [5.1] PARTS                        COMPLETED  1,551,426 / 1,551,426  100.0% batches=311
2026-08-25T08:16:55.8483569-05:00 [PHASE5B]       [5.2] SETS                         PENDING            0 / 5,176        0.0% batches=0
2026-08-25T08:16:55.8488591-05:00 [PHASE5B]       [5.3] MINIFIGURES                  PENDING            0 / 25,738       0.0% batches=0
2026-08-25T08:16:55.8498635-05:00 [PHASE5B] 
2026-08-25T08:16:55.8508673-05:00 [PHASE5B] [6/10] P5B_MINIFIG_MEMBERS
2026-08-25T08:16:55.8518668-05:00 [PHASE5B]       [6.1] PARTS                        PENDING            0 / 1,551,426    0.0% batches=0
2026-08-25T08:16:55.8518668-05:00 [PHASE5B] 
2026-08-25T08:16:55.8518668-05:00 [PHASE5B] [7/10] P5B_MINIFIG_ANCHORS
2026-08-25T08:16:55.8533696-05:00 [PHASE5B]       [7.1] COMPOSITIONS                 PENDING            0 / 47,216       0.0% batches=0
2026-08-25T08:16:55.8543731-05:00 [PHASE5B] 
2026-08-25T08:16:55.8553726-05:00 [PHASE5B] [8/10] P5B_FINALIZE_VERSIONS
2026-08-25T08:16:55.8553726-05:00 [PHASE5B]       [8.1] HASH_AND_FINALIZE            PENDING            0 / 47,216       0.0% batches=0
2026-08-25T08:16:55.8563725-05:00 [PHASE5B] 
2026-08-25T08:16:55.8573725-05:00 [PHASE5B] [9/10] P5B_AUTHORITY
2026-08-25T08:16:55.8583723-05:00 [PHASE5B]       [9.1] LATEST_SOURCE                PENDING            0 / 47,216       0.0% batches=0
2026-08-25T08:16:55.8588745-05:00 [PHASE5B] 
2026-08-25T08:16:55.8598777-05:00 [PHASE5B] [10/10] P5B_COMPLETE
2026-08-25T08:16:55.8608801-05:00 [PHASE5B]       [10.1] VERIFY                       PENDING            0 / 1            0.0% batches=0
2026-08-25T08:16:55.8618799-05:00 [PHASE5B]       [10.2] COMPLETE_RUN                 PENDING            0 / 1            0.0% batches=0
2026-08-25T08:16:55.8618799-05:00 [PHASE5B] 
2026-08-25T08:16:55.8628813-05:00 [PHASE5B] [RUN] [5.2] P5B_SET_MEMBERS / SETS 0/5,176 (  0.0%) batch=1
2026-08-25T08:16:56.5563511-05:00 [PHASE5B] [OK ] [5.2] SETS: 5,000/5,176 (96.6%) batches=1 elapsed=0.73s
2026-08-25T08:16:56.5573497-05:00 [PHASE5B] [RUN] [5.2] P5B_SET_MEMBERS / SETS 5,000/5,176 ( 96.6%) batch=2
2026-08-25T08:16:56.6242477-05:00 [PHASE5B] [OK ] [5.2] SETS: 5,176/5,176 (100.0%) batches=2 elapsed=0.07s
2026-08-25T08:16:56.6252482-05:00 [PHASE5B] 
2026-08-25T08:16:56.6262480-05:00 [PHASE5B] -------------------------------------------------------------------------------
2026-08-25T08:16:56.6272486-05:00 [PHASE5B]  Durable Phase 5B checkpoint status
2026-08-25T08:16:56.6282481-05:00 [PHASE5B] -------------------------------------------------------------------------------
2026-08-25T08:16:56.6282481-05:00 [PHASE5B] 
2026-08-25T08:16:56.6295036-05:00 [PHASE5B] [1/10] P5B_VALIDATE
2026-08-25T08:16:56.6305038-05:00 [PHASE5B]       [1.1] SOURCE_CONTRACT              COMPLETED          1 / 1          100.0% batches=1
2026-08-25T08:16:56.6315041-05:00 [PHASE5B]       [1.2] PARENT_CLASSIFICATION        COMPLETED          1 / 1          100.0% batches=1
2026-08-25T08:16:56.6315041-05:00 [PHASE5B]       [1.3] CATALOG_REFERENCES           COMPLETED          1 / 1          100.0% batches=1
2026-08-25T08:16:56.6325035-05:00 [PHASE5B]       [1.4] VERSION_KEYS                 COMPLETED          1 / 1          100.0% batches=1
2026-08-25T08:16:56.6335040-05:00 [PHASE5B] 
2026-08-25T08:16:56.6345034-05:00 [PHASE5B] [2/10] P5B_VARIANTS
2026-08-25T08:16:56.6355030-05:00 [PHASE5B]       [2.1] BASE_PART_COLOR_VARIANTS     COMPLETED  1,551,426 / 1,551,426  100.0% batches=311
2026-08-25T08:16:56.6355030-05:00 [PHASE5B] 
2026-08-25T08:16:56.6365033-05:00 [PHASE5B] [3/10] P5B_DEFINITIONS
2026-08-25T08:16:56.6375036-05:00 [PHASE5B]       [3.1] PARENT_DEFINITIONS           COMPLETED     47,216 / 47,216     100.0% batches=10
2026-08-25T08:16:56.6385036-05:00 [PHASE5B] 
2026-08-25T08:16:56.6385036-05:00 [PHASE5B] [4/10] P5B_VERSIONS
2026-08-25T08:16:56.6396876-05:00 [PHASE5B]       [4.1] SOURCE_VERSIONS              COMPLETED     47,216 / 47,216     100.0% batches=10
2026-08-25T08:16:56.6406871-05:00 [PHASE5B] 
2026-08-25T08:16:56.6416871-05:00 [PHASE5B] [5/10] P5B_SET_MEMBERS
2026-08-25T08:16:56.6416871-05:00 [PHASE5B]       [5.1] PARTS                        COMPLETED  1,551,426 / 1,551,426  100.0% batches=311
2026-08-25T08:16:56.6426882-05:00 [PHASE5B]       [5.2] SETS                         COMPLETED      5,176 / 5,176      100.0% batches=2
2026-08-25T08:16:56.6436889-05:00 [PHASE5B]       [5.3] MINIFIGURES                  PENDING            0 / 25,738       0.0% batches=0
2026-08-25T08:16:56.6446876-05:00 [PHASE5B] 
2026-08-25T08:16:56.6446876-05:00 [PHASE5B] [6/10] P5B_MINIFIG_MEMBERS
2026-08-25T08:16:56.6456881-05:00 [PHASE5B]       [6.1] PARTS                        PENDING            0 / 1,551,426    0.0% batches=0
2026-08-25T08:16:56.6466872-05:00 [PHASE5B] 
2026-08-25T08:16:56.6466872-05:00 [PHASE5B] [7/10] P5B_MINIFIG_ANCHORS
2026-08-25T08:16:56.6481916-05:00 [PHASE5B]       [7.1] COMPOSITIONS                 PENDING            0 / 47,216       0.0% batches=0
2026-08-25T08:16:56.6491942-05:00 [PHASE5B] 
2026-08-25T08:16:56.6501950-05:00 [PHASE5B] [8/10] P5B_FINALIZE_VERSIONS
2026-08-25T08:16:56.6501950-05:00 [PHASE5B]       [8.1] HASH_AND_FINALIZE            PENDING            0 / 47,216       0.0% batches=0
2026-08-25T08:16:56.6511977-05:00 [PHASE5B] 
2026-08-25T08:16:56.6521978-05:00 [PHASE5B] [9/10] P5B_AUTHORITY
2026-08-25T08:16:56.6531975-05:00 [PHASE5B]       [9.1] LATEST_SOURCE                PENDING            0 / 47,216       0.0% batches=0
2026-08-25T08:16:56.6543998-05:00 [PHASE5B] 
2026-08-25T08:16:56.6553992-05:00 [PHASE5B] [10/10] P5B_COMPLETE
2026-08-25T08:16:56.6553992-05:00 [PHASE5B]       [10.1] VERIFY                       PENDING            0 / 1            0.0% batches=0
2026-08-25T08:16:56.6563987-05:00 [PHASE5B]       [10.2] COMPLETE_RUN                 PENDING            0 / 1            0.0% batches=0
2026-08-25T08:16:56.6573990-05:00 [PHASE5B] 
2026-08-25T08:16:56.6583986-05:00 [PHASE5B] [RUN] [5.3] P5B_SET_MEMBERS / MINIFIGURES 0/25,738 (  0.0%) batch=1
2026-08-25T08:16:57.4122490-05:00 [PHASE5B] [OK ] [5.3] MINIFIGURES: 5,000/25,738 (19.4%) batches=1 elapsed=0.79s
2026-08-25T08:16:57.4132463-05:00 [PHASE5B] [RUN] [5.3] P5B_SET_MEMBERS / MINIFIGURES 5,000/25,738 ( 19.4%) batch=2
2026-08-25T08:16:58.2640016-05:00 [PHASE5B] [OK ] [5.3] MINIFIGURES: 10,000/25,738 (38.9%) batches=2 elapsed=0.85s
2026-08-25T08:16:58.2650011-05:00 [PHASE5B] [RUN] [5.3] P5B_SET_MEMBERS / MINIFIGURES 10,000/25,738 ( 38.9%) batch=3
2026-08-25T08:16:58.9862443-05:00 [PHASE5B] [OK ] [5.3] MINIFIGURES: 15,000/25,738 (58.3%) batches=3 elapsed=0.72s
2026-08-25T08:16:58.9872462-05:00 [PHASE5B] [RUN] [5.3] P5B_SET_MEMBERS / MINIFIGURES 15,000/25,738 ( 58.3%) batch=4
2026-08-25T08:17:00.1320238-05:00 [PHASE5B] [OK ] [5.3] MINIFIGURES: 20,000/25,738 (77.7%) batches=4 elapsed=1.15s
2026-08-25T08:17:00.1330249-05:00 [PHASE5B] [RUN] [5.3] P5B_SET_MEMBERS / MINIFIGURES 20,000/25,738 ( 77.7%) batch=5
2026-08-25T08:17:01.6645860-05:00 [PHASE5B] [OK ] [5.3] MINIFIGURES: 25,000/25,738 (97.1%) batches=5 elapsed=1.53s
2026-08-25T08:17:01.6655858-05:00 [PHASE5B] [RUN] [5.3] P5B_SET_MEMBERS / MINIFIGURES 25,000/25,738 ( 97.1%) batch=6
2026-08-25T08:17:01.8867700-05:00 [PHASE5B] [OK ] [5.3] MINIFIGURES: 25,738/25,738 (100.0%) batches=6 elapsed=0.22s
2026-08-25T08:17:01.8882748-05:00 [PHASE5B] 
2026-08-25T08:17:01.8902823-05:00 [PHASE5B] -------------------------------------------------------------------------------
2026-08-25T08:17:01.8902823-05:00 [PHASE5B]  Durable Phase 5B checkpoint status
2026-08-25T08:17:01.8912820-05:00 [PHASE5B] -------------------------------------------------------------------------------
2026-08-25T08:17:01.8922814-05:00 [PHASE5B] 
2026-08-25T08:17:01.8932820-05:00 [PHASE5B] [1/10] P5B_VALIDATE
2026-08-25T08:17:01.8932820-05:00 [PHASE5B]       [1.1] SOURCE_CONTRACT              COMPLETED          1 / 1          100.0% batches=1
2026-08-25T08:17:01.8942817-05:00 [PHASE5B]       [1.2] PARENT_CLASSIFICATION        COMPLETED          1 / 1          100.0% batches=1
2026-08-25T08:17:01.8952856-05:00 [PHASE5B]       [1.3] CATALOG_REFERENCES           COMPLETED          1 / 1          100.0% batches=1
2026-08-25T08:17:01.8962837-05:00 [PHASE5B]       [1.4] VERSION_KEYS                 COMPLETED          1 / 1          100.0% batches=1
2026-08-25T08:17:01.8972829-05:00 [PHASE5B] 
2026-08-25T08:17:01.8972829-05:00 [PHASE5B] [2/10] P5B_VARIANTS
2026-08-25T08:17:01.8982815-05:00 [PHASE5B]       [2.1] BASE_PART_COLOR_VARIANTS     COMPLETED  1,551,426 / 1,551,426  100.0% batches=311
2026-08-25T08:17:01.8993952-05:00 [PHASE5B] 
2026-08-25T08:17:01.9003947-05:00 [PHASE5B] [3/10] P5B_DEFINITIONS
2026-08-25T08:17:01.9013942-05:00 [PHASE5B]       [3.1] PARENT_DEFINITIONS           COMPLETED     47,216 / 47,216     100.0% batches=10
2026-08-25T08:17:01.9013942-05:00 [PHASE5B] 
2026-08-25T08:17:01.9023940-05:00 [PHASE5B] [4/10] P5B_VERSIONS
2026-08-25T08:17:01.9033941-05:00 [PHASE5B]       [4.1] SOURCE_VERSIONS              COMPLETED     47,216 / 47,216     100.0% batches=10
2026-08-25T08:17:01.9043940-05:00 [PHASE5B] 
2026-08-25T08:17:01.9053937-05:00 [PHASE5B] [5/10] P5B_SET_MEMBERS
2026-08-25T08:17:01.9063948-05:00 [PHASE5B]       [5.1] PARTS                        COMPLETED  1,551,426 / 1,551,426  100.0% batches=311
2026-08-25T08:17:01.9063948-05:00 [PHASE5B]       [5.2] SETS                         COMPLETED      5,176 / 5,176      100.0% batches=2
2026-08-25T08:17:01.9073935-05:00 [PHASE5B]       [5.3] MINIFIGURES                  COMPLETED     25,738 / 25,738     100.0% batches=6
2026-08-25T08:17:01.9083951-05:00 [PHASE5B] 
2026-08-25T08:17:01.9094680-05:00 [PHASE5B] [6/10] P5B_MINIFIG_MEMBERS
2026-08-25T08:17:01.9094680-05:00 [PHASE5B]       [6.1] PARTS                        PENDING            0 / 1,551,426    0.0% batches=0
2026-08-25T08:17:01.9104680-05:00 [PHASE5B] 
2026-08-25T08:17:01.9114678-05:00 [PHASE5B] [7/10] P5B_MINIFIG_ANCHORS
2026-08-25T08:17:01.9124676-05:00 [PHASE5B]       [7.1] COMPOSITIONS                 PENDING            0 / 47,216       0.0% batches=0
2026-08-25T08:17:01.9124676-05:00 [PHASE5B] 
2026-08-25T08:17:01.9134675-05:00 [PHASE5B] [8/10] P5B_FINALIZE_VERSIONS
2026-08-25T08:17:01.9144682-05:00 [PHASE5B]       [8.1] HASH_AND_FINALIZE            PENDING            0 / 47,216       0.0% batches=0
2026-08-25T08:17:01.9154683-05:00 [PHASE5B] 
2026-08-25T08:17:01.9154683-05:00 [PHASE5B] [9/10] P5B_AUTHORITY
2026-08-25T08:17:01.9164685-05:00 [PHASE5B]       [9.1] LATEST_SOURCE                PENDING            0 / 47,216       0.0% batches=0
2026-08-25T08:17:01.9174678-05:00 [PHASE5B] 
2026-08-25T08:17:01.9184674-05:00 [PHASE5B] [10/10] P5B_COMPLETE
2026-08-25T08:17:01.9184674-05:00 [PHASE5B]       [10.1] VERIFY                       PENDING            0 / 1            0.0% batches=0
2026-08-25T08:17:01.9198450-05:00 [PHASE5B]       [10.2] COMPLETE_RUN                 PENDING            0 / 1            0.0% batches=0
2026-08-25T08:17:01.9208454-05:00 [PHASE5B] 
2026-08-25T08:17:01.9208454-05:00 [PHASE5B] [RUN] [6.1] P5B_MINIFIG_MEMBERS / PARTS 0/1,551,426 (  0.0%) batch=1
2026-08-25T08:17:01.9592980-05:00 [PHASE5B] [OK ] [6.1] PARTS: 5,000/1,551,426 (0.3%) batches=1 elapsed=0.07s
2026-08-25T08:17:01.9603015-05:00 [PHASE5B] [RUN] [6.1] P5B_MINIFIG_MEMBERS / PARTS 5,000/1,551,426 (  0.3%) batch=2
2026-08-25T08:17:02.0128314-05:00 [PHASE5B] [OK ] [6.1] PARTS: 10,000/1,551,426 (0.6%) batches=2 elapsed=0.05s
2026-08-25T08:17:02.0138310-05:00 [PHASE5B] [RUN] [6.1] P5B_MINIFIG_MEMBERS / PARTS 10,000/1,551,426 (  0.6%) batch=3
2026-08-25T08:17:02.0791488-05:00 [PHASE5B] [OK ] [6.1] PARTS: 15,000/1,551,426 (1.0%) batches=3 elapsed=0.07s
2026-08-25T08:17:02.0811485-05:00 [PHASE5B] [RUN] [6.1] P5B_MINIFIG_MEMBERS / PARTS 15,000/1,551,426 (  1.0%) batch=4
2026-08-25T08:17:02.1400283-05:00 [PHASE5B] [OK ] [6.1] PARTS: 20,000/1,551,426 (1.3%) batches=4 elapsed=0.06s
2026-08-25T08:17:02.1410334-05:00 [PHASE5B] [RUN] [6.1] P5B_MINIFIG_MEMBERS / PARTS 20,000/1,551,426 (  1.3%) batch=5
2026-08-25T08:17:02.2150532-05:00 [PHASE5B] [OK ] [6.1] PARTS: 25,000/1,551,426 (1.6%) batches=5 elapsed=0.07s
2026-08-25T08:17:02.2160514-05:00 [PHASE5B] [RUN] [6.1] P5B_MINIFIG_MEMBERS / PARTS 25,000/1,551,426 (  1.6%) batch=6
2026-08-25T08:17:02.2852532-05:00 [PHASE5B] [OK ] [6.1] PARTS: 30,000/1,551,426 (1.9%) batches=6 elapsed=0.07s
2026-08-25T08:17:02.2862525-05:00 [PHASE5B] [RUN] [6.1] P5B_MINIFIG_MEMBERS / PARTS 30,000/1,551,426 (  1.9%) batch=7
2026-08-25T08:17:02.3309877-05:00 [PHASE5B] [OK ] [6.1] PARTS: 35,000/1,551,426 (2.3%) batches=7 elapsed=0.05s
2026-08-25T08:17:02.3319885-05:00 [PHASE5B] [RUN] [6.1] P5B_MINIFIG_MEMBERS / PARTS 35,000/1,551,426 (  2.3%) batch=8
2026-08-25T08:17:02.3780955-05:00 [PHASE5B] [OK ] [6.1] PARTS: 40,000/1,551,426 (2.6%) batches=8 elapsed=0.05s
2026-08-25T08:17:02.3796008-05:00 [PHASE5B] [RUN] [6.1] P5B_MINIFIG_MEMBERS / PARTS 40,000/1,551,426 (  2.6%) batch=9
2026-08-25T08:17:02.4262094-05:00 [PHASE5B] [OK ] [6.1] PARTS: 45,000/1,551,426 (2.9%) batches=9 elapsed=0.05s
2026-08-25T08:17:02.4272088-05:00 [PHASE5B] [RUN] [6.1] P5B_MINIFIG_MEMBERS / PARTS 45,000/1,551,426 (  2.9%) batch=10
2026-08-25T08:17:02.4736985-05:00 [PHASE5B] [OK ] [6.1] PARTS: 50,000/1,551,426 (3.2%) batches=10 elapsed=0.05s
2026-08-25T08:17:02.4746984-05:00 [PHASE5B] [RUN] [6.1] P5B_MINIFIG_MEMBERS / PARTS 50,000/1,551,426 (  3.2%) batch=11
2026-08-25T08:17:02.5232281-05:00 [PHASE5B] [OK ] [6.1] PARTS: 55,000/1,551,426 (3.5%) batches=11 elapsed=0.05s
2026-08-25T08:17:02.5242273-05:00 [PHASE5B] [RUN] [6.1] P5B_MINIFIG_MEMBERS / PARTS 55,000/1,551,426 (  3.5%) batch=12
2026-08-25T08:17:02.5721520-05:00 [PHASE5B] [OK ] [6.1] PARTS: 60,000/1,551,426 (3.9%) batches=12 elapsed=0.05s
2026-08-25T08:17:02.5731505-05:00 [PHASE5B] [RUN] [6.1] P5B_MINIFIG_MEMBERS / PARTS 60,000/1,551,426 (  3.9%) batch=13
2026-08-25T08:17:02.6202966-05:00 [PHASE5B] [OK ] [6.1] PARTS: 65,000/1,551,426 (4.2%) batches=13 elapsed=0.05s
2026-08-25T08:17:02.6222980-05:00 [PHASE5B] [RUN] [6.1] P5B_MINIFIG_MEMBERS / PARTS 65,000/1,551,426 (  4.2%) batch=14
2026-08-25T08:17:02.6703268-05:00 [PHASE5B] [OK ] [6.1] PARTS: 70,000/1,551,426 (4.5%) batches=14 elapsed=0.05s
2026-08-25T08:17:02.6713286-05:00 [PHASE5B] [RUN] [6.1] P5B_MINIFIG_MEMBERS / PARTS 70,000/1,551,426 (  4.5%) batch=15
2026-08-25T08:17:02.7204435-05:00 [PHASE5B] [OK ] [6.1] PARTS: 75,000/1,551,426 (4.8%) batches=15 elapsed=0.05s
2026-08-25T08:17:02.7214432-05:00 [PHASE5B] [RUN] [6.1] P5B_MINIFIG_MEMBERS / PARTS 75,000/1,551,426 (  4.8%) batch=16
2026-08-25T08:17:02.7761379-05:00 [PHASE5B] [OK ] [6.1] PARTS: 80,000/1,551,426 (5.2%) batches=16 elapsed=0.06s
2026-08-25T08:17:02.7771356-05:00 [PHASE5B] [RUN] [6.1] P5B_MINIFIG_MEMBERS / PARTS 80,000/1,551,426 (  5.2%) batch=17
2026-08-25T08:17:02.8280457-05:00 [PHASE5B] [OK ] [6.1] PARTS: 85,000/1,551,426 (5.5%) batches=17 elapsed=0.05s
2026-08-25T08:17:02.8300934-05:00 [PHASE5B] [RUN] [6.1] P5B_MINIFIG_MEMBERS / PARTS 85,000/1,551,426 (  5.5%) batch=18
2026-08-25T08:17:02.8821655-05:00 [PHASE5B] [OK ] [6.1] PARTS: 90,000/1,551,426 (5.8%) batches=18 elapsed=0.05s
2026-08-25T08:17:02.8831676-05:00 [PHASE5B] [RUN] [6.1] P5B_MINIFIG_MEMBERS / PARTS 90,000/1,551,426 (  5.8%) batch=19
2026-08-25T08:17:02.9356962-05:00 [PHASE5B] [OK ] [6.1] PARTS: 95,000/1,551,426 (6.1%) batches=19 elapsed=0.05s
2026-08-25T08:17:02.9366959-05:00 [PHASE5B] [RUN] [6.1] P5B_MINIFIG_MEMBERS / PARTS 95,000/1,551,426 (  6.1%) batch=20
2026-08-25T08:17:02.9882304-05:00 [PHASE5B] [OK ] [6.1] PARTS: 100,000/1,551,426 (6.4%) batches=20 elapsed=0.05s
2026-08-25T08:17:02.9897377-05:00 [PHASE5B] [RUN] [6.1] P5B_MINIFIG_MEMBERS / PARTS 100,000/1,551,426 (  6.4%) batch=21
2026-08-25T08:17:03.0494919-05:00 [PHASE5B] [OK ] [6.1] PARTS: 105,000/1,551,426 (6.8%) batches=21 elapsed=0.06s
2026-08-25T08:17:03.0504945-05:00 [PHASE5B] [RUN] [6.1] P5B_MINIFIG_MEMBERS / PARTS 105,000/1,551,426 (  6.8%) batch=22
2026-08-25T08:17:03.1043786-05:00 [PHASE5B] [OK ] [6.1] PARTS: 110,000/1,551,426 (7.1%) batches=22 elapsed=0.05s
2026-08-25T08:17:03.1063784-05:00 [PHASE5B] [RUN] [6.1] P5B_MINIFIG_MEMBERS / PARTS 110,000/1,551,426 (  7.1%) batch=23
2026-08-25T08:17:03.1591342-05:00 [PHASE5B] [OK ] [6.1] PARTS: 115,000/1,551,426 (7.4%) batches=23 elapsed=0.05s
2026-08-25T08:17:03.1611335-05:00 [PHASE5B] [RUN] [6.1] P5B_MINIFIG_MEMBERS / PARTS 115,000/1,551,426 (  7.4%) batch=24
2026-08-25T08:17:03.2136599-05:00 [PHASE5B] [OK ] [6.1] PARTS: 120,000/1,551,426 (7.7%) batches=24 elapsed=0.05s
2026-08-25T08:17:03.2156604-05:00 [PHASE5B] [RUN] [6.1] P5B_MINIFIG_MEMBERS / PARTS 120,000/1,551,426 (  7.7%) batch=25
2026-08-25T08:17:03.2671874-05:00 [PHASE5B] [OK ] [6.1] PARTS: 125,000/1,551,426 (8.1%) batches=25 elapsed=0.05s
2026-08-25T08:17:03.2686922-05:00 [PHASE5B] [RUN] [6.1] P5B_MINIFIG_MEMBERS / PARTS 125,000/1,551,426 (  8.1%) batch=26
2026-08-25T08:17:03.3252255-05:00 [PHASE5B] [OK ] [6.1] PARTS: 130,000/1,551,426 (8.4%) batches=26 elapsed=0.06s
2026-08-25T08:17:03.3272267-05:00 [PHASE5B] [RUN] [6.1] P5B_MINIFIG_MEMBERS / PARTS 130,000/1,551,426 (  8.4%) batch=27
2026-08-25T08:17:03.3802628-05:00 [PHASE5B] [OK ] [6.1] PARTS: 135,000/1,551,426 (8.7%) batches=27 elapsed=0.05s
2026-08-25T08:17:03.3812613-05:00 [PHASE5B] [RUN] [6.1] P5B_MINIFIG_MEMBERS / PARTS 135,000/1,551,426 (  8.7%) batch=28
2026-08-25T08:17:03.4482020-05:00 [PHASE5B] [OK ] [6.1] PARTS: 140,000/1,551,426 (9.0%) batches=28 elapsed=0.07s
2026-08-25T08:17:03.4493873-05:00 [PHASE5B] [RUN] [6.1] P5B_MINIFIG_MEMBERS / PARTS 140,000/1,551,426 (  9.0%) batch=29
2026-08-25T08:17:03.5057234-05:00 [PHASE5B] [OK ] [6.1] PARTS: 145,000/1,551,426 (9.3%) batches=29 elapsed=0.06s
2026-08-25T08:17:03.5067225-05:00 [PHASE5B] [RUN] [6.1] P5B_MINIFIG_MEMBERS / PARTS 145,000/1,551,426 (  9.3%) batch=30
2026-08-25T08:17:03.5641997-05:00 [PHASE5B] [OK ] [6.1] PARTS: 150,000/1,551,426 (9.7%) batches=30 elapsed=0.06s
2026-08-25T08:17:03.5661974-05:00 [PHASE5B] [RUN] [6.1] P5B_MINIFIG_MEMBERS / PARTS 150,000/1,551,426 (  9.7%) batch=31
2026-08-25T08:17:03.6202311-05:00 [PHASE5B] [OK ] [6.1] PARTS: 155,000/1,551,426 (10.0%) batches=31 elapsed=0.05s
2026-08-25T08:17:03.6212299-05:00 [PHASE5B] [RUN] [6.1] P5B_MINIFIG_MEMBERS / PARTS 155,000/1,551,426 ( 10.0%) batch=32
2026-08-25T08:17:03.6747552-05:00 [PHASE5B] [OK ] [6.1] PARTS: 160,000/1,551,426 (10.3%) batches=32 elapsed=0.06s
2026-08-25T08:17:03.6767557-05:00 [PHASE5B] [RUN] [6.1] P5B_MINIFIG_MEMBERS / PARTS 160,000/1,551,426 ( 10.3%) batch=33
2026-08-25T08:17:03.7310844-05:00 [PHASE5B] [OK ] [6.1] PARTS: 165,000/1,551,426 (10.6%) batches=33 elapsed=0.06s
2026-08-25T08:17:03.7330806-05:00 [PHASE5B] [RUN] [6.1] P5B_MINIFIG_MEMBERS / PARTS 165,000/1,551,426 ( 10.6%) batch=34
2026-08-25T08:17:03.7874390-05:00 [PHASE5B] [OK ] [6.1] PARTS: 170,000/1,551,426 (11.0%) batches=34 elapsed=0.06s
2026-08-25T08:17:03.7889443-05:00 [PHASE5B] [RUN] [6.1] P5B_MINIFIG_MEMBERS / PARTS 170,000/1,551,426 ( 11.0%) batch=35
2026-08-25T08:17:03.8454753-05:00 [PHASE5B] [OK ] [6.1] PARTS: 175,000/1,551,426 (11.3%) batches=35 elapsed=0.06s
2026-08-25T08:17:03.8464749-05:00 [PHASE5B] [RUN] [6.1] P5B_MINIFIG_MEMBERS / PARTS 175,000/1,551,426 ( 11.3%) batch=36
2026-08-25T08:17:03.9024384-05:00 [PHASE5B] [OK ] [6.1] PARTS: 180,000/1,551,426 (11.6%) batches=36 elapsed=0.06s
2026-08-25T08:17:03.9044372-05:00 [PHASE5B] [RUN] [6.1] P5B_MINIFIG_MEMBERS / PARTS 180,000/1,551,426 ( 11.6%) batch=37
2026-08-25T08:17:03.9604762-05:00 [PHASE5B] [OK ] [6.1] PARTS: 185,000/1,551,426 (11.9%) batches=37 elapsed=0.06s
2026-08-25T08:17:03.9624747-05:00 [PHASE5B] [RUN] [6.1] P5B_MINIFIG_MEMBERS / PARTS 185,000/1,551,426 ( 11.9%) batch=38
2026-08-25T08:17:04.0192431-05:00 [PHASE5B] [OK ] [6.1] PARTS: 190,000/1,551,426 (12.2%) batches=38 elapsed=0.06s
2026-08-25T08:17:04.0202427-05:00 [PHASE5B] [RUN] [6.1] P5B_MINIFIG_MEMBERS / PARTS 190,000/1,551,426 ( 12.2%) batch=39
2026-08-25T08:17:04.0782715-05:00 [PHASE5B] [OK ] [6.1] PARTS: 195,000/1,551,426 (12.6%) batches=39 elapsed=0.06s
2026-08-25T08:17:04.0792757-05:00 [PHASE5B] [RUN] [6.1] P5B_MINIFIG_MEMBERS / PARTS 195,000/1,551,426 ( 12.6%) batch=40
2026-08-25T08:17:04.1383075-05:00 [PHASE5B] [OK ] [6.1] PARTS: 200,000/1,551,426 (12.9%) batches=40 elapsed=0.06s
2026-08-25T08:17:04.1393120-05:00 [PHASE5B] [RUN] [6.1] P5B_MINIFIG_MEMBERS / PARTS 200,000/1,551,426 ( 12.9%) batch=41
2026-08-25T08:17:04.1968356-05:00 [PHASE5B] [OK ] [6.1] PARTS: 205,000/1,551,426 (13.2%) batches=41 elapsed=0.06s
2026-08-25T08:17:04.1993464-05:00 [PHASE5B] [RUN] [6.1] P5B_MINIFIG_MEMBERS / PARTS 205,000/1,551,426 ( 13.2%) batch=42
2026-08-25T08:17:04.2568722-05:00 [PHASE5B] [OK ] [6.1] PARTS: 210,000/1,551,426 (13.5%) batches=42 elapsed=0.06s
2026-08-25T08:17:04.2583776-05:00 [PHASE5B] [RUN] [6.1] P5B_MINIFIG_MEMBERS / PARTS 210,000/1,551,426 ( 13.5%) batch=43
2026-08-25T08:17:04.3184158-05:00 [PHASE5B] [OK ] [6.1] PARTS: 215,000/1,551,426 (13.9%) batches=43 elapsed=0.06s
2026-08-25T08:17:04.3194212-05:00 [PHASE5B] [RUN] [6.1] P5B_MINIFIG_MEMBERS / PARTS 215,000/1,551,426 ( 13.9%) batch=44
2026-08-25T08:17:04.3794530-05:00 [PHASE5B] [OK ] [6.1] PARTS: 220,000/1,551,426 (14.2%) batches=44 elapsed=0.06s
2026-08-25T08:17:04.3804527-05:00 [PHASE5B] [RUN] [6.1] P5B_MINIFIG_MEMBERS / PARTS 220,000/1,551,426 ( 14.2%) batch=45
2026-08-25T08:17:04.4443680-05:00 [PHASE5B] [OK ] [6.1] PARTS: 225,000/1,551,426 (14.5%) batches=45 elapsed=0.06s
2026-08-25T08:17:04.4453685-05:00 [PHASE5B] [RUN] [6.1] P5B_MINIFIG_MEMBERS / PARTS 225,000/1,551,426 ( 14.5%) batch=46
2026-08-25T08:17:04.5034062-05:00 [PHASE5B] [OK ] [6.1] PARTS: 230,000/1,551,426 (14.8%) batches=46 elapsed=0.06s
2026-08-25T08:17:04.5044066-05:00 [PHASE5B] [RUN] [6.1] P5B_MINIFIG_MEMBERS / PARTS 230,000/1,551,426 ( 14.8%) batch=47
2026-08-25T08:17:04.5697233-05:00 [PHASE5B] [OK ] [6.1] PARTS: 235,000/1,551,426 (15.1%) batches=47 elapsed=0.07s
2026-08-25T08:17:04.5707229-05:00 [PHASE5B] [RUN] [6.1] P5B_MINIFIG_MEMBERS / PARTS 235,000/1,551,426 ( 15.1%) batch=48
2026-08-25T08:17:04.6295130-05:00 [PHASE5B] [OK ] [6.1] PARTS: 240,000/1,551,426 (15.5%) batches=48 elapsed=0.06s
2026-08-25T08:17:04.6315133-05:00 [PHASE5B] [RUN] [6.1] P5B_MINIFIG_MEMBERS / PARTS 240,000/1,551,426 ( 15.5%) batch=49
2026-08-25T08:17:04.6906482-05:00 [PHASE5B] [OK ] [6.1] PARTS: 245,000/1,551,426 (15.8%) batches=49 elapsed=0.06s
2026-08-25T08:17:04.6926496-05:00 [PHASE5B] [RUN] [6.1] P5B_MINIFIG_MEMBERS / PARTS 245,000/1,551,426 ( 15.8%) batch=50
2026-08-25T08:17:04.7506841-05:00 [PHASE5B] [OK ] [6.1] PARTS: 250,000/1,551,426 (16.1%) batches=50 elapsed=0.06s
2026-08-25T08:17:04.7526844-05:00 [PHASE5B] [RUN] [6.1] P5B_MINIFIG_MEMBERS / PARTS 250,000/1,551,426 ( 16.1%) batch=51
2026-08-25T08:17:04.8166257-05:00 [PHASE5B] [OK ] [6.1] PARTS: 255,000/1,551,426 (16.4%) batches=51 elapsed=0.06s
2026-08-25T08:17:04.8166257-05:00 [PHASE5B] [RUN] [6.1] P5B_MINIFIG_MEMBERS / PARTS 255,000/1,551,426 ( 16.4%) batch=52
2026-08-25T08:17:04.8834887-05:00 [PHASE5B] [OK ] [6.1] PARTS: 260,000/1,551,426 (16.8%) batches=52 elapsed=0.07s
2026-08-25T08:17:04.8844864-05:00 [PHASE5B] [RUN] [6.1] P5B_MINIFIG_MEMBERS / PARTS 260,000/1,551,426 ( 16.8%) batch=53
2026-08-25T08:17:04.9512151-05:00 [PHASE5B] [OK ] [6.1] PARTS: 265,000/1,551,426 (17.1%) batches=53 elapsed=0.07s
2026-08-25T08:17:04.9522139-05:00 [PHASE5B] [RUN] [6.1] P5B_MINIFIG_MEMBERS / PARTS 265,000/1,551,426 ( 17.1%) batch=54
2026-08-25T08:17:05.0307167-05:00 [PHASE5B] [OK ] [6.1] PARTS: 270,000/1,551,426 (17.4%) batches=54 elapsed=0.08s
2026-08-25T08:17:05.0317186-05:00 [PHASE5B] [RUN] [6.1] P5B_MINIFIG_MEMBERS / PARTS 270,000/1,551,426 ( 17.4%) batch=55
2026-08-25T08:17:05.1043210-05:00 [PHASE5B] [OK ] [6.1] PARTS: 275,000/1,551,426 (17.7%) batches=55 elapsed=0.07s
2026-08-25T08:17:05.1053183-05:00 [PHASE5B] [RUN] [6.1] P5B_MINIFIG_MEMBERS / PARTS 275,000/1,551,426 ( 17.7%) batch=56
2026-08-25T08:17:05.1683841-05:00 [PHASE5B] [OK ] [6.1] PARTS: 280,000/1,551,426 (18.0%) batches=56 elapsed=0.06s
2026-08-25T08:17:05.1703882-05:00 [PHASE5B] [RUN] [6.1] P5B_MINIFIG_MEMBERS / PARTS 280,000/1,551,426 ( 18.0%) batch=57
2026-08-25T08:17:05.2311122-05:00 [PHASE5B] [OK ] [6.1] PARTS: 285,000/1,551,426 (18.4%) batches=57 elapsed=0.06s
2026-08-25T08:17:05.2321115-05:00 [PHASE5B] [RUN] [6.1] P5B_MINIFIG_MEMBERS / PARTS 285,000/1,551,426 ( 18.4%) batch=58
2026-08-25T08:17:05.3071550-05:00 [PHASE5B] [OK ] [6.1] PARTS: 290,000/1,551,426 (18.7%) batches=58 elapsed=0.08s
2026-08-25T08:17:05.3081540-05:00 [PHASE5B] [RUN] [6.1] P5B_MINIFIG_MEMBERS / PARTS 290,000/1,551,426 ( 18.7%) batch=59
2026-08-25T08:17:05.3723906-05:00 [PHASE5B] [OK ] [6.1] PARTS: 295,000/1,551,426 (19.0%) batches=59 elapsed=0.06s
2026-08-25T08:17:05.3733894-05:00 [PHASE5B] [RUN] [6.1] P5B_MINIFIG_MEMBERS / PARTS 295,000/1,551,426 ( 19.0%) batch=60
2026-08-25T08:17:05.4414577-05:00 [PHASE5B] [OK ] [6.1] PARTS: 300,000/1,551,426 (19.3%) batches=60 elapsed=0.07s
2026-08-25T08:17:05.4424576-05:00 [PHASE5B] [RUN] [6.1] P5B_MINIFIG_MEMBERS / PARTS 300,000/1,551,426 ( 19.3%) batch=61
2026-08-25T08:17:05.5122333-05:00 [PHASE5B] [OK ] [6.1] PARTS: 305,000/1,551,426 (19.7%) batches=61 elapsed=0.07s
2026-08-25T08:17:05.5132329-05:00 [PHASE5B] [RUN] [6.1] P5B_MINIFIG_MEMBERS / PARTS 305,000/1,551,426 ( 19.7%) batch=62
2026-08-25T08:17:05.5761397-05:00 [PHASE5B] [OK ] [6.1] PARTS: 310,000/1,551,426 (20.0%) batches=62 elapsed=0.06s
2026-08-25T08:17:05.5781408-05:00 [PHASE5B] [RUN] [6.1] P5B_MINIFIG_MEMBERS / PARTS 310,000/1,551,426 ( 20.0%) batch=63
2026-08-25T08:17:05.6619163-05:00 [PHASE5B] [OK ] [6.1] PARTS: 315,000/1,551,426 (20.3%) batches=63 elapsed=0.08s
2026-08-25T08:17:05.6629165-05:00 [PHASE5B] [RUN] [6.1] P5B_MINIFIG_MEMBERS / PARTS 315,000/1,551,426 ( 20.3%) batch=64
2026-08-25T08:17:05.7164517-05:00 [PHASE5B] [OK ] [6.1] PARTS: 320,000/1,551,426 (20.6%) batches=64 elapsed=0.05s
2026-08-25T08:17:05.7174493-05:00 [PHASE5B] [RUN] [6.1] P5B_MINIFIG_MEMBERS / PARTS 320,000/1,551,426 ( 20.6%) batch=65
2026-08-25T08:17:05.7713473-05:00 [PHASE5B] [OK ] [6.1] PARTS: 325,000/1,551,426 (20.9%) batches=65 elapsed=0.05s
2026-08-25T08:17:05.7733441-05:00 [PHASE5B] [RUN] [6.1] P5B_MINIFIG_MEMBERS / PARTS 325,000/1,551,426 ( 20.9%) batch=66
2026-08-25T08:17:05.8182942-05:00 [PHASE5B] [OK ] [6.1] PARTS: 330,000/1,551,426 (21.3%) batches=66 elapsed=0.05s
2026-08-25T08:17:05.8192986-05:00 [PHASE5B] [RUN] [6.1] P5B_MINIFIG_MEMBERS / PARTS 330,000/1,551,426 ( 21.3%) batch=67
2026-08-25T08:17:05.8763831-05:00 [PHASE5B] [OK ] [6.1] PARTS: 335,000/1,551,426 (21.6%) batches=67 elapsed=0.06s
2026-08-25T08:17:05.8783806-05:00 [PHASE5B] [RUN] [6.1] P5B_MINIFIG_MEMBERS / PARTS 335,000/1,551,426 ( 21.6%) batch=68
2026-08-25T08:17:05.9368670-05:00 [PHASE5B] [OK ] [6.1] PARTS: 340,000/1,551,426 (21.9%) batches=68 elapsed=0.06s
2026-08-25T08:17:05.9368670-05:00 [PHASE5B] [RUN] [6.1] P5B_MINIFIG_MEMBERS / PARTS 340,000/1,551,426 ( 21.9%) batch=69
2026-08-25T08:17:05.9914468-05:00 [PHASE5B] [OK ] [6.1] PARTS: 345,000/1,551,426 (22.2%) batches=69 elapsed=0.05s
2026-08-25T08:17:05.9934462-05:00 [PHASE5B] [RUN] [6.1] P5B_MINIFIG_MEMBERS / PARTS 345,000/1,551,426 ( 22.2%) batch=70
2026-08-25T08:17:06.0391552-05:00 [PHASE5B] [OK ] [6.1] PARTS: 350,000/1,551,426 (22.6%) batches=70 elapsed=0.05s
2026-08-25T08:17:06.0401582-05:00 [PHASE5B] [RUN] [6.1] P5B_MINIFIG_MEMBERS / PARTS 350,000/1,551,426 ( 22.6%) batch=71
2026-08-25T08:17:06.0913756-05:00 [PHASE5B] [OK ] [6.1] PARTS: 355,000/1,551,426 (22.9%) batches=71 elapsed=0.05s
2026-08-25T08:17:06.0923783-05:00 [PHASE5B] [RUN] [6.1] P5B_MINIFIG_MEMBERS / PARTS 355,000/1,551,426 ( 22.9%) batch=72
2026-08-25T08:17:06.2101005-05:00 [PHASE5B] [OK ] [6.1] PARTS: 360,000/1,551,426 (23.2%) batches=72 elapsed=0.12s
2026-08-25T08:17:06.2111005-05:00 [PHASE5B] [RUN] [6.1] P5B_MINIFIG_MEMBERS / PARTS 360,000/1,551,426 ( 23.2%) batch=73
2026-08-25T08:17:06.2693329-05:00 [PHASE5B] [OK ] [6.1] PARTS: 365,000/1,551,426 (23.5%) batches=73 elapsed=0.06s
2026-08-25T08:17:06.2703323-05:00 [PHASE5B] [RUN] [6.1] P5B_MINIFIG_MEMBERS / PARTS 365,000/1,551,426 ( 23.5%) batch=74
2026-08-25T08:17:06.3208621-05:00 [PHASE5B] [OK ] [6.1] PARTS: 370,000/1,551,426 (23.8%) batches=74 elapsed=0.05s
2026-08-25T08:17:06.3228639-05:00 [PHASE5B] [RUN] [6.1] P5B_MINIFIG_MEMBERS / PARTS 370,000/1,551,426 ( 23.8%) batch=75
2026-08-25T08:17:06.3768980-05:00 [PHASE5B] [OK ] [6.1] PARTS: 375,000/1,551,426 (24.2%) batches=75 elapsed=0.06s
2026-08-25T08:17:06.3784033-05:00 [PHASE5B] [RUN] [6.1] P5B_MINIFIG_MEMBERS / PARTS 375,000/1,551,426 ( 24.2%) batch=76
2026-08-25T08:17:06.4315261-05:00 [PHASE5B] [OK ] [6.1] PARTS: 380,000/1,551,426 (24.5%) batches=76 elapsed=0.05s
2026-08-25T08:17:06.4325272-05:00 [PHASE5B] [RUN] [6.1] P5B_MINIFIG_MEMBERS / PARTS 380,000/1,551,426 ( 24.5%) batch=77
2026-08-25T08:17:06.4960767-05:00 [PHASE5B] [OK ] [6.1] PARTS: 385,000/1,551,426 (24.8%) batches=77 elapsed=0.06s
2026-08-25T08:17:06.4980713-05:00 [PHASE5B] [RUN] [6.1] P5B_MINIFIG_MEMBERS / PARTS 385,000/1,551,426 ( 24.8%) batch=78
2026-08-25T08:17:06.5572182-05:00 [PHASE5B] [OK ] [6.1] PARTS: 390,000/1,551,426 (25.1%) batches=78 elapsed=0.06s
2026-08-25T08:17:06.5582180-05:00 [PHASE5B] [RUN] [6.1] P5B_MINIFIG_MEMBERS / PARTS 390,000/1,551,426 ( 25.1%) batch=79
2026-08-25T08:17:06.6117354-05:00 [PHASE5B] [OK ] [6.1] PARTS: 395,000/1,551,426 (25.5%) batches=79 elapsed=0.05s
2026-08-25T08:17:06.6127361-05:00 [PHASE5B] [RUN] [6.1] P5B_MINIFIG_MEMBERS / PARTS 395,000/1,551,426 ( 25.5%) batch=80
2026-08-25T08:17:06.6557582-05:00 [PHASE5B] [OK ] [6.1] PARTS: 400,000/1,551,426 (25.8%) batches=80 elapsed=0.04s
2026-08-25T08:17:06.6567561-05:00 [PHASE5B] [RUN] [6.1] P5B_MINIFIG_MEMBERS / PARTS 400,000/1,551,426 ( 25.8%) batch=81
2026-08-25T08:17:06.7113442-05:00 [PHASE5B] [OK ] [6.1] PARTS: 405,000/1,551,426 (26.1%) batches=81 elapsed=0.06s
2026-08-25T08:17:06.7123441-05:00 [PHASE5B] [RUN] [6.1] P5B_MINIFIG_MEMBERS / PARTS 405,000/1,551,426 ( 26.1%) batch=82
2026-08-25T08:17:06.7666431-05:00 [PHASE5B] [OK ] [6.1] PARTS: 410,000/1,551,426 (26.4%) batches=82 elapsed=0.05s
2026-08-25T08:17:06.7681467-05:00 [PHASE5B] [RUN] [6.1] P5B_MINIFIG_MEMBERS / PARTS 410,000/1,551,426 ( 26.4%) batch=83
2026-08-25T08:17:06.8211532-05:00 [PHASE5B] [OK ] [6.1] PARTS: 415,000/1,551,426 (26.7%) batches=83 elapsed=0.05s
2026-08-25T08:17:06.8221580-05:00 [PHASE5B] [RUN] [6.1] P5B_MINIFIG_MEMBERS / PARTS 415,000/1,551,426 ( 26.7%) batch=84
2026-08-25T08:17:06.8771987-05:00 [PHASE5B] [OK ] [6.1] PARTS: 420,000/1,551,426 (27.1%) batches=84 elapsed=0.06s
2026-08-25T08:17:06.8781992-05:00 [PHASE5B] [RUN] [6.1] P5B_MINIFIG_MEMBERS / PARTS 420,000/1,551,426 ( 27.1%) batch=85
2026-08-25T08:17:06.9317670-05:00 [PHASE5B] [OK ] [6.1] PARTS: 425,000/1,551,426 (27.4%) batches=85 elapsed=0.05s
2026-08-25T08:17:06.9327660-05:00 [PHASE5B] [RUN] [6.1] P5B_MINIFIG_MEMBERS / PARTS 425,000/1,551,426 ( 27.4%) batch=86
2026-08-25T08:17:06.9868120-05:00 [PHASE5B] [OK ] [6.1] PARTS: 430,000/1,551,426 (27.7%) batches=86 elapsed=0.05s
2026-08-25T08:17:06.9868120-05:00 [PHASE5B] [RUN] [6.1] P5B_MINIFIG_MEMBERS / PARTS 430,000/1,551,426 ( 27.7%) batch=87
2026-08-25T08:17:07.0420305-05:00 [PHASE5B] [OK ] [6.1] PARTS: 435,000/1,551,426 (28.0%) batches=87 elapsed=0.05s
2026-08-25T08:17:07.0430307-05:00 [PHASE5B] [RUN] [6.1] P5B_MINIFIG_MEMBERS / PARTS 435,000/1,551,426 ( 28.0%) batch=88
2026-08-25T08:17:07.0966789-05:00 [PHASE5B] [OK ] [6.1] PARTS: 440,000/1,551,426 (28.4%) batches=88 elapsed=0.05s
2026-08-25T08:17:07.0966789-05:00 [PHASE5B] [RUN] [6.1] P5B_MINIFIG_MEMBERS / PARTS 440,000/1,551,426 ( 28.4%) batch=89
2026-08-25T08:17:07.1517187-05:00 [PHASE5B] [OK ] [6.1] PARTS: 445,000/1,551,426 (28.7%) batches=89 elapsed=0.06s
2026-08-25T08:17:07.1527192-05:00 [PHASE5B] [RUN] [6.1] P5B_MINIFIG_MEMBERS / PARTS 445,000/1,551,426 ( 28.7%) batch=90
2026-08-25T08:17:07.2066673-05:00 [PHASE5B] [OK ] [6.1] PARTS: 450,000/1,551,426 (29.0%) batches=90 elapsed=0.05s
2026-08-25T08:17:07.2066673-05:00 [PHASE5B] [RUN] [6.1] P5B_MINIFIG_MEMBERS / PARTS 450,000/1,551,426 ( 29.0%) batch=91
2026-08-25T08:17:07.2622236-05:00 [PHASE5B] [OK ] [6.1] PARTS: 455,000/1,551,426 (29.3%) batches=91 elapsed=0.05s
2026-08-25T08:17:07.2632229-05:00 [PHASE5B] [RUN] [6.1] P5B_MINIFIG_MEMBERS / PARTS 455,000/1,551,426 ( 29.3%) batch=92
2026-08-25T08:17:07.3167517-05:00 [PHASE5B] [OK ] [6.1] PARTS: 460,000/1,551,426 (29.7%) batches=92 elapsed=0.05s
2026-08-25T08:17:07.3182561-05:00 [PHASE5B] [RUN] [6.1] P5B_MINIFIG_MEMBERS / PARTS 460,000/1,551,426 ( 29.7%) batch=93
2026-08-25T08:17:07.3718658-05:00 [PHASE5B] [OK ] [6.1] PARTS: 465,000/1,551,426 (30.0%) batches=93 elapsed=0.05s
2026-08-25T08:17:07.3728655-05:00 [PHASE5B] [RUN] [6.1] P5B_MINIFIG_MEMBERS / PARTS 465,000/1,551,426 ( 30.0%) batch=94
2026-08-25T08:17:07.4263939-05:00 [PHASE5B] [OK ] [6.1] PARTS: 470,000/1,551,426 (30.3%) batches=94 elapsed=0.05s
2026-08-25T08:17:07.4273932-05:00 [PHASE5B] [RUN] [6.1] P5B_MINIFIG_MEMBERS / PARTS 470,000/1,551,426 ( 30.3%) batch=95
2026-08-25T08:17:07.4817617-05:00 [PHASE5B] [OK ] [6.1] PARTS: 475,000/1,551,426 (30.6%) batches=95 elapsed=0.05s
2026-08-25T08:17:07.4827602-05:00 [PHASE5B] [RUN] [6.1] P5B_MINIFIG_MEMBERS / PARTS 475,000/1,551,426 ( 30.6%) batch=96
2026-08-25T08:17:07.5911495-05:00 [PHASE5B] [OK ] [6.1] PARTS: 480,000/1,551,426 (30.9%) batches=96 elapsed=0.11s
2026-08-25T08:17:07.5931489-05:00 [PHASE5B] [RUN] [6.1] P5B_MINIFIG_MEMBERS / PARTS 480,000/1,551,426 ( 30.9%) batch=97
2026-08-25T08:17:07.6463461-05:00 [PHASE5B] [OK ] [6.1] PARTS: 485,000/1,551,426 (31.3%) batches=97 elapsed=0.06s
2026-08-25T08:17:07.6483110-05:00 [PHASE5B] [RUN] [6.1] P5B_MINIFIG_MEMBERS / PARTS 485,000/1,551,426 ( 31.3%) batch=98
2026-08-25T08:17:07.7013568-05:00 [PHASE5B] [OK ] [6.1] PARTS: 490,000/1,551,426 (31.6%) batches=98 elapsed=0.05s
2026-08-25T08:17:07.7033571-05:00 [PHASE5B] [RUN] [6.1] P5B_MINIFIG_MEMBERS / PARTS 490,000/1,551,426 ( 31.6%) batch=99
2026-08-25T08:17:07.7562002-05:00 [PHASE5B] [OK ] [6.1] PARTS: 495,000/1,551,426 (31.9%) batches=99 elapsed=0.05s
2026-08-25T08:17:07.7572003-05:00 [PHASE5B] [RUN] [6.1] P5B_MINIFIG_MEMBERS / PARTS 495,000/1,551,426 ( 31.9%) batch=100
2026-08-25T08:17:07.8117512-05:00 [PHASE5B] [OK ] [6.1] PARTS: 500,000/1,551,426 (32.2%) batches=100 elapsed=0.06s
2026-08-25T08:17:07.8127517-05:00 [PHASE5B] [RUN] [6.1] P5B_MINIFIG_MEMBERS / PARTS 500,000/1,551,426 ( 32.2%) batch=101
2026-08-25T08:17:07.8617915-05:00 [PHASE5B] [OK ] [6.1] PARTS: 505,000/1,551,426 (32.6%) batches=101 elapsed=0.05s
2026-08-25T08:17:07.8627955-05:00 [PHASE5B] [RUN] [6.1] P5B_MINIFIG_MEMBERS / PARTS 505,000/1,551,426 ( 32.6%) batch=102
2026-08-25T08:17:07.9163311-05:00 [PHASE5B] [OK ] [6.1] PARTS: 510,000/1,551,426 (32.9%) batches=102 elapsed=0.05s
2026-08-25T08:17:07.9183314-05:00 [PHASE5B] [RUN] [6.1] P5B_MINIFIG_MEMBERS / PARTS 510,000/1,551,426 ( 32.9%) batch=103
2026-08-25T08:17:07.9663758-05:00 [PHASE5B] [OK ] [6.1] PARTS: 515,000/1,551,426 (33.2%) batches=103 elapsed=0.05s
2026-08-25T08:17:07.9673757-05:00 [PHASE5B] [RUN] [6.1] P5B_MINIFIG_MEMBERS / PARTS 515,000/1,551,426 ( 33.2%) batch=104
2026-08-25T08:17:08.0164395-05:00 [PHASE5B] [OK ] [6.1] PARTS: 520,000/1,551,426 (33.5%) batches=104 elapsed=0.05s
2026-08-25T08:17:08.0174392-05:00 [PHASE5B] [RUN] [6.1] P5B_MINIFIG_MEMBERS / PARTS 520,000/1,551,426 ( 33.5%) batch=105
2026-08-25T08:17:08.0812941-05:00 [PHASE5B] [OK ] [6.1] PARTS: 525,000/1,551,426 (33.8%) batches=105 elapsed=0.07s
2026-08-25T08:17:08.0832937-05:00 [PHASE5B] [RUN] [6.1] P5B_MINIFIG_MEMBERS / PARTS 525,000/1,551,426 ( 33.8%) batch=106
2026-08-25T08:17:08.1421580-05:00 [PHASE5B] [OK ] [6.1] PARTS: 530,000/1,551,426 (34.2%) batches=106 elapsed=0.06s
2026-08-25T08:17:08.1431597-05:00 [PHASE5B] [RUN] [6.1] P5B_MINIFIG_MEMBERS / PARTS 530,000/1,551,426 ( 34.2%) batch=107
2026-08-25T08:17:08.1917242-05:00 [PHASE5B] [OK ] [6.1] PARTS: 535,000/1,551,426 (34.5%) batches=107 elapsed=0.05s
2026-08-25T08:17:08.1927230-05:00 [PHASE5B] [RUN] [6.1] P5B_MINIFIG_MEMBERS / PARTS 535,000/1,551,426 ( 34.5%) batch=108
2026-08-25T08:17:08.2520945-05:00 [PHASE5B] [OK ] [6.1] PARTS: 540,000/1,551,426 (34.8%) batches=108 elapsed=0.06s
2026-08-25T08:17:08.2530950-05:00 [PHASE5B] [RUN] [6.1] P5B_MINIFIG_MEMBERS / PARTS 540,000/1,551,426 ( 34.8%) batch=109
2026-08-25T08:17:08.3011299-05:00 [PHASE5B] [OK ] [6.1] PARTS: 545,000/1,551,426 (35.1%) batches=109 elapsed=0.05s
2026-08-25T08:17:08.3021299-05:00 [PHASE5B] [RUN] [6.1] P5B_MINIFIG_MEMBERS / PARTS 545,000/1,551,426 ( 35.1%) batch=110
2026-08-25T08:17:08.3566614-05:00 [PHASE5B] [OK ] [6.1] PARTS: 550,000/1,551,426 (35.5%) batches=110 elapsed=0.06s
2026-08-25T08:17:08.3581664-05:00 [PHASE5B] [RUN] [6.1] P5B_MINIFIG_MEMBERS / PARTS 550,000/1,551,426 ( 35.5%) batch=111
2026-08-25T08:17:08.4063344-05:00 [PHASE5B] [OK ] [6.1] PARTS: 555,000/1,551,426 (35.8%) batches=111 elapsed=0.05s
2026-08-25T08:17:08.4073328-05:00 [PHASE5B] [RUN] [6.1] P5B_MINIFIG_MEMBERS / PARTS 555,000/1,551,426 ( 35.8%) batch=112
2026-08-25T08:17:08.4624664-05:00 [PHASE5B] [OK ] [6.1] PARTS: 560,000/1,551,426 (36.1%) batches=112 elapsed=0.06s
2026-08-25T08:17:08.4645049-05:00 [PHASE5B] [RUN] [6.1] P5B_MINIFIG_MEMBERS / PARTS 560,000/1,551,426 ( 36.1%) batch=113
2026-08-25T08:17:08.5165462-05:00 [PHASE5B] [OK ] [6.1] PARTS: 565,000/1,551,426 (36.4%) batches=113 elapsed=0.05s
2026-08-25T08:17:08.5180506-05:00 [PHASE5B] [RUN] [6.1] P5B_MINIFIG_MEMBERS / PARTS 565,000/1,551,426 ( 36.4%) batch=114
2026-08-25T08:17:08.5711919-05:00 [PHASE5B] [OK ] [6.1] PARTS: 570,000/1,551,426 (36.7%) batches=114 elapsed=0.05s
2026-08-25T08:17:08.5721893-05:00 [PHASE5B] [RUN] [6.1] P5B_MINIFIG_MEMBERS / PARTS 570,000/1,551,426 ( 36.7%) batch=115
2026-08-25T08:17:08.6214348-05:00 [PHASE5B] [OK ] [6.1] PARTS: 575,000/1,551,426 (37.1%) batches=115 elapsed=0.05s
2026-08-25T08:17:08.6224382-05:00 [PHASE5B] [RUN] [6.1] P5B_MINIFIG_MEMBERS / PARTS 575,000/1,551,426 ( 37.1%) batch=116
2026-08-25T08:17:08.6764767-05:00 [PHASE5B] [OK ] [6.1] PARTS: 580,000/1,551,426 (37.4%) batches=116 elapsed=0.05s
2026-08-25T08:17:08.6779806-05:00 [PHASE5B] [RUN] [6.1] P5B_MINIFIG_MEMBERS / PARTS 580,000/1,551,426 ( 37.4%) batch=117
2026-08-25T08:17:08.7316675-05:00 [PHASE5B] [OK ] [6.1] PARTS: 585,000/1,551,426 (37.7%) batches=117 elapsed=0.06s
2026-08-25T08:17:08.7336667-05:00 [PHASE5B] [RUN] [6.1] P5B_MINIFIG_MEMBERS / PARTS 585,000/1,551,426 ( 37.7%) batch=118
2026-08-25T08:17:08.7817613-05:00 [PHASE5B] [OK ] [6.1] PARTS: 590,000/1,551,426 (38.0%) batches=118 elapsed=0.05s
2026-08-25T08:17:08.7827576-05:00 [PHASE5B] [RUN] [6.1] P5B_MINIFIG_MEMBERS / PARTS 590,000/1,551,426 ( 38.0%) batch=119
2026-08-25T08:17:08.8368348-05:00 [PHASE5B] [OK ] [6.1] PARTS: 595,000/1,551,426 (38.4%) batches=119 elapsed=0.05s
2026-08-25T08:17:08.8368348-05:00 [PHASE5B] [RUN] [6.1] P5B_MINIFIG_MEMBERS / PARTS 595,000/1,551,426 ( 38.4%) batch=120
2026-08-25T08:17:08.9010676-05:00 [PHASE5B] [OK ] [6.1] PARTS: 600,000/1,551,426 (38.7%) batches=120 elapsed=0.06s
2026-08-25T08:17:08.9020692-05:00 [PHASE5B] [RUN] [6.1] P5B_MINIFIG_MEMBERS / PARTS 600,000/1,551,426 ( 38.7%) batch=121
2026-08-25T08:17:08.9535983-05:00 [PHASE5B] [OK ] [6.1] PARTS: 605,000/1,551,426 (39.0%) batches=121 elapsed=0.05s
2026-08-25T08:17:08.9555988-05:00 [PHASE5B] [RUN] [6.1] P5B_MINIFIG_MEMBERS / PARTS 605,000/1,551,426 ( 39.0%) batch=122
2026-08-25T08:17:09.0052437-05:00 [PHASE5B] [OK ] [6.1] PARTS: 610,000/1,551,426 (39.3%) batches=122 elapsed=0.05s
2026-08-25T08:17:09.0062436-05:00 [PHASE5B] [RUN] [6.1] P5B_MINIFIG_MEMBERS / PARTS 610,000/1,551,426 ( 39.3%) batch=123
2026-08-25T08:17:09.0569920-05:00 [PHASE5B] [OK ] [6.1] PARTS: 615,000/1,551,426 (39.6%) batches=123 elapsed=0.05s
2026-08-25T08:17:09.0579935-05:00 [PHASE5B] [RUN] [6.1] P5B_MINIFIG_MEMBERS / PARTS 615,000/1,551,426 ( 39.6%) batch=124
2026-08-25T08:17:09.1101617-05:00 [PHASE5B] [OK ] [6.1] PARTS: 620,000/1,551,426 (40.0%) batches=124 elapsed=0.05s
2026-08-25T08:17:09.1121615-05:00 [PHASE5B] [RUN] [6.1] P5B_MINIFIG_MEMBERS / PARTS 620,000/1,551,426 ( 40.0%) batch=125
2026-08-25T08:17:09.1637694-05:00 [PHASE5B] [OK ] [6.1] PARTS: 625,000/1,551,426 (40.3%) batches=125 elapsed=0.05s
2026-08-25T08:17:09.1647751-05:00 [PHASE5B] [RUN] [6.1] P5B_MINIFIG_MEMBERS / PARTS 625,000/1,551,426 ( 40.3%) batch=126
2026-08-25T08:17:09.2283555-05:00 [PHASE5B] [OK ] [6.1] PARTS: 630,000/1,551,426 (40.6%) batches=126 elapsed=0.06s
2026-08-25T08:17:09.2293623-05:00 [PHASE5B] [RUN] [6.1] P5B_MINIFIG_MEMBERS / PARTS 630,000/1,551,426 ( 40.6%) batch=127
2026-08-25T08:17:09.2839911-05:00 [PHASE5B] [OK ] [6.1] PARTS: 635,000/1,551,426 (40.9%) batches=127 elapsed=0.06s
2026-08-25T08:17:09.2849897-05:00 [PHASE5B] [RUN] [6.1] P5B_MINIFIG_MEMBERS / PARTS 635,000/1,551,426 ( 40.9%) batch=128
2026-08-25T08:17:09.3404504-05:00 [PHASE5B] [OK ] [6.1] PARTS: 640,000/1,551,426 (41.3%) batches=128 elapsed=0.06s
2026-08-25T08:17:09.3414505-05:00 [PHASE5B] [RUN] [6.1] P5B_MINIFIG_MEMBERS / PARTS 640,000/1,551,426 ( 41.3%) batch=129
2026-08-25T08:17:09.3979607-05:00 [PHASE5B] [OK ] [6.1] PARTS: 645,000/1,551,426 (41.6%) batches=129 elapsed=0.06s
2026-08-25T08:17:09.3990292-05:00 [PHASE5B] [RUN] [6.1] P5B_MINIFIG_MEMBERS / PARTS 645,000/1,551,426 ( 41.6%) batch=130
2026-08-25T08:17:09.4543550-05:00 [PHASE5B] [OK ] [6.1] PARTS: 650,000/1,551,426 (41.9%) batches=130 elapsed=0.06s
2026-08-25T08:17:09.4563553-05:00 [PHASE5B] [RUN] [6.1] P5B_MINIFIG_MEMBERS / PARTS 650,000/1,551,426 ( 41.9%) batch=131
2026-08-25T08:17:09.5094628-05:00 [PHASE5B] [OK ] [6.1] PARTS: 655,000/1,551,426 (42.2%) batches=131 elapsed=0.05s
2026-08-25T08:17:09.5104603-05:00 [PHASE5B] [RUN] [6.1] P5B_MINIFIG_MEMBERS / PARTS 655,000/1,551,426 ( 42.2%) batch=132
2026-08-25T08:17:09.5650303-05:00 [PHASE5B] [OK ] [6.1] PARTS: 660,000/1,551,426 (42.5%) batches=132 elapsed=0.06s
2026-08-25T08:17:09.5670276-05:00 [PHASE5B] [RUN] [6.1] P5B_MINIFIG_MEMBERS / PARTS 660,000/1,551,426 ( 42.5%) batch=133
2026-08-25T08:17:09.6614450-05:00 [PHASE5B] [OK ] [6.1] PARTS: 665,000/1,551,426 (42.9%) batches=133 elapsed=0.10s
2026-08-25T08:17:09.6624445-05:00 [PHASE5B] [RUN] [6.1] P5B_MINIFIG_MEMBERS / PARTS 665,000/1,551,426 ( 42.9%) batch=134
2026-08-25T08:17:09.7158686-05:00 [PHASE5B] [OK ] [6.1] PARTS: 670,000/1,551,426 (43.2%) batches=134 elapsed=0.05s
2026-08-25T08:17:09.7168687-05:00 [PHASE5B] [RUN] [6.1] P5B_MINIFIG_MEMBERS / PARTS 670,000/1,551,426 ( 43.2%) batch=135
2026-08-25T08:17:09.7696155-05:00 [PHASE5B] [OK ] [6.1] PARTS: 675,000/1,551,426 (43.5%) batches=135 elapsed=0.05s
2026-08-25T08:17:09.7706166-05:00 [PHASE5B] [RUN] [6.1] P5B_MINIFIG_MEMBERS / PARTS 675,000/1,551,426 ( 43.5%) batch=136
2026-08-25T08:17:09.8246594-05:00 [PHASE5B] [OK ] [6.1] PARTS: 680,000/1,551,426 (43.8%) batches=136 elapsed=0.06s
2026-08-25T08:17:09.8256600-05:00 [PHASE5B] [RUN] [6.1] P5B_MINIFIG_MEMBERS / PARTS 680,000/1,551,426 ( 43.8%) batch=137
2026-08-25T08:17:09.8872302-05:00 [PHASE5B] [OK ] [6.1] PARTS: 685,000/1,551,426 (44.2%) batches=137 elapsed=0.06s
2026-08-25T08:17:09.8893000-05:00 [PHASE5B] [RUN] [6.1] P5B_MINIFIG_MEMBERS / PARTS 685,000/1,551,426 ( 44.2%) batch=138
2026-08-25T08:17:09.9445932-05:00 [PHASE5B] [OK ] [6.1] PARTS: 690,000/1,551,426 (44.5%) batches=138 elapsed=0.06s
2026-08-25T08:17:09.9455925-05:00 [PHASE5B] [RUN] [6.1] P5B_MINIFIG_MEMBERS / PARTS 690,000/1,551,426 ( 44.5%) batch=139
2026-08-25T08:17:09.9999757-05:00 [PHASE5B] [OK ] [6.1] PARTS: 695,000/1,551,426 (44.8%) batches=139 elapsed=0.05s
2026-08-25T08:17:10.0009754-05:00 [PHASE5B] [RUN] [6.1] P5B_MINIFIG_MEMBERS / PARTS 695,000/1,551,426 ( 44.8%) batch=140
2026-08-25T08:17:10.0569498-05:00 [PHASE5B] [OK ] [6.1] PARTS: 700,000/1,551,426 (45.1%) batches=140 elapsed=0.06s
2026-08-25T08:17:10.0579501-05:00 [PHASE5B] [RUN] [6.1] P5B_MINIFIG_MEMBERS / PARTS 700,000/1,551,426 ( 45.1%) batch=141
2026-08-25T08:17:10.1305538-05:00 [PHASE5B] [OK ] [6.1] PARTS: 705,000/1,551,426 (45.4%) batches=141 elapsed=0.07s
2026-08-25T08:17:10.1325626-05:00 [PHASE5B] [RUN] [6.1] P5B_MINIFIG_MEMBERS / PARTS 705,000/1,551,426 ( 45.4%) batch=142
2026-08-25T08:17:10.1870803-05:00 [PHASE5B] [OK ] [6.1] PARTS: 710,000/1,551,426 (45.8%) batches=142 elapsed=0.06s
2026-08-25T08:17:10.1880822-05:00 [PHASE5B] [RUN] [6.1] P5B_MINIFIG_MEMBERS / PARTS 710,000/1,551,426 ( 45.8%) batch=143
2026-08-25T08:17:10.2444075-05:00 [PHASE5B] [OK ] [6.1] PARTS: 715,000/1,551,426 (46.1%) batches=143 elapsed=0.06s
2026-08-25T08:17:10.2454097-05:00 [PHASE5B] [RUN] [6.1] P5B_MINIFIG_MEMBERS / PARTS 715,000/1,551,426 ( 46.1%) batch=144
2026-08-25T08:17:10.3024433-05:00 [PHASE5B] [OK ] [6.1] PARTS: 720,000/1,551,426 (46.4%) batches=144 elapsed=0.06s
2026-08-25T08:17:10.3044443-05:00 [PHASE5B] [RUN] [6.1] P5B_MINIFIG_MEMBERS / PARTS 720,000/1,551,426 ( 46.4%) batch=145
2026-08-25T08:17:10.3592063-05:00 [PHASE5B] [OK ] [6.1] PARTS: 725,000/1,551,426 (46.7%) batches=145 elapsed=0.06s
2026-08-25T08:17:10.3612046-05:00 [PHASE5B] [RUN] [6.1] P5B_MINIFIG_MEMBERS / PARTS 725,000/1,551,426 ( 46.7%) batch=146
2026-08-25T08:17:10.4162206-05:00 [PHASE5B] [OK ] [6.1] PARTS: 730,000/1,551,426 (47.1%) batches=146 elapsed=0.06s
2026-08-25T08:17:10.4172205-05:00 [PHASE5B] [RUN] [6.1] P5B_MINIFIG_MEMBERS / PARTS 730,000/1,551,426 ( 47.1%) batch=147
2026-08-25T08:17:10.4881421-05:00 [PHASE5B] [OK ] [6.1] PARTS: 735,000/1,551,426 (47.4%) batches=147 elapsed=0.07s
2026-08-25T08:17:10.4903397-05:00 [PHASE5B] [RUN] [6.1] P5B_MINIFIG_MEMBERS / PARTS 735,000/1,551,426 ( 47.4%) batch=148
2026-08-25T08:17:10.5452443-05:00 [PHASE5B] [OK ] [6.1] PARTS: 740,000/1,551,426 (47.7%) batches=148 elapsed=0.06s
2026-08-25T08:17:10.5462436-05:00 [PHASE5B] [RUN] [6.1] P5B_MINIFIG_MEMBERS / PARTS 740,000/1,551,426 ( 47.7%) batch=149
2026-08-25T08:17:10.6024272-05:00 [PHASE5B] [OK ] [6.1] PARTS: 745,000/1,551,426 (48.0%) batches=149 elapsed=0.06s
2026-08-25T08:17:10.6034285-05:00 [PHASE5B] [RUN] [6.1] P5B_MINIFIG_MEMBERS / PARTS 745,000/1,551,426 ( 48.0%) batch=150
2026-08-25T08:17:10.6583319-05:00 [PHASE5B] [OK ] [6.1] PARTS: 750,000/1,551,426 (48.3%) batches=150 elapsed=0.06s
2026-08-25T08:17:10.6596898-05:00 [PHASE5B] [RUN] [6.1] P5B_MINIFIG_MEMBERS / PARTS 750,000/1,551,426 ( 48.3%) batch=151
2026-08-25T08:17:10.7151195-05:00 [PHASE5B] [OK ] [6.1] PARTS: 755,000/1,551,426 (48.7%) batches=151 elapsed=0.06s
2026-08-25T08:17:10.7161188-05:00 [PHASE5B] [RUN] [6.1] P5B_MINIFIG_MEMBERS / PARTS 755,000/1,551,426 ( 48.7%) batch=152
2026-08-25T08:17:10.7771436-05:00 [PHASE5B] [OK ] [6.1] PARTS: 760,000/1,551,426 (49.0%) batches=152 elapsed=0.06s
2026-08-25T08:17:10.7781451-05:00 [PHASE5B] [RUN] [6.1] P5B_MINIFIG_MEMBERS / PARTS 760,000/1,551,426 ( 49.0%) batch=153
2026-08-25T08:17:10.8528111-05:00 [PHASE5B] [OK ] [6.1] PARTS: 765,000/1,551,426 (49.3%) batches=153 elapsed=0.08s
2026-08-25T08:17:10.8538100-05:00 [PHASE5B] [RUN] [6.1] P5B_MINIFIG_MEMBERS / PARTS 765,000/1,551,426 ( 49.3%) batch=154
2026-08-25T08:17:11.1462215-05:00 [PHASE5B] [OK ] [6.1] PARTS: 770,000/1,551,426 (49.6%) batches=154 elapsed=0.29s
2026-08-25T08:17:11.1472192-05:00 [PHASE5B] [RUN] [6.1] P5B_MINIFIG_MEMBERS / PARTS 770,000/1,551,426 ( 49.6%) batch=155
2026-08-25T08:17:11.7630296-05:00 [PHASE5B] [OK ] [6.1] PARTS: 775,000/1,551,426 (50.0%) batches=155 elapsed=0.62s
2026-08-25T08:17:11.7655352-05:00 [PHASE5B] [RUN] [6.1] P5B_MINIFIG_MEMBERS / PARTS 775,000/1,551,426 ( 50.0%) batch=156
2026-08-25T08:17:12.3034554-05:00 [PHASE5B] [OK ] [6.1] PARTS: 780,000/1,551,426 (50.3%) batches=156 elapsed=0.54s
2026-08-25T08:17:12.3054548-05:00 [PHASE5B] [RUN] [6.1] P5B_MINIFIG_MEMBERS / PARTS 780,000/1,551,426 ( 50.3%) batch=157
2026-08-25T08:17:12.5970199-05:00 [PHASE5B] [OK ] [6.1] PARTS: 785,000/1,551,426 (50.6%) batches=157 elapsed=0.29s
2026-08-25T08:17:12.5985239-05:00 [PHASE5B] [RUN] [6.1] P5B_MINIFIG_MEMBERS / PARTS 785,000/1,551,426 ( 50.6%) batch=158
2026-08-25T08:17:12.8195244-05:00 [PHASE5B] [OK ] [6.1] PARTS: 790,000/1,551,426 (50.9%) batches=158 elapsed=0.22s
2026-08-25T08:17:12.8215192-05:00 [PHASE5B] [RUN] [6.1] P5B_MINIFIG_MEMBERS / PARTS 790,000/1,551,426 ( 50.9%) batch=159
2026-08-25T08:17:13.1673866-05:00 [PHASE5B] [OK ] [6.1] PARTS: 795,000/1,551,426 (51.2%) batches=159 elapsed=0.35s
2026-08-25T08:17:13.1688892-05:00 [PHASE5B] [RUN] [6.1] P5B_MINIFIG_MEMBERS / PARTS 795,000/1,551,426 ( 51.2%) batch=160
2026-08-25T08:17:13.2999069-05:00 [PHASE5B] [OK ] [6.1] PARTS: 800,000/1,551,426 (51.6%) batches=160 elapsed=0.13s
2026-08-25T08:17:13.3009054-05:00 [PHASE5B] [RUN] [6.1] P5B_MINIFIG_MEMBERS / PARTS 800,000/1,551,426 ( 51.6%) batch=161
2026-08-25T08:17:13.4021299-05:00 [PHASE5B] [OK ] [6.1] PARTS: 805,000/1,551,426 (51.9%) batches=161 elapsed=0.10s
2026-08-25T08:17:13.4031292-05:00 [PHASE5B] [RUN] [6.1] P5B_MINIFIG_MEMBERS / PARTS 805,000/1,551,426 ( 51.9%) batch=162
2026-08-25T08:17:13.7710514-05:00 [PHASE5B] [OK ] [6.1] PARTS: 810,000/1,551,426 (52.2%) batches=162 elapsed=0.37s
2026-08-25T08:17:13.7720538-05:00 [PHASE5B] [RUN] [6.1] P5B_MINIFIG_MEMBERS / PARTS 810,000/1,551,426 ( 52.2%) batch=163
2026-08-25T08:17:14.0962644-05:00 [PHASE5B] [OK ] [6.1] PARTS: 815,000/1,551,426 (52.5%) batches=163 elapsed=0.32s
2026-08-25T08:17:14.0972648-05:00 [PHASE5B] [RUN] [6.1] P5B_MINIFIG_MEMBERS / PARTS 815,000/1,551,426 ( 52.5%) batch=164
2026-08-25T08:17:14.2594424-05:00 [PHASE5B] [OK ] [6.1] PARTS: 820,000/1,551,426 (52.9%) batches=164 elapsed=0.16s
2026-08-25T08:17:14.2604457-05:00 [PHASE5B] [RUN] [6.1] P5B_MINIFIG_MEMBERS / PARTS 820,000/1,551,426 ( 52.9%) batch=165
2026-08-25T08:17:14.5032884-05:00 [PHASE5B] [OK ] [6.1] PARTS: 825,000/1,551,426 (53.2%) batches=165 elapsed=0.24s
2026-08-25T08:17:14.5052895-05:00 [PHASE5B] [RUN] [6.1] P5B_MINIFIG_MEMBERS / PARTS 825,000/1,551,426 ( 53.2%) batch=166
2026-08-25T08:17:14.7991799-05:00 [PHASE5B] [OK ] [6.1] PARTS: 830,000/1,551,426 (53.5%) batches=166 elapsed=0.29s
2026-08-25T08:17:14.8001870-05:00 [PHASE5B] [RUN] [6.1] P5B_MINIFIG_MEMBERS / PARTS 830,000/1,551,426 ( 53.5%) batch=167
2026-08-25T08:17:14.9681400-05:00 [PHASE5B] [OK ] [6.1] PARTS: 835,000/1,551,426 (53.8%) batches=167 elapsed=0.17s
2026-08-25T08:17:14.9691442-05:00 [PHASE5B] [RUN] [6.1] P5B_MINIFIG_MEMBERS / PARTS 835,000/1,551,426 ( 53.8%) batch=168
2026-08-25T08:17:15.0515187-05:00 [PHASE5B] [OK ] [6.1] PARTS: 840,000/1,551,426 (54.1%) batches=168 elapsed=0.08s
2026-08-25T08:17:15.0535173-05:00 [PHASE5B] [RUN] [6.1] P5B_MINIFIG_MEMBERS / PARTS 840,000/1,551,426 ( 54.1%) batch=169
2026-08-25T08:17:15.1611546-05:00 [PHASE5B] [OK ] [6.1] PARTS: 845,000/1,551,426 (54.5%) batches=169 elapsed=0.11s
2026-08-25T08:17:15.1621547-05:00 [PHASE5B] [RUN] [6.1] P5B_MINIFIG_MEMBERS / PARTS 845,000/1,551,426 ( 54.5%) batch=170
2026-08-25T08:17:15.2933368-05:00 [PHASE5B] [OK ] [6.1] PARTS: 850,000/1,551,426 (54.8%) batches=170 elapsed=0.13s
2026-08-25T08:17:15.2953367-05:00 [PHASE5B] [RUN] [6.1] P5B_MINIFIG_MEMBERS / PARTS 850,000/1,551,426 ( 54.8%) batch=171
2026-08-25T08:17:15.4111056-05:00 [PHASE5B] [OK ] [6.1] PARTS: 855,000/1,551,426 (55.1%) batches=171 elapsed=0.12s
2026-08-25T08:17:15.4131065-05:00 [PHASE5B] [RUN] [6.1] P5B_MINIFIG_MEMBERS / PARTS 855,000/1,551,426 ( 55.1%) batch=172
2026-08-25T08:17:15.4904887-05:00 [PHASE5B] [OK ] [6.1] PARTS: 860,000/1,551,426 (55.4%) batches=172 elapsed=0.08s
2026-08-25T08:17:15.4924885-05:00 [PHASE5B] [RUN] [6.1] P5B_MINIFIG_MEMBERS / PARTS 860,000/1,551,426 ( 55.4%) batch=173
2026-08-25T08:17:15.5617121-05:00 [PHASE5B] [OK ] [6.1] PARTS: 865,000/1,551,426 (55.8%) batches=173 elapsed=0.07s
2026-08-25T08:17:15.5627118-05:00 [PHASE5B] [RUN] [6.1] P5B_MINIFIG_MEMBERS / PARTS 865,000/1,551,426 ( 55.8%) batch=174
2026-08-25T08:17:15.6403355-05:00 [PHASE5B] [OK ] [6.1] PARTS: 870,000/1,551,426 (56.1%) batches=174 elapsed=0.08s
2026-08-25T08:17:15.6413364-05:00 [PHASE5B] [RUN] [6.1] P5B_MINIFIG_MEMBERS / PARTS 870,000/1,551,426 ( 56.1%) batch=175
2026-08-25T08:17:15.7299831-05:00 [PHASE5B] [OK ] [6.1] PARTS: 875,000/1,551,426 (56.4%) batches=175 elapsed=0.09s
2026-08-25T08:17:15.7319813-05:00 [PHASE5B] [RUN] [6.1] P5B_MINIFIG_MEMBERS / PARTS 875,000/1,551,426 ( 56.4%) batch=176
2026-08-25T08:17:15.8182317-05:00 [PHASE5B] [OK ] [6.1] PARTS: 880,000/1,551,426 (56.7%) batches=176 elapsed=0.09s
2026-08-25T08:17:15.8194723-05:00 [PHASE5B] [RUN] [6.1] P5B_MINIFIG_MEMBERS / PARTS 880,000/1,551,426 ( 56.7%) batch=177
2026-08-25T08:17:15.9093524-05:00 [PHASE5B] [OK ] [6.1] PARTS: 885,000/1,551,426 (57.0%) batches=177 elapsed=0.09s
2026-08-25T08:17:15.9103515-05:00 [PHASE5B] [RUN] [6.1] P5B_MINIFIG_MEMBERS / PARTS 885,000/1,551,426 ( 57.0%) batch=178
2026-08-25T08:17:16.0004045-05:00 [PHASE5B] [OK ] [6.1] PARTS: 890,000/1,551,426 (57.4%) batches=178 elapsed=0.09s
2026-08-25T08:17:16.0014050-05:00 [PHASE5B] [RUN] [6.1] P5B_MINIFIG_MEMBERS / PARTS 890,000/1,551,426 ( 57.4%) batch=179
2026-08-25T08:17:16.0846690-05:00 [PHASE5B] [OK ] [6.1] PARTS: 895,000/1,551,426 (57.7%) batches=179 elapsed=0.08s
2026-08-25T08:17:16.0856692-05:00 [PHASE5B] [RUN] [6.1] P5B_MINIFIG_MEMBERS / PARTS 895,000/1,551,426 ( 57.7%) batch=180
2026-08-25T08:17:16.1842936-05:00 [PHASE5B] [OK ] [6.1] PARTS: 900,000/1,551,426 (58.0%) batches=180 elapsed=0.10s
2026-08-25T08:17:16.1852921-05:00 [PHASE5B] [RUN] [6.1] P5B_MINIFIG_MEMBERS / PARTS 900,000/1,551,426 ( 58.0%) batch=181
2026-08-25T08:17:16.2623543-05:00 [PHASE5B] [OK ] [6.1] PARTS: 905,000/1,551,426 (58.3%) batches=181 elapsed=0.08s
2026-08-25T08:17:16.2633539-05:00 [PHASE5B] [RUN] [6.1] P5B_MINIFIG_MEMBERS / PARTS 905,000/1,551,426 ( 58.3%) batch=182
2026-08-25T08:17:16.3479605-05:00 [PHASE5B] [OK ] [6.1] PARTS: 910,000/1,551,426 (58.7%) batches=182 elapsed=0.08s
2026-08-25T08:17:16.3484654-05:00 [PHASE5B] [RUN] [6.1] P5B_MINIFIG_MEMBERS / PARTS 910,000/1,551,426 ( 58.7%) batch=183
2026-08-25T08:17:16.4530337-05:00 [PHASE5B] [OK ] [6.1] PARTS: 915,000/1,551,426 (59.0%) batches=183 elapsed=0.11s
2026-08-25T08:17:16.4550340-05:00 [PHASE5B] [RUN] [6.1] P5B_MINIFIG_MEMBERS / PARTS 915,000/1,551,426 ( 59.0%) batch=184
2026-08-25T08:17:16.4992041-05:00 [PHASE5B] [OK ] [6.1] PARTS: 920,000/1,551,426 (59.3%) batches=184 elapsed=0.05s
2026-08-25T08:17:16.5002051-05:00 [PHASE5B] [RUN] [6.1] P5B_MINIFIG_MEMBERS / PARTS 920,000/1,551,426 ( 59.3%) batch=185
2026-08-25T08:17:16.5561425-05:00 [PHASE5B] [OK ] [6.1] PARTS: 925,000/1,551,426 (59.6%) batches=185 elapsed=0.06s
2026-08-25T08:17:16.5581424-05:00 [PHASE5B] [RUN] [6.1] P5B_MINIFIG_MEMBERS / PARTS 925,000/1,551,426 ( 59.6%) batch=186
2026-08-25T08:17:16.6564389-05:00 [PHASE5B] [OK ] [6.1] PARTS: 930,000/1,551,426 (59.9%) batches=186 elapsed=0.10s
2026-08-25T08:17:16.6589477-05:00 [PHASE5B] [RUN] [6.1] P5B_MINIFIG_MEMBERS / PARTS 930,000/1,551,426 ( 59.9%) batch=187
2026-08-25T08:17:16.7330280-05:00 [PHASE5B] [OK ] [6.1] PARTS: 935,000/1,551,426 (60.3%) batches=187 elapsed=0.07s
2026-08-25T08:17:16.7340280-05:00 [PHASE5B] [RUN] [6.1] P5B_MINIFIG_MEMBERS / PARTS 935,000/1,551,426 ( 60.3%) batch=188
2026-08-25T08:17:16.7898327-05:00 [PHASE5B] [OK ] [6.1] PARTS: 940,000/1,551,426 (60.6%) batches=188 elapsed=0.06s
2026-08-25T08:17:16.7908330-05:00 [PHASE5B] [RUN] [6.1] P5B_MINIFIG_MEMBERS / PARTS 940,000/1,551,426 ( 60.6%) batch=189
2026-08-25T08:17:16.8724611-05:00 [PHASE5B] [OK ] [6.1] PARTS: 945,000/1,551,426 (60.9%) batches=189 elapsed=0.08s
2026-08-25T08:17:16.8744593-05:00 [PHASE5B] [RUN] [6.1] P5B_MINIFIG_MEMBERS / PARTS 945,000/1,551,426 ( 60.9%) batch=190
2026-08-25T08:17:16.9660683-05:00 [PHASE5B] [OK ] [6.1] PARTS: 950,000/1,551,426 (61.2%) batches=190 elapsed=0.09s
2026-08-25T08:17:16.9670699-05:00 [PHASE5B] [RUN] [6.1] P5B_MINIFIG_MEMBERS / PARTS 950,000/1,551,426 ( 61.2%) batch=191
2026-08-25T08:17:17.0401974-05:00 [PHASE5B] [OK ] [6.1] PARTS: 955,000/1,551,426 (61.6%) batches=191 elapsed=0.07s
2026-08-25T08:17:17.0421954-05:00 [PHASE5B] [RUN] [6.1] P5B_MINIFIG_MEMBERS / PARTS 955,000/1,551,426 ( 61.6%) batch=192
2026-08-25T08:17:17.1310919-05:00 [PHASE5B] [OK ] [6.1] PARTS: 960,000/1,551,426 (61.9%) batches=192 elapsed=0.09s
2026-08-25T08:17:17.1330943-05:00 [PHASE5B] [RUN] [6.1] P5B_MINIFIG_MEMBERS / PARTS 960,000/1,551,426 ( 61.9%) batch=193
2026-08-25T08:17:17.1901361-05:00 [PHASE5B] [OK ] [6.1] PARTS: 965,000/1,551,426 (62.2%) batches=193 elapsed=0.06s
2026-08-25T08:17:17.1911379-05:00 [PHASE5B] [RUN] [6.1] P5B_MINIFIG_MEMBERS / PARTS 965,000/1,551,426 ( 62.2%) batch=194
2026-08-25T08:17:17.2586775-05:00 [PHASE5B] [OK ] [6.1] PARTS: 970,000/1,551,426 (62.5%) batches=194 elapsed=0.07s
2026-08-25T08:17:17.2596817-05:00 [PHASE5B] [RUN] [6.1] P5B_MINIFIG_MEMBERS / PARTS 970,000/1,551,426 ( 62.5%) batch=195
2026-08-25T08:17:17.3327245-05:00 [PHASE5B] [OK ] [6.1] PARTS: 975,000/1,551,426 (62.8%) batches=195 elapsed=0.07s
2026-08-25T08:17:17.3337245-05:00 [PHASE5B] [RUN] [6.1] P5B_MINIFIG_MEMBERS / PARTS 975,000/1,551,426 ( 62.8%) batch=196
2026-08-25T08:17:17.4223050-05:00 [PHASE5B] [OK ] [6.1] PARTS: 980,000/1,551,426 (63.2%) batches=196 elapsed=0.09s
2026-08-25T08:17:17.4233047-05:00 [PHASE5B] [RUN] [6.1] P5B_MINIFIG_MEMBERS / PARTS 980,000/1,551,426 ( 63.2%) batch=197
2026-08-25T08:17:17.4923821-05:00 [PHASE5B] [OK ] [6.1] PARTS: 985,000/1,551,426 (63.5%) batches=197 elapsed=0.07s
2026-08-25T08:17:17.4943811-05:00 [PHASE5B] [RUN] [6.1] P5B_MINIFIG_MEMBERS / PARTS 985,000/1,551,426 ( 63.5%) batch=198
2026-08-25T08:17:17.5839375-05:00 [PHASE5B] [OK ] [6.1] PARTS: 990,000/1,551,426 (63.8%) batches=198 elapsed=0.09s
2026-08-25T08:17:17.5849370-05:00 [PHASE5B] [RUN] [6.1] P5B_MINIFIG_MEMBERS / PARTS 990,000/1,551,426 ( 63.8%) batch=199
2026-08-25T08:17:17.7431568-05:00 [PHASE5B] [OK ] [6.1] PARTS: 995,000/1,551,426 (64.1%) batches=199 elapsed=0.16s
2026-08-25T08:17:17.7451579-05:00 [PHASE5B] [RUN] [6.1] P5B_MINIFIG_MEMBERS / PARTS 995,000/1,551,426 ( 64.1%) batch=200
2026-08-25T08:17:17.8032316-05:00 [PHASE5B] [OK ] [6.1] PARTS: 1,000,000/1,551,426 (64.5%) batches=200 elapsed=0.06s
2026-08-25T08:17:17.8042315-05:00 [PHASE5B] [RUN] [6.1] P5B_MINIFIG_MEMBERS / PARTS 1,000,000/1,551,426 ( 64.5%) batch=201
2026-08-25T08:17:17.8679462-05:00 [PHASE5B] [OK ] [6.1] PARTS: 1,005,000/1,551,426 (64.8%) batches=201 elapsed=0.06s
2026-08-25T08:17:17.8689507-05:00 [PHASE5B] [RUN] [6.1] P5B_MINIFIG_MEMBERS / PARTS 1,005,000/1,551,426 ( 64.8%) batch=202
2026-08-25T08:17:17.9321135-05:00 [PHASE5B] [OK ] [6.1] PARTS: 1,010,000/1,551,426 (65.1%) batches=202 elapsed=0.06s
2026-08-25T08:17:17.9331157-05:00 [PHASE5B] [RUN] [6.1] P5B_MINIFIG_MEMBERS / PARTS 1,010,000/1,551,426 ( 65.1%) batch=203
2026-08-25T08:17:18.0027349-05:00 [PHASE5B] [OK ] [6.1] PARTS: 1,015,000/1,551,426 (65.4%) batches=203 elapsed=0.07s
2026-08-25T08:17:18.0037353-05:00 [PHASE5B] [RUN] [6.1] P5B_MINIFIG_MEMBERS / PARTS 1,015,000/1,551,426 ( 65.4%) batch=204
2026-08-25T08:17:18.0999128-05:00 [PHASE5B] [OK ] [6.1] PARTS: 1,020,000/1,551,426 (65.7%) batches=204 elapsed=0.10s
2026-08-25T08:17:18.1009115-05:00 [PHASE5B] [RUN] [6.1] P5B_MINIFIG_MEMBERS / PARTS 1,020,000/1,551,426 ( 65.7%) batch=205
2026-08-25T08:17:18.2010958-05:00 [PHASE5B] [OK ] [6.1] PARTS: 1,025,000/1,551,426 (66.1%) batches=205 elapsed=0.10s
2026-08-25T08:17:18.2020960-05:00 [PHASE5B] [RUN] [6.1] P5B_MINIFIG_MEMBERS / PARTS 1,025,000/1,551,426 ( 66.1%) batch=206
2026-08-25T08:17:18.2566254-05:00 [PHASE5B] [OK ] [6.1] PARTS: 1,030,000/1,551,426 (66.4%) batches=206 elapsed=0.05s
2026-08-25T08:17:18.2581293-05:00 [PHASE5B] [RUN] [6.1] P5B_MINIFIG_MEMBERS / PARTS 1,030,000/1,551,426 ( 66.4%) batch=207
2026-08-25T08:17:18.3148374-05:00 [PHASE5B] [OK ] [6.1] PARTS: 1,035,000/1,551,426 (66.7%) batches=207 elapsed=0.06s
2026-08-25T08:17:18.3158375-05:00 [PHASE5B] [RUN] [6.1] P5B_MINIFIG_MEMBERS / PARTS 1,035,000/1,551,426 ( 66.7%) batch=208
2026-08-25T08:17:18.3813234-05:00 [PHASE5B] [OK ] [6.1] PARTS: 1,040,000/1,551,426 (67.0%) batches=208 elapsed=0.07s
2026-08-25T08:17:18.3833292-05:00 [PHASE5B] [RUN] [6.1] P5B_MINIFIG_MEMBERS / PARTS 1,040,000/1,551,426 ( 67.0%) batch=209
2026-08-25T08:17:18.4531945-05:00 [PHASE5B] [OK ] [6.1] PARTS: 1,045,000/1,551,426 (67.4%) batches=209 elapsed=0.07s
2026-08-25T08:17:18.4541938-05:00 [PHASE5B] [RUN] [6.1] P5B_MINIFIG_MEMBERS / PARTS 1,045,000/1,551,426 ( 67.4%) batch=210
2026-08-25T08:17:18.5871429-05:00 [PHASE5B] [OK ] [6.1] PARTS: 1,050,000/1,551,426 (67.7%) batches=210 elapsed=0.13s
2026-08-25T08:17:18.5881437-05:00 [PHASE5B] [RUN] [6.1] P5B_MINIFIG_MEMBERS / PARTS 1,050,000/1,551,426 ( 67.7%) batch=211
2026-08-25T08:17:18.6525095-05:00 [PHASE5B] [OK ] [6.1] PARTS: 1,055,000/1,551,426 (68.0%) batches=211 elapsed=0.06s
2026-08-25T08:17:18.6535094-05:00 [PHASE5B] [RUN] [6.1] P5B_MINIFIG_MEMBERS / PARTS 1,055,000/1,551,426 ( 68.0%) batch=212
2026-08-25T08:17:18.7071336-05:00 [PHASE5B] [OK ] [6.1] PARTS: 1,060,000/1,551,426 (68.3%) batches=212 elapsed=0.05s
2026-08-25T08:17:18.7086361-05:00 [PHASE5B] [RUN] [6.1] P5B_MINIFIG_MEMBERS / PARTS 1,060,000/1,551,426 ( 68.3%) batch=213
2026-08-25T08:17:18.8093826-05:00 [PHASE5B] [OK ] [6.1] PARTS: 1,065,000/1,551,426 (68.6%) batches=213 elapsed=0.10s
2026-08-25T08:17:18.8113831-05:00 [PHASE5B] [RUN] [6.1] P5B_MINIFIG_MEMBERS / PARTS 1,065,000/1,551,426 ( 68.6%) batch=214
2026-08-25T08:17:18.8870645-05:00 [PHASE5B] [OK ] [6.1] PARTS: 1,070,000/1,551,426 (69.0%) batches=214 elapsed=0.08s
2026-08-25T08:17:18.8880644-05:00 [PHASE5B] [RUN] [6.1] P5B_MINIFIG_MEMBERS / PARTS 1,070,000/1,551,426 ( 69.0%) batch=215
2026-08-25T08:17:18.9427546-05:00 [PHASE5B] [OK ] [6.1] PARTS: 1,075,000/1,551,426 (69.3%) batches=215 elapsed=0.06s
2026-08-25T08:17:18.9447548-05:00 [PHASE5B] [RUN] [6.1] P5B_MINIFIG_MEMBERS / PARTS 1,075,000/1,551,426 ( 69.3%) batch=216
2026-08-25T08:17:18.9917920-05:00 [PHASE5B] [OK ] [6.1] PARTS: 1,080,000/1,551,426 (69.6%) batches=216 elapsed=0.05s
2026-08-25T08:17:18.9927928-05:00 [PHASE5B] [RUN] [6.1] P5B_MINIFIG_MEMBERS / PARTS 1,080,000/1,551,426 ( 69.6%) batch=217
2026-08-25T08:17:19.0393273-05:00 [PHASE5B] [OK ] [6.1] PARTS: 1,085,000/1,551,426 (69.9%) batches=217 elapsed=0.05s
2026-08-25T08:17:19.0413276-05:00 [PHASE5B] [RUN] [6.1] P5B_MINIFIG_MEMBERS / PARTS 1,085,000/1,551,426 ( 69.9%) batch=218
2026-08-25T08:17:19.0883559-05:00 [PHASE5B] [OK ] [6.1] PARTS: 1,090,000/1,551,426 (70.3%) batches=218 elapsed=0.05s
2026-08-25T08:17:19.0893603-05:00 [PHASE5B] [RUN] [6.1] P5B_MINIFIG_MEMBERS / PARTS 1,090,000/1,551,426 ( 70.3%) batch=219
2026-08-25T08:17:19.1679673-05:00 [PHASE5B] [OK ] [6.1] PARTS: 1,095,000/1,551,426 (70.6%) batches=219 elapsed=0.08s
2026-08-25T08:17:19.1689715-05:00 [PHASE5B] [RUN] [6.1] P5B_MINIFIG_MEMBERS / PARTS 1,095,000/1,551,426 ( 70.6%) batch=220
2026-08-25T08:17:19.2230157-05:00 [PHASE5B] [OK ] [6.1] PARTS: 1,100,000/1,551,426 (70.9%) batches=220 elapsed=0.05s
2026-08-25T08:17:19.2240143-05:00 [PHASE5B] [RUN] [6.1] P5B_MINIFIG_MEMBERS / PARTS 1,100,000/1,551,426 ( 70.9%) batch=221
2026-08-25T08:17:19.2947217-05:00 [PHASE5B] [OK ] [6.1] PARTS: 1,105,000/1,551,426 (71.2%) batches=221 elapsed=0.07s
2026-08-25T08:17:19.2957212-05:00 [PHASE5B] [RUN] [6.1] P5B_MINIFIG_MEMBERS / PARTS 1,105,000/1,551,426 ( 71.2%) batch=222
2026-08-25T08:17:19.3629422-05:00 [PHASE5B] [OK ] [6.1] PARTS: 1,110,000/1,551,426 (71.5%) batches=222 elapsed=0.07s
2026-08-25T08:17:19.3639410-05:00 [PHASE5B] [RUN] [6.1] P5B_MINIFIG_MEMBERS / PARTS 1,110,000/1,551,426 ( 71.5%) batch=223
2026-08-25T08:17:19.4981568-05:00 [PHASE5B] [OK ] [6.1] PARTS: 1,115,000/1,551,426 (71.9%) batches=223 elapsed=0.14s
2026-08-25T08:17:19.5001600-05:00 [PHASE5B] [RUN] [6.1] P5B_MINIFIG_MEMBERS / PARTS 1,115,000/1,551,426 ( 71.9%) batch=224
2026-08-25T08:17:19.5702158-05:00 [PHASE5B] [OK ] [6.1] PARTS: 1,120,000/1,551,426 (72.2%) batches=224 elapsed=0.07s
2026-08-25T08:17:19.5712132-05:00 [PHASE5B] [RUN] [6.1] P5B_MINIFIG_MEMBERS / PARTS 1,120,000/1,551,426 ( 72.2%) batch=225
2026-08-25T08:17:19.6465828-05:00 [PHASE5B] [OK ] [6.1] PARTS: 1,125,000/1,551,426 (72.5%) batches=225 elapsed=0.08s
2026-08-25T08:17:19.6480860-05:00 [PHASE5B] [RUN] [6.1] P5B_MINIFIG_MEMBERS / PARTS 1,125,000/1,551,426 ( 72.5%) batch=226
2026-08-25T08:17:19.7231583-05:00 [PHASE5B] [OK ] [6.1] PARTS: 1,130,000/1,551,426 (72.8%) batches=226 elapsed=0.08s
2026-08-25T08:17:19.7241577-05:00 [PHASE5B] [RUN] [6.1] P5B_MINIFIG_MEMBERS / PARTS 1,130,000/1,551,426 ( 72.8%) batch=227
2026-08-25T08:17:19.8011479-05:00 [PHASE5B] [OK ] [6.1] PARTS: 1,135,000/1,551,426 (73.2%) batches=227 elapsed=0.08s
2026-08-25T08:17:19.8021483-05:00 [PHASE5B] [RUN] [6.1] P5B_MINIFIG_MEMBERS / PARTS 1,135,000/1,551,426 ( 73.2%) batch=228
2026-08-25T08:17:19.8607458-05:00 [PHASE5B] [OK ] [6.1] PARTS: 1,140,000/1,551,426 (73.5%) batches=228 elapsed=0.06s
2026-08-25T08:17:19.8617461-05:00 [PHASE5B] [RUN] [6.1] P5B_MINIFIG_MEMBERS / PARTS 1,140,000/1,551,426 ( 73.5%) batch=229
2026-08-25T08:17:19.9113325-05:00 [PHASE5B] [OK ] [6.1] PARTS: 1,145,000/1,551,426 (73.8%) batches=229 elapsed=0.05s
2026-08-25T08:17:19.9123329-05:00 [PHASE5B] [RUN] [6.1] P5B_MINIFIG_MEMBERS / PARTS 1,145,000/1,551,426 ( 73.8%) batch=230
2026-08-25T08:17:19.9668711-05:00 [PHASE5B] [OK ] [6.1] PARTS: 1,150,000/1,551,426 (74.1%) batches=230 elapsed=0.06s
2026-08-25T08:17:19.9683749-05:00 [PHASE5B] [RUN] [6.1] P5B_MINIFIG_MEMBERS / PARTS 1,150,000/1,551,426 ( 74.1%) batch=231
2026-08-25T08:17:20.0264196-05:00 [PHASE5B] [OK ] [6.1] PARTS: 1,155,000/1,551,426 (74.4%) batches=231 elapsed=0.06s
2026-08-25T08:17:20.0279240-05:00 [PHASE5B] [RUN] [6.1] P5B_MINIFIG_MEMBERS / PARTS 1,155,000/1,551,426 ( 74.4%) batch=232
2026-08-25T08:17:20.0928220-05:00 [PHASE5B] [OK ] [6.1] PARTS: 1,160,000/1,551,426 (74.8%) batches=232 elapsed=0.07s
2026-08-25T08:17:20.0938199-05:00 [PHASE5B] [RUN] [6.1] P5B_MINIFIG_MEMBERS / PARTS 1,160,000/1,551,426 ( 74.8%) batch=233
2026-08-25T08:17:20.2150606-05:00 [PHASE5B] [OK ] [6.1] PARTS: 1,165,000/1,551,426 (75.1%) batches=233 elapsed=0.12s
2026-08-25T08:17:20.2160624-05:00 [PHASE5B] [RUN] [6.1] P5B_MINIFIG_MEMBERS / PARTS 1,165,000/1,551,426 ( 75.1%) batch=234
2026-08-25T08:17:20.3953260-05:00 [PHASE5B] [OK ] [6.1] PARTS: 1,170,000/1,551,426 (75.4%) batches=234 elapsed=0.18s
2026-08-25T08:17:20.3973256-05:00 [PHASE5B] [RUN] [6.1] P5B_MINIFIG_MEMBERS / PARTS 1,170,000/1,551,426 ( 75.4%) batch=235
2026-08-25T08:17:20.4946927-05:00 [PHASE5B] [OK ] [6.1] PARTS: 1,175,000/1,551,426 (75.7%) batches=235 elapsed=0.10s
2026-08-25T08:17:20.4966927-05:00 [PHASE5B] [RUN] [6.1] P5B_MINIFIG_MEMBERS / PARTS 1,175,000/1,551,426 ( 75.7%) batch=236
2026-08-25T08:17:20.5843160-05:00 [PHASE5B] [OK ] [6.1] PARTS: 1,180,000/1,551,426 (76.1%) batches=236 elapsed=0.09s
2026-08-25T08:17:20.5863157-05:00 [PHASE5B] [RUN] [6.1] P5B_MINIFIG_MEMBERS / PARTS 1,180,000/1,551,426 ( 76.1%) batch=237
2026-08-25T08:17:20.6907194-05:00 [PHASE5B] [OK ] [6.1] PARTS: 1,185,000/1,551,426 (76.4%) batches=237 elapsed=0.11s
2026-08-25T08:17:20.6917204-05:00 [PHASE5B] [RUN] [6.1] P5B_MINIFIG_MEMBERS / PARTS 1,185,000/1,551,426 ( 76.4%) batch=238
2026-08-25T08:17:20.7582618-05:00 [PHASE5B] [OK ] [6.1] PARTS: 1,190,000/1,551,426 (76.7%) batches=238 elapsed=0.07s
2026-08-25T08:17:20.7587657-05:00 [PHASE5B] [RUN] [6.1] P5B_MINIFIG_MEMBERS / PARTS 1,190,000/1,551,426 ( 76.7%) batch=239
2026-08-25T08:17:20.8070375-05:00 [PHASE5B] [OK ] [6.1] PARTS: 1,195,000/1,551,426 (77.0%) batches=239 elapsed=0.05s
2026-08-25T08:17:20.8080389-05:00 [PHASE5B] [RUN] [6.1] P5B_MINIFIG_MEMBERS / PARTS 1,195,000/1,551,426 ( 77.0%) batch=240
2026-08-25T08:17:20.8768015-05:00 [PHASE5B] [OK ] [6.1] PARTS: 1,200,000/1,551,426 (77.3%) batches=240 elapsed=0.07s
2026-08-25T08:17:20.8793135-05:00 [PHASE5B] [RUN] [6.1] P5B_MINIFIG_MEMBERS / PARTS 1,200,000/1,551,426 ( 77.3%) batch=241
2026-08-25T08:17:20.9308431-05:00 [PHASE5B] [OK ] [6.1] PARTS: 1,205,000/1,551,426 (77.7%) batches=241 elapsed=0.05s
2026-08-25T08:17:20.9318412-05:00 [PHASE5B] [RUN] [6.1] P5B_MINIFIG_MEMBERS / PARTS 1,205,000/1,551,426 ( 77.7%) batch=242
2026-08-25T08:17:20.9891181-05:00 [PHASE5B] [OK ] [6.1] PARTS: 1,210,000/1,551,426 (78.0%) batches=242 elapsed=0.06s
2026-08-25T08:17:20.9901182-05:00 [PHASE5B] [RUN] [6.1] P5B_MINIFIG_MEMBERS / PARTS 1,210,000/1,551,426 ( 78.0%) batch=243
2026-08-25T08:17:21.0565289-05:00 [PHASE5B] [OK ] [6.1] PARTS: 1,215,000/1,551,426 (78.3%) batches=243 elapsed=0.07s
2026-08-25T08:17:21.0565289-05:00 [PHASE5B] [RUN] [6.1] P5B_MINIFIG_MEMBERS / PARTS 1,215,000/1,551,426 ( 78.3%) batch=244
2026-08-25T08:17:21.1809194-05:00 [PHASE5B] [OK ] [6.1] PARTS: 1,220,000/1,551,426 (78.6%) batches=244 elapsed=0.12s
2026-08-25T08:17:21.1819186-05:00 [PHASE5B] [RUN] [6.1] P5B_MINIFIG_MEMBERS / PARTS 1,220,000/1,551,426 ( 78.6%) batch=245
2026-08-25T08:17:21.2564737-05:00 [PHASE5B] [OK ] [6.1] PARTS: 1,225,000/1,551,426 (79.0%) batches=245 elapsed=0.08s
2026-08-25T08:17:21.2579767-05:00 [PHASE5B] [RUN] [6.1] P5B_MINIFIG_MEMBERS / PARTS 1,225,000/1,551,426 ( 79.0%) batch=246
2026-08-25T08:17:21.3210816-05:00 [PHASE5B] [OK ] [6.1] PARTS: 1,230,000/1,551,426 (79.3%) batches=246 elapsed=0.06s
2026-08-25T08:17:21.3220821-05:00 [PHASE5B] [RUN] [6.1] P5B_MINIFIG_MEMBERS / PARTS 1,230,000/1,551,426 ( 79.3%) batch=247
2026-08-25T08:17:21.3971388-05:00 [PHASE5B] [OK ] [6.1] PARTS: 1,235,000/1,551,426 (79.6%) batches=247 elapsed=0.08s
2026-08-25T08:17:21.3981379-05:00 [PHASE5B] [RUN] [6.1] P5B_MINIFIG_MEMBERS / PARTS 1,235,000/1,551,426 ( 79.6%) batch=248
2026-08-25T08:17:21.4614236-05:00 [PHASE5B] [OK ] [6.1] PARTS: 1,240,000/1,551,426 (79.9%) batches=248 elapsed=0.06s
2026-08-25T08:17:21.4624223-05:00 [PHASE5B] [RUN] [6.1] P5B_MINIFIG_MEMBERS / PARTS 1,240,000/1,551,426 ( 79.9%) batch=249
2026-08-25T08:17:21.5389895-05:00 [PHASE5B] [OK ] [6.1] PARTS: 1,245,000/1,551,426 (80.2%) batches=249 elapsed=0.08s
2026-08-25T08:17:21.5399896-05:00 [PHASE5B] [RUN] [6.1] P5B_MINIFIG_MEMBERS / PARTS 1,245,000/1,551,426 ( 80.2%) batch=250
2026-08-25T08:17:21.6104709-05:00 [PHASE5B] [OK ] [6.1] PARTS: 1,250,000/1,551,426 (80.6%) batches=250 elapsed=0.07s
2026-08-25T08:17:21.6124673-05:00 [PHASE5B] [RUN] [6.1] P5B_MINIFIG_MEMBERS / PARTS 1,250,000/1,551,426 ( 80.6%) batch=251
2026-08-25T08:17:21.6601873-05:00 [PHASE5B] [OK ] [6.1] PARTS: 1,255,000/1,551,426 (80.9%) batches=251 elapsed=0.05s
2026-08-25T08:17:21.6621883-05:00 [PHASE5B] [RUN] [6.1] P5B_MINIFIG_MEMBERS / PARTS 1,255,000/1,551,426 ( 80.9%) batch=252
2026-08-25T08:17:21.7205010-05:00 [PHASE5B] [OK ] [6.1] PARTS: 1,260,000/1,551,426 (81.2%) batches=252 elapsed=0.06s
2026-08-25T08:17:21.7225006-05:00 [PHASE5B] [RUN] [6.1] P5B_MINIFIG_MEMBERS / PARTS 1,260,000/1,551,426 ( 81.2%) batch=253
2026-08-25T08:17:21.7810486-05:00 [PHASE5B] [OK ] [6.1] PARTS: 1,265,000/1,551,426 (81.5%) batches=253 elapsed=0.06s
2026-08-25T08:17:21.7820470-05:00 [PHASE5B] [RUN] [6.1] P5B_MINIFIG_MEMBERS / PARTS 1,265,000/1,551,426 ( 81.5%) batch=254
2026-08-25T08:17:21.8393598-05:00 [PHASE5B] [OK ] [6.1] PARTS: 1,270,000/1,551,426 (81.9%) batches=254 elapsed=0.06s
2026-08-25T08:17:21.8403627-05:00 [PHASE5B] [RUN] [6.1] P5B_MINIFIG_MEMBERS / PARTS 1,270,000/1,551,426 ( 81.9%) batch=255
2026-08-25T08:17:21.9169294-05:00 [PHASE5B] [OK ] [6.1] PARTS: 1,275,000/1,551,426 (82.2%) batches=255 elapsed=0.08s
2026-08-25T08:17:21.9179302-05:00 [PHASE5B] [RUN] [6.1] P5B_MINIFIG_MEMBERS / PARTS 1,275,000/1,551,426 ( 82.2%) batch=256
2026-08-25T08:17:22.0244249-05:00 [PHASE5B] [OK ] [6.1] PARTS: 1,280,000/1,551,426 (82.5%) batches=256 elapsed=0.11s
2026-08-25T08:17:22.0254251-05:00 [PHASE5B] [RUN] [6.1] P5B_MINIFIG_MEMBERS / PARTS 1,280,000/1,551,426 ( 82.5%) batch=257
2026-08-25T08:17:22.1417966-05:00 [PHASE5B] [OK ] [6.1] PARTS: 1,285,000/1,551,426 (82.8%) batches=257 elapsed=0.12s
2026-08-25T08:17:22.1427960-05:00 [PHASE5B] [RUN] [6.1] P5B_MINIFIG_MEMBERS / PARTS 1,285,000/1,551,426 ( 82.8%) batch=258
2026-08-25T08:17:22.2069493-05:00 [PHASE5B] [OK ] [6.1] PARTS: 1,290,000/1,551,426 (83.1%) batches=258 elapsed=0.06s
2026-08-25T08:17:22.2079508-05:00 [PHASE5B] [RUN] [6.1] P5B_MINIFIG_MEMBERS / PARTS 1,290,000/1,551,426 ( 83.1%) batch=259
2026-08-25T08:17:22.3079264-05:00 [PHASE5B] [OK ] [6.1] PARTS: 1,295,000/1,551,426 (83.5%) batches=259 elapsed=0.10s
2026-08-25T08:17:22.3089328-05:00 [PHASE5B] [RUN] [6.1] P5B_MINIFIG_MEMBERS / PARTS 1,295,000/1,551,426 ( 83.5%) batch=260
2026-08-25T08:17:22.3963953-05:00 [PHASE5B] [OK ] [6.1] PARTS: 1,300,000/1,551,426 (83.8%) batches=260 elapsed=0.09s
2026-08-25T08:17:22.3978986-05:00 [PHASE5B] [RUN] [6.1] P5B_MINIFIG_MEMBERS / PARTS 1,300,000/1,551,426 ( 83.8%) batch=261
2026-08-25T08:17:22.4701419-05:00 [PHASE5B] [OK ] [6.1] PARTS: 1,305,000/1,551,426 (84.1%) batches=261 elapsed=0.07s
2026-08-25T08:17:22.4711409-05:00 [PHASE5B] [RUN] [6.1] P5B_MINIFIG_MEMBERS / PARTS 1,305,000/1,551,426 ( 84.1%) batch=262
2026-08-25T08:17:22.6614067-05:00 [PHASE5B] [OK ] [6.1] PARTS: 1,310,000/1,551,426 (84.4%) batches=262 elapsed=0.19s
2026-08-25T08:17:22.6624080-05:00 [PHASE5B] [RUN] [6.1] P5B_MINIFIG_MEMBERS / PARTS 1,310,000/1,551,426 ( 84.4%) batch=263
2026-08-25T08:17:22.7400467-05:00 [PHASE5B] [OK ] [6.1] PARTS: 1,315,000/1,551,426 (84.8%) batches=263 elapsed=0.08s
2026-08-25T08:17:22.7410454-05:00 [PHASE5B] [RUN] [6.1] P5B_MINIFIG_MEMBERS / PARTS 1,315,000/1,551,426 ( 84.8%) batch=264
2026-08-25T08:17:22.8026125-05:00 [PHASE5B] [OK ] [6.1] PARTS: 1,320,000/1,551,426 (85.1%) batches=264 elapsed=0.06s
2026-08-25T08:17:22.8046125-05:00 [PHASE5B] [RUN] [6.1] P5B_MINIFIG_MEMBERS / PARTS 1,320,000/1,551,426 ( 85.1%) batch=265
2026-08-25T08:17:22.8602049-05:00 [PHASE5B] [OK ] [6.1] PARTS: 1,325,000/1,551,426 (85.4%) batches=265 elapsed=0.06s
2026-08-25T08:17:22.8612053-05:00 [PHASE5B] [RUN] [6.1] P5B_MINIFIG_MEMBERS / PARTS 1,325,000/1,551,426 ( 85.4%) batch=266
2026-08-25T08:17:22.9110879-05:00 [PHASE5B] [OK ] [6.1] PARTS: 1,330,000/1,551,426 (85.7%) batches=266 elapsed=0.05s
2026-08-25T08:17:22.9120872-05:00 [PHASE5B] [RUN] [6.1] P5B_MINIFIG_MEMBERS / PARTS 1,330,000/1,551,426 ( 85.7%) batch=267
2026-08-25T08:17:22.9618250-05:00 [PHASE5B] [OK ] [6.1] PARTS: 1,335,000/1,551,426 (86.0%) batches=267 elapsed=0.05s
2026-08-25T08:17:22.9628285-05:00 [PHASE5B] [RUN] [6.1] P5B_MINIFIG_MEMBERS / PARTS 1,335,000/1,551,426 ( 86.0%) batch=268
2026-08-25T08:17:23.0311139-05:00 [PHASE5B] [OK ] [6.1] PARTS: 1,340,000/1,551,426 (86.4%) batches=268 elapsed=0.07s
2026-08-25T08:17:23.0321146-05:00 [PHASE5B] [RUN] [6.1] P5B_MINIFIG_MEMBERS / PARTS 1,340,000/1,551,426 ( 86.4%) batch=269
2026-08-25T08:17:23.1435402-05:00 [PHASE5B] [OK ] [6.1] PARTS: 1,345,000/1,551,426 (86.7%) batches=269 elapsed=0.11s
2026-08-25T08:17:23.1445385-05:00 [PHASE5B] [RUN] [6.1] P5B_MINIFIG_MEMBERS / PARTS 1,345,000/1,551,426 ( 86.7%) batch=270
2026-08-25T08:17:23.2112153-05:00 [PHASE5B] [OK ] [6.1] PARTS: 1,350,000/1,551,426 (87.0%) batches=270 elapsed=0.07s
2026-08-25T08:17:23.2122178-05:00 [PHASE5B] [RUN] [6.1] P5B_MINIFIG_MEMBERS / PARTS 1,350,000/1,551,426 ( 87.0%) batch=271
2026-08-25T08:17:23.2732478-05:00 [PHASE5B] [OK ] [6.1] PARTS: 1,355,000/1,551,426 (87.3%) batches=271 elapsed=0.06s
2026-08-25T08:17:23.2742488-05:00 [PHASE5B] [RUN] [6.1] P5B_MINIFIG_MEMBERS / PARTS 1,355,000/1,551,426 ( 87.3%) batch=272
2026-08-25T08:17:23.3700320-05:00 [PHASE5B] [OK ] [6.1] PARTS: 1,360,000/1,551,426 (87.7%) batches=272 elapsed=0.10s
2026-08-25T08:17:23.3710337-05:00 [PHASE5B] [RUN] [6.1] P5B_MINIFIG_MEMBERS / PARTS 1,360,000/1,551,426 ( 87.7%) batch=273
2026-08-25T08:17:23.4464700-05:00 [PHASE5B] [OK ] [6.1] PARTS: 1,365,000/1,551,426 (88.0%) batches=273 elapsed=0.08s
2026-08-25T08:17:23.4479741-05:00 [PHASE5B] [RUN] [6.1] P5B_MINIFIG_MEMBERS / PARTS 1,365,000/1,551,426 ( 88.0%) batch=274
2026-08-25T08:17:23.5200257-05:00 [PHASE5B] [OK ] [6.1] PARTS: 1,370,000/1,551,426 (88.3%) batches=274 elapsed=0.07s
2026-08-25T08:17:23.5220221-05:00 [PHASE5B] [RUN] [6.1] P5B_MINIFIG_MEMBERS / PARTS 1,370,000/1,551,426 ( 88.3%) batch=275
2026-08-25T08:17:23.5780862-05:00 [PHASE5B] [OK ] [6.1] PARTS: 1,375,000/1,551,426 (88.6%) batches=275 elapsed=0.06s
2026-08-25T08:17:23.5790910-05:00 [PHASE5B] [RUN] [6.1] P5B_MINIFIG_MEMBERS / PARTS 1,375,000/1,551,426 ( 88.6%) batch=276
2026-08-25T08:17:23.6406438-05:00 [PHASE5B] [OK ] [6.1] PARTS: 1,380,000/1,551,426 (89.0%) batches=276 elapsed=0.06s
2026-08-25T08:17:23.6416463-05:00 [PHASE5B] [RUN] [6.1] P5B_MINIFIG_MEMBERS / PARTS 1,380,000/1,551,426 ( 89.0%) batch=277
2026-08-25T08:17:23.7021840-05:00 [PHASE5B] [OK ] [6.1] PARTS: 1,385,000/1,551,426 (89.3%) batches=277 elapsed=0.06s
2026-08-25T08:17:23.7031848-05:00 [PHASE5B] [RUN] [6.1] P5B_MINIFIG_MEMBERS / PARTS 1,385,000/1,551,426 ( 89.3%) batch=278
2026-08-25T08:17:23.7557177-05:00 [PHASE5B] [OK ] [6.1] PARTS: 1,390,000/1,551,426 (89.6%) batches=278 elapsed=0.05s
2026-08-25T08:17:23.7567165-05:00 [PHASE5B] [RUN] [6.1] P5B_MINIFIG_MEMBERS / PARTS 1,390,000/1,551,426 ( 89.6%) batch=279
2026-08-25T08:17:23.8082695-05:00 [PHASE5B] [OK ] [6.1] PARTS: 1,395,000/1,551,426 (89.9%) batches=279 elapsed=0.05s
2026-08-25T08:17:23.8092734-05:00 [PHASE5B] [RUN] [6.1] P5B_MINIFIG_MEMBERS / PARTS 1,395,000/1,551,426 ( 89.9%) batch=280
2026-08-25T08:17:23.8703293-05:00 [PHASE5B] [OK ] [6.1] PARTS: 1,400,000/1,551,426 (90.2%) batches=280 elapsed=0.06s
2026-08-25T08:17:23.8713292-05:00 [PHASE5B] [RUN] [6.1] P5B_MINIFIG_MEMBERS / PARTS 1,400,000/1,551,426 ( 90.2%) batch=281
2026-08-25T08:17:23.9802057-05:00 [PHASE5B] [OK ] [6.1] PARTS: 1,405,000/1,551,426 (90.6%) batches=281 elapsed=0.11s
2026-08-25T08:17:23.9812051-05:00 [PHASE5B] [RUN] [6.1] P5B_MINIFIG_MEMBERS / PARTS 1,405,000/1,551,426 ( 90.6%) batch=282
2026-08-25T08:17:24.0517521-05:00 [PHASE5B] [OK ] [6.1] PARTS: 1,410,000/1,551,426 (90.9%) batches=282 elapsed=0.07s
2026-08-25T08:17:24.0527499-05:00 [PHASE5B] [RUN] [6.1] P5B_MINIFIG_MEMBERS / PARTS 1,410,000/1,551,426 ( 90.9%) batch=283
2026-08-25T08:17:24.1162969-05:00 [PHASE5B] [OK ] [6.1] PARTS: 1,415,000/1,551,426 (91.2%) batches=283 elapsed=0.06s
2026-08-25T08:17:24.1172966-05:00 [PHASE5B] [RUN] [6.1] P5B_MINIFIG_MEMBERS / PARTS 1,415,000/1,551,426 ( 91.2%) batch=284
2026-08-25T08:17:24.1748324-05:00 [PHASE5B] [OK ] [6.1] PARTS: 1,420,000/1,551,426 (91.5%) batches=284 elapsed=0.06s
2026-08-25T08:17:24.1758371-05:00 [PHASE5B] [RUN] [6.1] P5B_MINIFIG_MEMBERS / PARTS 1,420,000/1,551,426 ( 91.5%) batch=285
2026-08-25T08:17:24.2601403-05:00 [PHASE5B] [OK ] [6.1] PARTS: 1,425,000/1,551,426 (91.9%) batches=285 elapsed=0.09s
2026-08-25T08:17:24.2621404-05:00 [PHASE5B] [RUN] [6.1] P5B_MINIFIG_MEMBERS / PARTS 1,425,000/1,551,426 ( 91.9%) batch=286
2026-08-25T08:17:24.3447075-05:00 [PHASE5B] [OK ] [6.1] PARTS: 1,430,000/1,551,426 (92.2%) batches=286 elapsed=0.08s
2026-08-25T08:17:24.3457075-05:00 [PHASE5B] [RUN] [6.1] P5B_MINIFIG_MEMBERS / PARTS 1,430,000/1,551,426 ( 92.2%) batch=287
2026-08-25T08:17:24.4526554-05:00 [PHASE5B] [OK ] [6.1] PARTS: 1,435,000/1,551,426 (92.5%) batches=287 elapsed=0.11s
2026-08-25T08:17:24.4536560-05:00 [PHASE5B] [RUN] [6.1] P5B_MINIFIG_MEMBERS / PARTS 1,435,000/1,551,426 ( 92.5%) batch=288
2026-08-25T08:17:24.5217075-05:00 [PHASE5B] [OK ] [6.1] PARTS: 1,440,000/1,551,426 (92.8%) batches=288 elapsed=0.07s
2026-08-25T08:17:24.5237080-05:00 [PHASE5B] [RUN] [6.1] P5B_MINIFIG_MEMBERS / PARTS 1,440,000/1,551,426 ( 92.8%) batch=289
2026-08-25T08:17:24.5907687-05:00 [PHASE5B] [OK ] [6.1] PARTS: 1,445,000/1,551,426 (93.1%) batches=289 elapsed=0.07s
2026-08-25T08:17:24.5927693-05:00 [PHASE5B] [RUN] [6.1] P5B_MINIFIG_MEMBERS / PARTS 1,445,000/1,551,426 ( 93.1%) batch=290
2026-08-25T08:17:24.6553229-05:00 [PHASE5B] [OK ] [6.1] PARTS: 1,450,000/1,551,426 (93.5%) batches=290 elapsed=0.06s
2026-08-25T08:17:24.6563235-05:00 [PHASE5B] [RUN] [6.1] P5B_MINIFIG_MEMBERS / PARTS 1,450,000/1,551,426 ( 93.5%) batch=291
2026-08-25T08:17:24.7088750-05:00 [PHASE5B] [OK ] [6.1] PARTS: 1,455,000/1,551,426 (93.8%) batches=291 elapsed=0.05s
2026-08-25T08:17:24.7098760-05:00 [PHASE5B] [RUN] [6.1] P5B_MINIFIG_MEMBERS / PARTS 1,455,000/1,551,426 ( 93.8%) batch=292
2026-08-25T08:17:24.7624020-05:00 [PHASE5B] [OK ] [6.1] PARTS: 1,460,000/1,551,426 (94.1%) batches=292 elapsed=0.05s
2026-08-25T08:17:24.7634009-05:00 [PHASE5B] [RUN] [6.1] P5B_MINIFIG_MEMBERS / PARTS 1,460,000/1,551,426 ( 94.1%) batch=293
2026-08-25T08:17:24.8209471-05:00 [PHASE5B] [OK ] [6.1] PARTS: 1,465,000/1,551,426 (94.4%) batches=293 elapsed=0.06s
2026-08-25T08:17:24.8219463-05:00 [PHASE5B] [RUN] [6.1] P5B_MINIFIG_MEMBERS / PARTS 1,465,000/1,551,426 ( 94.4%) batch=294
2026-08-25T08:17:24.9094471-05:00 [PHASE5B] [OK ] [6.1] PARTS: 1,470,000/1,551,426 (94.8%) batches=294 elapsed=0.09s
2026-08-25T08:17:24.9104471-05:00 [PHASE5B] [RUN] [6.1] P5B_MINIFIG_MEMBERS / PARTS 1,470,000/1,551,426 ( 94.8%) batch=295
2026-08-25T08:17:25.0146188-05:00 [PHASE5B] [OK ] [6.1] PARTS: 1,475,000/1,551,426 (95.1%) batches=295 elapsed=0.11s
2026-08-25T08:17:25.0166175-05:00 [PHASE5B] [RUN] [6.1] P5B_MINIFIG_MEMBERS / PARTS 1,475,000/1,551,426 ( 95.1%) batch=296
2026-08-25T08:17:25.0826870-05:00 [PHASE5B] [OK ] [6.1] PARTS: 1,480,000/1,551,426 (95.4%) batches=296 elapsed=0.07s
2026-08-25T08:17:25.0836865-05:00 [PHASE5B] [RUN] [6.1] P5B_MINIFIG_MEMBERS / PARTS 1,480,000/1,551,426 ( 95.4%) batch=297
2026-08-25T08:17:25.1494168-05:00 [PHASE5B] [OK ] [6.1] PARTS: 1,485,000/1,551,426 (95.7%) batches=297 elapsed=0.07s
2026-08-25T08:17:25.1504231-05:00 [PHASE5B] [RUN] [6.1] P5B_MINIFIG_MEMBERS / PARTS 1,485,000/1,551,426 ( 95.7%) batch=298
2026-08-25T08:17:25.2230811-05:00 [PHASE5B] [OK ] [6.1] PARTS: 1,490,000/1,551,426 (96.0%) batches=298 elapsed=0.07s
2026-08-25T08:17:25.2240810-05:00 [PHASE5B] [RUN] [6.1] P5B_MINIFIG_MEMBERS / PARTS 1,490,000/1,551,426 ( 96.0%) batch=299
2026-08-25T08:17:25.3326195-05:00 [PHASE5B] [OK ] [6.1] PARTS: 1,495,000/1,551,426 (96.4%) batches=299 elapsed=0.11s
2026-08-25T08:17:25.3336201-05:00 [PHASE5B] [RUN] [6.1] P5B_MINIFIG_MEMBERS / PARTS 1,495,000/1,551,426 ( 96.4%) batch=300
2026-08-25T08:17:25.3971652-05:00 [PHASE5B] [OK ] [6.1] PARTS: 1,500,000/1,551,426 (96.7%) batches=300 elapsed=0.06s
2026-08-25T08:17:25.3986696-05:00 [PHASE5B] [RUN] [6.1] P5B_MINIFIG_MEMBERS / PARTS 1,500,000/1,551,426 ( 96.7%) batch=301
2026-08-25T08:17:25.4597159-05:00 [PHASE5B] [OK ] [6.1] PARTS: 1,505,000/1,551,426 (97.0%) batches=301 elapsed=0.06s
2026-08-25T08:17:25.4607221-05:00 [PHASE5B] [RUN] [6.1] P5B_MINIFIG_MEMBERS / PARTS 1,505,000/1,551,426 ( 97.0%) batch=302
2026-08-25T08:17:25.5289054-05:00 [PHASE5B] [OK ] [6.1] PARTS: 1,510,000/1,551,426 (97.3%) batches=302 elapsed=0.07s
2026-08-25T08:17:25.5299080-05:00 [PHASE5B] [RUN] [6.1] P5B_MINIFIG_MEMBERS / PARTS 1,510,000/1,551,426 ( 97.3%) batch=303
2026-08-25T08:17:25.5870322-05:00 [PHASE5B] [OK ] [6.1] PARTS: 1,515,000/1,551,426 (97.7%) batches=303 elapsed=0.06s
2026-08-25T08:17:25.5880320-05:00 [PHASE5B] [RUN] [6.1] P5B_MINIFIG_MEMBERS / PARTS 1,515,000/1,551,426 ( 97.7%) batch=304
2026-08-25T08:17:25.6453632-05:00 [PHASE5B] [OK ] [6.1] PARTS: 1,520,000/1,551,426 (98.0%) batches=304 elapsed=0.06s
2026-08-25T08:17:25.6463623-05:00 [PHASE5B] [RUN] [6.1] P5B_MINIFIG_MEMBERS / PARTS 1,520,000/1,551,426 ( 98.0%) batch=305
2026-08-25T08:17:25.7004487-05:00 [PHASE5B] [OK ] [6.1] PARTS: 1,525,000/1,551,426 (98.3%) batches=305 elapsed=0.06s
2026-08-25T08:17:25.7014482-05:00 [PHASE5B] [RUN] [6.1] P5B_MINIFIG_MEMBERS / PARTS 1,525,000/1,551,426 ( 98.3%) batch=306
2026-08-25T08:17:25.7654915-05:00 [PHASE5B] [OK ] [6.1] PARTS: 1,530,000/1,551,426 (98.6%) batches=306 elapsed=0.07s
2026-08-25T08:17:25.7664911-05:00 [PHASE5B] [RUN] [6.1] P5B_MINIFIG_MEMBERS / PARTS 1,530,000/1,551,426 ( 98.6%) batch=307
2026-08-25T08:17:25.8606092-05:00 [PHASE5B] [OK ] [6.1] PARTS: 1,535,000/1,551,426 (98.9%) batches=307 elapsed=0.09s
2026-08-25T08:17:25.8616091-05:00 [PHASE5B] [RUN] [6.1] P5B_MINIFIG_MEMBERS / PARTS 1,535,000/1,551,426 ( 98.9%) batch=308
2026-08-25T08:17:25.9690675-05:00 [PHASE5B] [OK ] [6.1] PARTS: 1,540,000/1,551,426 (99.3%) batches=308 elapsed=0.11s
2026-08-25T08:17:25.9710673-05:00 [PHASE5B] [RUN] [6.1] P5B_MINIFIG_MEMBERS / PARTS 1,540,000/1,551,426 ( 99.3%) batch=309
2026-08-25T08:17:26.0491081-05:00 [PHASE5B] [OK ] [6.1] PARTS: 1,545,000/1,551,426 (99.6%) batches=309 elapsed=0.08s
2026-08-25T08:17:26.0501089-05:00 [PHASE5B] [RUN] [6.1] P5B_MINIFIG_MEMBERS / PARTS 1,545,000/1,551,426 ( 99.6%) batch=310
2026-08-25T08:17:26.1519330-05:00 [PHASE5B] [OK ] [6.1] PARTS: 1,550,000/1,551,426 (99.9%) batches=310 elapsed=0.10s
2026-08-25T08:17:26.1539328-05:00 [PHASE5B] [RUN] [6.1] P5B_MINIFIG_MEMBERS / PARTS 1,550,000/1,551,426 ( 99.9%) batch=311
2026-08-25T08:17:26.1990041-05:00 [PHASE5B] [OK ] [6.1] PARTS: 1,551,426/1,551,426 (100.0%) batches=311 elapsed=0.05s
2026-08-25T08:17:26.2000039-05:00 [PHASE5B] 
2026-08-25T08:17:26.2020013-05:00 [PHASE5B] -------------------------------------------------------------------------------
2026-08-25T08:17:26.2020013-05:00 [PHASE5B]  Durable Phase 5B checkpoint status
2026-08-25T08:17:26.2030014-05:00 [PHASE5B] -------------------------------------------------------------------------------
2026-08-25T08:17:26.2040024-05:00 [PHASE5B] 
2026-08-25T08:17:26.2050006-05:00 [PHASE5B] [1/10] P5B_VALIDATE
2026-08-25T08:17:26.2060006-05:00 [PHASE5B]       [1.1] SOURCE_CONTRACT              COMPLETED          1 / 1          100.0% batches=1
2026-08-25T08:17:26.2060006-05:00 [PHASE5B]       [1.2] PARENT_CLASSIFICATION        COMPLETED          1 / 1          100.0% batches=1
2026-08-25T08:17:26.2070014-05:00 [PHASE5B]       [1.3] CATALOG_REFERENCES           COMPLETED          1 / 1          100.0% batches=1
2026-08-25T08:17:26.2080028-05:00 [PHASE5B]       [1.4] VERSION_KEYS                 COMPLETED          1 / 1          100.0% batches=1
2026-08-25T08:17:26.2091144-05:00 [PHASE5B] 
2026-08-25T08:17:26.2091144-05:00 [PHASE5B] [2/10] P5B_VARIANTS
2026-08-25T08:17:26.2101133-05:00 [PHASE5B]       [2.1] BASE_PART_COLOR_VARIANTS     COMPLETED  1,551,426 / 1,551,426  100.0% batches=311
2026-08-25T08:17:26.2111146-05:00 [PHASE5B] 
2026-08-25T08:17:26.2121134-05:00 [PHASE5B] [3/10] P5B_DEFINITIONS
2026-08-25T08:17:26.2131142-05:00 [PHASE5B]       [3.1] PARENT_DEFINITIONS           COMPLETED     47,216 / 47,216     100.0% batches=10
2026-08-25T08:17:26.2131142-05:00 [PHASE5B] 
2026-08-25T08:17:26.2141141-05:00 [PHASE5B] [4/10] P5B_VERSIONS
2026-08-25T08:17:26.2151147-05:00 [PHASE5B]       [4.1] SOURCE_VERSIONS              COMPLETED     47,216 / 47,216     100.0% batches=10
2026-08-25T08:17:26.2161138-05:00 [PHASE5B] 
2026-08-25T08:17:26.2171139-05:00 [PHASE5B] [5/10] P5B_SET_MEMBERS
2026-08-25T08:17:26.2171139-05:00 [PHASE5B]       [5.1] PARTS                        COMPLETED  1,551,426 / 1,551,426  100.0% batches=311
2026-08-25T08:17:26.2186176-05:00 [PHASE5B]       [5.2] SETS                         COMPLETED      5,176 / 5,176      100.0% batches=2
2026-08-25T08:17:26.2196224-05:00 [PHASE5B]       [5.3] MINIFIGURES                  COMPLETED     25,738 / 25,738     100.0% batches=6
2026-08-25T08:17:26.2196224-05:00 [PHASE5B] 
2026-08-25T08:17:26.2206258-05:00 [PHASE5B] [6/10] P5B_MINIFIG_MEMBERS
2026-08-25T08:17:26.2216216-05:00 [PHASE5B]       [6.1] PARTS                        COMPLETED  1,551,426 / 1,551,426  100.0% batches=311
2026-08-25T08:17:26.2226224-05:00 [PHASE5B] 
2026-08-25T08:17:26.2236220-05:00 [PHASE5B] [7/10] P5B_MINIFIG_ANCHORS
2026-08-25T08:17:26.2236220-05:00 [PHASE5B]       [7.1] COMPOSITIONS                 PENDING            0 / 47,216       0.0% batches=0
2026-08-25T08:17:26.2246234-05:00 [PHASE5B] 
2026-08-25T08:17:26.2266215-05:00 [PHASE5B] [8/10] P5B_FINALIZE_VERSIONS
2026-08-25T08:17:26.2266215-05:00 [PHASE5B]       [8.1] HASH_AND_FINALIZE            PENDING            0 / 47,216       0.0% batches=0
2026-08-25T08:17:26.2281253-05:00 [PHASE5B] 
2026-08-25T08:17:26.2281253-05:00 [PHASE5B] [9/10] P5B_AUTHORITY
2026-08-25T08:17:26.2291317-05:00 [PHASE5B]       [9.1] LATEST_SOURCE                PENDING            0 / 47,216       0.0% batches=0
2026-08-25T08:17:26.2301300-05:00 [PHASE5B] 
2026-08-25T08:17:26.2311300-05:00 [PHASE5B] [10/10] P5B_COMPLETE
2026-08-25T08:17:26.2311300-05:00 [PHASE5B]       [10.1] VERIFY                       PENDING            0 / 1            0.0% batches=0
2026-08-25T08:17:26.2321292-05:00 [PHASE5B]       [10.2] COMPLETE_RUN                 PENDING            0 / 1            0.0% batches=0
2026-08-25T08:17:26.2331303-05:00 [PHASE5B] 
2026-08-25T08:17:26.2341299-05:00 [PHASE5B] [RUN] [7.1] P5B_MINIFIG_ANCHORS / COMPOSITIONS 0/47,216 (  0.0%) batch=1
2026-08-25T08:17:26.2351301-05:00 [PHASE5B] [OK ] [7.1] COMPOSITIONS: 5,000/47,216 (10.6%) batches=1 elapsed=0.01s
2026-08-25T08:17:26.2361294-05:00 [PHASE5B] [RUN] [7.1] P5B_MINIFIG_ANCHORS / COMPOSITIONS 5,000/47,216 ( 10.6%) batch=2
2026-08-25T08:17:26.2361294-05:00 [PHASE5B] [OK ] [7.1] COMPOSITIONS: 10,000/47,216 (21.2%) batches=2 elapsed=0.01s
2026-08-25T08:17:26.2371306-05:00 [PHASE5B] [RUN] [7.1] P5B_MINIFIG_ANCHORS / COMPOSITIONS 10,000/47,216 ( 21.2%) batch=3
2026-08-25T08:17:26.2381306-05:00 [PHASE5B] [OK ] [7.1] COMPOSITIONS: 15,000/47,216 (31.8%) batches=3 elapsed=0.01s
2026-08-25T08:17:26.2381306-05:00 [PHASE5B] [RUN] [7.1] P5B_MINIFIG_ANCHORS / COMPOSITIONS 15,000/47,216 ( 31.8%) batch=4
2026-08-25T08:17:26.3291980-05:00 [PHASE5B] [OK ] [7.1] COMPOSITIONS: 20,000/47,216 (42.4%) batches=4 elapsed=0.10s
2026-08-25T08:17:26.3302027-05:00 [PHASE5B] [RUN] [7.1] P5B_MINIFIG_ANCHORS / COMPOSITIONS 20,000/47,216 ( 42.4%) batch=5
2026-08-25T08:17:26.4264753-05:00 [PHASE5B] [OK ] [7.1] COMPOSITIONS: 25,000/47,216 (52.9%) batches=5 elapsed=0.10s
2026-08-25T08:17:26.4289924-05:00 [PHASE5B] [RUN] [7.1] P5B_MINIFIG_ANCHORS / COMPOSITIONS 25,000/47,216 ( 52.9%) batch=6
2026-08-25T08:17:26.4794491-05:00 [PHASE5B] [OK ] [7.1] COMPOSITIONS: 30,000/47,216 (63.5%) batches=6 elapsed=0.05s
2026-08-25T08:17:26.4814500-05:00 [PHASE5B] [RUN] [7.1] P5B_MINIFIG_ANCHORS / COMPOSITIONS 30,000/47,216 ( 63.5%) batch=7
2026-08-25T08:17:26.5225458-05:00 [PHASE5B] [OK ] [7.1] COMPOSITIONS: 35,000/47,216 (74.1%) batches=7 elapsed=0.04s
2026-08-25T08:17:26.5235465-05:00 [PHASE5B] [RUN] [7.1] P5B_MINIFIG_ANCHORS / COMPOSITIONS 35,000/47,216 ( 74.1%) batch=8
2026-08-25T08:17:26.5655676-05:00 [PHASE5B] [OK ] [7.1] COMPOSITIONS: 40,000/47,216 (84.7%) batches=8 elapsed=0.04s
2026-08-25T08:17:26.5665677-05:00 [PHASE5B] [RUN] [7.1] P5B_MINIFIG_ANCHORS / COMPOSITIONS 40,000/47,216 ( 84.7%) batch=9
2026-08-25T08:17:26.6528812-05:00 [PHASE5B] [OK ] [7.1] COMPOSITIONS: 45,000/47,216 (95.3%) batches=9 elapsed=0.09s
2026-08-25T08:17:26.6538827-05:00 [PHASE5B] [RUN] [7.1] P5B_MINIFIG_ANCHORS / COMPOSITIONS 45,000/47,216 ( 95.3%) batch=10
2026-08-25T08:17:26.6802702-05:00 [PHASE5B] [OK ] [7.1] COMPOSITIONS: 47,216/47,216 (100.0%) batches=10 elapsed=0.03s
2026-08-25T08:17:26.6812706-05:00 [PHASE5B] 
2026-08-25T08:17:26.6832707-05:00 [PHASE5B] -------------------------------------------------------------------------------
2026-08-25T08:17:26.6832707-05:00 [PHASE5B]  Durable Phase 5B checkpoint status
2026-08-25T08:17:26.6842709-05:00 [PHASE5B] -------------------------------------------------------------------------------
2026-08-25T08:17:26.6852715-05:00 [PHASE5B] 
2026-08-25T08:17:26.6862701-05:00 [PHASE5B] [1/10] P5B_VALIDATE
2026-08-25T08:17:26.6872706-05:00 [PHASE5B]       [1.1] SOURCE_CONTRACT              COMPLETED          1 / 1          100.0% batches=1
2026-08-25T08:17:26.6872706-05:00 [PHASE5B]       [1.2] PARENT_CLASSIFICATION        COMPLETED          1 / 1          100.0% batches=1
2026-08-25T08:17:26.6882716-05:00 [PHASE5B]       [1.3] CATALOG_REFERENCES           COMPLETED          1 / 1          100.0% batches=1
2026-08-25T08:17:26.6893179-05:00 [PHASE5B]       [1.4] VERSION_KEYS                 COMPLETED          1 / 1          100.0% batches=1
2026-08-25T08:17:26.6903240-05:00 [PHASE5B] 
2026-08-25T08:17:26.6903240-05:00 [PHASE5B] [2/10] P5B_VARIANTS
2026-08-25T08:17:26.6913222-05:00 [PHASE5B]       [2.1] BASE_PART_COLOR_VARIANTS     COMPLETED  1,551,426 / 1,551,426  100.0% batches=311
2026-08-25T08:17:26.6923236-05:00 [PHASE5B] 
2026-08-25T08:17:26.6933229-05:00 [PHASE5B] [3/10] P5B_DEFINITIONS
2026-08-25T08:17:26.6933229-05:00 [PHASE5B]       [3.1] PARENT_DEFINITIONS           COMPLETED     47,216 / 47,216     100.0% batches=10
2026-08-25T08:17:26.6943226-05:00 [PHASE5B] 
2026-08-25T08:17:26.6953244-05:00 [PHASE5B] [4/10] P5B_VERSIONS
2026-08-25T08:17:26.6963223-05:00 [PHASE5B]       [4.1] SOURCE_VERSIONS              COMPLETED     47,216 / 47,216     100.0% batches=10
2026-08-25T08:17:26.6973227-05:00 [PHASE5B] 
2026-08-25T08:17:26.6973227-05:00 [PHASE5B] [5/10] P5B_SET_MEMBERS
2026-08-25T08:17:26.6983222-05:00 [PHASE5B]       [5.1] PARTS                        COMPLETED  1,551,426 / 1,551,426  100.0% batches=311
2026-08-25T08:17:26.6995583-05:00 [PHASE5B]       [5.2] SETS                         COMPLETED      5,176 / 5,176      100.0% batches=2
2026-08-25T08:17:26.7005624-05:00 [PHASE5B]       [5.3] MINIFIGURES                  COMPLETED     25,738 / 25,738     100.0% batches=6
2026-08-25T08:17:26.7015600-05:00 [PHASE5B] 
2026-08-25T08:17:26.7025590-05:00 [PHASE5B] [6/10] P5B_MINIFIG_MEMBERS
2026-08-25T08:17:26.7025590-05:00 [PHASE5B]       [6.1] PARTS                        COMPLETED  1,551,426 / 1,551,426  100.0% batches=311
2026-08-25T08:17:26.7035594-05:00 [PHASE5B] 
2026-08-25T08:17:26.7045583-05:00 [PHASE5B] [7/10] P5B_MINIFIG_ANCHORS
2026-08-25T08:17:26.7055597-05:00 [PHASE5B]       [7.1] COMPOSITIONS                 COMPLETED     47,216 / 47,216     100.0% batches=10
2026-08-25T08:17:26.7065601-05:00 [PHASE5B] 
2026-08-25T08:17:26.7065601-05:00 [PHASE5B] [8/10] P5B_FINALIZE_VERSIONS
2026-08-25T08:17:26.7080630-05:00 [PHASE5B]       [8.1] HASH_AND_FINALIZE            PENDING            0 / 47,216       0.0% batches=0
2026-08-25T08:17:26.7080630-05:00 [PHASE5B] 
2026-08-25T08:17:26.7090678-05:00 [PHASE5B] [9/10] P5B_AUTHORITY
2026-08-25T08:17:26.7100699-05:00 [PHASE5B]       [9.1] LATEST_SOURCE                PENDING            0 / 47,216       0.0% batches=0
2026-08-25T08:17:26.7110668-05:00 [PHASE5B] 
2026-08-25T08:17:26.7120689-05:00 [PHASE5B] [10/10] P5B_COMPLETE
2026-08-25T08:17:26.7130682-05:00 [PHASE5B]       [10.1] VERIFY                       PENDING            0 / 1            0.0% batches=0
2026-08-25T08:17:26.7140678-05:00 [PHASE5B]       [10.2] COMPLETE_RUN                 PENDING            0 / 1            0.0% batches=0
2026-08-25T08:17:26.7140678-05:00 [PHASE5B] 
2026-08-25T08:17:26.7150689-05:00 [PHASE5B] [RUN] [8.1] P5B_FINALIZE_VERSIONS / HASH_AND_FINALIZE 0/47,216 (  0.0%) batch=1
2026-08-25T08:17:30.7253806-05:00 [PHASE5B] [OK ] [8.1] HASH_AND_FINALIZE: 5,000/47,216 (10.6%) batches=1 elapsed=4.04s
2026-08-25T08:17:30.7263805-05:00 [PHASE5B] [RUN] [8.1] P5B_FINALIZE_VERSIONS / HASH_AND_FINALIZE 5,000/47,216 ( 10.6%) batch=2
2026-08-25T08:17:34.9102135-05:00 [PHASE5B] [OK ] [8.1] HASH_AND_FINALIZE: 10,000/47,216 (21.2%) batches=2 elapsed=4.19s
2026-08-25T08:17:34.9122124-05:00 [PHASE5B] [RUN] [8.1] P5B_FINALIZE_VERSIONS / HASH_AND_FINALIZE 10,000/47,216 ( 21.2%) batch=3
2026-08-25T08:17:40.3722211-05:00 [PHASE5B] [OK ] [8.1] HASH_AND_FINALIZE: 15,000/47,216 (31.8%) batches=3 elapsed=5.46s
2026-08-25T08:17:40.3732211-05:00 [PHASE5B] [RUN] [8.1] P5B_FINALIZE_VERSIONS / HASH_AND_FINALIZE 15,000/47,216 ( 31.8%) batch=4
2026-08-25T08:17:44.1730936-05:00 [PHASE5B] [OK ] [8.1] HASH_AND_FINALIZE: 20,000/47,216 (42.4%) batches=4 elapsed=3.80s
2026-08-25T08:17:44.1750931-05:00 [PHASE5B] [RUN] [8.1] P5B_FINALIZE_VERSIONS / HASH_AND_FINALIZE 20,000/47,216 ( 42.4%) batch=5
2026-08-25T08:17:47.7929620-05:00 [PHASE5B] [OK ] [8.1] HASH_AND_FINALIZE: 25,000/47,216 (52.9%) batches=5 elapsed=3.62s
2026-08-25T08:17:47.7949628-05:00 [PHASE5B] [RUN] [8.1] P5B_FINALIZE_VERSIONS / HASH_AND_FINALIZE 25,000/47,216 ( 52.9%) batch=6
2026-08-25T08:17:51.2539093-05:00 [PHASE5B] [OK ] [8.1] HASH_AND_FINALIZE: 30,000/47,216 (63.5%) batches=6 elapsed=3.46s
2026-08-25T08:17:51.2559104-05:00 [PHASE5B] [RUN] [8.1] P5B_FINALIZE_VERSIONS / HASH_AND_FINALIZE 30,000/47,216 ( 63.5%) batch=7
2026-08-25T08:17:55.5368985-05:00 [PHASE5B] [OK ] [8.1] HASH_AND_FINALIZE: 35,000/47,216 (74.1%) batches=7 elapsed=4.28s
2026-08-25T08:17:55.5378971-05:00 [PHASE5B] [RUN] [8.1] P5B_FINALIZE_VERSIONS / HASH_AND_FINALIZE 35,000/47,216 ( 74.1%) batch=8
2026-08-25T08:18:00.0360285-05:00 [PHASE5B] [OK ] [8.1] HASH_AND_FINALIZE: 40,000/47,216 (84.7%) batches=8 elapsed=4.50s
2026-08-25T08:18:00.0370289-05:00 [PHASE5B] [RUN] [8.1] P5B_FINALIZE_VERSIONS / HASH_AND_FINALIZE 40,000/47,216 ( 84.7%) batch=9
2026-08-25T08:18:04.2414911-05:00 [PHASE5B] [OK ] [8.1] HASH_AND_FINALIZE: 45,000/47,216 (95.3%) batches=9 elapsed=4.21s
2026-08-25T08:18:04.2434886-05:00 [PHASE5B] [RUN] [8.1] P5B_FINALIZE_VERSIONS / HASH_AND_FINALIZE 45,000/47,216 ( 95.3%) batch=10
2026-08-25T08:18:04.9463314-05:00 [PHASE5B] [OK ] [8.1] HASH_AND_FINALIZE: 47,216/47,216 (100.0%) batches=10 elapsed=0.70s
2026-08-25T08:18:04.9463314-05:00 [PHASE5B] 
2026-08-25T08:18:04.9478352-05:00 [PHASE5B] -------------------------------------------------------------------------------
2026-08-25T08:18:04.9488395-05:00 [PHASE5B]  Durable Phase 5B checkpoint status
2026-08-25T08:18:04.9498387-05:00 [PHASE5B] -------------------------------------------------------------------------------
2026-08-25T08:18:04.9508408-05:00 [PHASE5B] 
2026-08-25T08:18:04.9518390-05:00 [PHASE5B] [1/10] P5B_VALIDATE
2026-08-25T08:18:04.9518390-05:00 [PHASE5B]       [1.1] SOURCE_CONTRACT              COMPLETED          1 / 1          100.0% batches=1
2026-08-25T08:18:04.9528398-05:00 [PHASE5B]       [1.2] PARENT_CLASSIFICATION        COMPLETED          1 / 1          100.0% batches=1
2026-08-25T08:18:04.9538402-05:00 [PHASE5B]       [1.3] CATALOG_REFERENCES           COMPLETED          1 / 1          100.0% batches=1
2026-08-25T08:18:04.9548388-05:00 [PHASE5B]       [1.4] VERSION_KEYS                 COMPLETED          1 / 1          100.0% batches=1
2026-08-25T08:18:04.9548388-05:00 [PHASE5B] 
2026-08-25T08:18:04.9558415-05:00 [PHASE5B] [2/10] P5B_VARIANTS
2026-08-25T08:18:04.9568390-05:00 [PHASE5B]       [2.1] BASE_PART_COLOR_VARIANTS     COMPLETED  1,551,426 / 1,551,426  100.0% batches=311
2026-08-25T08:18:04.9578390-05:00 [PHASE5B] 
2026-08-25T08:18:04.9578390-05:00 [PHASE5B] [3/10] P5B_DEFINITIONS
2026-08-25T08:18:04.9588918-05:00 [PHASE5B]       [3.1] PARENT_DEFINITIONS           COMPLETED     47,216 / 47,216     100.0% batches=10
2026-08-25T08:18:04.9598924-05:00 [PHASE5B] 
2026-08-25T08:18:04.9608914-05:00 [PHASE5B] [4/10] P5B_VERSIONS
2026-08-25T08:18:04.9608914-05:00 [PHASE5B]       [4.1] SOURCE_VERSIONS              COMPLETED     47,216 / 47,216     100.0% batches=10
2026-08-25T08:18:04.9618948-05:00 [PHASE5B] 
2026-08-25T08:18:04.9628918-05:00 [PHASE5B] [5/10] P5B_SET_MEMBERS
2026-08-25T08:18:04.9638915-05:00 [PHASE5B]       [5.1] PARTS                        COMPLETED  1,551,426 / 1,551,426  100.0% batches=311
2026-08-25T08:18:04.9638915-05:00 [PHASE5B]       [5.2] SETS                         COMPLETED      5,176 / 5,176      100.0% batches=2
2026-08-25T08:18:04.9648939-05:00 [PHASE5B]       [5.3] MINIFIGURES                  COMPLETED     25,738 / 25,738     100.0% batches=6
2026-08-25T08:18:04.9658932-05:00 [PHASE5B] 
2026-08-25T08:18:04.9668919-05:00 [PHASE5B] [6/10] P5B_MINIFIG_MEMBERS
2026-08-25T08:18:04.9668919-05:00 [PHASE5B]       [6.1] PARTS                        COMPLETED  1,551,426 / 1,551,426  100.0% batches=311
2026-08-25T08:18:04.9678923-05:00 [PHASE5B] 
2026-08-25T08:18:04.9691420-05:00 [PHASE5B] [7/10] P5B_MINIFIG_ANCHORS
2026-08-25T08:18:04.9691420-05:00 [PHASE5B]       [7.1] COMPOSITIONS                 COMPLETED     47,216 / 47,216     100.0% batches=10
2026-08-25T08:18:04.9701407-05:00 [PHASE5B] 
2026-08-25T08:18:04.9711414-05:00 [PHASE5B] [8/10] P5B_FINALIZE_VERSIONS
2026-08-25T08:18:04.9721410-05:00 [PHASE5B]       [8.1] HASH_AND_FINALIZE            COMPLETED     47,216 / 47,216     100.0% batches=10
2026-08-25T08:18:04.9721410-05:00 [PHASE5B] 
2026-08-25T08:18:04.9736440-05:00 [PHASE5B] [9/10] P5B_AUTHORITY
2026-08-25T08:18:04.9736440-05:00 [PHASE5B]       [9.1] LATEST_SOURCE                PENDING            0 / 47,216       0.0% batches=0
2026-08-25T08:18:04.9746475-05:00 [PHASE5B] 
2026-08-25T08:18:04.9756476-05:00 [PHASE5B] [10/10] P5B_COMPLETE
2026-08-25T08:18:04.9766470-05:00 [PHASE5B]       [10.1] VERIFY                       PENDING            0 / 1            0.0% batches=0
2026-08-25T08:18:04.9776483-05:00 [PHASE5B]       [10.2] COMPLETE_RUN                 PENDING            0 / 1            0.0% batches=0
2026-08-25T08:18:04.9776483-05:00 [PHASE5B] 
2026-08-25T08:18:04.9789459-05:00 [PHASE5B] [RUN] [9.1] P5B_AUTHORITY / LATEST_SOURCE 0/47,216 (  0.0%) batch=1
2026-08-25T08:18:05.5314474-05:00 [PHASE5B] [OK ] [9.1] LATEST_SOURCE: 5,000/47,216 (10.6%) batches=1 elapsed=0.59s
2026-08-25T08:18:05.5334474-05:00 [PHASE5B] [RUN] [9.1] P5B_AUTHORITY / LATEST_SOURCE 5,000/47,216 ( 10.6%) batch=2
2026-08-25T08:18:06.0950913-05:00 [PHASE5B] [OK ] [9.1] LATEST_SOURCE: 10,000/47,216 (21.2%) batches=2 elapsed=0.56s
2026-08-25T08:18:06.0970919-05:00 [PHASE5B] [RUN] [9.1] P5B_AUTHORITY / LATEST_SOURCE 10,000/47,216 ( 21.2%) batch=3
2026-08-25T08:18:06.7644023-05:00 [PHASE5B] [OK ] [9.1] LATEST_SOURCE: 15,000/47,216 (31.8%) batches=3 elapsed=0.67s
2026-08-25T08:18:06.7654024-05:00 [PHASE5B] [RUN] [9.1] P5B_AUTHORITY / LATEST_SOURCE 15,000/47,216 ( 31.8%) batch=4
2026-08-25T08:18:07.2297783-05:00 [PHASE5B] [OK ] [9.1] LATEST_SOURCE: 20,000/47,216 (42.4%) batches=4 elapsed=0.47s
2026-08-25T08:18:07.2307782-05:00 [PHASE5B] [RUN] [9.1] P5B_AUTHORITY / LATEST_SOURCE 20,000/47,216 ( 42.4%) batch=5
2026-08-25T08:18:07.7810760-05:00 [PHASE5B] [OK ] [9.1] LATEST_SOURCE: 25,000/47,216 (52.9%) batches=5 elapsed=0.55s
2026-08-25T08:18:07.7820768-05:00 [PHASE5B] [RUN] [9.1] P5B_AUTHORITY / LATEST_SOURCE 25,000/47,216 ( 52.9%) batch=6
2026-08-25T08:18:08.0907702-05:00 [PHASE5B] [OK ] [9.1] LATEST_SOURCE: 30,000/47,216 (63.5%) batches=6 elapsed=0.31s
2026-08-25T08:18:08.0917735-05:00 [PHASE5B] [RUN] [9.1] P5B_AUTHORITY / LATEST_SOURCE 30,000/47,216 ( 63.5%) batch=7
2026-08-25T08:18:08.5100831-05:00 [PHASE5B] [OK ] [9.1] LATEST_SOURCE: 35,000/47,216 (74.1%) batches=7 elapsed=0.42s
2026-08-25T08:18:08.5120846-05:00 [PHASE5B] [RUN] [9.1] P5B_AUTHORITY / LATEST_SOURCE 35,000/47,216 ( 74.1%) batch=8
2026-08-25T08:18:08.7050067-05:00 [PHASE5B] [OK ] [9.1] LATEST_SOURCE: 40,000/47,216 (84.7%) batches=8 elapsed=0.19s
2026-08-25T08:18:08.7060060-05:00 [PHASE5B] [RUN] [9.1] P5B_AUTHORITY / LATEST_SOURCE 40,000/47,216 ( 84.7%) batch=9
2026-08-25T08:18:08.8257034-05:00 [PHASE5B] [OK ] [9.1] LATEST_SOURCE: 45,000/47,216 (95.3%) batches=9 elapsed=0.12s
2026-08-25T08:18:08.8277024-05:00 [PHASE5B] [RUN] [9.1] P5B_AUTHORITY / LATEST_SOURCE 45,000/47,216 ( 95.3%) batch=10
2026-08-25T08:18:08.8956863-05:00 [PHASE5B] [OK ] [9.1] LATEST_SOURCE: 47,216/47,216 (100.0%) batches=10 elapsed=0.07s
2026-08-25T08:18:08.8966884-05:00 [PHASE5B] 
2026-08-25T08:18:08.8976864-05:00 [PHASE5B] -------------------------------------------------------------------------------
2026-08-25T08:18:08.8988011-05:00 [PHASE5B]  Durable Phase 5B checkpoint status
2026-08-25T08:18:08.8998010-05:00 [PHASE5B] -------------------------------------------------------------------------------
2026-08-25T08:18:08.9008018-05:00 [PHASE5B] 
2026-08-25T08:18:08.9018008-05:00 [PHASE5B] [1/10] P5B_VALIDATE
2026-08-25T08:18:08.9018008-05:00 [PHASE5B]       [1.1] SOURCE_CONTRACT              COMPLETED          1 / 1          100.0% batches=1
2026-08-25T08:18:08.9028020-05:00 [PHASE5B]       [1.2] PARENT_CLASSIFICATION        COMPLETED          1 / 1          100.0% batches=1
2026-08-25T08:18:08.9038007-05:00 [PHASE5B]       [1.3] CATALOG_REFERENCES           COMPLETED          1 / 1          100.0% batches=1
2026-08-25T08:18:08.9048017-05:00 [PHASE5B]       [1.4] VERSION_KEYS                 COMPLETED          1 / 1          100.0% batches=1
2026-08-25T08:18:08.9058017-05:00 [PHASE5B] 
2026-08-25T08:18:08.9058017-05:00 [PHASE5B] [2/10] P5B_VARIANTS
2026-08-25T08:18:08.9068023-05:00 [PHASE5B]       [2.1] BASE_PART_COLOR_VARIANTS     COMPLETED  1,551,426 / 1,551,426  100.0% batches=311
2026-08-25T08:18:08.9078017-05:00 [PHASE5B] 
2026-08-25T08:18:08.9089294-05:00 [PHASE5B] [3/10] P5B_DEFINITIONS
2026-08-25T08:18:08.9089294-05:00 [PHASE5B]       [3.1] PARENT_DEFINITIONS           COMPLETED     47,216 / 47,216     100.0% batches=10
2026-08-25T08:18:08.9099300-05:00 [PHASE5B] 
2026-08-25T08:18:08.9109291-05:00 [PHASE5B] [4/10] P5B_VERSIONS
2026-08-25T08:18:08.9119305-05:00 [PHASE5B]       [4.1] SOURCE_VERSIONS              COMPLETED     47,216 / 47,216     100.0% batches=10
2026-08-25T08:18:08.9119305-05:00 [PHASE5B] 
2026-08-25T08:18:08.9129290-05:00 [PHASE5B] [5/10] P5B_SET_MEMBERS
2026-08-25T08:18:08.9139293-05:00 [PHASE5B]       [5.1] PARTS                        COMPLETED  1,551,426 / 1,551,426  100.0% batches=311
2026-08-25T08:18:08.9149294-05:00 [PHASE5B]       [5.2] SETS                         COMPLETED      5,176 / 5,176      100.0% batches=2
2026-08-25T08:18:08.9159287-05:00 [PHASE5B]       [5.3] MINIFIGURES                  COMPLETED     25,738 / 25,738     100.0% batches=6
2026-08-25T08:18:08.9159287-05:00 [PHASE5B] 
2026-08-25T08:18:08.9169293-05:00 [PHASE5B] [6/10] P5B_MINIFIG_MEMBERS
2026-08-25T08:18:08.9179295-05:00 [PHASE5B]       [6.1] PARTS                        COMPLETED  1,551,426 / 1,551,426  100.0% batches=311
2026-08-25T08:18:08.9190364-05:00 [PHASE5B] 
2026-08-25T08:18:08.9200372-05:00 [PHASE5B] [7/10] P5B_MINIFIG_ANCHORS
2026-08-25T08:18:08.9200372-05:00 [PHASE5B]       [7.1] COMPOSITIONS                 COMPLETED     47,216 / 47,216     100.0% batches=10
2026-08-25T08:18:08.9210367-05:00 [PHASE5B] 
2026-08-25T08:18:08.9220393-05:00 [PHASE5B] [8/10] P5B_FINALIZE_VERSIONS
2026-08-25T08:18:08.9230382-05:00 [PHASE5B]       [8.1] HASH_AND_FINALIZE            COMPLETED     47,216 / 47,216     100.0% batches=10
2026-08-25T08:18:08.9240380-05:00 [PHASE5B] 
2026-08-25T08:18:08.9240380-05:00 [PHASE5B] [9/10] P5B_AUTHORITY
2026-08-25T08:18:08.9250379-05:00 [PHASE5B]       [9.1] LATEST_SOURCE                COMPLETED     47,216 / 47,216     100.0% batches=10
2026-08-25T08:18:08.9260362-05:00 [PHASE5B] 
2026-08-25T08:18:08.9270372-05:00 [PHASE5B] [10/10] P5B_COMPLETE
2026-08-25T08:18:08.9280384-05:00 [PHASE5B]       [10.1] VERIFY                       PENDING            0 / 1            0.0% batches=0
2026-08-25T08:18:08.9280384-05:00 [PHASE5B]       [10.2] COMPLETE_RUN                 PENDING            0 / 1            0.0% batches=0
2026-08-25T08:18:08.9295292-05:00 [PHASE5B] 
2026-08-25T08:18:08.9305279-05:00 [PHASE5B] [RUN] [10.1] P5B_COMPLETE / VERIFY 0/1 (  0.0%) batch=1
2026-08-25T08:18:09.2359965-05:00 [PHASE5B] [OK ] [10.1] VERIFY: 1/1 (100.0%) batches=1 elapsed=0.34s
2026-08-25T08:18:09.2369969-05:00 [PHASE5B] 
2026-08-25T08:18:09.2379953-05:00 [PHASE5B] -------------------------------------------------------------------------------
2026-08-25T08:18:09.2391268-05:00 [PHASE5B]  Durable Phase 5B checkpoint status
2026-08-25T08:18:09.2401270-05:00 [PHASE5B] -------------------------------------------------------------------------------
2026-08-25T08:18:09.2411255-05:00 [PHASE5B] 
2026-08-25T08:18:09.2421297-05:00 [PHASE5B] [1/10] P5B_VALIDATE
2026-08-25T08:18:09.2431270-05:00 [PHASE5B]       [1.1] SOURCE_CONTRACT              COMPLETED          1 / 1          100.0% batches=1
2026-08-25T08:18:09.2431270-05:00 [PHASE5B]       [1.2] PARENT_CLASSIFICATION        COMPLETED          1 / 1          100.0% batches=1
2026-08-25T08:18:09.2441255-05:00 [PHASE5B]       [1.3] CATALOG_REFERENCES           COMPLETED          1 / 1          100.0% batches=1
2026-08-25T08:18:09.2451267-05:00 [PHASE5B]       [1.4] VERSION_KEYS                 COMPLETED          1 / 1          100.0% batches=1
2026-08-25T08:18:09.2461254-05:00 [PHASE5B] 
2026-08-25T08:18:09.2461254-05:00 [PHASE5B] [2/10] P5B_VARIANTS
2026-08-25T08:18:09.2461254-05:00 [PHASE5B]       [2.1] BASE_PART_COLOR_VARIANTS     COMPLETED  1,551,426 / 1,551,426  100.0% batches=311
2026-08-25T08:18:09.2476283-05:00 [PHASE5B] 
2026-08-25T08:18:09.2486338-05:00 [PHASE5B] [3/10] P5B_DEFINITIONS
2026-08-25T08:18:09.2496332-05:00 [PHASE5B]       [3.1] PARENT_DEFINITIONS           COMPLETED     47,216 / 47,216     100.0% batches=10
2026-08-25T08:18:09.2506319-05:00 [PHASE5B] 
2026-08-25T08:18:09.2506319-05:00 [PHASE5B] [4/10] P5B_VERSIONS
2026-08-25T08:18:09.2516315-05:00 [PHASE5B]       [4.1] SOURCE_VERSIONS              COMPLETED     47,216 / 47,216     100.0% batches=10
2026-08-25T08:18:09.2526316-05:00 [PHASE5B] 
2026-08-25T08:18:09.2536317-05:00 [PHASE5B] [5/10] P5B_SET_MEMBERS
2026-08-25T08:18:09.2536317-05:00 [PHASE5B]       [5.1] PARTS                        COMPLETED  1,551,426 / 1,551,426  100.0% batches=311
2026-08-25T08:18:09.2546324-05:00 [PHASE5B]       [5.2] SETS                         COMPLETED      5,176 / 5,176      100.0% batches=2
2026-08-25T08:18:09.2556316-05:00 [PHASE5B]       [5.3] MINIFIGURES                  COMPLETED     25,738 / 25,738     100.0% batches=6
2026-08-25T08:18:09.2566319-05:00 [PHASE5B] 
2026-08-25T08:18:09.2576317-05:00 [PHASE5B] [6/10] P5B_MINIFIG_MEMBERS
2026-08-25T08:18:09.2576317-05:00 [PHASE5B]       [6.1] PARTS                        COMPLETED  1,551,426 / 1,551,426  100.0% batches=311
2026-08-25T08:18:09.2587259-05:00 [PHASE5B] 
2026-08-25T08:18:09.2597261-05:00 [PHASE5B] [7/10] P5B_MINIFIG_ANCHORS
2026-08-25T08:18:09.2597261-05:00 [PHASE5B]       [7.1] COMPOSITIONS                 COMPLETED     47,216 / 47,216     100.0% batches=10
2026-08-25T08:18:09.2607263-05:00 [PHASE5B] 
2026-08-25T08:18:09.2617262-05:00 [PHASE5B] [8/10] P5B_FINALIZE_VERSIONS
2026-08-25T08:18:09.2627285-05:00 [PHASE5B]       [8.1] HASH_AND_FINALIZE            COMPLETED     47,216 / 47,216     100.0% batches=10
2026-08-25T08:18:09.2637276-05:00 [PHASE5B] 
2026-08-25T08:18:09.2637276-05:00 [PHASE5B] [9/10] P5B_AUTHORITY
2026-08-25T08:18:09.2647263-05:00 [PHASE5B]       [9.1] LATEST_SOURCE                COMPLETED     47,216 / 47,216     100.0% batches=10
2026-08-25T08:18:09.2657260-05:00 [PHASE5B] 
2026-08-25T08:18:09.2667288-05:00 [PHASE5B] [10/10] P5B_COMPLETE
2026-08-25T08:18:09.2677279-05:00 [PHASE5B]       [10.1] VERIFY                       COMPLETED          1 / 1          100.0% batches=1
2026-08-25T08:18:09.2689584-05:00 [PHASE5B]       [10.2] COMPLETE_RUN                 PENDING            0 / 1            0.0% batches=0
2026-08-25T08:18:09.2689584-05:00 [PHASE5B] 
2026-08-25T08:18:09.2699568-05:00 [PHASE5B] [RUN] [10.2] P5B_COMPLETE / COMPLETE_RUN 0/1 (  0.0%) batch=1
2026-08-25T08:18:09.3134936-05:00 [PHASE5B] [OK ] [10.2] COMPLETE_RUN: 1/1 (100.0%) batches=1 elapsed=0.08s
2026-08-25T08:18:09.3144916-05:00 [PHASE5B] 
2026-08-25T08:18:09.3154920-05:00 [PHASE5B] -------------------------------------------------------------------------------
2026-08-25T08:18:09.3164930-05:00 [PHASE5B]  Durable Phase 5B checkpoint status
2026-08-25T08:18:09.3164930-05:00 [PHASE5B] -------------------------------------------------------------------------------
2026-08-25T08:18:09.3179967-05:00 [PHASE5B] 
2026-08-25T08:18:09.3190018-05:00 [PHASE5B] [1/10] P5B_VALIDATE
2026-08-25T08:18:09.3200037-05:00 [PHASE5B]       [1.1] SOURCE_CONTRACT              COMPLETED          1 / 1          100.0% batches=1
2026-08-25T08:18:09.3210020-05:00 [PHASE5B]       [1.2] PARENT_CLASSIFICATION        COMPLETED          1 / 1          100.0% batches=1
2026-08-25T08:18:09.3210020-05:00 [PHASE5B]       [1.3] CATALOG_REFERENCES           COMPLETED          1 / 1          100.0% batches=1
2026-08-25T08:18:09.3220007-05:00 [PHASE5B]       [1.4] VERSION_KEYS                 COMPLETED          1 / 1          100.0% batches=1
2026-08-25T08:18:09.3230036-05:00 [PHASE5B] 
2026-08-25T08:18:09.3240005-05:00 [PHASE5B] [2/10] P5B_VARIANTS
2026-08-25T08:18:09.3250021-05:00 [PHASE5B]       [2.1] BASE_PART_COLOR_VARIANTS     COMPLETED  1,551,426 / 1,551,426  100.0% batches=311
2026-08-25T08:18:09.3260020-05:00 [PHASE5B] 
2026-08-25T08:18:09.3260020-05:00 [PHASE5B] [3/10] P5B_DEFINITIONS
2026-08-25T08:18:09.3270019-05:00 [PHASE5B]       [3.1] PARENT_DEFINITIONS           COMPLETED     47,216 / 47,216     100.0% batches=10
2026-08-25T08:18:09.3280007-05:00 [PHASE5B] 
2026-08-25T08:18:09.3290724-05:00 [PHASE5B] [4/10] P5B_VERSIONS
2026-08-25T08:18:09.3300713-05:00 [PHASE5B]       [4.1] SOURCE_VERSIONS              COMPLETED     47,216 / 47,216     100.0% batches=10
2026-08-25T08:18:09.3300713-05:00 [PHASE5B] 
2026-08-25T08:18:09.3310709-05:00 [PHASE5B] [5/10] P5B_SET_MEMBERS
2026-08-25T08:18:09.3320723-05:00 [PHASE5B]       [5.1] PARTS                        COMPLETED  1,551,426 / 1,551,426  100.0% batches=311
2026-08-25T08:18:09.3330711-05:00 [PHASE5B]       [5.2] SETS                         COMPLETED      5,176 / 5,176      100.0% batches=2
2026-08-25T08:18:09.3340721-05:00 [PHASE5B]       [5.3] MINIFIGURES                  COMPLETED     25,738 / 25,738     100.0% batches=6
2026-08-25T08:18:09.3340721-05:00 [PHASE5B] 
2026-08-25T08:18:09.3350727-05:00 [PHASE5B] [6/10] P5B_MINIFIG_MEMBERS
2026-08-25T08:18:09.3360734-05:00 [PHASE5B]       [6.1] PARTS                        COMPLETED  1,551,426 / 1,551,426  100.0% batches=311
2026-08-25T08:18:09.3370714-05:00 [PHASE5B] 
2026-08-25T08:18:09.3380708-05:00 [PHASE5B] [7/10] P5B_MINIFIG_ANCHORS
2026-08-25T08:18:09.3385738-05:00 [PHASE5B]       [7.1] COMPOSITIONS                 COMPLETED     47,216 / 47,216     100.0% batches=10
2026-08-25T08:18:09.3395779-05:00 [PHASE5B] 
2026-08-25T08:18:09.3405817-05:00 [PHASE5B] [8/10] P5B_FINALIZE_VERSIONS
2026-08-25T08:18:09.3405817-05:00 [PHASE5B]       [8.1] HASH_AND_FINALIZE            COMPLETED     47,216 / 47,216     100.0% batches=10
2026-08-25T08:18:09.3415823-05:00 [PHASE5B] 
2026-08-25T08:18:09.3425822-05:00 [PHASE5B] [9/10] P5B_AUTHORITY
2026-08-25T08:18:09.3435816-05:00 [PHASE5B]       [9.1] LATEST_SOURCE                COMPLETED     47,216 / 47,216     100.0% batches=10
2026-08-25T08:18:09.3445815-05:00 [PHASE5B] 
2026-08-25T08:18:09.3455815-05:00 [PHASE5B] [10/10] P5B_COMPLETE
2026-08-25T08:18:09.3465813-05:00 [PHASE5B]       [10.1] VERIFY                       COMPLETED          1 / 1          100.0% batches=1
2026-08-25T08:18:09.3465813-05:00 [PHASE5B]       [10.2] COMPLETE_RUN                 COMPLETED          1 / 1          100.0% batches=1
2026-08-25T08:18:09.3475832-05:00 [PHASE5B] 
2026-08-25T08:18:09.3488668-05:00 [PHASE5B] ==============================================================================
2026-08-25T08:18:09.3498716-05:00 [PHASE5B]  [PASS] Rebrickable Phase 5B checkpointed reconciliation completed
2026-08-25T08:18:09.3508706-05:00 [PHASE5B]  [INFO] Source run: 01a038f2-7263-744e-89be-60c2becc1291
2026-08-25T08:18:09.3916352-05:00 [PHASE5B]  [INFO] Elapsed seconds: 1954.05
2026-08-25T08:18:09.3926258-05:00 [PHASE5B] ==============================================================================
2026-08-25T08:18:09.3936269-05:00 [INFO] PHASE5B process exit code=0
2026-08-25T08:18:09.3946278-05:00 [PASS] PHASE5B completed
2026-08-25T08:18:09.4679228-05:00 [PASS] Lifecycle finalized source_run_id=01a038f2-7263-744e-89be-60c2becc1291
2026-08-25T08:18:09.5400870-05:00 [INFO] START PHASE6A: import_rebrickable_phase6a_relationships.py --archive L:\var\www\Brk.Trkr\brk.trkr-db\import\runtime\snapshots\nightly_20260825_070552\part_relationships.csv.gz
2026-08-25T08:18:11.4805695-05:00 [PHASE6A] ==============================================================================
2026-08-25T08:18:11.4815699-05:00 [PHASE6A]  BrickTrackr Rebrickable Import - Phase 6A v1.0.0
2026-08-25T08:18:11.4825703-05:00 [PHASE6A] ==============================================================================
2026-08-25T08:18:11.4835708-05:00 [PHASE6A] [INFO] archive: L:\var\www\Brk.Trkr\brk.trkr-db\import\runtime\snapshots\nightly_20260825_070552\part_relationships.csv.gz
2026-08-25T08:18:11.4845702-05:00 [PHASE6A] [PASS] source rows: 37,210
2026-08-25T08:18:11.4855703-05:00 [PHASE6A] [INFO] sha256: e0b73872cdc5fa1f6e5a54efeed7fb2850be3d58cded02a17e4665b9600a61da
2026-08-25T08:18:11.4865699-05:00 [PHASE6A] [INFO] relationship counts: A=1,179, B=1,557, M=1,160, P=29,866, R=2,987, T=461
2026-08-25T08:18:11.4875712-05:00 [PHASE6A] [INFO] self links preserved as source evidence: 1
2026-08-25T08:18:11.4875712-05:00 [PHASE6A] [PASS] importer database contract verified
2026-08-25T08:18:11.4886361-05:00 [PHASE6A] [INFO] source run: 01a03912-359c-7d0f-be70-7e4aacda0278
2026-08-25T08:18:11.4896365-05:00 [PHASE6A] 
2026-08-25T08:18:11.4906358-05:00 [PHASE6A] ==============================================================================
2026-08-25T08:18:11.4916356-05:00 [PHASE6A]  [PASS] Rebrickable Phase 6A staged successfully
2026-08-25T08:18:11.4926362-05:00 [PHASE6A] ==============================================================================
2026-08-25T08:18:11.4926362-05:00 [PHASE6A] [INFO] Source run: 01a03912-359c-7d0f-be70-7e4aacda0278
2026-08-25T08:18:11.4936360-05:00 [PHASE6A] [INFO] Rows staged: 37,210
2026-08-25T08:18:11.4946360-05:00 [PHASE6A] [INFO] Run status: VALIDATING
2026-08-25T08:18:11.4956368-05:00 [PHASE6A] [INFO] Canonical DML: NO
2026-08-25T08:18:11.4956368-05:00 [PHASE6A] [INFO] Next: Phase 6B relationship semantic reconciliation
2026-08-25T08:18:11.5050494-05:00 [INFO] PHASE6A process exit code=0
2026-08-25T08:18:11.5060472-05:00 [PASS] PHASE6A completed
2026-08-25T08:18:11.5637802-05:00 [INFO] PHASE6A source_run_id=01a03912-359c-7d0f-be70-7e4aacda0278
2026-08-25T08:18:11.6057846-05:00 [INFO] START PHASE6B: reconcile_rebrickable_phase6b_relationships.py --source-run-id 01a03912-359c-7d0f-be70-7e4aacda0278
2026-08-25T08:21:04.4616999-05:00 [PHASE6B] ==============================================================================
2026-08-25T08:21:04.4636997-05:00 [PHASE6B]  BrickTrackr Rebrickable Phase 6B - semantic relationship reconcile
2026-08-25T08:21:04.4646977-05:00 [PHASE6B] ==============================================================================
2026-08-25T08:21:04.4646977-05:00 [PHASE6B] [INFO] Source run: 01a03912-359c-7d0f-be70-7e4aacda0278
2026-08-25T08:21:04.4656990-05:00 [PHASE6B] [INFO] Exact canonical mapping: A -> ALTERNATE
2026-08-25T08:21:04.4672043-05:00 [PHASE6B] [INFO] B/M/P/R/T: preserved as source provenance; not collapsed to RELATED
2026-08-25T08:21:04.4672043-05:00 [PHASE6B] [INFO] Staged rows:               37,210
2026-08-25T08:21:04.4682079-05:00 [PHASE6B] [INFO] Provenance upserts:        37,210
2026-08-25T08:21:04.4692071-05:00 [PHASE6B] [INFO] Canonically mapped:        1,179
2026-08-25T08:21:04.4702070-05:00 [PHASE6B] [INFO] Source-valid unmapped:     36,030
2026-08-25T08:21:04.4712061-05:00 [PHASE6B] [INFO] Quarantined:               1
2026-08-25T08:21:04.4722063-05:00 [PHASE6B] [INFO] Canonical ALTERNATE links: 1,179
2026-08-25T08:21:04.4732062-05:00 [PHASE6B] [INFO] SOURCE_MISSING rows:       0
2026-08-25T08:21:04.4732062-05:00 [PHASE6B] [INFO] Elapsed seconds:           172.71
2026-08-25T08:21:04.4742066-05:00 [PHASE6B] 
2026-08-25T08:21:04.4752061-05:00 [PHASE6B] ==============================================================================
2026-08-25T08:21:04.4767108-05:00 [PHASE6B]  [PASS] Rebrickable Phase 6B semantic reconciliation completed
2026-08-25T08:21:04.4777149-05:00 [PHASE6B] ==============================================================================
2026-08-25T08:21:04.4888265-05:00 [INFO] PHASE6B process exit code=0
2026-08-25T08:21:04.4898249-05:00 [PASS] PHASE6B completed
2026-08-25T08:21:04.5354769-05:00 [PASS] Lifecycle finalized source_run_id=01a03912-359c-7d0f-be70-7e4aacda0278
2026-08-25T08:21:04.5389850-05:00 [PASS] Rebrickable full refresh completed in 01:15:08
2026-08-25T08:21:04.6469444-05:00 [PASS] Latest Rebrickable source run is COMPLETED.
2026-08-25T08:21:04.6474480-05:00 [PASS] No non-terminal Rebrickable runs remain.
2026-08-25T08:21:04.6634590-05:00 [PASS] Nightly Rebrickable refresh completed in 01:15:12.
