2026-08-25T06:08:50.1197179-05:00 [INFO] BrickTrackr nightly Rebrickable refresh starting.
2026-08-25T06:08:50.1277166-05:00 [INFO] Database: localhost:5432/bricktrackr
2026-08-25T06:08:50.1287174-05:00 [INFO] Importer: bricktrackr_import
2026-08-25T06:08:50.1297169-05:00 [INFO] Log: L:\var\www\Brk.Trkr\brk.trkr-db\logs\rebrickable\rebrickable_nightly_20260825_060850.log
2026-08-25T06:08:50.1327178-05:00 [PASS] Nightly lock acquired (PID 52268).
2026-08-25T06:08:50.1737179-05:00 [PASS] Importer connection verified.
2026-08-25T06:08:50.3320640-05:00 [PASS] No non-terminal Rebrickable source runs found.
2026-08-25T06:08:50.3330643-05:00 [INFO] Downloading a fresh 12-file Rebrickable snapshot.
2026-08-25T06:08:50.3340637-05:00 [INFO] Snapshot: L:\var\www\Brk.Trkr\brk.trkr-db\import\runtime\snapshots\nightly_20260825_060850
===============================================================================
 BrickTrackr fresh Rebrickable snapshot
===============================================================================
Destination: L:\var\www\Brk.Trkr\brk.trkr-db\import\runtime\snapshots\nightly_20260825_060850
Datasets:    12

[*] Downloading themes.csv.gz (attempt 1/5)...
[+] themes.csv.gz: 496 rows, 4,508 bytes, sha256=620ead9d1ce5f79eeddd13dbd6cc18b3c34717f594d6ca60180d8956b4eff253
[*] Downloading colors.csv.gz (attempt 1/5)...
[+] colors.csv.gz: 275 rows, 4,890 bytes, sha256=9263b6b9e43446e9f8f40226c22f29bcc7cb97bb8dd7e66bb2c1fcc56b74e66f
[*] Downloading part_categories.csv.gz (attempt 1/5)...
[+] part_categories.csv.gz: 76 rows, 856 bytes, sha256=45517dbe3f967d79d359018faf7a4e5869b7b907265b3aa0a97c3f5c077759bd
[*] Downloading parts.csv.gz (attempt 1/5)...
[+] parts.csv.gz: 64,347 rows, 1,061,966 bytes, sha256=2afe3df8db15772da2862fc10f45fc7255b93df38e9fda21274f3e9e5b5051c3
[*] Downloading sets.csv.gz (attempt 1/5)...
[+] sets.csv.gz: 28,119 rows, 514,075 bytes, sha256=9b56cd91f10ccaf6d1b823427325832d7a976c4fcded6e4d6802732e1ff7dbb0
[*] Downloading minifigs.csv.gz (attempt 1/5)...
[+] minifigs.csv.gz: 17,162 rows, 301,232 bytes, sha256=60ead450df9e6157012dbdca36186fc5c6ac9c114d10d7be2f6af38055ddf7d6
[*] Downloading elements.csv.gz (attempt 1/5)...
[+] elements.csv.gz: 113,831 rows, 1,125,052 bytes, sha256=28e73e9348cf4eae48047dcbba496d6b71ca2d8848764fc11670d613282ccf32
[*] Downloading inventories.csv.gz (attempt 1/5)...
[+] inventories.csv.gz: 47,216 rows, 263,339 bytes, sha256=a5f9c085a32d6e433397502343425062fea3587cdb87d1b671e16d1f103d7deb
[*] Downloading inventory_parts.csv.gz (attempt 1/5)...
[+] inventory_parts.csv.gz: 1,551,426 rows, 14,051,053 bytes, sha256=a73e272f816826798973ec72b01bf2f8bca120571cd67cad8b3c2a5dc704f01c
[*] Downloading inventory_sets.csv.gz (attempt 1/5)...
[+] inventory_sets.csv.gz: 5,176 rows, 18,898 bytes, sha256=a260844f665f5fe64675184fc01a93f78488548e51fbd7b2cc9dfdd7b7e5798b
[*] Downloading inventory_minifigs.csv.gz (attempt 1/5)...
[+] inventory_minifigs.csv.gz: 25,738 rows, 97,665 bytes, sha256=805be4a494c16fc4277f27693c503e3d2b2cbc21847f483954b244bb05109670
[*] Downloading part_relationships.csv.gz (attempt 1/5)...
[+] part_relationships.csv.gz: 37,210 rows, 194,876 bytes, sha256=e0b73872cdc5fa1f6e5a54efeed7fb2850be3d58cded02a17e4665b9600a61da

[PASS] Complete fresh snapshot ready: 12 archives
[PASS] Manifest: L:\var\www\Brk.Trkr\brk.trkr-db\import\runtime\snapshots\nightly_20260825_060850\snapshot_manifest.json
2026-08-25T06:08:53.8718855-05:00 [PASS] Fresh Rebrickable snapshot verified: 12 archives.
2026-08-25T06:08:53.8738854-05:00 [INFO] Starting canonical Phase 1-6 refresh engine.
2026-08-25T06:08:54.0528843-05:00 [INFO] ============================================================
2026-08-25T06:08:54.0608844-05:00 [INFO] BrickTrackr Rebrickable full refresh starting
2026-08-25T06:08:54.0618852-05:00 [INFO] StartPhase=PHASE1
2026-08-25T06:08:54.0628853-05:00 [INFO] ImportRoot=L:\var\www\Brk.Trkr\brk.trkr-db\import
2026-08-25T06:08:54.0638857-05:00 [INFO] SnapshotDir=L:\var\www\Brk.Trkr\brk.trkr-db\import\runtime\snapshots\nightly_20260825_060850
2026-08-25T06:08:54.0638857-05:00 [INFO] ============================================================
2026-08-25T06:08:54.0718844-05:00 [PASS] Complete Rebrickable snapshot verified.
2026-08-25T06:08:54.0768867-05:00 [INFO] START PHASE1: import_rebrickable_phase1.py --work-dir L:\var\www\Brk.Trkr\brk.trkr-db\import\runtime\snapshots\nightly_20260825_060850
2026-08-25T06:08:54.4390833-05:00 [PHASE1] ===============================================================================
2026-08-25T06:08:54.4400864-05:00 [PHASE1]  BrickTrackr Rebrickable Import - Phase 1 v2.0.3
2026-08-25T06:08:54.4410862-05:00 [PHASE1] ===============================================================================
2026-08-25T06:08:54.4420852-05:00 [PHASE1] Work directory: L:\var\www\Brk.Trkr\brk.trkr-db\import\runtime\snapshots\nightly_20260825_060850
2026-08-25T06:08:54.4430857-05:00 [PHASE1] [+] Database import contract verified.
2026-08-25T06:08:54.4430857-05:00 [PHASE1] [+] Created source run: 01a0389b-deeb-707b-b507-bf5d10dc79bf
2026-08-25T06:08:54.4440829-05:00 [PHASE1] [+] themes: snapshot verified 496 rows, sha256=620ead9d1ce5f79eeddd13dbd6cc18b3c34717f594d6ca60180d8956b4eff253
2026-08-25T06:08:54.4450847-05:00 [PHASE1] [i] colors: ignoring additional source columns ('num_parts', 'num_sets', 'y1', 'y2')
2026-08-25T06:08:54.4460836-05:00 [PHASE1] [+] colors: snapshot verified 275 rows, sha256=9263b6b9e43446e9f8f40226c22f29bcc7cb97bb8dd7e66bb2c1fcc56b74e66f
2026-08-25T06:08:54.4470838-05:00 [PHASE1] [+] part_categories: snapshot verified 76 rows, sha256=45517dbe3f967d79d359018faf7a4e5869b7b907265b3aa0a97c3f5c077759bd
2026-08-25T06:08:54.4470838-05:00 [PHASE1] [+] All Phase-1 snapshot archives validated.
2026-08-25T06:08:54.4480829-05:00 [PHASE1] [*] Staging themes...
2026-08-25T06:08:54.4490860-05:00 [PHASE1] [+] themes: staged and validated 496 rows
2026-08-25T06:08:54.4490860-05:00 [PHASE1] [*] Staging colors...
2026-08-25T06:08:54.4500832-05:00 [PHASE1] [+] colors: staged and validated 275 rows
2026-08-25T06:08:54.4510831-05:00 [PHASE1] [*] Staging part_categories...
2026-08-25T06:08:54.4520836-05:00 [PHASE1] [+] part_categories: staged and validated 76 rows
2026-08-25T06:08:54.4520836-05:00 [PHASE1] ===============================================================================
2026-08-25T06:08:54.4530838-05:00 [PHASE1]  [PASS] Rebrickable Phase 1 staged successfully
2026-08-25T06:08:54.4540847-05:00 [PHASE1] ===============================================================================
2026-08-25T06:08:54.4550836-05:00 [PHASE1] Source run: 01a0389b-deeb-707b-b507-bf5d10dc79bf
2026-08-25T06:08:54.4560824-05:00 [PHASE1] Run status: VALIDATING
2026-08-25T06:08:54.4560824-05:00 [PHASE1] Canonical tables modified: NO
2026-08-25T06:08:54.4570860-05:00 [PHASE1] Next step: Phase 2 reference reconciliation
2026-08-25T06:08:54.4590836-05:00 [INFO] PHASE1 process exit code=0
2026-08-25T06:08:54.4600837-05:00 [PASS] PHASE1 completed
2026-08-25T06:08:54.4620836-05:00 [INFO] START PHASE2: import_rebrickable_phase2.py 
2026-08-25T06:08:54.8349724-05:00 [PHASE2] ==============================================================================
2026-08-25T06:08:54.8359727-05:00 [PHASE2]  BrickTrackr Rebrickable Import - Phase 2 v2.1.0
2026-08-25T06:08:54.8379723-05:00 [PHASE2] ==============================================================================
2026-08-25T06:08:54.8379723-05:00 [PHASE2] [+] Database contract verified for login 'bricktrackr_import'.
2026-08-25T06:08:54.8389726-05:00 [PHASE2] [*] Reconciling source run: 01a0389b-deeb-707b-b507-bf5d10dc79bf
2026-08-25T06:08:54.8409730-05:00 [PHASE2] [+] Reference reconciliation committed atomically.
2026-08-25T06:08:54.8419721-05:00 [PHASE2] {
2026-08-25T06:08:54.8429725-05:00 [PHASE2]   "phase": 2,
2026-08-25T06:08:54.8439739-05:00 [PHASE2]   "reconciled": {
2026-08-25T06:08:54.8449725-05:00 [PHASE2]     "colors": 275,
2026-08-25T06:08:54.8459738-05:00 [PHASE2]     "themes": 496,
2026-08-25T06:08:54.8469734-05:00 [PHASE2]     "part_categories": 76
2026-08-25T06:08:54.8479734-05:00 [PHASE2]   },
2026-08-25T06:08:54.8489735-05:00 [PHASE2]   "completed_at": "2026-08-25T11:08:54.638515+00:00",
2026-08-25T06:08:54.8499729-05:00 [PHASE2]   "source_run_id": "01a0389b-deeb-707b-b507-bf5d10dc79bf",
2026-08-25T06:08:54.8499729-05:00 [PHASE2]   "canonical_created": {
2026-08-25T06:08:54.8509731-05:00 [PHASE2]     "colors": 0,
2026-08-25T06:08:54.8519729-05:00 [PHASE2]     "themes": 0,
2026-08-25T06:08:54.8529723-05:00 [PHASE2]     "part_categories": 0
2026-08-25T06:08:54.8539728-05:00 [PHASE2]   }
2026-08-25T06:08:54.8549723-05:00 [PHASE2] }
2026-08-25T06:08:54.8559721-05:00 [PHASE2] ==============================================================================
2026-08-25T06:08:54.8559721-05:00 [PHASE2]  [PASS] Rebrickable Phase 2 completed successfully
2026-08-25T06:08:54.8569720-05:00 [PHASE2] ==============================================================================
2026-08-25T06:08:54.8589714-05:00 [INFO] PHASE2 process exit code=0
2026-08-25T06:08:54.8599753-05:00 [PASS] PHASE2 completed
2026-08-25T06:08:54.8609725-05:00 [INFO] START PHASE3A: import_rebrickable_phase3.py --work-dir L:\var\www\Brk.Trkr\brk.trkr-db\import\runtime\snapshots\nightly_20260825_060850
2026-08-25T06:08:55.0019716-05:00 [PHASE3A] [ENCODING] utf8_mode=0; stdout=utf-8; stderr=utf-8; preferred=cp1252; PGCLIENTENCODING=None
2026-08-25T06:08:58.3713776-05:00 [PHASE3A] ==============================================================================
2026-08-25T06:08:58.3723789-05:00 [PHASE3A]  BrickTrackr Rebrickable Import - Phase 3 Staging v3.0.3
2026-08-25T06:08:58.3733811-05:00 [PHASE3A] ==============================================================================
2026-08-25T06:08:58.3743792-05:00 [PHASE3A] [i] parts: preserving additional source columns ('part_material',)
2026-08-25T06:08:58.3753781-05:00 [PHASE3A] [+] parts: snapshot verified 64,347 rows, sha256=2afe3df8db15772da2862fc10f45fc7255b93df38e9fda21274f3e9e5b5051c3
2026-08-25T06:08:58.3753781-05:00 [PHASE3A] [+] sets: snapshot verified 28,119 rows, sha256=9b56cd91f10ccaf6d1b823427325832d7a976c4fcded6e4d6802732e1ff7dbb0
2026-08-25T06:08:58.3763785-05:00 [PHASE3A] [+] minifigs: snapshot verified 17,162 rows, sha256=60ead450df9e6157012dbdca36186fc5c6ac9c114d10d7be2f6af38055ddf7d6
2026-08-25T06:08:58.3773773-05:00 [PHASE3A] [+] PostgreSQL client_encoding: UTF8
2026-08-25T06:08:58.3783783-05:00 [PHASE3A] [+] Database contract verified for login 'bricktrackr_import'.
2026-08-25T06:08:58.3793799-05:00 [PHASE3A] [*] Created source run: 01a0389b-e238-77e4-b2eb-bbffe6b80dd9
2026-08-25T06:08:58.3793799-05:00 [PHASE3A] [+] parts: staged 64,347 rows.
2026-08-25T06:08:58.3803773-05:00 [PHASE3A] [+] sets: staged 28,119 rows.
2026-08-25T06:08:58.3813795-05:00 [PHASE3A] [+] minifigs: staged 17,162 rows.
2026-08-25T06:08:58.3823790-05:00 [PHASE3A] ==============================================================================
2026-08-25T06:08:58.3833783-05:00 [PHASE3A]  [PASS] Rebrickable Phase 3 staging completed successfully
2026-08-25T06:08:58.3833783-05:00 [PHASE3A]  Source run: 01a0389b-e238-77e4-b2eb-bbffe6b80dd9
2026-08-25T06:08:58.3843778-05:00 [PHASE3A]  Next: run Phase 3 reconciliation
2026-08-25T06:08:58.3853779-05:00 [PHASE3A] ==============================================================================
2026-08-25T06:08:58.3913782-05:00 [INFO] PHASE3A process exit code=0
2026-08-25T06:08:58.3923777-05:00 [PASS] PHASE3A completed
2026-08-25T06:08:58.4603772-05:00 [INFO] PHASE3A source_run_id=01a0389b-e238-77e4-b2eb-bbffe6b80dd9
2026-08-25T06:08:58.6173618-05:00 [INFO] START PHASE3B: reconcile_rebrickable_phase3_checkpointed.py --source-run-id 01a0389b-e238-77e4-b2eb-bbffe6b80dd9
2026-08-25T06:08:58.8643685-05:00 [PHASE3B] ==============================================================================
2026-08-25T06:08:58.8653716-05:00 [PHASE3B]  BrickTrackr Rebrickable Phase 3B - Checkpointed Reconcile v3.2.2
2026-08-25T06:08:58.8663693-05:00 [PHASE3B] ==============================================================================
2026-08-25T06:08:58.8673686-05:00 [PHASE3B] [INFO] Mode:       RESUME
2026-08-25T06:08:58.8683705-05:00 [PHASE3B] [INFO] Source run: 01a0389b-e238-77e4-b2eb-bbffe6b80dd9
2026-08-25T06:08:58.8693699-05:00 [PHASE3B] [INFO] Batch size: 5,000
2026-08-25T06:08:58.8703683-05:00 [PHASE3B] 
2026-08-25T06:08:58.8713693-05:00 [PHASE3B] [+] Checkpoint ledger ready: parts=64,347, sets=28,119, minifigures=17,162
2026-08-25T06:08:58.8723694-05:00 [PHASE3B] 
2026-08-25T06:08:58.8733688-05:00 [PHASE3B] -------------------------------------------------------------------------------
2026-08-25T06:08:58.8743695-05:00 [PHASE3B]  Durable Phase 3B checkpoint status
2026-08-25T06:08:58.8753682-05:00 [PHASE3B] -------------------------------------------------------------------------------
2026-08-25T06:08:58.8763703-05:00 [PHASE3B] 
2026-08-25T06:08:58.8763703-05:00 [PHASE3B] [1/6] VALIDATE_SOURCE_RUN
2026-08-25T06:08:58.8773703-05:00 [PHASE3B]       [1.1] RUN_CONTRACT             PENDING           0 / 1           0.0%  batches=0
2026-08-25T06:08:58.8783691-05:00 [PHASE3B]       [1.2] STAGED_COUNTS            PENDING           0 / 1           0.0%  batches=0
2026-08-25T06:08:58.8793682-05:00 [PHASE3B]       [1.3] REFERENCE_LINKS          PENDING           0 / 1           0.0%  batches=0
2026-08-25T06:08:58.8803686-05:00 [PHASE3B] 
2026-08-25T06:08:58.8813690-05:00 [PHASE3B] [2/6] RECONCILE_PARTS
2026-08-25T06:08:58.8823687-05:00 [PHASE3B]       [2.1] CATALOG_IDENTITIES       PENDING           0 / 64,347      0.0%  batches=0
2026-08-25T06:08:58.8833686-05:00 [PHASE3B]       [2.2] PART_ROWS                PENDING           0 / 64,347      0.0%  batches=0
2026-08-25T06:08:58.8833686-05:00 [PHASE3B]       [2.3] SOURCE_VALUES            PENDING           0 / 64,347      0.0%  batches=0
2026-08-25T06:08:58.8843715-05:00 [PHASE3B] 
2026-08-25T06:08:58.8853714-05:00 [PHASE3B] [3/6] RECONCILE_SETS
2026-08-25T06:08:58.8943686-05:00 [PHASE3B]       [3.1] CATALOG_IDENTITIES       PENDING           0 / 28,119      0.0%  batches=0
2026-08-25T06:08:58.8953717-05:00 [PHASE3B]       [3.2] SET_ROWS                 PENDING           0 / 28,119      0.0%  batches=0
2026-08-25T06:08:58.8963713-05:00 [PHASE3B]       [3.3] SOURCE_VALUES            PENDING           0 / 28,119      0.0%  batches=0
2026-08-25T06:08:58.8973717-05:00 [PHASE3B] 
2026-08-25T06:08:58.8983685-05:00 [PHASE3B] [4/6] RECONCILE_MINIFIGURES
2026-08-25T06:08:58.8983685-05:00 [PHASE3B]       [4.1] CATALOG_IDENTITIES       PENDING           0 / 17,162      0.0%  batches=0
2026-08-25T06:08:58.8993691-05:00 [PHASE3B]       [4.2] MINIFIGURE_ROWS          PENDING           0 / 17,162      0.0%  batches=0
2026-08-25T06:08:58.9003678-05:00 [PHASE3B]       [4.3] SOURCE_VALUES            PENDING           0 / 17,162      0.0%  batches=0
2026-08-25T06:08:58.9013718-05:00 [PHASE3B] 
2026-08-25T06:08:58.9013718-05:00 [PHASE3B] [5/6] SOURCE_PRESENCE
2026-08-25T06:08:58.9023714-05:00 [PHASE3B]       [5.1] PARTS                    PENDING           0 / 1           0.0%  batches=0
2026-08-25T06:08:58.9033710-05:00 [PHASE3B]       [5.2] SETS                     PENDING           0 / 1           0.0%  batches=0
2026-08-25T06:08:58.9043691-05:00 [PHASE3B]       [5.3] MINIFIGURES              PENDING           0 / 1           0.0%  batches=0
2026-08-25T06:08:58.9053687-05:00 [PHASE3B] 
2026-08-25T06:08:58.9063693-05:00 [PHASE3B] [6/6] FINALIZE_SOURCE_RUN
2026-08-25T06:08:58.9063693-05:00 [PHASE3B]       [6.1] VERIFY_COUNTS            PENDING           0 / 1           0.0%  batches=0
2026-08-25T06:08:58.9073690-05:00 [PHASE3B]       [6.2] COMPLETE_RUN             PENDING           0 / 1           0.0%  batches=0
2026-08-25T06:08:58.9083683-05:00 [PHASE3B] 
2026-08-25T06:08:58.9093694-05:00 [PHASE3B] [RUN] [1.1] VALIDATE_SOURCE_RUN / RUN_CONTRACT 0/1 (  0.0%) batch=1
2026-08-25T06:08:58.9103687-05:00 [PHASE3B] [OK ] [1.1] RUN_CONTRACT: 1/1 (100.0%) batches=1 elapsed=0.01s
2026-08-25T06:08:58.9103687-05:00 [PHASE3B] 
2026-08-25T06:08:58.9113688-05:00 [PHASE3B] -------------------------------------------------------------------------------
2026-08-25T06:08:58.9123682-05:00 [PHASE3B]  Durable Phase 3B checkpoint status
2026-08-25T06:08:58.9133711-05:00 [PHASE3B] -------------------------------------------------------------------------------
2026-08-25T06:08:58.9143688-05:00 [PHASE3B] 
2026-08-25T06:08:58.9143688-05:00 [PHASE3B] [1/6] VALIDATE_SOURCE_RUN
2026-08-25T06:08:58.9153694-05:00 [PHASE3B]       [1.1] RUN_CONTRACT             COMPLETED         1 / 1         100.0%  batches=1
2026-08-25T06:08:58.9163705-05:00 [PHASE3B]       [1.2] STAGED_COUNTS            PENDING           0 / 1           0.0%  batches=0
2026-08-25T06:08:58.9173704-05:00 [PHASE3B]       [1.3] REFERENCE_LINKS          PENDING           0 / 1           0.0%  batches=0
2026-08-25T06:08:58.9183693-05:00 [PHASE3B] 
2026-08-25T06:08:58.9193686-05:00 [PHASE3B] [2/6] RECONCILE_PARTS
2026-08-25T06:08:58.9203695-05:00 [PHASE3B]       [2.1] CATALOG_IDENTITIES       PENDING           0 / 64,347      0.0%  batches=0
2026-08-25T06:08:58.9213683-05:00 [PHASE3B]       [2.2] PART_ROWS                PENDING           0 / 64,347      0.0%  batches=0
2026-08-25T06:08:58.9213683-05:00 [PHASE3B]       [2.3] SOURCE_VALUES            PENDING           0 / 64,347      0.0%  batches=0
2026-08-25T06:08:58.9223715-05:00 [PHASE3B] 
2026-08-25T06:08:58.9233693-05:00 [PHASE3B] [3/6] RECONCILE_SETS
2026-08-25T06:08:58.9243700-05:00 [PHASE3B]       [3.1] CATALOG_IDENTITIES       PENDING           0 / 28,119      0.0%  batches=0
2026-08-25T06:08:58.9253689-05:00 [PHASE3B]       [3.2] SET_ROWS                 PENDING           0 / 28,119      0.0%  batches=0
2026-08-25T06:08:58.9253689-05:00 [PHASE3B]       [3.3] SOURCE_VALUES            PENDING           0 / 28,119      0.0%  batches=0
2026-08-25T06:08:58.9263685-05:00 [PHASE3B] 
2026-08-25T06:08:58.9273688-05:00 [PHASE3B] [4/6] RECONCILE_MINIFIGURES
2026-08-25T06:08:58.9283688-05:00 [PHASE3B]       [4.1] CATALOG_IDENTITIES       PENDING           0 / 17,162      0.0%  batches=0
2026-08-25T06:08:58.9283688-05:00 [PHASE3B]       [4.2] MINIFIGURE_ROWS          PENDING           0 / 17,162      0.0%  batches=0
2026-08-25T06:08:58.9293684-05:00 [PHASE3B]       [4.3] SOURCE_VALUES            PENDING           0 / 17,162      0.0%  batches=0
2026-08-25T06:08:58.9303688-05:00 [PHASE3B] 
2026-08-25T06:08:58.9313691-05:00 [PHASE3B] [5/6] SOURCE_PRESENCE
2026-08-25T06:08:58.9323692-05:00 [PHASE3B]       [5.1] PARTS                    PENDING           0 / 1           0.0%  batches=0
2026-08-25T06:08:58.9333702-05:00 [PHASE3B]       [5.2] SETS                     PENDING           0 / 1           0.0%  batches=0
2026-08-25T06:08:58.9333702-05:00 [PHASE3B]       [5.3] MINIFIGURES              PENDING           0 / 1           0.0%  batches=0
2026-08-25T06:08:58.9343702-05:00 [PHASE3B] 
2026-08-25T06:08:58.9353695-05:00 [PHASE3B] [6/6] FINALIZE_SOURCE_RUN
2026-08-25T06:08:58.9363722-05:00 [PHASE3B]       [6.1] VERIFY_COUNTS            PENDING           0 / 1           0.0%  batches=0
2026-08-25T06:08:58.9373683-05:00 [PHASE3B]       [6.2] COMPLETE_RUN             PENDING           0 / 1           0.0%  batches=0
2026-08-25T06:08:58.9383685-05:00 [PHASE3B] 
2026-08-25T06:08:58.9393682-05:00 [PHASE3B] [RUN] [1.2] VALIDATE_SOURCE_RUN / STAGED_COUNTS 0/1 (  0.0%) batch=1
2026-08-25T06:08:58.9393682-05:00 [PHASE3B] [OK ] [1.2] STAGED_COUNTS: 1/1 (100.0%) batches=1 elapsed=0.02s
2026-08-25T06:08:58.9403705-05:00 [PHASE3B] 
2026-08-25T06:08:58.9413689-05:00 [PHASE3B] -------------------------------------------------------------------------------
2026-08-25T06:08:58.9423686-05:00 [PHASE3B]  Durable Phase 3B checkpoint status
2026-08-25T06:08:58.9433703-05:00 [PHASE3B] -------------------------------------------------------------------------------
2026-08-25T06:08:58.9433703-05:00 [PHASE3B] 
2026-08-25T06:08:58.9443691-05:00 [PHASE3B] [1/6] VALIDATE_SOURCE_RUN
2026-08-25T06:08:58.9453687-05:00 [PHASE3B]       [1.1] RUN_CONTRACT             COMPLETED         1 / 1         100.0%  batches=1
2026-08-25T06:08:58.9453687-05:00 [PHASE3B]       [1.2] STAGED_COUNTS            COMPLETED         1 / 1         100.0%  batches=1
2026-08-25T06:08:58.9463682-05:00 [PHASE3B]       [1.3] REFERENCE_LINKS          PENDING           0 / 1           0.0%  batches=0
2026-08-25T06:08:58.9473684-05:00 [PHASE3B] 
2026-08-25T06:08:58.9483682-05:00 [PHASE3B] [2/6] RECONCILE_PARTS
2026-08-25T06:08:58.9493689-05:00 [PHASE3B]       [2.1] CATALOG_IDENTITIES       PENDING           0 / 64,347      0.0%  batches=0
2026-08-25T06:08:58.9493689-05:00 [PHASE3B]       [2.2] PART_ROWS                PENDING           0 / 64,347      0.0%  batches=0
2026-08-25T06:08:58.9503687-05:00 [PHASE3B]       [2.3] SOURCE_VALUES            PENDING           0 / 64,347      0.0%  batches=0
2026-08-25T06:08:58.9513685-05:00 [PHASE3B] 
2026-08-25T06:08:58.9523687-05:00 [PHASE3B] [3/6] RECONCILE_SETS
2026-08-25T06:08:58.9533691-05:00 [PHASE3B]       [3.1] CATALOG_IDENTITIES       PENDING           0 / 28,119      0.0%  batches=0
2026-08-25T06:08:58.9533691-05:00 [PHASE3B]       [3.2] SET_ROWS                 PENDING           0 / 28,119      0.0%  batches=0
2026-08-25T06:08:58.9543689-05:00 [PHASE3B]       [3.3] SOURCE_VALUES            PENDING           0 / 28,119      0.0%  batches=0
2026-08-25T06:08:58.9553689-05:00 [PHASE3B] 
2026-08-25T06:08:58.9563685-05:00 [PHASE3B] [4/6] RECONCILE_MINIFIGURES
2026-08-25T06:08:58.9573690-05:00 [PHASE3B]       [4.1] CATALOG_IDENTITIES       PENDING           0 / 17,162      0.0%  batches=0
2026-08-25T06:08:58.9583696-05:00 [PHASE3B]       [4.2] MINIFIGURE_ROWS          PENDING           0 / 17,162      0.0%  batches=0
2026-08-25T06:08:58.9593706-05:00 [PHASE3B]       [4.3] SOURCE_VALUES            PENDING           0 / 17,162      0.0%  batches=0
2026-08-25T06:08:58.9603681-05:00 [PHASE3B] 
2026-08-25T06:08:58.9613690-05:00 [PHASE3B] [5/6] SOURCE_PRESENCE
2026-08-25T06:08:58.9613690-05:00 [PHASE3B]       [5.1] PARTS                    PENDING           0 / 1           0.0%  batches=0
2026-08-25T06:08:58.9623688-05:00 [PHASE3B]       [5.2] SETS                     PENDING           0 / 1           0.0%  batches=0
2026-08-25T06:08:58.9633709-05:00 [PHASE3B]       [5.3] MINIFIGURES              PENDING           0 / 1           0.0%  batches=0
2026-08-25T06:08:58.9643690-05:00 [PHASE3B] 
2026-08-25T06:08:58.9653706-05:00 [PHASE3B] [6/6] FINALIZE_SOURCE_RUN
2026-08-25T06:08:58.9653706-05:00 [PHASE3B]       [6.1] VERIFY_COUNTS            PENDING           0 / 1           0.0%  batches=0
2026-08-25T06:08:58.9663688-05:00 [PHASE3B]       [6.2] COMPLETE_RUN             PENDING           0 / 1           0.0%  batches=0
2026-08-25T06:08:58.9673692-05:00 [PHASE3B] 
2026-08-25T06:08:58.9683705-05:00 [PHASE3B] [RUN] [1.3] VALIDATE_SOURCE_RUN / REFERENCE_LINKS 0/1 (  0.0%) batch=1
2026-08-25T06:08:59.0243698-05:00 [PHASE3B] [OK ] [1.3] REFERENCE_LINKS: 1/1 (100.0%) batches=1 elapsed=0.13s
2026-08-25T06:08:59.0253717-05:00 [PHASE3B] 
2026-08-25T06:08:59.0263714-05:00 [PHASE3B] -------------------------------------------------------------------------------
2026-08-25T06:08:59.0273688-05:00 [PHASE3B]  Durable Phase 3B checkpoint status
2026-08-25T06:08:59.0283713-05:00 [PHASE3B] -------------------------------------------------------------------------------
2026-08-25T06:08:59.0293693-05:00 [PHASE3B] 
2026-08-25T06:08:59.0303691-05:00 [PHASE3B] [1/6] VALIDATE_SOURCE_RUN
2026-08-25T06:08:59.0303691-05:00 [PHASE3B]       [1.1] RUN_CONTRACT             COMPLETED         1 / 1         100.0%  batches=1
2026-08-25T06:08:59.0313691-05:00 [PHASE3B]       [1.2] STAGED_COUNTS            COMPLETED         1 / 1         100.0%  batches=1
2026-08-25T06:08:59.0323690-05:00 [PHASE3B]       [1.3] REFERENCE_LINKS          COMPLETED         1 / 1         100.0%  batches=1
2026-08-25T06:08:59.0333689-05:00 [PHASE3B] 
2026-08-25T06:08:59.0343688-05:00 [PHASE3B] [2/6] RECONCILE_PARTS
2026-08-25T06:08:59.0353693-05:00 [PHASE3B]       [2.1] CATALOG_IDENTITIES       PENDING           0 / 64,347      0.0%  batches=0
2026-08-25T06:08:59.0353693-05:00 [PHASE3B]       [2.2] PART_ROWS                PENDING           0 / 64,347      0.0%  batches=0
2026-08-25T06:08:59.0363686-05:00 [PHASE3B]       [2.3] SOURCE_VALUES            PENDING           0 / 64,347      0.0%  batches=0
2026-08-25T06:08:59.0373685-05:00 [PHASE3B] 
2026-08-25T06:08:59.0383703-05:00 [PHASE3B] [3/6] RECONCILE_SETS
2026-08-25T06:08:59.0393695-05:00 [PHASE3B]       [3.1] CATALOG_IDENTITIES       PENDING           0 / 28,119      0.0%  batches=0
2026-08-25T06:08:59.0393695-05:00 [PHASE3B]       [3.2] SET_ROWS                 PENDING           0 / 28,119      0.0%  batches=0
2026-08-25T06:08:59.0403683-05:00 [PHASE3B]       [3.3] SOURCE_VALUES            PENDING           0 / 28,119      0.0%  batches=0
2026-08-25T06:08:59.0413685-05:00 [PHASE3B] 
2026-08-25T06:08:59.0423682-05:00 [PHASE3B] [4/6] RECONCILE_MINIFIGURES
2026-08-25T06:08:59.0423682-05:00 [PHASE3B]       [4.1] CATALOG_IDENTITIES       PENDING           0 / 17,162      0.0%  batches=0
2026-08-25T06:08:59.0433682-05:00 [PHASE3B]       [4.2] MINIFIGURE_ROWS          PENDING           0 / 17,162      0.0%  batches=0
2026-08-25T06:08:59.0443693-05:00 [PHASE3B]       [4.3] SOURCE_VALUES            PENDING           0 / 17,162      0.0%  batches=0
2026-08-25T06:08:59.0453712-05:00 [PHASE3B] 
2026-08-25T06:08:59.0463687-05:00 [PHASE3B] [5/6] SOURCE_PRESENCE
2026-08-25T06:08:59.0463687-05:00 [PHASE3B]       [5.1] PARTS                    PENDING           0 / 1           0.0%  batches=0
2026-08-25T06:08:59.0473699-05:00 [PHASE3B]       [5.2] SETS                     PENDING           0 / 1           0.0%  batches=0
2026-08-25T06:08:59.0483690-05:00 [PHASE3B]       [5.3] MINIFIGURES              PENDING           0 / 1           0.0%  batches=0
2026-08-25T06:08:59.0493692-05:00 [PHASE3B] 
2026-08-25T06:08:59.0503703-05:00 [PHASE3B] [6/6] FINALIZE_SOURCE_RUN
2026-08-25T06:08:59.0503703-05:00 [PHASE3B]       [6.1] VERIFY_COUNTS            PENDING           0 / 1           0.0%  batches=0
2026-08-25T06:08:59.0513702-05:00 [PHASE3B]       [6.2] COMPLETE_RUN             PENDING           0 / 1           0.0%  batches=0
2026-08-25T06:08:59.0523693-05:00 [PHASE3B] 
2026-08-25T06:08:59.0533690-05:00 [PHASE3B] [RUN] [2.1] RECONCILE_PARTS / CATALOG_IDENTITIES 0/64,347 (  0.0%) batch=1
2026-08-25T06:08:59.5383766-05:00 [PHASE3B] [OK ] [2.1] CATALOG_IDENTITIES: 5,000/64,347 (7.8%) batches=1 elapsed=0.51s
2026-08-25T06:08:59.5393761-05:00 [PHASE3B] [RUN] [2.1] RECONCILE_PARTS / CATALOG_IDENTITIES 5,000/64,347 (  7.8%) batch=2
2026-08-25T06:08:59.7464943-05:00 [PHASE3B] [OK ] [2.1] CATALOG_IDENTITIES: 10,000/64,347 (15.5%) batches=2 elapsed=0.21s
2026-08-25T06:08:59.7474935-05:00 [PHASE3B] [RUN] [2.1] RECONCILE_PARTS / CATALOG_IDENTITIES 10,000/64,347 ( 15.5%) batch=3
2026-08-25T06:08:59.9654933-05:00 [PHASE3B] [OK ] [2.1] CATALOG_IDENTITIES: 15,000/64,347 (23.3%) batches=3 elapsed=0.22s
2026-08-25T06:08:59.9674925-05:00 [PHASE3B] [RUN] [2.1] RECONCILE_PARTS / CATALOG_IDENTITIES 15,000/64,347 ( 23.3%) batch=4
2026-08-25T06:09:00.1470170-05:00 [PHASE3B] [OK ] [2.1] CATALOG_IDENTITIES: 20,000/64,347 (31.1%) batches=4 elapsed=0.18s
2026-08-25T06:09:00.1480185-05:00 [PHASE3B] [RUN] [2.1] RECONCILE_PARTS / CATALOG_IDENTITIES 20,000/64,347 ( 31.1%) batch=5
2026-08-25T06:09:00.3080248-05:00 [PHASE3B] [OK ] [2.1] CATALOG_IDENTITIES: 25,000/64,347 (38.9%) batches=5 elapsed=0.16s
2026-08-25T06:09:00.3090265-05:00 [PHASE3B] [RUN] [2.1] RECONCILE_PARTS / CATALOG_IDENTITIES 25,000/64,347 ( 38.9%) batch=6
2026-08-25T06:09:00.4570234-05:00 [PHASE3B] [OK ] [2.1] CATALOG_IDENTITIES: 30,000/64,347 (46.6%) batches=6 elapsed=0.15s
2026-08-25T06:09:00.4580267-05:00 [PHASE3B] [RUN] [2.1] RECONCILE_PARTS / CATALOG_IDENTITIES 30,000/64,347 ( 46.6%) batch=7
2026-08-25T06:09:00.6625913-05:00 [PHASE3B] [OK ] [2.1] CATALOG_IDENTITIES: 35,000/64,347 (54.4%) batches=7 elapsed=0.21s
2026-08-25T06:09:00.6635910-05:00 [PHASE3B] [RUN] [2.1] RECONCILE_PARTS / CATALOG_IDENTITIES 35,000/64,347 ( 54.4%) batch=8
2026-08-25T06:09:00.8507600-05:00 [PHASE3B] [OK ] [2.1] CATALOG_IDENTITIES: 40,000/64,347 (62.2%) batches=8 elapsed=0.19s
2026-08-25T06:09:00.8517611-05:00 [PHASE3B] [RUN] [2.1] RECONCILE_PARTS / CATALOG_IDENTITIES 40,000/64,347 ( 62.2%) batch=9
2026-08-25T06:09:01.0297742-05:00 [PHASE3B] [OK ] [2.1] CATALOG_IDENTITIES: 45,000/64,347 (69.9%) batches=9 elapsed=0.18s
2026-08-25T06:09:01.0317775-05:00 [PHASE3B] [RUN] [2.1] RECONCILE_PARTS / CATALOG_IDENTITIES 45,000/64,347 ( 69.9%) batch=10
2026-08-25T06:09:01.2517557-05:00 [PHASE3B] [OK ] [2.1] CATALOG_IDENTITIES: 50,000/64,347 (77.7%) batches=10 elapsed=0.22s
2026-08-25T06:09:01.2527566-05:00 [PHASE3B] [RUN] [2.1] RECONCILE_PARTS / CATALOG_IDENTITIES 50,000/64,347 ( 77.7%) batch=11
2026-08-25T06:09:01.4767573-05:00 [PHASE3B] [OK ] [2.1] CATALOG_IDENTITIES: 55,000/64,347 (85.5%) batches=11 elapsed=0.22s
2026-08-25T06:09:01.4777557-05:00 [PHASE3B] [RUN] [2.1] RECONCILE_PARTS / CATALOG_IDENTITIES 55,000/64,347 ( 85.5%) batch=12
2026-08-25T06:09:01.6807553-05:00 [PHASE3B] [OK ] [2.1] CATALOG_IDENTITIES: 60,000/64,347 (93.2%) batches=12 elapsed=0.20s
2026-08-25T06:09:01.6817552-05:00 [PHASE3B] [RUN] [2.1] RECONCILE_PARTS / CATALOG_IDENTITIES 60,000/64,347 ( 93.2%) batch=13
2026-08-25T06:09:01.8889935-05:00 [PHASE3B] [OK ] [2.1] CATALOG_IDENTITIES: 64,347/64,347 (100.0%) batches=13 elapsed=0.21s
2026-08-25T06:09:01.8899935-05:00 [PHASE3B] 
2026-08-25T06:09:01.8909932-05:00 [PHASE3B] -------------------------------------------------------------------------------
2026-08-25T06:09:01.8919943-05:00 [PHASE3B]  Durable Phase 3B checkpoint status
2026-08-25T06:09:01.8929950-05:00 [PHASE3B] -------------------------------------------------------------------------------
2026-08-25T06:09:01.8959935-05:00 [PHASE3B] 
2026-08-25T06:09:01.8969951-05:00 [PHASE3B] [1/6] VALIDATE_SOURCE_RUN
2026-08-25T06:09:01.8979942-05:00 [PHASE3B]       [1.1] RUN_CONTRACT             COMPLETED         1 / 1         100.0%  batches=1
2026-08-25T06:09:01.8989943-05:00 [PHASE3B]       [1.2] STAGED_COUNTS            COMPLETED         1 / 1         100.0%  batches=1
2026-08-25T06:09:01.8989943-05:00 [PHASE3B]       [1.3] REFERENCE_LINKS          COMPLETED         1 / 1         100.0%  batches=1
2026-08-25T06:09:01.8999956-05:00 [PHASE3B] 
2026-08-25T06:09:01.9009938-05:00 [PHASE3B] [2/6] RECONCILE_PARTS
2026-08-25T06:09:01.9019947-05:00 [PHASE3B]       [2.1] CATALOG_IDENTITIES       COMPLETED    64,347 / 64,347    100.0%  batches=13
2026-08-25T06:09:01.9019947-05:00 [PHASE3B]       [2.2] PART_ROWS                PENDING           0 / 64,347      0.0%  batches=0
2026-08-25T06:09:01.9029951-05:00 [PHASE3B]       [2.3] SOURCE_VALUES            PENDING           0 / 64,347      0.0%  batches=0
2026-08-25T06:09:01.9039945-05:00 [PHASE3B] 
2026-08-25T06:09:01.9049937-05:00 [PHASE3B] [3/6] RECONCILE_SETS
2026-08-25T06:09:01.9049937-05:00 [PHASE3B]       [3.1] CATALOG_IDENTITIES       PENDING           0 / 28,119      0.0%  batches=0
2026-08-25T06:09:01.9059947-05:00 [PHASE3B]       [3.2] SET_ROWS                 PENDING           0 / 28,119      0.0%  batches=0
2026-08-25T06:09:01.9069950-05:00 [PHASE3B]       [3.3] SOURCE_VALUES            PENDING           0 / 28,119      0.0%  batches=0
2026-08-25T06:09:01.9069950-05:00 [PHASE3B] 
2026-08-25T06:09:01.9079937-05:00 [PHASE3B] [4/6] RECONCILE_MINIFIGURES
2026-08-25T06:09:01.9089937-05:00 [PHASE3B]       [4.1] CATALOG_IDENTITIES       PENDING           0 / 17,162      0.0%  batches=0
2026-08-25T06:09:01.9099940-05:00 [PHASE3B]       [4.2] MINIFIGURE_ROWS          PENDING           0 / 17,162      0.0%  batches=0
2026-08-25T06:09:01.9109941-05:00 [PHASE3B]       [4.3] SOURCE_VALUES            PENDING           0 / 17,162      0.0%  batches=0
2026-08-25T06:09:01.9109941-05:00 [PHASE3B] 
2026-08-25T06:09:01.9119946-05:00 [PHASE3B] [5/6] SOURCE_PRESENCE
2026-08-25T06:09:01.9129941-05:00 [PHASE3B]       [5.1] PARTS                    PENDING           0 / 1           0.0%  batches=0
2026-08-25T06:09:01.9139935-05:00 [PHASE3B]       [5.2] SETS                     PENDING           0 / 1           0.0%  batches=0
2026-08-25T06:09:01.9139935-05:00 [PHASE3B]       [5.3] MINIFIGURES              PENDING           0 / 1           0.0%  batches=0
2026-08-25T06:09:01.9149946-05:00 [PHASE3B] 
2026-08-25T06:09:01.9159948-05:00 [PHASE3B] [6/6] FINALIZE_SOURCE_RUN
2026-08-25T06:09:01.9169954-05:00 [PHASE3B]       [6.1] VERIFY_COUNTS            PENDING           0 / 1           0.0%  batches=0
2026-08-25T06:09:01.9169954-05:00 [PHASE3B]       [6.2] COMPLETE_RUN             PENDING           0 / 1           0.0%  batches=0
2026-08-25T06:09:01.9179957-05:00 [PHASE3B] 
2026-08-25T06:09:01.9189942-05:00 [PHASE3B] [RUN] [2.2] RECONCILE_PARTS / PART_ROWS 0/64,347 (  0.0%) batch=1
2026-08-25T06:09:02.1199797-05:00 [PHASE3B] [OK ] [2.2] PART_ROWS: 5,000/64,347 (7.8%) batches=1 elapsed=0.23s
2026-08-25T06:09:02.1209800-05:00 [PHASE3B] [RUN] [2.2] RECONCILE_PARTS / PART_ROWS 5,000/64,347 (  7.8%) batch=2
2026-08-25T06:09:02.2486061-05:00 [PHASE3B] [OK ] [2.2] PART_ROWS: 10,000/64,347 (15.5%) batches=2 elapsed=0.13s
2026-08-25T06:09:02.2496070-05:00 [PHASE3B] [RUN] [2.2] RECONCILE_PARTS / PART_ROWS 10,000/64,347 ( 15.5%) batch=3
2026-08-25T06:09:02.3846078-05:00 [PHASE3B] [OK ] [2.2] PART_ROWS: 15,000/64,347 (23.3%) batches=3 elapsed=0.14s
2026-08-25T06:09:02.3856055-05:00 [PHASE3B] [RUN] [2.2] RECONCILE_PARTS / PART_ROWS 15,000/64,347 ( 23.3%) batch=4
2026-08-25T06:09:02.5148955-05:00 [PHASE3B] [OK ] [2.2] PART_ROWS: 20,000/64,347 (31.1%) batches=4 elapsed=0.13s
2026-08-25T06:09:02.5158952-05:00 [PHASE3B] [RUN] [2.2] RECONCILE_PARTS / PART_ROWS 20,000/64,347 ( 31.1%) batch=5
2026-08-25T06:09:02.6644588-05:00 [PHASE3B] [OK ] [2.2] PART_ROWS: 25,000/64,347 (38.9%) batches=5 elapsed=0.15s
2026-08-25T06:09:02.6654579-05:00 [PHASE3B] [RUN] [2.2] RECONCILE_PARTS / PART_ROWS 25,000/64,347 ( 38.9%) batch=6
2026-08-25T06:09:02.7984579-05:00 [PHASE3B] [OK ] [2.2] PART_ROWS: 30,000/64,347 (46.6%) batches=6 elapsed=0.13s
2026-08-25T06:09:02.7994611-05:00 [PHASE3B] [RUN] [2.2] RECONCILE_PARTS / PART_ROWS 30,000/64,347 ( 46.6%) batch=7
2026-08-25T06:09:02.9534592-05:00 [PHASE3B] [OK ] [2.2] PART_ROWS: 35,000/64,347 (54.4%) batches=7 elapsed=0.15s
2026-08-25T06:09:02.9544612-05:00 [PHASE3B] [RUN] [2.2] RECONCILE_PARTS / PART_ROWS 35,000/64,347 ( 54.4%) batch=8
2026-08-25T06:09:03.1046056-05:00 [PHASE3B] [OK ] [2.2] PART_ROWS: 40,000/64,347 (62.2%) batches=8 elapsed=0.15s
2026-08-25T06:09:03.1066084-05:00 [PHASE3B] [RUN] [2.2] RECONCILE_PARTS / PART_ROWS 40,000/64,347 ( 62.2%) batch=9
2026-08-25T06:09:03.2633352-05:00 [PHASE3B] [OK ] [2.2] PART_ROWS: 45,000/64,347 (69.9%) batches=9 elapsed=0.16s
2026-08-25T06:09:03.2653351-05:00 [PHASE3B] [RUN] [2.2] RECONCILE_PARTS / PART_ROWS 45,000/64,347 ( 69.9%) batch=10
2026-08-25T06:09:03.4002303-05:00 [PHASE3B] [OK ] [2.2] PART_ROWS: 50,000/64,347 (77.7%) batches=10 elapsed=0.14s
2026-08-25T06:09:03.4012290-05:00 [PHASE3B] [RUN] [2.2] RECONCILE_PARTS / PART_ROWS 50,000/64,347 ( 77.7%) batch=11
2026-08-25T06:09:03.5354475-05:00 [PHASE3B] [OK ] [2.2] PART_ROWS: 55,000/64,347 (85.5%) batches=11 elapsed=0.14s
2026-08-25T06:09:03.5374482-05:00 [PHASE3B] [RUN] [2.2] RECONCILE_PARTS / PART_ROWS 55,000/64,347 ( 85.5%) batch=12
2026-08-25T06:09:03.6846423-05:00 [PHASE3B] [OK ] [2.2] PART_ROWS: 60,000/64,347 (93.2%) batches=12 elapsed=0.15s
2026-08-25T06:09:03.6856445-05:00 [PHASE3B] [RUN] [2.2] RECONCILE_PARTS / PART_ROWS 60,000/64,347 ( 93.2%) batch=13
2026-08-25T06:09:03.8020044-05:00 [PHASE3B] [OK ] [2.2] PART_ROWS: 64,347/64,347 (100.0%) batches=13 elapsed=0.12s
2026-08-25T06:09:03.8030047-05:00 [PHASE3B] 
2026-08-25T06:09:03.8040070-05:00 [PHASE3B] -------------------------------------------------------------------------------
2026-08-25T06:09:03.8040070-05:00 [PHASE3B]  Durable Phase 3B checkpoint status
2026-08-25T06:09:03.8050070-05:00 [PHASE3B] -------------------------------------------------------------------------------
2026-08-25T06:09:03.8060050-05:00 [PHASE3B] 
2026-08-25T06:09:03.8070053-05:00 [PHASE3B] [1/6] VALIDATE_SOURCE_RUN
2026-08-25T06:09:03.8070053-05:00 [PHASE3B]       [1.1] RUN_CONTRACT             COMPLETED         1 / 1         100.0%  batches=1
2026-08-25T06:09:03.8080052-05:00 [PHASE3B]       [1.2] STAGED_COUNTS            COMPLETED         1 / 1         100.0%  batches=1
2026-08-25T06:09:03.8090050-05:00 [PHASE3B]       [1.3] REFERENCE_LINKS          COMPLETED         1 / 1         100.0%  batches=1
2026-08-25T06:09:03.8100065-05:00 [PHASE3B] 
2026-08-25T06:09:03.8100065-05:00 [PHASE3B] [2/6] RECONCILE_PARTS
2026-08-25T06:09:03.8110049-05:00 [PHASE3B]       [2.1] CATALOG_IDENTITIES       COMPLETED    64,347 / 64,347    100.0%  batches=13
2026-08-25T06:09:03.8120045-05:00 [PHASE3B]       [2.2] PART_ROWS                COMPLETED    64,347 / 64,347    100.0%  batches=13
2026-08-25T06:09:03.8120045-05:00 [PHASE3B]       [2.3] SOURCE_VALUES            PENDING           0 / 64,347      0.0%  batches=0
2026-08-25T06:09:03.8130046-05:00 [PHASE3B] 
2026-08-25T06:09:03.8140059-05:00 [PHASE3B] [3/6] RECONCILE_SETS
2026-08-25T06:09:03.8150035-05:00 [PHASE3B]       [3.1] CATALOG_IDENTITIES       PENDING           0 / 28,119      0.0%  batches=0
2026-08-25T06:09:03.8150035-05:00 [PHASE3B]       [3.2] SET_ROWS                 PENDING           0 / 28,119      0.0%  batches=0
2026-08-25T06:09:03.8160033-05:00 [PHASE3B]       [3.3] SOURCE_VALUES            PENDING           0 / 28,119      0.0%  batches=0
2026-08-25T06:09:03.8170048-05:00 [PHASE3B] 
2026-08-25T06:09:03.8240051-05:00 [PHASE3B] [4/6] RECONCILE_MINIFIGURES
2026-08-25T06:09:03.8250048-05:00 [PHASE3B]       [4.1] CATALOG_IDENTITIES       PENDING           0 / 17,162      0.0%  batches=0
2026-08-25T06:09:03.8250048-05:00 [PHASE3B]       [4.2] MINIFIGURE_ROWS          PENDING           0 / 17,162      0.0%  batches=0
2026-08-25T06:09:03.8260081-05:00 [PHASE3B]       [4.3] SOURCE_VALUES            PENDING           0 / 17,162      0.0%  batches=0
2026-08-25T06:09:03.8270052-05:00 [PHASE3B] 
2026-08-25T06:09:03.8270052-05:00 [PHASE3B] [5/6] SOURCE_PRESENCE
2026-08-25T06:09:03.8280044-05:00 [PHASE3B]       [5.1] PARTS                    PENDING           0 / 1           0.0%  batches=0
2026-08-25T06:09:03.8290047-05:00 [PHASE3B]       [5.2] SETS                     PENDING           0 / 1           0.0%  batches=0
2026-08-25T06:09:03.8300042-05:00 [PHASE3B]       [5.3] MINIFIGURES              PENDING           0 / 1           0.0%  batches=0
2026-08-25T06:09:03.8300042-05:00 [PHASE3B] 
2026-08-25T06:09:03.8310035-05:00 [PHASE3B] [6/6] FINALIZE_SOURCE_RUN
2026-08-25T06:09:03.8320035-05:00 [PHASE3B]       [6.1] VERIFY_COUNTS            PENDING           0 / 1           0.0%  batches=0
2026-08-25T06:09:03.8330038-05:00 [PHASE3B]       [6.2] COMPLETE_RUN             PENDING           0 / 1           0.0%  batches=0
2026-08-25T06:09:03.8330038-05:00 [PHASE3B] 
2026-08-25T06:09:03.8340034-05:00 [PHASE3B] [RUN] [2.3] RECONCILE_PARTS / SOURCE_VALUES 0/64,347 (  0.0%) batch=1
2026-08-25T06:09:04.9829511-05:00 [PHASE3B] [OK ] [2.3] SOURCE_VALUES: 5,000/64,347 (7.8%) batches=1 elapsed=1.18s
2026-08-25T06:09:04.9839513-05:00 [PHASE3B] [RUN] [2.3] RECONCILE_PARTS / SOURCE_VALUES 5,000/64,347 (  7.8%) batch=2
2026-08-25T06:09:05.6223390-05:00 [PHASE3B] [OK ] [2.3] SOURCE_VALUES: 10,000/64,347 (15.5%) batches=2 elapsed=0.64s
2026-08-25T06:09:05.6233398-05:00 [PHASE3B] [RUN] [2.3] RECONCILE_PARTS / SOURCE_VALUES 10,000/64,347 ( 15.5%) batch=3
2026-08-25T06:09:06.1896107-05:00 [PHASE3B] [OK ] [2.3] SOURCE_VALUES: 15,000/64,347 (23.3%) batches=3 elapsed=0.57s
2026-08-25T06:09:06.1906122-05:00 [PHASE3B] [RUN] [2.3] RECONCILE_PARTS / SOURCE_VALUES 15,000/64,347 ( 23.3%) batch=4
2026-08-25T06:09:06.7857528-05:00 [PHASE3B] [OK ] [2.3] SOURCE_VALUES: 20,000/64,347 (31.1%) batches=4 elapsed=0.60s
2026-08-25T06:09:06.7867533-05:00 [PHASE3B] [RUN] [2.3] RECONCILE_PARTS / SOURCE_VALUES 20,000/64,347 ( 31.1%) batch=5
2026-08-25T06:09:07.4095784-05:00 [PHASE3B] [OK ] [2.3] SOURCE_VALUES: 25,000/64,347 (38.9%) batches=5 elapsed=0.62s
2026-08-25T06:09:07.4105780-05:00 [PHASE3B] [RUN] [2.3] RECONCILE_PARTS / SOURCE_VALUES 25,000/64,347 ( 38.9%) batch=6
2026-08-25T06:09:07.9806090-05:00 [PHASE3B] [OK ] [2.3] SOURCE_VALUES: 30,000/64,347 (46.6%) batches=6 elapsed=0.57s
2026-08-25T06:09:07.9826113-05:00 [PHASE3B] [RUN] [2.3] RECONCILE_PARTS / SOURCE_VALUES 30,000/64,347 ( 46.6%) batch=7
2026-08-25T06:09:08.6296381-05:00 [PHASE3B] [OK ] [2.3] SOURCE_VALUES: 35,000/64,347 (54.4%) batches=7 elapsed=0.65s
2026-08-25T06:09:08.6316364-05:00 [PHASE3B] [RUN] [2.3] RECONCILE_PARTS / SOURCE_VALUES 35,000/64,347 ( 54.4%) batch=8
2026-08-25T06:09:09.2641721-05:00 [PHASE3B] [OK ] [2.3] SOURCE_VALUES: 40,000/64,347 (62.2%) batches=8 elapsed=0.63s
2026-08-25T06:09:09.2651761-05:00 [PHASE3B] [RUN] [2.3] RECONCILE_PARTS / SOURCE_VALUES 40,000/64,347 ( 62.2%) batch=9
2026-08-25T06:09:09.7566371-05:00 [PHASE3B] [OK ] [2.3] SOURCE_VALUES: 45,000/64,347 (69.9%) batches=9 elapsed=0.49s
2026-08-25T06:09:09.7576373-05:00 [PHASE3B] [RUN] [2.3] RECONCILE_PARTS / SOURCE_VALUES 45,000/64,347 ( 69.9%) batch=10
2026-08-25T06:09:10.3736373-05:00 [PHASE3B] [OK ] [2.3] SOURCE_VALUES: 50,000/64,347 (77.7%) batches=10 elapsed=0.62s
2026-08-25T06:09:10.3746384-05:00 [PHASE3B] [RUN] [2.3] RECONCILE_PARTS / SOURCE_VALUES 50,000/64,347 ( 77.7%) batch=11
2026-08-25T06:09:10.9576374-05:00 [PHASE3B] [OK ] [2.3] SOURCE_VALUES: 55,000/64,347 (85.5%) batches=11 elapsed=0.58s
2026-08-25T06:09:10.9586382-05:00 [PHASE3B] [RUN] [2.3] RECONCILE_PARTS / SOURCE_VALUES 55,000/64,347 ( 85.5%) batch=12
2026-08-25T06:09:11.6666389-05:00 [PHASE3B] [OK ] [2.3] SOURCE_VALUES: 60,000/64,347 (93.2%) batches=12 elapsed=0.71s
2026-08-25T06:09:11.6676372-05:00 [PHASE3B] [RUN] [2.3] RECONCILE_PARTS / SOURCE_VALUES 60,000/64,347 ( 93.2%) batch=13
2026-08-25T06:09:12.2695077-05:00 [PHASE3B] [OK ] [2.3] SOURCE_VALUES: 64,347/64,347 (100.0%) batches=13 elapsed=0.60s
2026-08-25T06:09:12.2705102-05:00 [PHASE3B] 
2026-08-25T06:09:12.2715082-05:00 [PHASE3B] -------------------------------------------------------------------------------
2026-08-25T06:09:12.2725078-05:00 [PHASE3B]  Durable Phase 3B checkpoint status
2026-08-25T06:09:12.2735081-05:00 [PHASE3B] -------------------------------------------------------------------------------
2026-08-25T06:09:12.2745081-05:00 [PHASE3B] 
2026-08-25T06:09:12.2755078-05:00 [PHASE3B] [1/6] VALIDATE_SOURCE_RUN
2026-08-25T06:09:12.2765080-05:00 [PHASE3B]       [1.1] RUN_CONTRACT             COMPLETED         1 / 1         100.0%  batches=1
2026-08-25T06:09:12.2765080-05:00 [PHASE3B]       [1.2] STAGED_COUNTS            COMPLETED         1 / 1         100.0%  batches=1
2026-08-25T06:09:12.2775097-05:00 [PHASE3B]       [1.3] REFERENCE_LINKS          COMPLETED         1 / 1         100.0%  batches=1
2026-08-25T06:09:12.2785084-05:00 [PHASE3B] 
2026-08-25T06:09:12.2795109-05:00 [PHASE3B] [2/6] RECONCILE_PARTS
2026-08-25T06:09:12.2795109-05:00 [PHASE3B]       [2.1] CATALOG_IDENTITIES       COMPLETED    64,347 / 64,347    100.0%  batches=13
2026-08-25T06:09:12.2805107-05:00 [PHASE3B]       [2.2] PART_ROWS                COMPLETED    64,347 / 64,347    100.0%  batches=13
2026-08-25T06:09:12.2815098-05:00 [PHASE3B]       [2.3] SOURCE_VALUES            COMPLETED    64,347 / 64,347    100.0%  batches=13
2026-08-25T06:09:12.2825076-05:00 [PHASE3B] 
2026-08-25T06:09:12.2835077-05:00 [PHASE3B] [3/6] RECONCILE_SETS
2026-08-25T06:09:12.2835077-05:00 [PHASE3B]       [3.1] CATALOG_IDENTITIES       PENDING           0 / 28,119      0.0%  batches=0
2026-08-25T06:09:12.2845084-05:00 [PHASE3B]       [3.2] SET_ROWS                 PENDING           0 / 28,119      0.0%  batches=0
2026-08-25T06:09:12.2855085-05:00 [PHASE3B]       [3.3] SOURCE_VALUES            PENDING           0 / 28,119      0.0%  batches=0
2026-08-25T06:09:12.2865072-05:00 [PHASE3B] 
2026-08-25T06:09:12.2865072-05:00 [PHASE3B] [4/6] RECONCILE_MINIFIGURES
2026-08-25T06:09:12.2875072-05:00 [PHASE3B]       [4.1] CATALOG_IDENTITIES       PENDING           0 / 17,162      0.0%  batches=0
2026-08-25T06:09:12.2885077-05:00 [PHASE3B]       [4.2] MINIFIGURE_ROWS          PENDING           0 / 17,162      0.0%  batches=0
2026-08-25T06:09:12.2895076-05:00 [PHASE3B]       [4.3] SOURCE_VALUES            PENDING           0 / 17,162      0.0%  batches=0
2026-08-25T06:09:12.2905094-05:00 [PHASE3B] 
2026-08-25T06:09:12.2915078-05:00 [PHASE3B] [5/6] SOURCE_PRESENCE
2026-08-25T06:09:12.2915078-05:00 [PHASE3B]       [5.1] PARTS                    PENDING           0 / 1           0.0%  batches=0
2026-08-25T06:09:12.2925105-05:00 [PHASE3B]       [5.2] SETS                     PENDING           0 / 1           0.0%  batches=0
2026-08-25T06:09:12.2935075-05:00 [PHASE3B]       [5.3] MINIFIGURES              PENDING           0 / 1           0.0%  batches=0
2026-08-25T06:09:12.2945077-05:00 [PHASE3B] 
2026-08-25T06:09:12.2945077-05:00 [PHASE3B] [6/6] FINALIZE_SOURCE_RUN
2026-08-25T06:09:12.2955084-05:00 [PHASE3B]       [6.1] VERIFY_COUNTS            PENDING           0 / 1           0.0%  batches=0
2026-08-25T06:09:12.2965077-05:00 [PHASE3B]       [6.2] COMPLETE_RUN             PENDING           0 / 1           0.0%  batches=0
2026-08-25T06:09:12.2975103-05:00 [PHASE3B] 
2026-08-25T06:09:12.2975103-05:00 [PHASE3B] [RUN] [3.1] RECONCILE_SETS / CATALOG_IDENTITIES 0/28,119 (  0.0%) batch=1
2026-08-25T06:09:12.6665934-05:00 [PHASE3B] [OK ] [3.1] CATALOG_IDENTITIES: 5,000/28,119 (17.8%) batches=1 elapsed=0.40s
2026-08-25T06:09:12.6675935-05:00 [PHASE3B] [RUN] [3.1] RECONCILE_SETS / CATALOG_IDENTITIES 5,000/28,119 ( 17.8%) batch=2
2026-08-25T06:09:12.8730776-05:00 [PHASE3B] [OK ] [3.1] CATALOG_IDENTITIES: 10,000/28,119 (35.6%) batches=2 elapsed=0.20s
2026-08-25T06:09:12.8740764-05:00 [PHASE3B] [RUN] [3.1] RECONCILE_SETS / CATALOG_IDENTITIES 10,000/28,119 ( 35.6%) batch=3
2026-08-25T06:09:13.0537953-05:00 [PHASE3B] [OK ] [3.1] CATALOG_IDENTITIES: 15,000/28,119 (53.3%) batches=3 elapsed=0.18s
2026-08-25T06:09:13.0547966-05:00 [PHASE3B] [RUN] [3.1] RECONCILE_SETS / CATALOG_IDENTITIES 15,000/28,119 ( 53.3%) batch=4
2026-08-25T06:09:13.8450351-05:00 [PHASE3B] [OK ] [3.1] CATALOG_IDENTITIES: 20,000/28,119 (71.1%) batches=4 elapsed=0.79s
2026-08-25T06:09:13.8460353-05:00 [PHASE3B] [RUN] [3.1] RECONCILE_SETS / CATALOG_IDENTITIES 20,000/28,119 ( 71.1%) batch=5
2026-08-25T06:09:14.0260688-05:00 [PHASE3B] [OK ] [3.1] CATALOG_IDENTITIES: 25,000/28,119 (88.9%) batches=5 elapsed=0.18s
2026-08-25T06:09:14.0270682-05:00 [PHASE3B] [RUN] [3.1] RECONCILE_SETS / CATALOG_IDENTITIES 25,000/28,119 ( 88.9%) batch=6
2026-08-25T06:09:14.1749260-05:00 [PHASE3B] [OK ] [3.1] CATALOG_IDENTITIES: 28,119/28,119 (100.0%) batches=6 elapsed=0.15s
2026-08-25T06:09:14.1759302-05:00 [PHASE3B] 
2026-08-25T06:09:14.1769305-05:00 [PHASE3B] -------------------------------------------------------------------------------
2026-08-25T06:09:14.1779307-05:00 [PHASE3B]  Durable Phase 3B checkpoint status
2026-08-25T06:09:14.1789303-05:00 [PHASE3B] -------------------------------------------------------------------------------
2026-08-25T06:09:14.1799324-05:00 [PHASE3B] 
2026-08-25T06:09:14.1799324-05:00 [PHASE3B] [1/6] VALIDATE_SOURCE_RUN
2026-08-25T06:09:14.1809306-05:00 [PHASE3B]       [1.1] RUN_CONTRACT             COMPLETED         1 / 1         100.0%  batches=1
2026-08-25T06:09:14.1819315-05:00 [PHASE3B]       [1.2] STAGED_COUNTS            COMPLETED         1 / 1         100.0%  batches=1
2026-08-25T06:09:14.1829315-05:00 [PHASE3B]       [1.3] REFERENCE_LINKS          COMPLETED         1 / 1         100.0%  batches=1
2026-08-25T06:09:14.1829315-05:00 [PHASE3B] 
2026-08-25T06:09:14.1839311-05:00 [PHASE3B] [2/6] RECONCILE_PARTS
2026-08-25T06:09:14.1849308-05:00 [PHASE3B]       [2.1] CATALOG_IDENTITIES       COMPLETED    64,347 / 64,347    100.0%  batches=13
2026-08-25T06:09:14.1859316-05:00 [PHASE3B]       [2.2] PART_ROWS                COMPLETED    64,347 / 64,347    100.0%  batches=13
2026-08-25T06:09:14.1859316-05:00 [PHASE3B]       [2.3] SOURCE_VALUES            COMPLETED    64,347 / 64,347    100.0%  batches=13
2026-08-25T06:09:14.1869330-05:00 [PHASE3B] 
2026-08-25T06:09:14.1879299-05:00 [PHASE3B] [3/6] RECONCILE_SETS
2026-08-25T06:09:14.1889330-05:00 [PHASE3B]       [3.1] CATALOG_IDENTITIES       COMPLETED    28,119 / 28,119    100.0%  batches=6
2026-08-25T06:09:14.1889330-05:00 [PHASE3B]       [3.2] SET_ROWS                 PENDING           0 / 28,119      0.0%  batches=0
2026-08-25T06:09:14.1899330-05:00 [PHASE3B]       [3.3] SOURCE_VALUES            PENDING           0 / 28,119      0.0%  batches=0
2026-08-25T06:09:14.1909314-05:00 [PHASE3B] 
2026-08-25T06:09:14.1919299-05:00 [PHASE3B] [4/6] RECONCILE_MINIFIGURES
2026-08-25T06:09:14.1919299-05:00 [PHASE3B]       [4.1] CATALOG_IDENTITIES       PENDING           0 / 17,162      0.0%  batches=0
2026-08-25T06:09:14.1929302-05:00 [PHASE3B]       [4.2] MINIFIGURE_ROWS          PENDING           0 / 17,162      0.0%  batches=0
2026-08-25T06:09:14.1939330-05:00 [PHASE3B]       [4.3] SOURCE_VALUES            PENDING           0 / 17,162      0.0%  batches=0
2026-08-25T06:09:14.1949309-05:00 [PHASE3B] 
2026-08-25T06:09:14.1959306-05:00 [PHASE3B] [5/6] SOURCE_PRESENCE
2026-08-25T06:09:14.1959306-05:00 [PHASE3B]       [5.1] PARTS                    PENDING           0 / 1           0.0%  batches=0
2026-08-25T06:09:14.1969305-05:00 [PHASE3B]       [5.2] SETS                     PENDING           0 / 1           0.0%  batches=0
2026-08-25T06:09:14.1979296-05:00 [PHASE3B]       [5.3] MINIFIGURES              PENDING           0 / 1           0.0%  batches=0
2026-08-25T06:09:14.1989299-05:00 [PHASE3B] 
2026-08-25T06:09:14.1989299-05:00 [PHASE3B] [6/6] FINALIZE_SOURCE_RUN
2026-08-25T06:09:14.1999307-05:00 [PHASE3B]       [6.1] VERIFY_COUNTS            PENDING           0 / 1           0.0%  batches=0
2026-08-25T06:09:14.2009305-05:00 [PHASE3B]       [6.2] COMPLETE_RUN             PENDING           0 / 1           0.0%  batches=0
2026-08-25T06:09:14.2019324-05:00 [PHASE3B] 
2026-08-25T06:09:14.2019324-05:00 [PHASE3B] [RUN] [3.2] RECONCILE_SETS / SET_ROWS 0/28,119 (  0.0%) batch=1
2026-08-25T06:09:14.4025899-05:00 [PHASE3B] [OK ] [3.2] SET_ROWS: 5,000/28,119 (17.8%) batches=1 elapsed=0.23s
2026-08-25T06:09:14.4035928-05:00 [PHASE3B] [RUN] [3.2] RECONCILE_SETS / SET_ROWS 5,000/28,119 ( 17.8%) batch=2
2026-08-25T06:09:14.5306738-05:00 [PHASE3B] [OK ] [3.2] SET_ROWS: 10,000/28,119 (35.6%) batches=2 elapsed=0.13s
2026-08-25T06:09:14.5316718-05:00 [PHASE3B] [RUN] [3.2] RECONCILE_SETS / SET_ROWS 10,000/28,119 ( 35.6%) batch=3
2026-08-25T06:09:14.6476707-05:00 [PHASE3B] [OK ] [3.2] SET_ROWS: 15,000/28,119 (53.3%) batches=3 elapsed=0.12s
2026-08-25T06:09:14.6496726-05:00 [PHASE3B] [RUN] [3.2] RECONCILE_SETS / SET_ROWS 15,000/28,119 ( 53.3%) batch=4
2026-08-25T06:09:14.7716721-05:00 [PHASE3B] [OK ] [3.2] SET_ROWS: 20,000/28,119 (71.1%) batches=4 elapsed=0.12s
2026-08-25T06:09:14.7726712-05:00 [PHASE3B] [RUN] [3.2] RECONCILE_SETS / SET_ROWS 20,000/28,119 ( 71.1%) batch=5
2026-08-25T06:09:14.8938452-05:00 [PHASE3B] [OK ] [3.2] SET_ROWS: 25,000/28,119 (88.9%) batches=5 elapsed=0.12s
2026-08-25T06:09:14.8948436-05:00 [PHASE3B] [RUN] [3.2] RECONCILE_SETS / SET_ROWS 25,000/28,119 ( 88.9%) batch=6
2026-08-25T06:09:14.9820326-05:00 [PHASE3B] [OK ] [3.2] SET_ROWS: 28,119/28,119 (100.0%) batches=6 elapsed=0.09s
2026-08-25T06:09:14.9830328-05:00 [PHASE3B] 
2026-08-25T06:09:14.9840349-05:00 [PHASE3B] -------------------------------------------------------------------------------
2026-08-25T06:09:14.9850333-05:00 [PHASE3B]  Durable Phase 3B checkpoint status
2026-08-25T06:09:14.9860335-05:00 [PHASE3B] -------------------------------------------------------------------------------
2026-08-25T06:09:14.9860335-05:00 [PHASE3B] 
2026-08-25T06:09:14.9870328-05:00 [PHASE3B] [1/6] VALIDATE_SOURCE_RUN
2026-08-25T06:09:14.9880326-05:00 [PHASE3B]       [1.1] RUN_CONTRACT             COMPLETED         1 / 1         100.0%  batches=1
2026-08-25T06:09:14.9890334-05:00 [PHASE3B]       [1.2] STAGED_COUNTS            COMPLETED         1 / 1         100.0%  batches=1
2026-08-25T06:09:14.9900325-05:00 [PHASE3B]       [1.3] REFERENCE_LINKS          COMPLETED         1 / 1         100.0%  batches=1
2026-08-25T06:09:14.9900325-05:00 [PHASE3B] 
2026-08-25T06:09:14.9910328-05:00 [PHASE3B] [2/6] RECONCILE_PARTS
2026-08-25T06:09:14.9920355-05:00 [PHASE3B]       [2.1] CATALOG_IDENTITIES       COMPLETED    64,347 / 64,347    100.0%  batches=13
2026-08-25T06:09:14.9930327-05:00 [PHASE3B]       [2.2] PART_ROWS                COMPLETED    64,347 / 64,347    100.0%  batches=13
2026-08-25T06:09:14.9930327-05:00 [PHASE3B]       [2.3] SOURCE_VALUES            COMPLETED    64,347 / 64,347    100.0%  batches=13
2026-08-25T06:09:14.9940354-05:00 [PHASE3B] 
2026-08-25T06:09:14.9950329-05:00 [PHASE3B] [3/6] RECONCILE_SETS
2026-08-25T06:09:14.9960324-05:00 [PHASE3B]       [3.1] CATALOG_IDENTITIES       COMPLETED    28,119 / 28,119    100.0%  batches=6
2026-08-25T06:09:14.9960324-05:00 [PHASE3B]       [3.2] SET_ROWS                 COMPLETED    28,119 / 28,119    100.0%  batches=6
2026-08-25T06:09:14.9970327-05:00 [PHASE3B]       [3.3] SOURCE_VALUES            PENDING           0 / 28,119      0.0%  batches=0
2026-08-25T06:09:14.9980325-05:00 [PHASE3B] 
2026-08-25T06:09:14.9990330-05:00 [PHASE3B] [4/6] RECONCILE_MINIFIGURES
2026-08-25T06:09:14.9990330-05:00 [PHASE3B]       [4.1] CATALOG_IDENTITIES       PENDING           0 / 17,162      0.0%  batches=0
2026-08-25T06:09:15.0000318-05:00 [PHASE3B]       [4.2] MINIFIGURE_ROWS          PENDING           0 / 17,162      0.0%  batches=0
2026-08-25T06:09:15.0010322-05:00 [PHASE3B]       [4.3] SOURCE_VALUES            PENDING           0 / 17,162      0.0%  batches=0
2026-08-25T06:09:15.0020316-05:00 [PHASE3B] 
2026-08-25T06:09:15.0030316-05:00 [PHASE3B] [5/6] SOURCE_PRESENCE
2026-08-25T06:09:15.0040315-05:00 [PHASE3B]       [5.1] PARTS                    PENDING           0 / 1           0.0%  batches=0
2026-08-25T06:09:15.0050327-05:00 [PHASE3B]       [5.2] SETS                     PENDING           0 / 1           0.0%  batches=0
2026-08-25T06:09:15.0050327-05:00 [PHASE3B]       [5.3] MINIFIGURES              PENDING           0 / 1           0.0%  batches=0
2026-08-25T06:09:15.0060318-05:00 [PHASE3B] 
2026-08-25T06:09:15.0070332-05:00 [PHASE3B] [6/6] FINALIZE_SOURCE_RUN
2026-08-25T06:09:15.0070332-05:00 [PHASE3B]       [6.1] VERIFY_COUNTS            PENDING           0 / 1           0.0%  batches=0
2026-08-25T06:09:15.0080319-05:00 [PHASE3B]       [6.2] COMPLETE_RUN             PENDING           0 / 1           0.0%  batches=0
2026-08-25T06:09:15.0090321-05:00 [PHASE3B] 
2026-08-25T06:09:15.0100324-05:00 [PHASE3B] [RUN] [3.3] RECONCILE_SETS / SOURCE_VALUES 0/28,119 (  0.0%) batch=1
2026-08-25T06:09:15.7814875-05:00 [PHASE3B] [OK ] [3.3] SOURCE_VALUES: 5,000/28,119 (17.8%) batches=1 elapsed=0.80s
2026-08-25T06:09:15.7834876-05:00 [PHASE3B] [RUN] [3.3] RECONCILE_SETS / SOURCE_VALUES 5,000/28,119 ( 17.8%) batch=2
2026-08-25T06:09:16.5192009-05:00 [PHASE3B] [OK ] [3.3] SOURCE_VALUES: 10,000/28,119 (35.6%) batches=2 elapsed=0.74s
2026-08-25T06:09:16.5202014-05:00 [PHASE3B] [RUN] [3.3] RECONCILE_SETS / SOURCE_VALUES 10,000/28,119 ( 35.6%) batch=3
2026-08-25T06:09:17.5178962-05:00 [PHASE3B] [OK ] [3.3] SOURCE_VALUES: 15,000/28,119 (53.3%) batches=3 elapsed=1.00s
2026-08-25T06:09:17.5188961-05:00 [PHASE3B] [RUN] [3.3] RECONCILE_SETS / SOURCE_VALUES 15,000/28,119 ( 53.3%) batch=4
2026-08-25T06:09:18.2937532-05:00 [PHASE3B] [OK ] [3.3] SOURCE_VALUES: 20,000/28,119 (71.1%) batches=4 elapsed=0.78s
2026-08-25T06:09:18.2947522-05:00 [PHASE3B] [RUN] [3.3] RECONCILE_SETS / SOURCE_VALUES 20,000/28,119 ( 71.1%) batch=5
2026-08-25T06:09:20.1499349-05:00 [PHASE3B] [OK ] [3.3] SOURCE_VALUES: 25,000/28,119 (88.9%) batches=5 elapsed=1.86s
2026-08-25T06:09:20.1509359-05:00 [PHASE3B] [RUN] [3.3] RECONCILE_SETS / SOURCE_VALUES 25,000/28,119 ( 88.9%) batch=6
2026-08-25T06:09:20.6839371-05:00 [PHASE3B] [OK ] [3.3] SOURCE_VALUES: 28,119/28,119 (100.0%) batches=6 elapsed=0.53s
2026-08-25T06:09:20.6849383-05:00 [PHASE3B] 
2026-08-25T06:09:20.6859377-05:00 [PHASE3B] -------------------------------------------------------------------------------
2026-08-25T06:09:20.6869371-05:00 [PHASE3B]  Durable Phase 3B checkpoint status
2026-08-25T06:09:20.6879375-05:00 [PHASE3B] -------------------------------------------------------------------------------
2026-08-25T06:09:20.6879375-05:00 [PHASE3B] 
2026-08-25T06:09:20.6889374-05:00 [PHASE3B] [1/6] VALIDATE_SOURCE_RUN
2026-08-25T06:09:20.6899368-05:00 [PHASE3B]       [1.1] RUN_CONTRACT             COMPLETED         1 / 1         100.0%  batches=1
2026-08-25T06:09:20.6909364-05:00 [PHASE3B]       [1.2] STAGED_COUNTS            COMPLETED         1 / 1         100.0%  batches=1
2026-08-25T06:09:20.6909364-05:00 [PHASE3B]       [1.3] REFERENCE_LINKS          COMPLETED         1 / 1         100.0%  batches=1
2026-08-25T06:09:20.6919371-05:00 [PHASE3B] 
2026-08-25T06:09:20.6929372-05:00 [PHASE3B] [2/6] RECONCILE_PARTS
2026-08-25T06:09:20.6939370-05:00 [PHASE3B]       [2.1] CATALOG_IDENTITIES       COMPLETED    64,347 / 64,347    100.0%  batches=13
2026-08-25T06:09:20.6949368-05:00 [PHASE3B]       [2.2] PART_ROWS                COMPLETED    64,347 / 64,347    100.0%  batches=13
2026-08-25T06:09:20.6959370-05:00 [PHASE3B]       [2.3] SOURCE_VALUES            COMPLETED    64,347 / 64,347    100.0%  batches=13
2026-08-25T06:09:20.6969408-05:00 [PHASE3B] 
2026-08-25T06:09:20.6969408-05:00 [PHASE3B] [3/6] RECONCILE_SETS
2026-08-25T06:09:20.6979369-05:00 [PHASE3B]       [3.1] CATALOG_IDENTITIES       COMPLETED    28,119 / 28,119    100.0%  batches=6
2026-08-25T06:09:20.6989372-05:00 [PHASE3B]       [3.2] SET_ROWS                 COMPLETED    28,119 / 28,119    100.0%  batches=6
2026-08-25T06:09:20.6999363-05:00 [PHASE3B]       [3.3] SOURCE_VALUES            COMPLETED    28,119 / 28,119    100.0%  batches=6
2026-08-25T06:09:20.7009376-05:00 [PHASE3B] 
2026-08-25T06:09:20.7009376-05:00 [PHASE3B] [4/6] RECONCILE_MINIFIGURES
2026-08-25T06:09:20.7019386-05:00 [PHASE3B]       [4.1] CATALOG_IDENTITIES       PENDING           0 / 17,162      0.0%  batches=0
2026-08-25T06:09:20.7029364-05:00 [PHASE3B]       [4.2] MINIFIGURE_ROWS          PENDING           0 / 17,162      0.0%  batches=0
2026-08-25T06:09:20.7039389-05:00 [PHASE3B]       [4.3] SOURCE_VALUES            PENDING           0 / 17,162      0.0%  batches=0
2026-08-25T06:09:20.7049377-05:00 [PHASE3B] 
2026-08-25T06:09:20.7049377-05:00 [PHASE3B] [5/6] SOURCE_PRESENCE
2026-08-25T06:09:20.7059401-05:00 [PHASE3B]       [5.1] PARTS                    PENDING           0 / 1           0.0%  batches=0
2026-08-25T06:09:20.7069361-05:00 [PHASE3B]       [5.2] SETS                     PENDING           0 / 1           0.0%  batches=0
2026-08-25T06:09:20.7079371-05:00 [PHASE3B]       [5.3] MINIFIGURES              PENDING           0 / 1           0.0%  batches=0
2026-08-25T06:09:20.7089382-05:00 [PHASE3B] 
2026-08-25T06:09:20.7089382-05:00 [PHASE3B] [6/6] FINALIZE_SOURCE_RUN
2026-08-25T06:09:20.7099376-05:00 [PHASE3B]       [6.1] VERIFY_COUNTS            PENDING           0 / 1           0.0%  batches=0
2026-08-25T06:09:20.7109371-05:00 [PHASE3B]       [6.2] COMPLETE_RUN             PENDING           0 / 1           0.0%  batches=0
2026-08-25T06:09:20.7119381-05:00 [PHASE3B] 
2026-08-25T06:09:20.7129370-05:00 [PHASE3B] [RUN] [4.1] RECONCILE_MINIFIGURES / CATALOG_IDENTITIES 0/17,162 (  0.0%) batch=1
2026-08-25T06:09:20.8929361-05:00 [PHASE3B] [OK ] [4.1] CATALOG_IDENTITIES: 5,000/17,162 (29.1%) batches=1 elapsed=0.21s
2026-08-25T06:09:20.8939412-05:00 [PHASE3B] [RUN] [4.1] RECONCILE_MINIFIGURES / CATALOG_IDENTITIES 5,000/17,162 ( 29.1%) batch=2
2026-08-25T06:09:21.8939683-05:00 [PHASE3B] [OK ] [4.1] CATALOG_IDENTITIES: 10,000/17,162 (58.3%) batches=2 elapsed=1.00s
2026-08-25T06:09:21.8949686-05:00 [PHASE3B] [RUN] [4.1] RECONCILE_MINIFIGURES / CATALOG_IDENTITIES 10,000/17,162 ( 58.3%) batch=3
2026-08-25T06:09:22.6212671-05:00 [PHASE3B] [OK ] [4.1] CATALOG_IDENTITIES: 15,000/17,162 (87.4%) batches=3 elapsed=0.73s
2026-08-25T06:09:22.6222680-05:00 [PHASE3B] [RUN] [4.1] RECONCILE_MINIFIGURES / CATALOG_IDENTITIES 15,000/17,162 ( 87.4%) batch=4
2026-08-25T06:09:22.9647127-05:00 [PHASE3B] [OK ] [4.1] CATALOG_IDENTITIES: 17,162/17,162 (100.0%) batches=4 elapsed=0.34s
2026-08-25T06:09:22.9657109-05:00 [PHASE3B] 
2026-08-25T06:09:22.9667113-05:00 [PHASE3B] -------------------------------------------------------------------------------
2026-08-25T06:09:22.9677100-05:00 [PHASE3B]  Durable Phase 3B checkpoint status
2026-08-25T06:09:22.9687104-05:00 [PHASE3B] -------------------------------------------------------------------------------
2026-08-25T06:09:22.9697091-05:00 [PHASE3B] 
2026-08-25T06:09:22.9697091-05:00 [PHASE3B] [1/6] VALIDATE_SOURCE_RUN
2026-08-25T06:09:22.9707098-05:00 [PHASE3B]       [1.1] RUN_CONTRACT             COMPLETED         1 / 1         100.0%  batches=1
2026-08-25T06:09:22.9717090-05:00 [PHASE3B]       [1.2] STAGED_COUNTS            COMPLETED         1 / 1         100.0%  batches=1
2026-08-25T06:09:22.9727091-05:00 [PHASE3B]       [1.3] REFERENCE_LINKS          COMPLETED         1 / 1         100.0%  batches=1
2026-08-25T06:09:22.9737114-05:00 [PHASE3B] 
2026-08-25T06:09:22.9747106-05:00 [PHASE3B] [2/6] RECONCILE_PARTS
2026-08-25T06:09:22.9747106-05:00 [PHASE3B]       [2.1] CATALOG_IDENTITIES       COMPLETED    64,347 / 64,347    100.0%  batches=13
2026-08-25T06:09:22.9757106-05:00 [PHASE3B]       [2.2] PART_ROWS                COMPLETED    64,347 / 64,347    100.0%  batches=13
2026-08-25T06:09:22.9767093-05:00 [PHASE3B]       [2.3] SOURCE_VALUES            COMPLETED    64,347 / 64,347    100.0%  batches=13
2026-08-25T06:09:22.9777094-05:00 [PHASE3B] 
2026-08-25T06:09:22.9787094-05:00 [PHASE3B] [3/6] RECONCILE_SETS
2026-08-25T06:09:22.9797092-05:00 [PHASE3B]       [3.1] CATALOG_IDENTITIES       COMPLETED    28,119 / 28,119    100.0%  batches=6
2026-08-25T06:09:22.9797092-05:00 [PHASE3B]       [3.2] SET_ROWS                 COMPLETED    28,119 / 28,119    100.0%  batches=6
2026-08-25T06:09:22.9807105-05:00 [PHASE3B]       [3.3] SOURCE_VALUES            COMPLETED    28,119 / 28,119    100.0%  batches=6
2026-08-25T06:09:22.9817093-05:00 [PHASE3B] 
2026-08-25T06:09:22.9827091-05:00 [PHASE3B] [4/6] RECONCILE_MINIFIGURES
2026-08-25T06:09:22.9827091-05:00 [PHASE3B]       [4.1] CATALOG_IDENTITIES       COMPLETED    17,162 / 17,162    100.0%  batches=4
2026-08-25T06:09:22.9837106-05:00 [PHASE3B]       [4.2] MINIFIGURE_ROWS          PENDING           0 / 17,162      0.0%  batches=0
2026-08-25T06:09:22.9847106-05:00 [PHASE3B]       [4.3] SOURCE_VALUES            PENDING           0 / 17,162      0.0%  batches=0
2026-08-25T06:09:22.9857090-05:00 [PHASE3B] 
2026-08-25T06:09:22.9867097-05:00 [PHASE3B] [5/6] SOURCE_PRESENCE
2026-08-25T06:09:22.9877104-05:00 [PHASE3B]       [5.1] PARTS                    PENDING           0 / 1           0.0%  batches=0
2026-08-25T06:09:22.9887092-05:00 [PHASE3B]       [5.2] SETS                     PENDING           0 / 1           0.0%  batches=0
2026-08-25T06:09:22.9887092-05:00 [PHASE3B]       [5.3] MINIFIGURES              PENDING           0 / 1           0.0%  batches=0
2026-08-25T06:09:22.9897093-05:00 [PHASE3B] 
2026-08-25T06:09:22.9907094-05:00 [PHASE3B] [6/6] FINALIZE_SOURCE_RUN
2026-08-25T06:09:22.9917092-05:00 [PHASE3B]       [6.1] VERIFY_COUNTS            PENDING           0 / 1           0.0%  batches=0
2026-08-25T06:09:22.9927089-05:00 [PHASE3B]       [6.2] COMPLETE_RUN             PENDING           0 / 1           0.0%  batches=0
2026-08-25T06:09:22.9927089-05:00 [PHASE3B] 
2026-08-25T06:09:22.9937086-05:00 [PHASE3B] [RUN] [4.2] RECONCILE_MINIFIGURES / MINIFIGURE_ROWS 0/17,162 (  0.0%) batch=1
2026-08-25T06:09:23.9906122-05:00 [PHASE3B] [OK ] [4.2] MINIFIGURE_ROWS: 5,000/17,162 (29.1%) batches=1 elapsed=1.03s
2026-08-25T06:09:23.9926119-05:00 [PHASE3B] [RUN] [4.2] RECONCILE_MINIFIGURES / MINIFIGURE_ROWS 5,000/17,162 ( 29.1%) batch=2
2026-08-25T06:09:24.1698488-05:00 [PHASE3B] [OK ] [4.2] MINIFIGURE_ROWS: 10,000/17,162 (58.3%) batches=2 elapsed=0.18s
2026-08-25T06:09:24.1708497-05:00 [PHASE3B] [RUN] [4.2] RECONCILE_MINIFIGURES / MINIFIGURE_ROWS 10,000/17,162 ( 58.3%) batch=3
2026-08-25T06:09:24.2768475-05:00 [PHASE3B] [OK ] [4.2] MINIFIGURE_ROWS: 15,000/17,162 (87.4%) batches=3 elapsed=0.11s
2026-08-25T06:09:24.2788472-05:00 [PHASE3B] [RUN] [4.2] RECONCILE_MINIFIGURES / MINIFIGURE_ROWS 15,000/17,162 ( 87.4%) batch=4
2026-08-25T06:09:24.3518326-05:00 [PHASE3B] [OK ] [4.2] MINIFIGURE_ROWS: 17,162/17,162 (100.0%) batches=4 elapsed=0.07s
2026-08-25T06:09:24.3528309-05:00 [PHASE3B] 
2026-08-25T06:09:24.3538330-05:00 [PHASE3B] -------------------------------------------------------------------------------
2026-08-25T06:09:24.3538330-05:00 [PHASE3B]  Durable Phase 3B checkpoint status
2026-08-25T06:09:24.3548345-05:00 [PHASE3B] -------------------------------------------------------------------------------
2026-08-25T06:09:24.3558318-05:00 [PHASE3B] 
2026-08-25T06:09:24.3568333-05:00 [PHASE3B] [1/6] VALIDATE_SOURCE_RUN
2026-08-25T06:09:24.3578318-05:00 [PHASE3B]       [1.1] RUN_CONTRACT             COMPLETED         1 / 1         100.0%  batches=1
2026-08-25T06:09:24.3578318-05:00 [PHASE3B]       [1.2] STAGED_COUNTS            COMPLETED         1 / 1         100.0%  batches=1
2026-08-25T06:09:24.3588311-05:00 [PHASE3B]       [1.3] REFERENCE_LINKS          COMPLETED         1 / 1         100.0%  batches=1
2026-08-25T06:09:24.3598307-05:00 [PHASE3B] 
2026-08-25T06:09:24.3608329-05:00 [PHASE3B] [2/6] RECONCILE_PARTS
2026-08-25T06:09:24.3618321-05:00 [PHASE3B]       [2.1] CATALOG_IDENTITIES       COMPLETED    64,347 / 64,347    100.0%  batches=13
2026-08-25T06:09:24.3618321-05:00 [PHASE3B]       [2.2] PART_ROWS                COMPLETED    64,347 / 64,347    100.0%  batches=13
2026-08-25T06:09:24.3628309-05:00 [PHASE3B]       [2.3] SOURCE_VALUES            COMPLETED    64,347 / 64,347    100.0%  batches=13
2026-08-25T06:09:24.3638310-05:00 [PHASE3B] 
2026-08-25T06:09:24.3648302-05:00 [PHASE3B] [3/6] RECONCILE_SETS
2026-08-25T06:09:24.3648302-05:00 [PHASE3B]       [3.1] CATALOG_IDENTITIES       COMPLETED    28,119 / 28,119    100.0%  batches=6
2026-08-25T06:09:24.3658342-05:00 [PHASE3B]       [3.2] SET_ROWS                 COMPLETED    28,119 / 28,119    100.0%  batches=6
2026-08-25T06:09:24.3668311-05:00 [PHASE3B]       [3.3] SOURCE_VALUES            COMPLETED    28,119 / 28,119    100.0%  batches=6
2026-08-25T06:09:24.3678327-05:00 [PHASE3B] 
2026-08-25T06:09:24.3678327-05:00 [PHASE3B] [4/6] RECONCILE_MINIFIGURES
2026-08-25T06:09:24.3688309-05:00 [PHASE3B]       [4.1] CATALOG_IDENTITIES       COMPLETED    17,162 / 17,162    100.0%  batches=4
2026-08-25T06:09:24.3698313-05:00 [PHASE3B]       [4.2] MINIFIGURE_ROWS          COMPLETED    17,162 / 17,162    100.0%  batches=4
2026-08-25T06:09:24.3708312-05:00 [PHASE3B]       [4.3] SOURCE_VALUES            PENDING           0 / 17,162      0.0%  batches=0
2026-08-25T06:09:24.3718311-05:00 [PHASE3B] 
2026-08-25T06:09:24.3718311-05:00 [PHASE3B] [5/6] SOURCE_PRESENCE
2026-08-25T06:09:24.3728329-05:00 [PHASE3B]       [5.1] PARTS                    PENDING           0 / 1           0.0%  batches=0
2026-08-25T06:09:24.3738313-05:00 [PHASE3B]       [5.2] SETS                     PENDING           0 / 1           0.0%  batches=0
2026-08-25T06:09:24.3748314-05:00 [PHASE3B]       [5.3] MINIFIGURES              PENDING           0 / 1           0.0%  batches=0
2026-08-25T06:09:24.3758321-05:00 [PHASE3B] 
2026-08-25T06:09:24.3758321-05:00 [PHASE3B] [6/6] FINALIZE_SOURCE_RUN
2026-08-25T06:09:24.3768309-05:00 [PHASE3B]       [6.1] VERIFY_COUNTS            PENDING           0 / 1           0.0%  batches=0
2026-08-25T06:09:24.3778315-05:00 [PHASE3B]       [6.2] COMPLETE_RUN             PENDING           0 / 1           0.0%  batches=0
2026-08-25T06:09:24.3788315-05:00 [PHASE3B] 
2026-08-25T06:09:24.3788315-05:00 [PHASE3B] [RUN] [4.3] RECONCILE_MINIFIGURES / SOURCE_VALUES 0/17,162 (  0.0%) batch=1
2026-08-25T06:09:24.9632275-05:00 [PHASE3B] [OK ] [4.3] SOURCE_VALUES: 5,000/17,162 (29.1%) batches=1 elapsed=0.61s
2026-08-25T06:09:24.9642272-05:00 [PHASE3B] [RUN] [4.3] RECONCILE_MINIFIGURES / SOURCE_VALUES 5,000/17,162 ( 29.1%) batch=2
2026-08-25T06:09:25.5452267-05:00 [PHASE3B] [OK ] [4.3] SOURCE_VALUES: 10,000/17,162 (58.3%) batches=2 elapsed=0.58s
2026-08-25T06:09:25.5462292-05:00 [PHASE3B] [RUN] [4.3] RECONCILE_MINIFIGURES / SOURCE_VALUES 10,000/17,162 ( 58.3%) batch=3
2026-08-25T06:09:26.1632280-05:00 [PHASE3B] [OK ] [4.3] SOURCE_VALUES: 15,000/17,162 (87.4%) batches=3 elapsed=0.62s
2026-08-25T06:09:26.1642277-05:00 [PHASE3B] [RUN] [4.3] RECONCILE_MINIFIGURES / SOURCE_VALUES 15,000/17,162 ( 87.4%) batch=4
2026-08-25T06:09:27.6902271-05:00 [PHASE3B] [OK ] [4.3] SOURCE_VALUES: 17,162/17,162 (100.0%) batches=4 elapsed=1.53s
2026-08-25T06:09:27.6922247-05:00 [PHASE3B] 
2026-08-25T06:09:27.6922247-05:00 [PHASE3B] -------------------------------------------------------------------------------
2026-08-25T06:09:27.6932275-05:00 [PHASE3B]  Durable Phase 3B checkpoint status
2026-08-25T06:09:27.6942263-05:00 [PHASE3B] -------------------------------------------------------------------------------
2026-08-25T06:09:27.6952262-05:00 [PHASE3B] 
2026-08-25T06:09:27.6962246-05:00 [PHASE3B] [1/6] VALIDATE_SOURCE_RUN
2026-08-25T06:09:27.6972257-05:00 [PHASE3B]       [1.1] RUN_CONTRACT             COMPLETED         1 / 1         100.0%  batches=1
2026-08-25T06:09:27.6982241-05:00 [PHASE3B]       [1.2] STAGED_COUNTS            COMPLETED         1 / 1         100.0%  batches=1
2026-08-25T06:09:27.6992269-05:00 [PHASE3B]       [1.3] REFERENCE_LINKS          COMPLETED         1 / 1         100.0%  batches=1
2026-08-25T06:09:27.7002247-05:00 [PHASE3B] 
2026-08-25T06:09:27.7002247-05:00 [PHASE3B] [2/6] RECONCILE_PARTS
2026-08-25T06:09:27.7012265-05:00 [PHASE3B]       [2.1] CATALOG_IDENTITIES       COMPLETED    64,347 / 64,347    100.0%  batches=13
2026-08-25T06:09:27.7022256-05:00 [PHASE3B]       [2.2] PART_ROWS                COMPLETED    64,347 / 64,347    100.0%  batches=13
2026-08-25T06:09:27.7032247-05:00 [PHASE3B]       [2.3] SOURCE_VALUES            COMPLETED    64,347 / 64,347    100.0%  batches=13
2026-08-25T06:09:27.7032247-05:00 [PHASE3B] 
2026-08-25T06:09:27.7042251-05:00 [PHASE3B] [3/6] RECONCILE_SETS
2026-08-25T06:09:27.7052267-05:00 [PHASE3B]       [3.1] CATALOG_IDENTITIES       COMPLETED    28,119 / 28,119    100.0%  batches=6
2026-08-25T06:09:27.7062246-05:00 [PHASE3B]       [3.2] SET_ROWS                 COMPLETED    28,119 / 28,119    100.0%  batches=6
2026-08-25T06:09:27.7062246-05:00 [PHASE3B]       [3.3] SOURCE_VALUES            COMPLETED    28,119 / 28,119    100.0%  batches=6
2026-08-25T06:09:27.7072268-05:00 [PHASE3B] 
2026-08-25T06:09:27.7082242-05:00 [PHASE3B] [4/6] RECONCILE_MINIFIGURES
2026-08-25T06:09:27.7092254-05:00 [PHASE3B]       [4.1] CATALOG_IDENTITIES       COMPLETED    17,162 / 17,162    100.0%  batches=4
2026-08-25T06:09:27.7092254-05:00 [PHASE3B]       [4.2] MINIFIGURE_ROWS          COMPLETED    17,162 / 17,162    100.0%  batches=4
2026-08-25T06:09:27.7102247-05:00 [PHASE3B]       [4.3] SOURCE_VALUES            COMPLETED    17,162 / 17,162    100.0%  batches=4
2026-08-25T06:09:27.7112254-05:00 [PHASE3B] 
2026-08-25T06:09:27.7122238-05:00 [PHASE3B] [5/6] SOURCE_PRESENCE
2026-08-25T06:09:27.7132273-05:00 [PHASE3B]       [5.1] PARTS                    PENDING           0 / 1           0.0%  batches=0
2026-08-25T06:09:27.7132273-05:00 [PHASE3B]       [5.2] SETS                     PENDING           0 / 1           0.0%  batches=0
2026-08-25T06:09:27.7142249-05:00 [PHASE3B]       [5.3] MINIFIGURES              PENDING           0 / 1           0.0%  batches=0
2026-08-25T06:09:27.7152241-05:00 [PHASE3B] 
2026-08-25T06:09:27.7162260-05:00 [PHASE3B] [6/6] FINALIZE_SOURCE_RUN
2026-08-25T06:09:27.7162260-05:00 [PHASE3B]       [6.1] VERIFY_COUNTS            PENDING           0 / 1           0.0%  batches=0
2026-08-25T06:09:27.7172273-05:00 [PHASE3B]       [6.2] COMPLETE_RUN             PENDING           0 / 1           0.0%  batches=0
2026-08-25T06:09:27.7182259-05:00 [PHASE3B] 
2026-08-25T06:09:27.7192241-05:00 [PHASE3B] [RUN] [5.1] SOURCE_PRESENCE / PARTS 0/1 (  0.0%) batch=1
2026-08-25T06:09:27.9282302-05:00 [PHASE3B] [OK ] [5.1] PARTS: 1/1 (100.0%) batches=1 elapsed=0.24s
2026-08-25T06:09:27.9292318-05:00 [PHASE3B] 
2026-08-25T06:09:27.9302319-05:00 [PHASE3B] -------------------------------------------------------------------------------
2026-08-25T06:09:27.9312316-05:00 [PHASE3B]  Durable Phase 3B checkpoint status
2026-08-25T06:09:27.9322340-05:00 [PHASE3B] -------------------------------------------------------------------------------
2026-08-25T06:09:27.9332336-05:00 [PHASE3B] 
2026-08-25T06:09:27.9342301-05:00 [PHASE3B] [1/6] VALIDATE_SOURCE_RUN
2026-08-25T06:09:27.9342301-05:00 [PHASE3B]       [1.1] RUN_CONTRACT             COMPLETED         1 / 1         100.0%  batches=1
2026-08-25T06:09:27.9352326-05:00 [PHASE3B]       [1.2] STAGED_COUNTS            COMPLETED         1 / 1         100.0%  batches=1
2026-08-25T06:09:27.9362307-05:00 [PHASE3B]       [1.3] REFERENCE_LINKS          COMPLETED         1 / 1         100.0%  batches=1
2026-08-25T06:09:27.9372311-05:00 [PHASE3B] 
2026-08-25T06:09:27.9372311-05:00 [PHASE3B] [2/6] RECONCILE_PARTS
2026-08-25T06:09:27.9382311-05:00 [PHASE3B]       [2.1] CATALOG_IDENTITIES       COMPLETED    64,347 / 64,347    100.0%  batches=13
2026-08-25T06:09:27.9392312-05:00 [PHASE3B]       [2.2] PART_ROWS                COMPLETED    64,347 / 64,347    100.0%  batches=13
2026-08-25T06:09:27.9402325-05:00 [PHASE3B]       [2.3] SOURCE_VALUES            COMPLETED    64,347 / 64,347    100.0%  batches=13
2026-08-25T06:09:27.9402325-05:00 [PHASE3B] 
2026-08-25T06:09:27.9412310-05:00 [PHASE3B] [3/6] RECONCILE_SETS
2026-08-25T06:09:27.9422310-05:00 [PHASE3B]       [3.1] CATALOG_IDENTITIES       COMPLETED    28,119 / 28,119    100.0%  batches=6
2026-08-25T06:09:27.9432308-05:00 [PHASE3B]       [3.2] SET_ROWS                 COMPLETED    28,119 / 28,119    100.0%  batches=6
2026-08-25T06:09:27.9432308-05:00 [PHASE3B]       [3.3] SOURCE_VALUES            COMPLETED    28,119 / 28,119    100.0%  batches=6
2026-08-25T06:09:27.9442337-05:00 [PHASE3B] 
2026-08-25T06:09:27.9452312-05:00 [PHASE3B] [4/6] RECONCILE_MINIFIGURES
2026-08-25T06:09:27.9462339-05:00 [PHASE3B]       [4.1] CATALOG_IDENTITIES       COMPLETED    17,162 / 17,162    100.0%  batches=4
2026-08-25T06:09:27.9472307-05:00 [PHASE3B]       [4.2] MINIFIGURE_ROWS          COMPLETED    17,162 / 17,162    100.0%  batches=4
2026-08-25T06:09:27.9482330-05:00 [PHASE3B]       [4.3] SOURCE_VALUES            COMPLETED    17,162 / 17,162    100.0%  batches=4
2026-08-25T06:09:27.9482330-05:00 [PHASE3B] 
2026-08-25T06:09:27.9492314-05:00 [PHASE3B] [5/6] SOURCE_PRESENCE
2026-08-25T06:09:27.9502309-05:00 [PHASE3B]       [5.1] PARTS                    COMPLETED         1 / 1         100.0%  batches=1
2026-08-25T06:09:27.9512316-05:00 [PHASE3B]       [5.2] SETS                     PENDING           0 / 1           0.0%  batches=0
2026-08-25T06:09:27.9512316-05:00 [PHASE3B]       [5.3] MINIFIGURES              PENDING           0 / 1           0.0%  batches=0
2026-08-25T06:09:27.9522310-05:00 [PHASE3B] 
2026-08-25T06:09:27.9532311-05:00 [PHASE3B] [6/6] FINALIZE_SOURCE_RUN
2026-08-25T06:09:27.9552309-05:00 [PHASE3B]       [6.1] VERIFY_COUNTS            PENDING           0 / 1           0.0%  batches=0
2026-08-25T06:09:27.9562338-05:00 [PHASE3B]       [6.2] COMPLETE_RUN             PENDING           0 / 1           0.0%  batches=0
2026-08-25T06:09:27.9572308-05:00 [PHASE3B] 
2026-08-25T06:09:27.9572308-05:00 [PHASE3B] [RUN] [5.2] SOURCE_PRESENCE / SETS 0/1 (  0.0%) batch=1
2026-08-25T06:09:27.9612303-05:00 [PHASE3B] [OK ] [5.2] SETS: 1/1 (100.0%) batches=1 elapsed=0.03s
2026-08-25T06:09:27.9622314-05:00 [PHASE3B] 
2026-08-25T06:09:27.9622314-05:00 [PHASE3B] -------------------------------------------------------------------------------
2026-08-25T06:09:27.9632313-05:00 [PHASE3B]  Durable Phase 3B checkpoint status
2026-08-25T06:09:27.9642316-05:00 [PHASE3B] -------------------------------------------------------------------------------
2026-08-25T06:09:27.9652307-05:00 [PHASE3B] 
2026-08-25T06:09:27.9652307-05:00 [PHASE3B] [1/6] VALIDATE_SOURCE_RUN
2026-08-25T06:09:27.9662311-05:00 [PHASE3B]       [1.1] RUN_CONTRACT             COMPLETED         1 / 1         100.0%  batches=1
2026-08-25T06:09:27.9672324-05:00 [PHASE3B]       [1.2] STAGED_COUNTS            COMPLETED         1 / 1         100.0%  batches=1
2026-08-25T06:09:27.9682318-05:00 [PHASE3B]       [1.3] REFERENCE_LINKS          COMPLETED         1 / 1         100.0%  batches=1
2026-08-25T06:09:27.9682318-05:00 [PHASE3B] 
2026-08-25T06:09:27.9692305-05:00 [PHASE3B] [2/6] RECONCILE_PARTS
2026-08-25T06:09:27.9702307-05:00 [PHASE3B]       [2.1] CATALOG_IDENTITIES       COMPLETED    64,347 / 64,347    100.0%  batches=13
2026-08-25T06:09:27.9712311-05:00 [PHASE3B]       [2.2] PART_ROWS                COMPLETED    64,347 / 64,347    100.0%  batches=13
2026-08-25T06:09:27.9722320-05:00 [PHASE3B]       [2.3] SOURCE_VALUES            COMPLETED    64,347 / 64,347    100.0%  batches=13
2026-08-25T06:09:27.9732328-05:00 [PHASE3B] 
2026-08-25T06:09:27.9732328-05:00 [PHASE3B] [3/6] RECONCILE_SETS
2026-08-25T06:09:27.9742315-05:00 [PHASE3B]       [3.1] CATALOG_IDENTITIES       COMPLETED    28,119 / 28,119    100.0%  batches=6
2026-08-25T06:09:27.9752336-05:00 [PHASE3B]       [3.2] SET_ROWS                 COMPLETED    28,119 / 28,119    100.0%  batches=6
2026-08-25T06:09:27.9762303-05:00 [PHASE3B]       [3.3] SOURCE_VALUES            COMPLETED    28,119 / 28,119    100.0%  batches=6
2026-08-25T06:09:27.9762303-05:00 [PHASE3B] 
2026-08-25T06:09:27.9772309-05:00 [PHASE3B] [4/6] RECONCILE_MINIFIGURES
2026-08-25T06:09:27.9782315-05:00 [PHASE3B]       [4.1] CATALOG_IDENTITIES       COMPLETED    17,162 / 17,162    100.0%  batches=4
2026-08-25T06:09:27.9792325-05:00 [PHASE3B]       [4.2] MINIFIGURE_ROWS          COMPLETED    17,162 / 17,162    100.0%  batches=4
2026-08-25T06:09:27.9802309-05:00 [PHASE3B]       [4.3] SOURCE_VALUES            COMPLETED    17,162 / 17,162    100.0%  batches=4
2026-08-25T06:09:27.9802309-05:00 [PHASE3B] 
2026-08-25T06:09:27.9812315-05:00 [PHASE3B] [5/6] SOURCE_PRESENCE
2026-08-25T06:09:27.9822311-05:00 [PHASE3B]       [5.1] PARTS                    COMPLETED         1 / 1         100.0%  batches=1
2026-08-25T06:09:27.9832314-05:00 [PHASE3B]       [5.2] SETS                     COMPLETED         1 / 1         100.0%  batches=1
2026-08-25T06:09:27.9832314-05:00 [PHASE3B]       [5.3] MINIFIGURES              PENDING           0 / 1           0.0%  batches=0
2026-08-25T06:09:27.9842305-05:00 [PHASE3B] 
2026-08-25T06:09:27.9852307-05:00 [PHASE3B] [6/6] FINALIZE_SOURCE_RUN
2026-08-25T06:09:27.9862310-05:00 [PHASE3B]       [6.1] VERIFY_COUNTS            PENDING           0 / 1           0.0%  batches=0
2026-08-25T06:09:27.9862310-05:00 [PHASE3B]       [6.2] COMPLETE_RUN             PENDING           0 / 1           0.0%  batches=0
2026-08-25T06:09:27.9872307-05:00 [PHASE3B] 
2026-08-25T06:09:27.9882314-05:00 [PHASE3B] [RUN] [5.3] SOURCE_PRESENCE / MINIFIGURES 0/1 (  0.0%) batch=1
2026-08-25T06:09:27.9892314-05:00 [PHASE3B] [OK ] [5.3] MINIFIGURES: 1/1 (100.0%) batches=1 elapsed=0.01s
2026-08-25T06:09:27.9892314-05:00 [PHASE3B] 
2026-08-25T06:09:27.9902315-05:00 [PHASE3B] -------------------------------------------------------------------------------
2026-08-25T06:09:27.9912312-05:00 [PHASE3B]  Durable Phase 3B checkpoint status
2026-08-25T06:09:27.9922329-05:00 [PHASE3B] -------------------------------------------------------------------------------
2026-08-25T06:09:27.9932308-05:00 [PHASE3B] 
2026-08-25T06:09:27.9932308-05:00 [PHASE3B] [1/6] VALIDATE_SOURCE_RUN
2026-08-25T06:09:27.9942326-05:00 [PHASE3B]       [1.1] RUN_CONTRACT             COMPLETED         1 / 1         100.0%  batches=1
2026-08-25T06:09:27.9952308-05:00 [PHASE3B]       [1.2] STAGED_COUNTS            COMPLETED         1 / 1         100.0%  batches=1
2026-08-25T06:09:27.9962313-05:00 [PHASE3B]       [1.3] REFERENCE_LINKS          COMPLETED         1 / 1         100.0%  batches=1
2026-08-25T06:09:27.9972305-05:00 [PHASE3B] 
2026-08-25T06:09:27.9972305-05:00 [PHASE3B] [2/6] RECONCILE_PARTS
2026-08-25T06:09:27.9982308-05:00 [PHASE3B]       [2.1] CATALOG_IDENTITIES       COMPLETED    64,347 / 64,347    100.0%  batches=13
2026-08-25T06:09:27.9992303-05:00 [PHASE3B]       [2.2] PART_ROWS                COMPLETED    64,347 / 64,347    100.0%  batches=13
2026-08-25T06:09:28.0002309-05:00 [PHASE3B]       [2.3] SOURCE_VALUES            COMPLETED    64,347 / 64,347    100.0%  batches=13
2026-08-25T06:09:28.0002309-05:00 [PHASE3B] 
2026-08-25T06:09:28.0012317-05:00 [PHASE3B] [3/6] RECONCILE_SETS
2026-08-25T06:09:28.0022307-05:00 [PHASE3B]       [3.1] CATALOG_IDENTITIES       COMPLETED    28,119 / 28,119    100.0%  batches=6
2026-08-25T06:09:28.0032308-05:00 [PHASE3B]       [3.2] SET_ROWS                 COMPLETED    28,119 / 28,119    100.0%  batches=6
2026-08-25T06:09:28.0032308-05:00 [PHASE3B]       [3.3] SOURCE_VALUES            COMPLETED    28,119 / 28,119    100.0%  batches=6
2026-08-25T06:09:28.0042363-05:00 [PHASE3B] 
2026-08-25T06:09:28.0052337-05:00 [PHASE3B] [4/6] RECONCILE_MINIFIGURES
2026-08-25T06:09:28.0062313-05:00 [PHASE3B]       [4.1] CATALOG_IDENTITIES       COMPLETED    17,162 / 17,162    100.0%  batches=4
2026-08-25T06:09:28.0062313-05:00 [PHASE3B]       [4.2] MINIFIGURE_ROWS          COMPLETED    17,162 / 17,162    100.0%  batches=4
2026-08-25T06:09:28.0072312-05:00 [PHASE3B]       [4.3] SOURCE_VALUES            COMPLETED    17,162 / 17,162    100.0%  batches=4
2026-08-25T06:09:28.0082307-05:00 [PHASE3B] 
2026-08-25T06:09:28.0092334-05:00 [PHASE3B] [5/6] SOURCE_PRESENCE
2026-08-25T06:09:28.0092334-05:00 [PHASE3B]       [5.1] PARTS                    COMPLETED         1 / 1         100.0%  batches=1
2026-08-25T06:09:28.0102347-05:00 [PHASE3B]       [5.2] SETS                     COMPLETED         1 / 1         100.0%  batches=1
2026-08-25T06:09:28.0112308-05:00 [PHASE3B]       [5.3] MINIFIGURES              COMPLETED         1 / 1         100.0%  batches=1
2026-08-25T06:09:28.0122309-05:00 [PHASE3B] 
2026-08-25T06:09:28.0122309-05:00 [PHASE3B] [6/6] FINALIZE_SOURCE_RUN
2026-08-25T06:09:28.0132323-05:00 [PHASE3B]       [6.1] VERIFY_COUNTS            PENDING           0 / 1           0.0%  batches=0
2026-08-25T06:09:28.0142308-05:00 [PHASE3B]       [6.2] COMPLETE_RUN             PENDING           0 / 1           0.0%  batches=0
2026-08-25T06:09:28.0152303-05:00 [PHASE3B] 
2026-08-25T06:09:28.0152303-05:00 [PHASE3B] [RUN] [6.1] FINALIZE_SOURCE_RUN / VERIFY_COUNTS 0/1 (  0.0%) batch=1
2026-08-25T06:09:28.0192304-05:00 [PHASE3B] [OK ] [6.1] VERIFY_COUNTS: 1/1 (100.0%) batches=1 elapsed=0.05s
2026-08-25T06:09:28.0192304-05:00 [PHASE3B] 
2026-08-25T06:09:28.0202310-05:00 [PHASE3B] -------------------------------------------------------------------------------
2026-08-25T06:09:28.0212309-05:00 [PHASE3B]  Durable Phase 3B checkpoint status
2026-08-25T06:09:28.0222313-05:00 [PHASE3B] -------------------------------------------------------------------------------
2026-08-25T06:09:28.0232315-05:00 [PHASE3B] 
2026-08-25T06:09:28.0232315-05:00 [PHASE3B] [1/6] VALIDATE_SOURCE_RUN
2026-08-25T06:09:28.0242313-05:00 [PHASE3B]       [1.1] RUN_CONTRACT             COMPLETED         1 / 1         100.0%  batches=1
2026-08-25T06:09:28.0252311-05:00 [PHASE3B]       [1.2] STAGED_COUNTS            COMPLETED         1 / 1         100.0%  batches=1
2026-08-25T06:09:28.0262303-05:00 [PHASE3B]       [1.3] REFERENCE_LINKS          COMPLETED         1 / 1         100.0%  batches=1
2026-08-25T06:09:28.0272311-05:00 [PHASE3B] 
2026-08-25T06:09:28.0282305-05:00 [PHASE3B] [2/6] RECONCILE_PARTS
2026-08-25T06:09:28.0282305-05:00 [PHASE3B]       [2.1] CATALOG_IDENTITIES       COMPLETED    64,347 / 64,347    100.0%  batches=13
2026-08-25T06:09:28.0292310-05:00 [PHASE3B]       [2.2] PART_ROWS                COMPLETED    64,347 / 64,347    100.0%  batches=13
2026-08-25T06:09:28.0302305-05:00 [PHASE3B]       [2.3] SOURCE_VALUES            COMPLETED    64,347 / 64,347    100.0%  batches=13
2026-08-25T06:09:28.0312313-05:00 [PHASE3B] 
2026-08-25T06:09:28.0312313-05:00 [PHASE3B] [3/6] RECONCILE_SETS
2026-08-25T06:09:28.0332314-05:00 [PHASE3B]       [3.1] CATALOG_IDENTITIES       COMPLETED    28,119 / 28,119    100.0%  batches=6
2026-08-25T06:09:28.0342320-05:00 [PHASE3B]       [3.2] SET_ROWS                 COMPLETED    28,119 / 28,119    100.0%  batches=6
2026-08-25T06:09:28.0342320-05:00 [PHASE3B]       [3.3] SOURCE_VALUES            COMPLETED    28,119 / 28,119    100.0%  batches=6
2026-08-25T06:09:28.0352345-05:00 [PHASE3B] 
2026-08-25T06:09:28.0362335-05:00 [PHASE3B] [4/6] RECONCILE_MINIFIGURES
2026-08-25T06:09:28.0372313-05:00 [PHASE3B]       [4.1] CATALOG_IDENTITIES       COMPLETED    17,162 / 17,162    100.0%  batches=4
2026-08-25T06:09:28.0382333-05:00 [PHASE3B]       [4.2] MINIFIGURE_ROWS          COMPLETED    17,162 / 17,162    100.0%  batches=4
2026-08-25T06:09:28.0382333-05:00 [PHASE3B]       [4.3] SOURCE_VALUES            COMPLETED    17,162 / 17,162    100.0%  batches=4
2026-08-25T06:09:28.0392321-05:00 [PHASE3B] 
2026-08-25T06:09:28.0402315-05:00 [PHASE3B] [5/6] SOURCE_PRESENCE
2026-08-25T06:09:28.0412313-05:00 [PHASE3B]       [5.1] PARTS                    COMPLETED         1 / 1         100.0%  batches=1
2026-08-25T06:09:28.0422309-05:00 [PHASE3B]       [5.2] SETS                     COMPLETED         1 / 1         100.0%  batches=1
2026-08-25T06:09:28.0422309-05:00 [PHASE3B]       [5.3] MINIFIGURES              COMPLETED         1 / 1         100.0%  batches=1
2026-08-25T06:09:28.0432317-05:00 [PHASE3B] 
2026-08-25T06:09:28.0442337-05:00 [PHASE3B] [6/6] FINALIZE_SOURCE_RUN
2026-08-25T06:09:28.0452317-05:00 [PHASE3B]       [6.1] VERIFY_COUNTS            COMPLETED         1 / 1         100.0%  batches=1
2026-08-25T06:09:28.0462314-05:00 [PHASE3B]       [6.2] COMPLETE_RUN             PENDING           0 / 1           0.0%  batches=0
2026-08-25T06:09:28.0462314-05:00 [PHASE3B] 
2026-08-25T06:09:28.0472310-05:00 [PHASE3B] [RUN] [6.2] FINALIZE_SOURCE_RUN / COMPLETE_RUN 0/1 (  0.0%) batch=1
2026-08-25T06:09:28.0482328-05:00 [PHASE3B] [OK ] [6.2] COMPLETE_RUN: 1/1 (100.0%) batches=1 elapsed=0.00s
2026-08-25T06:09:28.0492305-05:00 [PHASE3B] 
2026-08-25T06:09:28.0492305-05:00 [PHASE3B] -------------------------------------------------------------------------------
2026-08-25T06:09:28.0502310-05:00 [PHASE3B]  Durable Phase 3B checkpoint status
2026-08-25T06:09:28.0512309-05:00 [PHASE3B] -------------------------------------------------------------------------------
2026-08-25T06:09:28.0522325-05:00 [PHASE3B] 
2026-08-25T06:09:28.0532326-05:00 [PHASE3B] [1/6] VALIDATE_SOURCE_RUN
2026-08-25T06:09:28.0532326-05:00 [PHASE3B]       [1.1] RUN_CONTRACT             COMPLETED         1 / 1         100.0%  batches=1
2026-08-25T06:09:28.0542306-05:00 [PHASE3B]       [1.2] STAGED_COUNTS            COMPLETED         1 / 1         100.0%  batches=1
2026-08-25T06:09:28.0552323-05:00 [PHASE3B]       [1.3] REFERENCE_LINKS          COMPLETED         1 / 1         100.0%  batches=1
2026-08-25T06:09:28.0562311-05:00 [PHASE3B] 
2026-08-25T06:09:28.0562311-05:00 [PHASE3B] [2/6] RECONCILE_PARTS
2026-08-25T06:09:28.0572313-05:00 [PHASE3B]       [2.1] CATALOG_IDENTITIES       COMPLETED    64,347 / 64,347    100.0%  batches=13
2026-08-25T06:09:28.0582315-05:00 [PHASE3B]       [2.2] PART_ROWS                COMPLETED    64,347 / 64,347    100.0%  batches=13
2026-08-25T06:09:28.0592308-05:00 [PHASE3B]       [2.3] SOURCE_VALUES            COMPLETED    64,347 / 64,347    100.0%  batches=13
2026-08-25T06:09:28.0602310-05:00 [PHASE3B] 
2026-08-25T06:09:28.0602310-05:00 [PHASE3B] [3/6] RECONCILE_SETS
2026-08-25T06:09:28.0612339-05:00 [PHASE3B]       [3.1] CATALOG_IDENTITIES       COMPLETED    28,119 / 28,119    100.0%  batches=6
2026-08-25T06:09:28.0622315-05:00 [PHASE3B]       [3.2] SET_ROWS                 COMPLETED    28,119 / 28,119    100.0%  batches=6
2026-08-25T06:09:28.0632309-05:00 [PHASE3B]       [3.3] SOURCE_VALUES            COMPLETED    28,119 / 28,119    100.0%  batches=6
2026-08-25T06:09:28.0632309-05:00 [PHASE3B] 
2026-08-25T06:09:28.0642316-05:00 [PHASE3B] [4/6] RECONCILE_MINIFIGURES
2026-08-25T06:09:28.0652303-05:00 [PHASE3B]       [4.1] CATALOG_IDENTITIES       COMPLETED    17,162 / 17,162    100.0%  batches=4
2026-08-25T06:09:28.0662309-05:00 [PHASE3B]       [4.2] MINIFIGURE_ROWS          COMPLETED    17,162 / 17,162    100.0%  batches=4
2026-08-25T06:09:28.0662309-05:00 [PHASE3B]       [4.3] SOURCE_VALUES            COMPLETED    17,162 / 17,162    100.0%  batches=4
2026-08-25T06:09:28.0672315-05:00 [PHASE3B] 
2026-08-25T06:09:28.0682316-05:00 [PHASE3B] [5/6] SOURCE_PRESENCE
2026-08-25T06:09:28.0692308-05:00 [PHASE3B]       [5.1] PARTS                    COMPLETED         1 / 1         100.0%  batches=1
2026-08-25T06:09:28.0702310-05:00 [PHASE3B]       [5.2] SETS                     COMPLETED         1 / 1         100.0%  batches=1
2026-08-25T06:09:28.0702310-05:00 [PHASE3B]       [5.3] MINIFIGURES              COMPLETED         1 / 1         100.0%  batches=1
2026-08-25T06:09:28.0712306-05:00 [PHASE3B] 
2026-08-25T06:09:28.0722323-05:00 [PHASE3B] [6/6] FINALIZE_SOURCE_RUN
2026-08-25T06:09:28.0732310-05:00 [PHASE3B]       [6.1] VERIFY_COUNTS            COMPLETED         1 / 1         100.0%  batches=1
2026-08-25T06:09:28.0742312-05:00 [PHASE3B]       [6.2] COMPLETE_RUN             COMPLETED         1 / 1         100.0%  batches=1
2026-08-25T06:09:28.0742312-05:00 [PHASE3B] 
2026-08-25T06:09:28.0752304-05:00 [PHASE3B] 
2026-08-25T06:09:28.0762309-05:00 [PHASE3B] -------------------------------------------------------------------------------
2026-08-25T06:09:28.0772331-05:00 [PHASE3B]  Durable Phase 3B checkpoint status
2026-08-25T06:09:28.0772331-05:00 [PHASE3B] -------------------------------------------------------------------------------
2026-08-25T06:09:28.0782309-05:00 [PHASE3B] 
2026-08-25T06:09:28.0792307-05:00 [PHASE3B] [1/6] VALIDATE_SOURCE_RUN
2026-08-25T06:09:28.0802308-05:00 [PHASE3B]       [1.1] RUN_CONTRACT             COMPLETED         1 / 1         100.0%  batches=1
2026-08-25T06:09:28.0802308-05:00 [PHASE3B]       [1.2] STAGED_COUNTS            COMPLETED         1 / 1         100.0%  batches=1
2026-08-25T06:09:28.0812306-05:00 [PHASE3B]       [1.3] REFERENCE_LINKS          COMPLETED         1 / 1         100.0%  batches=1
2026-08-25T06:09:28.0822308-05:00 [PHASE3B] 
2026-08-25T06:09:28.0832307-05:00 [PHASE3B] [2/6] RECONCILE_PARTS
2026-08-25T06:09:28.0832307-05:00 [PHASE3B]       [2.1] CATALOG_IDENTITIES       COMPLETED    64,347 / 64,347    100.0%  batches=13
2026-08-25T06:09:28.0842314-05:00 [PHASE3B]       [2.2] PART_ROWS                COMPLETED    64,347 / 64,347    100.0%  batches=13
2026-08-25T06:09:28.0852339-05:00 [PHASE3B]       [2.3] SOURCE_VALUES            COMPLETED    64,347 / 64,347    100.0%  batches=13
2026-08-25T06:09:28.0862342-05:00 [PHASE3B] 
2026-08-25T06:09:28.0862342-05:00 [PHASE3B] [3/6] RECONCILE_SETS
2026-08-25T06:09:28.0872332-05:00 [PHASE3B]       [3.1] CATALOG_IDENTITIES       COMPLETED    28,119 / 28,119    100.0%  batches=6
2026-08-25T06:09:28.0882333-05:00 [PHASE3B]       [3.2] SET_ROWS                 COMPLETED    28,119 / 28,119    100.0%  batches=6
2026-08-25T06:09:28.0892310-05:00 [PHASE3B]       [3.3] SOURCE_VALUES            COMPLETED    28,119 / 28,119    100.0%  batches=6
2026-08-25T06:09:28.0892310-05:00 [PHASE3B] 
2026-08-25T06:09:28.0902313-05:00 [PHASE3B] [4/6] RECONCILE_MINIFIGURES
2026-08-25T06:09:28.0912308-05:00 [PHASE3B]       [4.1] CATALOG_IDENTITIES       COMPLETED    17,162 / 17,162    100.0%  batches=4
2026-08-25T06:09:28.0922308-05:00 [PHASE3B]       [4.2] MINIFIGURE_ROWS          COMPLETED    17,162 / 17,162    100.0%  batches=4
2026-08-25T06:09:28.0932302-05:00 [PHASE3B]       [4.3] SOURCE_VALUES            COMPLETED    17,162 / 17,162    100.0%  batches=4
2026-08-25T06:09:28.0942304-05:00 [PHASE3B] 
2026-08-25T06:09:28.0952312-05:00 [PHASE3B] [5/6] SOURCE_PRESENCE
2026-08-25T06:09:28.0962323-05:00 [PHASE3B]       [5.1] PARTS                    COMPLETED         1 / 1         100.0%  batches=1
2026-08-25T06:09:28.0962323-05:00 [PHASE3B]       [5.2] SETS                     COMPLETED         1 / 1         100.0%  batches=1
2026-08-25T06:09:28.0972310-05:00 [PHASE3B]       [5.3] MINIFIGURES              COMPLETED         1 / 1         100.0%  batches=1
2026-08-25T06:09:28.0982308-05:00 [PHASE3B] 
2026-08-25T06:09:28.0982308-05:00 [PHASE3B] [6/6] FINALIZE_SOURCE_RUN
2026-08-25T06:09:28.0992316-05:00 [PHASE3B]       [6.1] VERIFY_COUNTS            COMPLETED         1 / 1         100.0%  batches=1
2026-08-25T06:09:28.1002339-05:00 [PHASE3B]       [6.2] COMPLETE_RUN             COMPLETED         1 / 1         100.0%  batches=1
2026-08-25T06:09:28.1012310-05:00 [PHASE3B] 
2026-08-25T06:09:28.1022306-05:00 [PHASE3B] ==============================================================================
2026-08-25T06:09:28.1022306-05:00 [PHASE3B]  [PASS] Rebrickable Phase 3B checkpointed reconciliation completed
2026-08-25T06:09:28.1032311-05:00 [PHASE3B]  [INFO] Elapsed seconds: 29.26
2026-08-25T06:09:28.1042303-05:00 [PHASE3B] ==============================================================================
2026-08-25T06:09:28.1052316-05:00 [INFO] PHASE3B process exit code=0
2026-08-25T06:09:28.1062306-05:00 [PASS] PHASE3B completed
2026-08-25T06:09:28.1622309-05:00 [PASS] Lifecycle finalized source_run_id=01a0389b-e238-77e4-b2eb-bbffe6b80dd9
2026-08-25T06:09:28.1632297-05:00 [INFO] START PHASE4A: import_rebrickable_phase4a_elements.py --file L:\var\www\Brk.Trkr\brk.trkr-db\import\runtime\snapshots\nightly_20260825_060850\elements.csv.gz
2026-08-25T06:09:28.9506290-05:00 [PHASE4A] ==============================================================================
2026-08-25T06:09:28.9526298-05:00 [PHASE4A]  BrickTrackr Rebrickable Phase 4A - Elements Staging v4.0.2
2026-08-25T06:09:28.9526298-05:00 [PHASE4A] ==============================================================================
2026-08-25T06:09:28.9536307-05:00 [PHASE4A] [INFO] File:       L:\var\www\Brk.Trkr\brk.trkr-db\import\runtime\snapshots\nightly_20260825_060850\elements.csv.gz
2026-08-25T06:09:28.9546296-05:00 [PHASE4A] [INFO] Batch size: 5,000
2026-08-25T06:09:28.9556295-05:00 [PHASE4A] [PASS] Header:      ['element_id', 'part_num', 'color_id', 'design_id']
2026-08-25T06:09:28.9556295-05:00 [PHASE4A] [PASS] SHA-256:     28e73e9348cf4eae48047dcbba496d6b71ca2d8848764fc11670d613282ccf32
2026-08-25T06:09:28.9566307-05:00 [PHASE4A] [PASS] Rows:        113,831
2026-08-25T06:09:28.9576300-05:00 [PHASE4A] [INFO] Duplicate element_id rows observed: 0
2026-08-25T06:09:28.9586299-05:00 [PHASE4A] [INFO] Duplicate element IDs are retained as source evidence; Phase 4B decides canonical history semantics.
2026-08-25T06:09:28.9596296-05:00 [PHASE4A] [RUN ] Source run: 01a0389c-6476-7de8-8a15-739cd8fc386e
2026-08-25T06:09:28.9596296-05:00 [PHASE4A] [STAGE] batch=  1     5,000/113,831 (  4.4%)
2026-08-25T06:09:29.1396316-05:00 [PHASE4A] [STAGE] batch=  2    10,000/113,831 (  8.8%)
2026-08-25T06:09:29.3273748-05:00 [PHASE4A] [STAGE] batch=  3    15,000/113,831 ( 13.2%)
2026-08-25T06:09:29.5083768-05:00 [PHASE4A] [STAGE] batch=  4    20,000/113,831 ( 17.6%)
2026-08-25T06:09:29.6728038-05:00 [PHASE4A] [STAGE] batch=  5    25,000/113,831 ( 22.0%)
2026-08-25T06:09:29.8499639-05:00 [PHASE4A] [STAGE] batch=  6    30,000/113,831 ( 26.4%)
2026-08-25T06:09:30.0359646-05:00 [PHASE4A] [STAGE] batch=  7    35,000/113,831 ( 30.7%)
2026-08-25T06:09:30.2379650-05:00 [PHASE4A] [STAGE] batch=  8    40,000/113,831 ( 35.1%)
2026-08-25T06:09:30.4227744-05:00 [PHASE4A] [STAGE] batch=  9    45,000/113,831 ( 39.5%)
2026-08-25T06:09:30.6047756-05:00 [PHASE4A] [STAGE] batch= 10    50,000/113,831 ( 43.9%)
2026-08-25T06:09:30.7897765-05:00 [PHASE4A] [STAGE] batch= 11    55,000/113,831 ( 48.3%)
2026-08-25T06:09:31.0097771-05:00 [PHASE4A] [STAGE] batch= 12    60,000/113,831 ( 52.7%)
2026-08-25T06:09:31.2295326-05:00 [PHASE4A] [STAGE] batch= 13    65,000/113,831 ( 57.1%)
2026-08-25T06:09:31.4345344-05:00 [PHASE4A] [STAGE] batch= 14    70,000/113,831 ( 61.5%)
2026-08-25T06:09:31.6355330-05:00 [PHASE4A] [STAGE] batch= 15    75,000/113,831 ( 65.9%)
2026-08-25T06:09:31.9552653-05:00 [PHASE4A] [STAGE] batch= 16    80,000/113,831 ( 70.3%)
2026-08-25T06:09:32.1562655-05:00 [PHASE4A] [STAGE] batch= 17    85,000/113,831 ( 74.7%)
2026-08-25T06:09:32.3382655-05:00 [PHASE4A] [STAGE] batch= 18    90,000/113,831 ( 79.1%)
2026-08-25T06:09:32.5202665-05:00 [PHASE4A] [STAGE] batch= 19    95,000/113,831 ( 83.5%)
2026-08-25T06:09:32.7012661-05:00 [PHASE4A] [STAGE] batch= 20   100,000/113,831 ( 87.8%)
2026-08-25T06:09:32.8902660-05:00 [PHASE4A] [STAGE] batch= 21   105,000/113,831 ( 92.2%)
2026-08-25T06:09:33.0862659-05:00 [PHASE4A] [STAGE] batch= 22   110,000/113,831 ( 96.6%)
2026-08-25T06:09:33.2792660-05:00 [PHASE4A] [STAGE] batch= 23   113,831/113,831 (100.0%)
2026-08-25T06:09:33.2972663-05:00 [PHASE4A] 
2026-08-25T06:09:33.2992664-05:00 [PHASE4A] ==============================================================================
2026-08-25T06:09:33.2992664-05:00 [PHASE4A]  [PASS] Rebrickable Phase 4A elements staging completed
2026-08-25T06:09:33.3002665-05:00 [PHASE4A]  [INFO] Source run: 01a0389c-6476-7de8-8a15-739cd8fc386e
2026-08-25T06:09:33.3012672-05:00 [PHASE4A]  [INFO] Rows:       113,831
2026-08-25T06:09:33.3022675-05:00 [PHASE4A]  [INFO] Elapsed:    4.98s
2026-08-25T06:09:33.3032662-05:00 [PHASE4A]  [INFO] Status:     VALIDATING
2026-08-25T06:09:33.3042693-05:00 [PHASE4A] ==============================================================================
2026-08-25T06:09:33.3052660-05:00 [PHASE4A] 
2026-08-25T06:09:33.3062662-05:00 [PHASE4A] [NEXT] Phase 4B may reconcile this source run. No canonical catalog DML was performed.
2026-08-25T06:09:33.3222664-05:00 [INFO] PHASE4A process exit code=0
2026-08-25T06:09:33.3242669-05:00 [PASS] PHASE4A completed
2026-08-25T06:09:33.3632667-05:00 [INFO] PHASE4A source_run_id=01a0389c-6476-7de8-8a15-739cd8fc386e
2026-08-25T06:09:33.4032664-05:00 [INFO] START PHASE4B: reconcile_rebrickable_phase4b_checkpointed.py --source-run-id 01a0389c-6476-7de8-8a15-739cd8fc386e
2026-08-25T06:09:34.0241136-05:00 [PHASE4B] ==============================================================================
2026-08-25T06:09:34.0251163-05:00 [PHASE4B]  BrickTrackr Rebrickable Phase 4B - Checkpointed Reconcile v4.1.0
2026-08-25T06:09:34.0261152-05:00 [PHASE4B] ==============================================================================
2026-08-25T06:09:34.0281148-05:00 [PHASE4B] [INFO] Mode:       RESUME
2026-08-25T06:09:34.0291150-05:00 [PHASE4B] [INFO] Source run: 01a0389c-6476-7de8-8a15-739cd8fc386e
2026-08-25T06:09:34.0301143-05:00 [PHASE4B] [INFO] Batch size: 5,000
2026-08-25T06:09:34.0311140-05:00 [PHASE4B] [+] Checkpoint ledger ready: rows=113,831
2026-08-25T06:09:34.0311140-05:00 [PHASE4B] 
2026-08-25T06:09:34.0321159-05:00 [PHASE4B] -------------------------------------------------------------------------------
2026-08-25T06:09:34.0331148-05:00 [PHASE4B]  Durable Phase 4B checkpoint status
2026-08-25T06:09:34.0341161-05:00 [PHASE4B] -------------------------------------------------------------------------------
2026-08-25T06:09:34.0351145-05:00 [PHASE4B] 
2026-08-25T06:09:34.0361142-05:00 [PHASE4B] [1/5] P4B_VALIDATE
2026-08-25T06:09:34.0361142-05:00 [PHASE4B]       [1.1] SOURCE_CONTRACT          PENDING           0 / 1           0.0% batches=0
2026-08-25T06:09:34.0371173-05:00 [PHASE4B]       [1.2] PART_REFERENCES          PENDING           0 / 1           0.0% batches=0
2026-08-25T06:09:34.0381152-05:00 [PHASE4B]       [1.3] COLOR_REFERENCES         PENDING           0 / 1           0.0% batches=0
2026-08-25T06:09:34.0391138-05:00 [PHASE4B]       [1.4] ELEMENT_IDENTIFIERS      PENDING           0 / 1           0.0% batches=0
2026-08-25T06:09:34.0401146-05:00 [PHASE4B] 
2026-08-25T06:09:34.0401146-05:00 [PHASE4B] [2/5] P4B_VARIANTS
2026-08-25T06:09:34.0411147-05:00 [PHASE4B]       [2.1] PART_COLOR_VARIANTS      PENDING           0 / 113,831     0.0% batches=0
2026-08-25T06:09:34.0421144-05:00 [PHASE4B] 
2026-08-25T06:09:34.0431166-05:00 [PHASE4B] [3/5] P4B_ELEMENTS
2026-08-25T06:09:34.0431166-05:00 [PHASE4B]       [3.1] LEGO_ELEMENTS            PENDING           0 / 113,831     0.0% batches=0
2026-08-25T06:09:34.0441147-05:00 [PHASE4B]       [3.2] EXTERNAL_IDENTIFIERS     PENDING           0 / 113,831     0.0% batches=0
2026-08-25T06:09:34.0451155-05:00 [PHASE4B] 
2026-08-25T06:09:34.0461152-05:00 [PHASE4B] [4/5] P4B_SOURCE_PRESENCE
2026-08-25T06:09:34.0471143-05:00 [PHASE4B]       [4.1] ELEMENTS                 PENDING           0 / 1           0.0% batches=0
2026-08-25T06:09:34.0481143-05:00 [PHASE4B] 
2026-08-25T06:09:34.0481143-05:00 [PHASE4B] [5/5] P4B_FINALIZE
2026-08-25T06:09:34.0491150-05:00 [PHASE4B]       [5.1] VERIFY_COUNTS            PENDING           0 / 1           0.0% batches=0
2026-08-25T06:09:34.0501149-05:00 [PHASE4B]       [5.2] COMPLETE_RUN             PENDING           0 / 1           0.0% batches=0
2026-08-25T06:09:34.0511144-05:00 [PHASE4B] 
2026-08-25T06:09:34.0521149-05:00 [PHASE4B] [RUN] [1.1] P4B_VALIDATE / SOURCE_CONTRACT 0/1 (  0.0%) batch=1
2026-08-25T06:09:34.0531147-05:00 [PHASE4B] [OK ] [1.1] SOURCE_CONTRACT: 1/1 (100.0%) batches=1 elapsed=0.01s
2026-08-25T06:09:34.0531147-05:00 [PHASE4B] 
2026-08-25T06:09:34.0541142-05:00 [PHASE4B] -------------------------------------------------------------------------------
2026-08-25T06:09:34.0551142-05:00 [PHASE4B]  Durable Phase 4B checkpoint status
2026-08-25T06:09:34.0561147-05:00 [PHASE4B] -------------------------------------------------------------------------------
2026-08-25T06:09:34.0561147-05:00 [PHASE4B] 
2026-08-25T06:09:34.0571146-05:00 [PHASE4B] [1/5] P4B_VALIDATE
2026-08-25T06:09:34.0581147-05:00 [PHASE4B]       [1.1] SOURCE_CONTRACT          COMPLETED         1 / 1         100.0% batches=1
2026-08-25T06:09:34.0591164-05:00 [PHASE4B]       [1.2] PART_REFERENCES          PENDING           0 / 1           0.0% batches=0
2026-08-25T06:09:34.0591164-05:00 [PHASE4B]       [1.3] COLOR_REFERENCES         PENDING           0 / 1           0.0% batches=0
2026-08-25T06:09:34.0601150-05:00 [PHASE4B]       [1.4] ELEMENT_IDENTIFIERS      PENDING           0 / 1           0.0% batches=0
2026-08-25T06:09:34.0611148-05:00 [PHASE4B] 
2026-08-25T06:09:34.0621144-05:00 [PHASE4B] [2/5] P4B_VARIANTS
2026-08-25T06:09:34.0621144-05:00 [PHASE4B]       [2.1] PART_COLOR_VARIANTS      PENDING           0 / 113,831     0.0% batches=0
2026-08-25T06:09:34.0631145-05:00 [PHASE4B] 
2026-08-25T06:09:34.0641143-05:00 [PHASE4B] [3/5] P4B_ELEMENTS
2026-08-25T06:09:34.0651146-05:00 [PHASE4B]       [3.1] LEGO_ELEMENTS            PENDING           0 / 113,831     0.0% batches=0
2026-08-25T06:09:34.0661145-05:00 [PHASE4B]       [3.2] EXTERNAL_IDENTIFIERS     PENDING           0 / 113,831     0.0% batches=0
2026-08-25T06:09:34.0661145-05:00 [PHASE4B] 
2026-08-25T06:09:34.0671151-05:00 [PHASE4B] [4/5] P4B_SOURCE_PRESENCE
2026-08-25T06:09:34.0681153-05:00 [PHASE4B]       [4.1] ELEMENTS                 PENDING           0 / 1           0.0% batches=0
2026-08-25T06:09:34.0691146-05:00 [PHASE4B] 
2026-08-25T06:09:34.0701144-05:00 [PHASE4B] [5/5] P4B_FINALIZE
2026-08-25T06:09:34.0711146-05:00 [PHASE4B]       [5.1] VERIFY_COUNTS            PENDING           0 / 1           0.0% batches=0
2026-08-25T06:09:34.0711146-05:00 [PHASE4B]       [5.2] COMPLETE_RUN             PENDING           0 / 1           0.0% batches=0
2026-08-25T06:09:34.0721163-05:00 [PHASE4B] 
2026-08-25T06:09:34.0731157-05:00 [PHASE4B] [RUN] [1.2] P4B_VALIDATE / PART_REFERENCES 0/1 (  0.0%) batch=1
2026-08-25T06:09:34.4396031-05:00 [PHASE4B] [OK ] [1.2] PART_REFERENCES: 1/1 (100.0%) batches=1 elapsed=0.41s
2026-08-25T06:09:34.4416082-05:00 [PHASE4B] 
2026-08-25T06:09:34.4426077-05:00 [PHASE4B] -------------------------------------------------------------------------------
2026-08-25T06:09:34.4426077-05:00 [PHASE4B]  Durable Phase 4B checkpoint status
2026-08-25T06:09:34.4436099-05:00 [PHASE4B] -------------------------------------------------------------------------------
2026-08-25T06:09:34.4446065-05:00 [PHASE4B] 
2026-08-25T06:09:34.4456065-05:00 [PHASE4B] [1/5] P4B_VALIDATE
2026-08-25T06:09:34.4456065-05:00 [PHASE4B]       [1.1] SOURCE_CONTRACT          COMPLETED         1 / 1         100.0% batches=1
2026-08-25T06:09:34.4466088-05:00 [PHASE4B]       [1.2] PART_REFERENCES          COMPLETED         1 / 1         100.0% batches=1
2026-08-25T06:09:34.4476065-05:00 [PHASE4B]       [1.3] COLOR_REFERENCES         PENDING           0 / 1           0.0% batches=0
2026-08-25T06:09:34.4486069-05:00 [PHASE4B]       [1.4] ELEMENT_IDENTIFIERS      PENDING           0 / 1           0.0% batches=0
2026-08-25T06:09:34.4496075-05:00 [PHASE4B] 
2026-08-25T06:09:34.4496075-05:00 [PHASE4B] [2/5] P4B_VARIANTS
2026-08-25T06:09:34.4506066-05:00 [PHASE4B]       [2.1] PART_COLOR_VARIANTS      PENDING           0 / 113,831     0.0% batches=0
2026-08-25T06:09:34.4516071-05:00 [PHASE4B] 
2026-08-25T06:09:34.4526068-05:00 [PHASE4B] [3/5] P4B_ELEMENTS
2026-08-25T06:09:34.4526068-05:00 [PHASE4B]       [3.1] LEGO_ELEMENTS            PENDING           0 / 113,831     0.0% batches=0
2026-08-25T06:09:34.4536071-05:00 [PHASE4B]       [3.2] EXTERNAL_IDENTIFIERS     PENDING           0 / 113,831     0.0% batches=0
2026-08-25T06:09:34.4546099-05:00 [PHASE4B] 
2026-08-25T06:09:34.4556067-05:00 [PHASE4B] [4/5] P4B_SOURCE_PRESENCE
2026-08-25T06:09:34.4556067-05:00 [PHASE4B]       [4.1] ELEMENTS                 PENDING           0 / 1           0.0% batches=0
2026-08-25T06:09:34.4576086-05:00 [PHASE4B] 
2026-08-25T06:09:34.4586078-05:00 [PHASE4B] [5/5] P4B_FINALIZE
2026-08-25T06:09:34.4586078-05:00 [PHASE4B]       [5.1] VERIFY_COUNTS            PENDING           0 / 1           0.0% batches=0
2026-08-25T06:09:34.4596073-05:00 [PHASE4B]       [5.2] COMPLETE_RUN             PENDING           0 / 1           0.0% batches=0
2026-08-25T06:09:34.4606066-05:00 [PHASE4B] 
2026-08-25T06:09:34.4616089-05:00 [PHASE4B] [RUN] [1.3] P4B_VALIDATE / COLOR_REFERENCES 0/1 (  0.0%) batch=1
2026-08-25T06:09:34.6820389-05:00 [PHASE4B] [OK ] [1.3] COLOR_REFERENCES: 1/1 (100.0%) batches=1 elapsed=0.24s
2026-08-25T06:09:34.6830388-05:00 [PHASE4B] 
2026-08-25T06:09:34.6840416-05:00 [PHASE4B] -------------------------------------------------------------------------------
2026-08-25T06:09:34.6850396-05:00 [PHASE4B]  Durable Phase 4B checkpoint status
2026-08-25T06:09:34.6850396-05:00 [PHASE4B] -------------------------------------------------------------------------------
2026-08-25T06:09:34.6860427-05:00 [PHASE4B] 
2026-08-25T06:09:34.6870392-05:00 [PHASE4B] [1/5] P4B_VALIDATE
2026-08-25T06:09:34.6880397-05:00 [PHASE4B]       [1.1] SOURCE_CONTRACT          COMPLETED         1 / 1         100.0% batches=1
2026-08-25T06:09:34.6880397-05:00 [PHASE4B]       [1.2] PART_REFERENCES          COMPLETED         1 / 1         100.0% batches=1
2026-08-25T06:09:34.6890398-05:00 [PHASE4B]       [1.3] COLOR_REFERENCES         COMPLETED         1 / 1         100.0% batches=1
2026-08-25T06:09:34.6900400-05:00 [PHASE4B]       [1.4] ELEMENT_IDENTIFIERS      PENDING           0 / 1           0.0% batches=0
2026-08-25T06:09:34.6910404-05:00 [PHASE4B] 
2026-08-25T06:09:34.6920401-05:00 [PHASE4B] [2/5] P4B_VARIANTS
2026-08-25T06:09:34.6920401-05:00 [PHASE4B]       [2.1] PART_COLOR_VARIANTS      PENDING           0 / 113,831     0.0% batches=0
2026-08-25T06:09:34.6930400-05:00 [PHASE4B] 
2026-08-25T06:09:34.6940399-05:00 [PHASE4B] [3/5] P4B_ELEMENTS
2026-08-25T06:09:34.6950389-05:00 [PHASE4B]       [3.1] LEGO_ELEMENTS            PENDING           0 / 113,831     0.0% batches=0
2026-08-25T06:09:34.6950389-05:00 [PHASE4B]       [3.2] EXTERNAL_IDENTIFIERS     PENDING           0 / 113,831     0.0% batches=0
2026-08-25T06:09:34.6960396-05:00 [PHASE4B] 
2026-08-25T06:09:34.6970401-05:00 [PHASE4B] [4/5] P4B_SOURCE_PRESENCE
2026-08-25T06:09:34.6980402-05:00 [PHASE4B]       [4.1] ELEMENTS                 PENDING           0 / 1           0.0% batches=0
2026-08-25T06:09:34.6980402-05:00 [PHASE4B] 
2026-08-25T06:09:34.6990395-05:00 [PHASE4B] [5/5] P4B_FINALIZE
2026-08-25T06:09:34.7000412-05:00 [PHASE4B]       [5.1] VERIFY_COUNTS            PENDING           0 / 1           0.0% batches=0
2026-08-25T06:09:34.7010395-05:00 [PHASE4B]       [5.2] COMPLETE_RUN             PENDING           0 / 1           0.0% batches=0
2026-08-25T06:09:34.7010395-05:00 [PHASE4B] 
2026-08-25T06:09:34.7020399-05:00 [PHASE4B] [RUN] [1.4] P4B_VALIDATE / ELEMENT_IDENTIFIERS 0/1 (  0.0%) batch=1
2026-08-25T06:09:34.8480392-05:00 [PHASE4B] [OK ] [1.4] ELEMENT_IDENTIFIERS: 1/1 (100.0%) batches=1 elapsed=0.17s
2026-08-25T06:09:34.8490409-05:00 [PHASE4B] 
2026-08-25T06:09:34.8500418-05:00 [PHASE4B] -------------------------------------------------------------------------------
2026-08-25T06:09:34.8500418-05:00 [PHASE4B]  Durable Phase 4B checkpoint status
2026-08-25T06:09:34.8510394-05:00 [PHASE4B] -------------------------------------------------------------------------------
2026-08-25T06:09:34.8520402-05:00 [PHASE4B] 
2026-08-25T06:09:34.8530409-05:00 [PHASE4B] [1/5] P4B_VALIDATE
2026-08-25T06:09:34.8540404-05:00 [PHASE4B]       [1.1] SOURCE_CONTRACT          COMPLETED         1 / 1         100.0% batches=1
2026-08-25T06:09:34.8540404-05:00 [PHASE4B]       [1.2] PART_REFERENCES          COMPLETED         1 / 1         100.0% batches=1
2026-08-25T06:09:34.8550400-05:00 [PHASE4B]       [1.3] COLOR_REFERENCES         COMPLETED         1 / 1         100.0% batches=1
2026-08-25T06:09:34.8560399-05:00 [PHASE4B]       [1.4] ELEMENT_IDENTIFIERS      COMPLETED         1 / 1         100.0% batches=1
2026-08-25T06:09:34.8560399-05:00 [PHASE4B] 
2026-08-25T06:09:34.8570398-05:00 [PHASE4B] [2/5] P4B_VARIANTS
2026-08-25T06:09:34.8580403-05:00 [PHASE4B]       [2.1] PART_COLOR_VARIANTS      PENDING           0 / 113,831     0.0% batches=0
2026-08-25T06:09:34.8580403-05:00 [PHASE4B] 
2026-08-25T06:09:34.8590397-05:00 [PHASE4B] [3/5] P4B_ELEMENTS
2026-08-25T06:09:34.8600400-05:00 [PHASE4B]       [3.1] LEGO_ELEMENTS            PENDING           0 / 113,831     0.0% batches=0
2026-08-25T06:09:34.8610400-05:00 [PHASE4B]       [3.2] EXTERNAL_IDENTIFIERS     PENDING           0 / 113,831     0.0% batches=0
2026-08-25T06:09:34.8610400-05:00 [PHASE4B] 
2026-08-25T06:09:34.8620422-05:00 [PHASE4B] [4/5] P4B_SOURCE_PRESENCE
2026-08-25T06:09:34.8630398-05:00 [PHASE4B]       [4.1] ELEMENTS                 PENDING           0 / 1           0.0% batches=0
2026-08-25T06:09:34.8630398-05:00 [PHASE4B] 
2026-08-25T06:09:34.8640397-05:00 [PHASE4B] [5/5] P4B_FINALIZE
2026-08-25T06:09:34.8650417-05:00 [PHASE4B]       [5.1] VERIFY_COUNTS            PENDING           0 / 1           0.0% batches=0
2026-08-25T06:09:34.8660390-05:00 [PHASE4B]       [5.2] COMPLETE_RUN             PENDING           0 / 1           0.0% batches=0
2026-08-25T06:09:34.8660390-05:00 [PHASE4B] 
2026-08-25T06:09:34.8670392-05:00 [PHASE4B] [RUN] [2.1] P4B_VARIANTS / PART_COLOR_VARIANTS 0/113,831 (  0.0%) batch=1
2026-08-25T06:09:35.6913252-05:00 [PHASE4B] [OK ] [2.1] PART_COLOR_VARIANTS: 5,000/113,831 (4.4%) batches=1 elapsed=0.84s
2026-08-25T06:09:35.6933265-05:00 [PHASE4B] [RUN] [2.1] P4B_VARIANTS / PART_COLOR_VARIANTS 5,000/113,831 (  4.4%) batch=2
2026-08-25T06:09:35.7683259-05:00 [PHASE4B] [OK ] [2.1] PART_COLOR_VARIANTS: 10,000/113,831 (8.8%) batches=2 elapsed=0.08s
2026-08-25T06:09:35.7693240-05:00 [PHASE4B] [RUN] [2.1] P4B_VARIANTS / PART_COLOR_VARIANTS 10,000/113,831 (  8.8%) batch=3
2026-08-25T06:09:35.8333249-05:00 [PHASE4B] [OK ] [2.1] PART_COLOR_VARIANTS: 15,000/113,831 (13.2%) batches=3 elapsed=0.06s
2026-08-25T06:09:35.8343279-05:00 [PHASE4B] [RUN] [2.1] P4B_VARIANTS / PART_COLOR_VARIANTS 15,000/113,831 ( 13.2%) batch=4
2026-08-25T06:09:35.8968785-05:00 [PHASE4B] [OK ] [2.1] PART_COLOR_VARIANTS: 20,000/113,831 (17.6%) batches=4 elapsed=0.06s
2026-08-25T06:09:35.8978788-05:00 [PHASE4B] [RUN] [2.1] P4B_VARIANTS / PART_COLOR_VARIANTS 20,000/113,831 ( 17.6%) batch=5
2026-08-25T06:09:35.9658913-05:00 [PHASE4B] [OK ] [2.1] PART_COLOR_VARIANTS: 25,000/113,831 (22.0%) batches=5 elapsed=0.07s
2026-08-25T06:09:35.9668901-05:00 [PHASE4B] [RUN] [2.1] P4B_VARIANTS / PART_COLOR_VARIANTS 25,000/113,831 ( 22.0%) batch=6
2026-08-25T06:09:36.0388984-05:00 [PHASE4B] [OK ] [2.1] PART_COLOR_VARIANTS: 30,000/113,831 (26.4%) batches=6 elapsed=0.07s
2026-08-25T06:09:36.0398991-05:00 [PHASE4B] [RUN] [2.1] P4B_VARIANTS / PART_COLOR_VARIANTS 30,000/113,831 ( 26.4%) batch=7
2026-08-25T06:09:36.1018989-05:00 [PHASE4B] [OK ] [2.1] PART_COLOR_VARIANTS: 35,000/113,831 (30.7%) batches=7 elapsed=0.06s
2026-08-25T06:09:36.1039003-05:00 [PHASE4B] [RUN] [2.1] P4B_VARIANTS / PART_COLOR_VARIANTS 35,000/113,831 ( 30.7%) batch=8
2026-08-25T06:09:36.1659003-05:00 [PHASE4B] [OK ] [2.1] PART_COLOR_VARIANTS: 40,000/113,831 (35.1%) batches=8 elapsed=0.06s
2026-08-25T06:09:36.1668988-05:00 [PHASE4B] [RUN] [2.1] P4B_VARIANTS / PART_COLOR_VARIANTS 40,000/113,831 ( 35.1%) batch=9
2026-08-25T06:09:36.2199045-05:00 [PHASE4B] [OK ] [2.1] PART_COLOR_VARIANTS: 45,000/113,831 (39.5%) batches=9 elapsed=0.05s
2026-08-25T06:09:36.2219018-05:00 [PHASE4B] [RUN] [2.1] P4B_VARIANTS / PART_COLOR_VARIANTS 45,000/113,831 ( 39.5%) batch=10
2026-08-25T06:09:36.2719003-05:00 [PHASE4B] [OK ] [2.1] PART_COLOR_VARIANTS: 50,000/113,831 (43.9%) batches=10 elapsed=0.05s
2026-08-25T06:09:36.2728995-05:00 [PHASE4B] [RUN] [2.1] P4B_VARIANTS / PART_COLOR_VARIANTS 50,000/113,831 ( 43.9%) batch=11
2026-08-25T06:09:36.3248720-05:00 [PHASE4B] [OK ] [2.1] PART_COLOR_VARIANTS: 55,000/113,831 (48.3%) batches=11 elapsed=0.05s
2026-08-25T06:09:36.3258725-05:00 [PHASE4B] [RUN] [2.1] P4B_VARIANTS / PART_COLOR_VARIANTS 55,000/113,831 ( 48.3%) batch=12
2026-08-25T06:09:36.3894203-05:00 [PHASE4B] [OK ] [2.1] PART_COLOR_VARIANTS: 60,000/113,831 (52.7%) batches=12 elapsed=0.06s
2026-08-25T06:09:36.3904205-05:00 [PHASE4B] [RUN] [2.1] P4B_VARIANTS / PART_COLOR_VARIANTS 60,000/113,831 ( 52.7%) batch=13
2026-08-25T06:09:36.4495854-05:00 [PHASE4B] [OK ] [2.1] PART_COLOR_VARIANTS: 65,000/113,831 (57.1%) batches=13 elapsed=0.06s
2026-08-25T06:09:36.4505846-05:00 [PHASE4B] [RUN] [2.1] P4B_VARIANTS / PART_COLOR_VARIANTS 65,000/113,831 ( 57.1%) batch=14
2026-08-25T06:09:36.5095840-05:00 [PHASE4B] [OK ] [2.1] PART_COLOR_VARIANTS: 70,000/113,831 (61.5%) batches=14 elapsed=0.06s
2026-08-25T06:09:36.5105835-05:00 [PHASE4B] [RUN] [2.1] P4B_VARIANTS / PART_COLOR_VARIANTS 70,000/113,831 ( 61.5%) batch=15
2026-08-25T06:09:36.5645867-05:00 [PHASE4B] [OK ] [2.1] PART_COLOR_VARIANTS: 75,000/113,831 (65.9%) batches=15 elapsed=0.05s
2026-08-25T06:09:36.5655850-05:00 [PHASE4B] [RUN] [2.1] P4B_VARIANTS / PART_COLOR_VARIANTS 75,000/113,831 ( 65.9%) batch=16
2026-08-25T06:09:36.6253660-05:00 [PHASE4B] [OK ] [2.1] PART_COLOR_VARIANTS: 80,000/113,831 (70.3%) batches=16 elapsed=0.06s
2026-08-25T06:09:36.6273677-05:00 [PHASE4B] [RUN] [2.1] P4B_VARIANTS / PART_COLOR_VARIANTS 80,000/113,831 ( 70.3%) batch=17
2026-08-25T06:09:36.6793656-05:00 [PHASE4B] [OK ] [2.1] PART_COLOR_VARIANTS: 85,000/113,831 (74.7%) batches=17 elapsed=0.05s
2026-08-25T06:09:36.6803684-05:00 [PHASE4B] [RUN] [2.1] P4B_VARIANTS / PART_COLOR_VARIANTS 85,000/113,831 ( 74.7%) batch=18
2026-08-25T06:09:36.7303664-05:00 [PHASE4B] [OK ] [2.1] PART_COLOR_VARIANTS: 90,000/113,831 (79.1%) batches=18 elapsed=0.05s
2026-08-25T06:09:36.7313666-05:00 [PHASE4B] [RUN] [2.1] P4B_VARIANTS / PART_COLOR_VARIANTS 90,000/113,831 ( 79.1%) batch=19
2026-08-25T06:09:36.7813672-05:00 [PHASE4B] [OK ] [2.1] PART_COLOR_VARIANTS: 95,000/113,831 (83.5%) batches=19 elapsed=0.05s
2026-08-25T06:09:36.7823674-05:00 [PHASE4B] [RUN] [2.1] P4B_VARIANTS / PART_COLOR_VARIANTS 95,000/113,831 ( 83.5%) batch=20
2026-08-25T06:09:36.8353666-05:00 [PHASE4B] [OK ] [2.1] PART_COLOR_VARIANTS: 100,000/113,831 (87.8%) batches=20 elapsed=0.05s
2026-08-25T06:09:36.8373669-05:00 [PHASE4B] [RUN] [2.1] P4B_VARIANTS / PART_COLOR_VARIANTS 100,000/113,831 ( 87.8%) batch=21
2026-08-25T06:09:36.8883684-05:00 [PHASE4B] [OK ] [2.1] PART_COLOR_VARIANTS: 105,000/113,831 (92.2%) batches=21 elapsed=0.05s
2026-08-25T06:09:36.8893696-05:00 [PHASE4B] [RUN] [2.1] P4B_VARIANTS / PART_COLOR_VARIANTS 105,000/113,831 ( 92.2%) batch=22
2026-08-25T06:09:36.9413666-05:00 [PHASE4B] [OK ] [2.1] PART_COLOR_VARIANTS: 110,000/113,831 (96.6%) batches=22 elapsed=0.05s
2026-08-25T06:09:36.9433681-05:00 [PHASE4B] [RUN] [2.1] P4B_VARIANTS / PART_COLOR_VARIANTS 110,000/113,831 ( 96.6%) batch=23
2026-08-25T06:09:36.9813662-05:00 [PHASE4B] [OK ] [2.1] PART_COLOR_VARIANTS: 113,831/113,831 (100.0%) batches=23 elapsed=0.04s
2026-08-25T06:09:36.9823697-05:00 [PHASE4B] 
2026-08-25T06:09:36.9833701-05:00 [PHASE4B] -------------------------------------------------------------------------------
2026-08-25T06:09:36.9843673-05:00 [PHASE4B]  Durable Phase 4B checkpoint status
2026-08-25T06:09:36.9853668-05:00 [PHASE4B] -------------------------------------------------------------------------------
2026-08-25T06:09:36.9863673-05:00 [PHASE4B] 
2026-08-25T06:09:36.9863673-05:00 [PHASE4B] [1/5] P4B_VALIDATE
2026-08-25T06:09:36.9873663-05:00 [PHASE4B]       [1.1] SOURCE_CONTRACT          COMPLETED         1 / 1         100.0% batches=1
2026-08-25T06:09:36.9883672-05:00 [PHASE4B]       [1.2] PART_REFERENCES          COMPLETED         1 / 1         100.0% batches=1
2026-08-25T06:09:36.9893674-05:00 [PHASE4B]       [1.3] COLOR_REFERENCES         COMPLETED         1 / 1         100.0% batches=1
2026-08-25T06:09:36.9893674-05:00 [PHASE4B]       [1.4] ELEMENT_IDENTIFIERS      COMPLETED         1 / 1         100.0% batches=1
2026-08-25T06:09:36.9903672-05:00 [PHASE4B] 
2026-08-25T06:09:36.9913666-05:00 [PHASE4B] [2/5] P4B_VARIANTS
2026-08-25T06:09:36.9923664-05:00 [PHASE4B]       [2.1] PART_COLOR_VARIANTS      COMPLETED   113,831 / 113,831   100.0% batches=23
2026-08-25T06:09:36.9933664-05:00 [PHASE4B] 
2026-08-25T06:09:36.9933664-05:00 [PHASE4B] [3/5] P4B_ELEMENTS
2026-08-25T06:09:36.9943667-05:00 [PHASE4B]       [3.1] LEGO_ELEMENTS            PENDING           0 / 113,831     0.0% batches=0
2026-08-25T06:09:36.9953695-05:00 [PHASE4B]       [3.2] EXTERNAL_IDENTIFIERS     PENDING           0 / 113,831     0.0% batches=0
2026-08-25T06:09:36.9963664-05:00 [PHASE4B] 
2026-08-25T06:09:36.9963664-05:00 [PHASE4B] [4/5] P4B_SOURCE_PRESENCE
2026-08-25T06:09:36.9973670-05:00 [PHASE4B]       [4.1] ELEMENTS                 PENDING           0 / 1           0.0% batches=0
2026-08-25T06:09:36.9983669-05:00 [PHASE4B] 
2026-08-25T06:09:36.9993664-05:00 [PHASE4B] [5/5] P4B_FINALIZE
2026-08-25T06:09:37.0003691-05:00 [PHASE4B]       [5.1] VERIFY_COUNTS            PENDING           0 / 1           0.0% batches=0
2026-08-25T06:09:37.0003691-05:00 [PHASE4B]       [5.2] COMPLETE_RUN             PENDING           0 / 1           0.0% batches=0
2026-08-25T06:09:37.0013683-05:00 [PHASE4B] 
2026-08-25T06:09:37.0023679-05:00 [PHASE4B] [RUN] [3.1] P4B_ELEMENTS / LEGO_ELEMENTS 0/113,831 (  0.0%) batch=1
2026-08-25T06:09:37.8302119-05:00 [PHASE4B] [OK ] [3.1] LEGO_ELEMENTS: 5,000/113,831 (4.4%) batches=1 elapsed=0.85s
2026-08-25T06:09:37.8312114-05:00 [PHASE4B] [RUN] [3.1] P4B_ELEMENTS / LEGO_ELEMENTS 5,000/113,831 (  4.4%) batch=2
2026-08-25T06:09:38.0643664-05:00 [PHASE4B] [OK ] [3.1] LEGO_ELEMENTS: 10,000/113,831 (8.8%) batches=2 elapsed=0.23s
2026-08-25T06:09:38.0653680-05:00 [PHASE4B] [RUN] [3.1] P4B_ELEMENTS / LEGO_ELEMENTS 10,000/113,831 (  8.8%) batch=3
2026-08-25T06:09:38.2933658-05:00 [PHASE4B] [OK ] [3.1] LEGO_ELEMENTS: 15,000/113,831 (13.2%) batches=3 elapsed=0.23s
2026-08-25T06:09:38.2943666-05:00 [PHASE4B] [RUN] [3.1] P4B_ELEMENTS / LEGO_ELEMENTS 15,000/113,831 ( 13.2%) batch=4
2026-08-25T06:09:38.5573671-05:00 [PHASE4B] [OK ] [3.1] LEGO_ELEMENTS: 20,000/113,831 (17.6%) batches=4 elapsed=0.26s
2026-08-25T06:09:38.5583669-05:00 [PHASE4B] [RUN] [3.1] P4B_ELEMENTS / LEGO_ELEMENTS 20,000/113,831 ( 17.6%) batch=5
2026-08-25T06:09:38.9386652-05:00 [PHASE4B] [OK ] [3.1] LEGO_ELEMENTS: 25,000/113,831 (22.0%) batches=5 elapsed=0.38s
2026-08-25T06:09:38.9396624-05:00 [PHASE4B] [RUN] [3.1] P4B_ELEMENTS / LEGO_ELEMENTS 25,000/113,831 ( 22.0%) batch=6
2026-08-25T06:09:39.1636013-05:00 [PHASE4B] [OK ] [3.1] LEGO_ELEMENTS: 30,000/113,831 (26.4%) batches=6 elapsed=0.22s
2026-08-25T06:09:39.1646015-05:00 [PHASE4B] [RUN] [3.1] P4B_ELEMENTS / LEGO_ELEMENTS 30,000/113,831 ( 26.4%) batch=7
2026-08-25T06:09:39.3766878-05:00 [PHASE4B] [OK ] [3.1] LEGO_ELEMENTS: 35,000/113,831 (30.7%) batches=7 elapsed=0.21s
2026-08-25T06:09:39.3786892-05:00 [PHASE4B] [RUN] [3.1] P4B_ELEMENTS / LEGO_ELEMENTS 35,000/113,831 ( 30.7%) batch=8
2026-08-25T06:09:39.6096873-05:00 [PHASE4B] [OK ] [3.1] LEGO_ELEMENTS: 40,000/113,831 (35.1%) batches=8 elapsed=0.23s
2026-08-25T06:09:39.6106867-05:00 [PHASE4B] [RUN] [3.1] P4B_ELEMENTS / LEGO_ELEMENTS 40,000/113,831 ( 35.1%) batch=9
2026-08-25T06:09:39.8193111-05:00 [PHASE4B] [OK ] [3.1] LEGO_ELEMENTS: 45,000/113,831 (39.5%) batches=9 elapsed=0.21s
2026-08-25T06:09:39.8203108-05:00 [PHASE4B] [RUN] [3.1] P4B_ELEMENTS / LEGO_ELEMENTS 45,000/113,831 ( 39.5%) batch=10
2026-08-25T06:09:40.1052178-05:00 [PHASE4B] [OK ] [3.1] LEGO_ELEMENTS: 50,000/113,831 (43.9%) batches=10 elapsed=0.29s
2026-08-25T06:09:40.1062194-05:00 [PHASE4B] [RUN] [3.1] P4B_ELEMENTS / LEGO_ELEMENTS 50,000/113,831 ( 43.9%) batch=11
2026-08-25T06:09:40.2948088-05:00 [PHASE4B] [OK ] [3.1] LEGO_ELEMENTS: 55,000/113,831 (48.3%) batches=11 elapsed=0.19s
2026-08-25T06:09:40.2958099-05:00 [PHASE4B] [RUN] [3.1] P4B_ELEMENTS / LEGO_ELEMENTS 55,000/113,831 ( 48.3%) batch=12
2026-08-25T06:09:40.4918231-05:00 [PHASE4B] [OK ] [3.1] LEGO_ELEMENTS: 60,000/113,831 (52.7%) batches=12 elapsed=0.20s
2026-08-25T06:09:40.4928242-05:00 [PHASE4B] [RUN] [3.1] P4B_ELEMENTS / LEGO_ELEMENTS 60,000/113,831 ( 52.7%) batch=13
2026-08-25T06:09:40.6759085-05:00 [PHASE4B] [OK ] [3.1] LEGO_ELEMENTS: 65,000/113,831 (57.1%) batches=13 elapsed=0.18s
2026-08-25T06:09:40.6779111-05:00 [PHASE4B] [RUN] [3.1] P4B_ELEMENTS / LEGO_ELEMENTS 65,000/113,831 ( 57.1%) batch=14
2026-08-25T06:09:40.8849096-05:00 [PHASE4B] [OK ] [3.1] LEGO_ELEMENTS: 70,000/113,831 (61.5%) batches=14 elapsed=0.21s
2026-08-25T06:09:40.8859084-05:00 [PHASE4B] [RUN] [3.1] P4B_ELEMENTS / LEGO_ELEMENTS 70,000/113,831 ( 61.5%) batch=15
2026-08-25T06:09:41.0909087-05:00 [PHASE4B] [OK ] [3.1] LEGO_ELEMENTS: 75,000/113,831 (65.9%) batches=15 elapsed=0.21s
2026-08-25T06:09:41.0919086-05:00 [PHASE4B] [RUN] [3.1] P4B_ELEMENTS / LEGO_ELEMENTS 75,000/113,831 ( 65.9%) batch=16
2026-08-25T06:09:41.3213634-05:00 [PHASE4B] [OK ] [3.1] LEGO_ELEMENTS: 80,000/113,831 (70.3%) batches=16 elapsed=0.23s
2026-08-25T06:09:41.3223640-05:00 [PHASE4B] [RUN] [3.1] P4B_ELEMENTS / LEGO_ELEMENTS 80,000/113,831 ( 70.3%) batch=17
2026-08-25T06:09:41.5805121-05:00 [PHASE4B] [OK ] [3.1] LEGO_ELEMENTS: 85,000/113,831 (74.7%) batches=17 elapsed=0.26s
2026-08-25T06:09:41.5815119-05:00 [PHASE4B] [RUN] [3.1] P4B_ELEMENTS / LEGO_ELEMENTS 85,000/113,831 ( 74.7%) batch=18
2026-08-25T06:09:41.7894563-05:00 [PHASE4B] [OK ] [3.1] LEGO_ELEMENTS: 90,000/113,831 (79.1%) batches=18 elapsed=0.21s
2026-08-25T06:09:41.7904566-05:00 [PHASE4B] [RUN] [3.1] P4B_ELEMENTS / LEGO_ELEMENTS 90,000/113,831 ( 79.1%) batch=19
2026-08-25T06:09:41.9905184-05:00 [PHASE4B] [OK ] [3.1] LEGO_ELEMENTS: 95,000/113,831 (83.5%) batches=19 elapsed=0.20s
2026-08-25T06:09:41.9915182-05:00 [PHASE4B] [RUN] [3.1] P4B_ELEMENTS / LEGO_ELEMENTS 95,000/113,831 ( 83.5%) batch=20
2026-08-25T06:09:42.2097533-05:00 [PHASE4B] [OK ] [3.1] LEGO_ELEMENTS: 100,000/113,831 (87.8%) batches=20 elapsed=0.22s
2026-08-25T06:09:42.2107531-05:00 [PHASE4B] [RUN] [3.1] P4B_ELEMENTS / LEGO_ELEMENTS 100,000/113,831 ( 87.8%) batch=21
2026-08-25T06:09:42.4307534-05:00 [PHASE4B] [OK ] [3.1] LEGO_ELEMENTS: 105,000/113,831 (92.2%) batches=21 elapsed=0.22s
2026-08-25T06:09:42.4317530-05:00 [PHASE4B] [RUN] [3.1] P4B_ELEMENTS / LEGO_ELEMENTS 105,000/113,831 ( 92.2%) batch=22
2026-08-25T06:09:42.6337527-05:00 [PHASE4B] [OK ] [3.1] LEGO_ELEMENTS: 110,000/113,831 (96.6%) batches=22 elapsed=0.20s
2026-08-25T06:09:42.6347526-05:00 [PHASE4B] [RUN] [3.1] P4B_ELEMENTS / LEGO_ELEMENTS 110,000/113,831 ( 96.6%) batch=23
2026-08-25T06:09:42.7961633-05:00 [PHASE4B] [OK ] [3.1] LEGO_ELEMENTS: 113,831/113,831 (100.0%) batches=23 elapsed=0.16s
2026-08-25T06:09:42.7971647-05:00 [PHASE4B] 
2026-08-25T06:09:42.7981641-05:00 [PHASE4B] -------------------------------------------------------------------------------
2026-08-25T06:09:42.7991644-05:00 [PHASE4B]  Durable Phase 4B checkpoint status
2026-08-25T06:09:42.8001682-05:00 [PHASE4B] -------------------------------------------------------------------------------
2026-08-25T06:09:42.8011644-05:00 [PHASE4B] 
2026-08-25T06:09:42.8011644-05:00 [PHASE4B] [1/5] P4B_VALIDATE
2026-08-25T06:09:42.8021643-05:00 [PHASE4B]       [1.1] SOURCE_CONTRACT          COMPLETED         1 / 1         100.0% batches=1
2026-08-25T06:09:42.8031643-05:00 [PHASE4B]       [1.2] PART_REFERENCES          COMPLETED         1 / 1         100.0% batches=1
2026-08-25T06:09:42.8041640-05:00 [PHASE4B]       [1.3] COLOR_REFERENCES         COMPLETED         1 / 1         100.0% batches=1
2026-08-25T06:09:42.8041640-05:00 [PHASE4B]       [1.4] ELEMENT_IDENTIFIERS      COMPLETED         1 / 1         100.0% batches=1
2026-08-25T06:09:42.8051675-05:00 [PHASE4B] 
2026-08-25T06:09:42.8061640-05:00 [PHASE4B] [2/5] P4B_VARIANTS
2026-08-25T06:09:42.8071640-05:00 [PHASE4B]       [2.1] PART_COLOR_VARIANTS      COMPLETED   113,831 / 113,831   100.0% batches=23
2026-08-25T06:09:42.8071640-05:00 [PHASE4B] 
2026-08-25T06:09:42.8081642-05:00 [PHASE4B] [3/5] P4B_ELEMENTS
2026-08-25T06:09:42.8091645-05:00 [PHASE4B]       [3.1] LEGO_ELEMENTS            COMPLETED   113,831 / 113,831   100.0% batches=23
2026-08-25T06:09:42.8101634-05:00 [PHASE4B]       [3.2] EXTERNAL_IDENTIFIERS     PENDING           0 / 113,831     0.0% batches=0
2026-08-25T06:09:42.8101634-05:00 [PHASE4B] 
2026-08-25T06:09:42.8111638-05:00 [PHASE4B] [4/5] P4B_SOURCE_PRESENCE
2026-08-25T06:09:42.8121639-05:00 [PHASE4B]       [4.1] ELEMENTS                 PENDING           0 / 1           0.0% batches=0
2026-08-25T06:09:42.8131651-05:00 [PHASE4B] 
2026-08-25T06:09:42.8141639-05:00 [PHASE4B] [5/5] P4B_FINALIZE
2026-08-25T06:09:42.8141639-05:00 [PHASE4B]       [5.1] VERIFY_COUNTS            PENDING           0 / 1           0.0% batches=0
2026-08-25T06:09:42.8151641-05:00 [PHASE4B]       [5.2] COMPLETE_RUN             PENDING           0 / 1           0.0% batches=0
2026-08-25T06:09:42.8161643-05:00 [PHASE4B] 
2026-08-25T06:09:42.8171646-05:00 [PHASE4B] [RUN] [3.2] P4B_ELEMENTS / EXTERNAL_IDENTIFIERS 0/113,831 (  0.0%) batch=1
2026-08-25T06:09:43.2972155-05:00 [PHASE4B] [OK ] [3.2] EXTERNAL_IDENTIFIERS: 5,000/113,831 (4.4%) batches=1 elapsed=0.50s
2026-08-25T06:09:43.2992166-05:00 [PHASE4B] [RUN] [3.2] P4B_ELEMENTS / EXTERNAL_IDENTIFIERS 5,000/113,831 (  4.4%) batch=2
2026-08-25T06:09:44.5782489-05:00 [PHASE4B] [OK ] [3.2] EXTERNAL_IDENTIFIERS: 10,000/113,831 (8.8%) batches=2 elapsed=1.28s
2026-08-25T06:09:44.5802491-05:00 [PHASE4B] [RUN] [3.2] P4B_ELEMENTS / EXTERNAL_IDENTIFIERS 10,000/113,831 (  8.8%) batch=3
2026-08-25T06:09:59.8048514-05:00 [PHASE4B] [OK ] [3.2] EXTERNAL_IDENTIFIERS: 15,000/113,831 (13.2%) batches=3 elapsed=15.23s
2026-08-25T06:09:59.8058525-05:00 [PHASE4B] [RUN] [3.2] P4B_ELEMENTS / EXTERNAL_IDENTIFIERS 15,000/113,831 ( 13.2%) batch=4
2026-08-25T06:10:00.3519657-05:00 [PHASE4B] [OK ] [3.2] EXTERNAL_IDENTIFIERS: 20,000/113,831 (17.6%) batches=4 elapsed=0.55s
2026-08-25T06:10:00.3529641-05:00 [PHASE4B] [RUN] [3.2] P4B_ELEMENTS / EXTERNAL_IDENTIFIERS 20,000/113,831 ( 17.6%) batch=5
2026-08-25T06:10:00.7020163-05:00 [PHASE4B] [OK ] [3.2] EXTERNAL_IDENTIFIERS: 25,000/113,831 (22.0%) batches=5 elapsed=0.35s
2026-08-25T06:10:00.7030184-05:00 [PHASE4B] [RUN] [3.2] P4B_ELEMENTS / EXTERNAL_IDENTIFIERS 25,000/113,831 ( 22.0%) batch=6
2026-08-25T06:10:00.9590462-05:00 [PHASE4B] [OK ] [3.2] EXTERNAL_IDENTIFIERS: 30,000/113,831 (26.4%) batches=6 elapsed=0.26s
2026-08-25T06:10:00.9610464-05:00 [PHASE4B] [RUN] [3.2] P4B_ELEMENTS / EXTERNAL_IDENTIFIERS 30,000/113,831 ( 26.4%) batch=7
2026-08-25T06:10:01.3200135-05:00 [PHASE4B] [OK ] [3.2] EXTERNAL_IDENTIFIERS: 35,000/113,831 (30.7%) batches=7 elapsed=0.36s
2026-08-25T06:10:01.3220163-05:00 [PHASE4B] [RUN] [3.2] P4B_ELEMENTS / EXTERNAL_IDENTIFIERS 35,000/113,831 ( 30.7%) batch=8
2026-08-25T06:10:01.6678300-05:00 [PHASE4B] [OK ] [3.2] EXTERNAL_IDENTIFIERS: 40,000/113,831 (35.1%) batches=8 elapsed=0.35s
2026-08-25T06:10:01.6688307-05:00 [PHASE4B] [RUN] [3.2] P4B_ELEMENTS / EXTERNAL_IDENTIFIERS 40,000/113,831 ( 35.1%) batch=9
2026-08-25T06:10:01.9077565-05:00 [PHASE4B] [OK ] [3.2] EXTERNAL_IDENTIFIERS: 45,000/113,831 (39.5%) batches=9 elapsed=0.24s
2026-08-25T06:10:01.9087571-05:00 [PHASE4B] [RUN] [3.2] P4B_ELEMENTS / EXTERNAL_IDENTIFIERS 45,000/113,831 ( 39.5%) batch=10
2026-08-25T06:10:02.3228549-05:00 [PHASE4B] [OK ] [3.2] EXTERNAL_IDENTIFIERS: 50,000/113,831 (43.9%) batches=10 elapsed=0.41s
2026-08-25T06:10:02.3233584-05:00 [PHASE4B] [RUN] [3.2] P4B_ELEMENTS / EXTERNAL_IDENTIFIERS 50,000/113,831 ( 43.9%) batch=11
2026-08-25T06:10:03.3598356-05:00 [PHASE4B] [OK ] [3.2] EXTERNAL_IDENTIFIERS: 55,000/113,831 (48.3%) batches=11 elapsed=1.04s
2026-08-25T06:10:03.3608366-05:00 [PHASE4B] [RUN] [3.2] P4B_ELEMENTS / EXTERNAL_IDENTIFIERS 55,000/113,831 ( 48.3%) batch=12
2026-08-25T06:10:05.5126866-05:00 [PHASE4B] [OK ] [3.2] EXTERNAL_IDENTIFIERS: 60,000/113,831 (52.7%) batches=12 elapsed=2.15s
2026-08-25T06:10:05.5136939-05:00 [PHASE4B] [RUN] [3.2] P4B_ELEMENTS / EXTERNAL_IDENTIFIERS 60,000/113,831 ( 52.7%) batch=13
2026-08-25T06:10:07.5358388-05:00 [PHASE4B] [OK ] [3.2] EXTERNAL_IDENTIFIERS: 65,000/113,831 (57.1%) batches=13 elapsed=2.02s
2026-08-25T06:10:07.5368371-05:00 [PHASE4B] [RUN] [3.2] P4B_ELEMENTS / EXTERNAL_IDENTIFIERS 65,000/113,831 ( 57.1%) batch=14
2026-08-25T06:10:08.9535120-05:00 [PHASE4B] [OK ] [3.2] EXTERNAL_IDENTIFIERS: 70,000/113,831 (61.5%) batches=14 elapsed=1.42s
2026-08-25T06:10:08.9545117-05:00 [PHASE4B] [RUN] [3.2] P4B_ELEMENTS / EXTERNAL_IDENTIFIERS 70,000/113,831 ( 61.5%) batch=15
2026-08-25T06:10:10.3781165-05:00 [PHASE4B] [OK ] [3.2] EXTERNAL_IDENTIFIERS: 75,000/113,831 (65.9%) batches=15 elapsed=1.42s
2026-08-25T06:10:10.3791163-05:00 [PHASE4B] [RUN] [3.2] P4B_ELEMENTS / EXTERNAL_IDENTIFIERS 75,000/113,831 ( 65.9%) batch=16
2026-08-25T06:10:12.4967014-05:00 [PHASE4B] [OK ] [3.2] EXTERNAL_IDENTIFIERS: 80,000/113,831 (70.3%) batches=16 elapsed=2.12s
2026-08-25T06:10:12.4977009-05:00 [PHASE4B] [RUN] [3.2] P4B_ELEMENTS / EXTERNAL_IDENTIFIERS 80,000/113,831 ( 70.3%) batch=17
2026-08-25T06:10:14.9115974-05:00 [PHASE4B] [OK ] [3.2] EXTERNAL_IDENTIFIERS: 85,000/113,831 (74.7%) batches=17 elapsed=2.41s
2026-08-25T06:10:14.9125962-05:00 [PHASE4B] [RUN] [3.2] P4B_ELEMENTS / EXTERNAL_IDENTIFIERS 85,000/113,831 ( 74.7%) batch=18
2026-08-25T06:10:15.2735068-05:00 [PHASE4B] [OK ] [3.2] EXTERNAL_IDENTIFIERS: 90,000/113,831 (79.1%) batches=18 elapsed=0.36s
2026-08-25T06:10:15.2745091-05:00 [PHASE4B] [RUN] [3.2] P4B_ELEMENTS / EXTERNAL_IDENTIFIERS 90,000/113,831 ( 79.1%) batch=19
2026-08-25T06:10:15.6890445-05:00 [PHASE4B] [OK ] [3.2] EXTERNAL_IDENTIFIERS: 95,000/113,831 (83.5%) batches=19 elapsed=0.42s
2026-08-25T06:10:15.6900457-05:00 [PHASE4B] [RUN] [3.2] P4B_ELEMENTS / EXTERNAL_IDENTIFIERS 95,000/113,831 ( 83.5%) batch=20
2026-08-25T06:10:16.1698401-05:00 [PHASE4B] [OK ] [3.2] EXTERNAL_IDENTIFIERS: 100,000/113,831 (87.8%) batches=20 elapsed=0.48s
2026-08-25T06:10:16.1708360-05:00 [PHASE4B] [RUN] [3.2] P4B_ELEMENTS / EXTERNAL_IDENTIFIERS 100,000/113,831 ( 87.8%) batch=21
2026-08-25T06:10:19.9857116-05:00 [PHASE4B] [OK ] [3.2] EXTERNAL_IDENTIFIERS: 105,000/113,831 (92.2%) batches=21 elapsed=3.82s
2026-08-25T06:10:19.9867133-05:00 [PHASE4B] [RUN] [3.2] P4B_ELEMENTS / EXTERNAL_IDENTIFIERS 105,000/113,831 ( 92.2%) batch=22
2026-08-25T06:10:21.6909509-05:00 [PHASE4B] [OK ] [3.2] EXTERNAL_IDENTIFIERS: 110,000/113,831 (96.6%) batches=22 elapsed=1.71s
2026-08-25T06:10:21.6924539-05:00 [PHASE4B] [RUN] [3.2] P4B_ELEMENTS / EXTERNAL_IDENTIFIERS 110,000/113,831 ( 96.6%) batch=23
2026-08-25T06:10:22.5448609-05:00 [PHASE4B] [OK ] [3.2] EXTERNAL_IDENTIFIERS: 113,831/113,831 (100.0%) batches=23 elapsed=0.85s
2026-08-25T06:10:22.5458596-05:00 [PHASE4B] 
2026-08-25T06:10:22.5468604-05:00 [PHASE4B] -------------------------------------------------------------------------------
2026-08-25T06:10:22.5478609-05:00 [PHASE4B]  Durable Phase 4B checkpoint status
2026-08-25T06:10:22.5488604-05:00 [PHASE4B] -------------------------------------------------------------------------------
2026-08-25T06:10:22.5498598-05:00 [PHASE4B] 
2026-08-25T06:10:22.5508597-05:00 [PHASE4B] [1/5] P4B_VALIDATE
2026-08-25T06:10:22.5508597-05:00 [PHASE4B]       [1.1] SOURCE_CONTRACT          COMPLETED         1 / 1         100.0% batches=1
2026-08-25T06:10:22.5518607-05:00 [PHASE4B]       [1.2] PART_REFERENCES          COMPLETED         1 / 1         100.0% batches=1
2026-08-25T06:10:22.5528610-05:00 [PHASE4B]       [1.3] COLOR_REFERENCES         COMPLETED         1 / 1         100.0% batches=1
2026-08-25T06:10:22.5533661-05:00 [PHASE4B]       [1.4] ELEMENT_IDENTIFIERS      COMPLETED         1 / 1         100.0% batches=1
2026-08-25T06:10:22.5543717-05:00 [PHASE4B] 
2026-08-25T06:10:22.5553766-05:00 [PHASE4B] [2/5] P4B_VARIANTS
2026-08-25T06:10:22.5563757-05:00 [PHASE4B]       [2.1] PART_COLOR_VARIANTS      COMPLETED   113,831 / 113,831   100.0% batches=23
2026-08-25T06:10:22.5573751-05:00 [PHASE4B] 
2026-08-25T06:10:22.5583754-05:00 [PHASE4B] [3/5] P4B_ELEMENTS
2026-08-25T06:10:22.5583754-05:00 [PHASE4B]       [3.1] LEGO_ELEMENTS            COMPLETED   113,831 / 113,831   100.0% batches=23
2026-08-25T06:10:22.5593767-05:00 [PHASE4B]       [3.2] EXTERNAL_IDENTIFIERS     COMPLETED   113,831 / 113,831   100.0% batches=23
2026-08-25T06:10:22.5603771-05:00 [PHASE4B] 
2026-08-25T06:10:22.5613762-05:00 [PHASE4B] [4/5] P4B_SOURCE_PRESENCE
2026-08-25T06:10:22.5613762-05:00 [PHASE4B]       [4.1] ELEMENTS                 PENDING           0 / 1           0.0% batches=0
2026-08-25T06:10:22.5628808-05:00 [PHASE4B] 
2026-08-25T06:10:22.5638854-05:00 [PHASE4B] [5/5] P4B_FINALIZE
2026-08-25T06:10:22.5648890-05:00 [PHASE4B]       [5.1] VERIFY_COUNTS            PENDING           0 / 1           0.0% batches=0
2026-08-25T06:10:22.5648890-05:00 [PHASE4B]       [5.2] COMPLETE_RUN             PENDING           0 / 1           0.0% batches=0
2026-08-25T06:10:22.5658892-05:00 [PHASE4B] 
2026-08-25T06:10:22.5668905-05:00 [PHASE4B] [RUN] [4.1] P4B_SOURCE_PRESENCE / ELEMENTS 0/1 (  0.0%) batch=1
2026-08-25T06:10:23.0606305-05:00 [PHASE4B] [OK ] [4.1] ELEMENTS: 1/1 (100.0%) batches=1 elapsed=0.52s
2026-08-25T06:10:23.0626317-05:00 [PHASE4B] 
2026-08-25T06:10:23.0626317-05:00 [PHASE4B] -------------------------------------------------------------------------------
2026-08-25T06:10:23.0637229-05:00 [PHASE4B]  Durable Phase 4B checkpoint status
2026-08-25T06:10:23.0647217-05:00 [PHASE4B] -------------------------------------------------------------------------------
2026-08-25T06:10:23.0657203-05:00 [PHASE4B] 
2026-08-25T06:10:23.0667219-05:00 [PHASE4B] [1/5] P4B_VALIDATE
2026-08-25T06:10:23.0677222-05:00 [PHASE4B]       [1.1] SOURCE_CONTRACT          COMPLETED         1 / 1         100.0% batches=1
2026-08-25T06:10:23.0687195-05:00 [PHASE4B]       [1.2] PART_REFERENCES          COMPLETED         1 / 1         100.0% batches=1
2026-08-25T06:10:23.0697205-05:00 [PHASE4B]       [1.3] COLOR_REFERENCES         COMPLETED         1 / 1         100.0% batches=1
2026-08-25T06:10:23.0697205-05:00 [PHASE4B]       [1.4] ELEMENT_IDENTIFIERS      COMPLETED         1 / 1         100.0% batches=1
2026-08-25T06:10:23.0707201-05:00 [PHASE4B] 
2026-08-25T06:10:23.0717207-05:00 [PHASE4B] [2/5] P4B_VARIANTS
2026-08-25T06:10:23.0727203-05:00 [PHASE4B]       [2.1] PART_COLOR_VARIANTS      COMPLETED   113,831 / 113,831   100.0% batches=23
2026-08-25T06:10:23.0737828-05:00 [PHASE4B] 
2026-08-25T06:10:23.0737828-05:00 [PHASE4B] [3/5] P4B_ELEMENTS
2026-08-25T06:10:23.0747800-05:00 [PHASE4B]       [3.1] LEGO_ELEMENTS            COMPLETED   113,831 / 113,831   100.0% batches=23
2026-08-25T06:10:23.0757816-05:00 [PHASE4B]       [3.2] EXTERNAL_IDENTIFIERS     COMPLETED   113,831 / 113,831   100.0% batches=23
2026-08-25T06:10:23.0757816-05:00 [PHASE4B] 
2026-08-25T06:10:23.0772848-05:00 [PHASE4B] [4/5] P4B_SOURCE_PRESENCE
2026-08-25T06:10:23.0782907-05:00 [PHASE4B]       [4.1] ELEMENTS                 COMPLETED         1 / 1         100.0% batches=1
2026-08-25T06:10:23.0792891-05:00 [PHASE4B] 
2026-08-25T06:10:23.0792891-05:00 [PHASE4B] [5/5] P4B_FINALIZE
2026-08-25T06:10:23.0802904-05:00 [PHASE4B]       [5.1] VERIFY_COUNTS            PENDING           0 / 1           0.0% batches=0
2026-08-25T06:10:23.0812890-05:00 [PHASE4B]       [5.2] COMPLETE_RUN             PENDING           0 / 1           0.0% batches=0
2026-08-25T06:10:23.0812890-05:00 [PHASE4B] 
2026-08-25T06:10:23.0827930-05:00 [PHASE4B] [RUN] [5.1] P4B_FINALIZE / VERIFY_COUNTS 0/1 (  0.0%) batch=1
2026-08-25T06:10:23.9489452-05:00 [PHASE4B] [OK ] [5.1] VERIFY_COUNTS: 1/1 (100.0%) batches=1 elapsed=0.89s
2026-08-25T06:10:23.9499465-05:00 [PHASE4B] 
2026-08-25T06:10:23.9509461-05:00 [PHASE4B] -------------------------------------------------------------------------------
2026-08-25T06:10:23.9524497-05:00 [PHASE4B]  Durable Phase 4B checkpoint status
2026-08-25T06:10:23.9524497-05:00 [PHASE4B] -------------------------------------------------------------------------------
2026-08-25T06:10:23.9534535-05:00 [PHASE4B] 
2026-08-25T06:10:23.9544537-05:00 [PHASE4B] [1/5] P4B_VALIDATE
2026-08-25T06:10:23.9554546-05:00 [PHASE4B]       [1.1] SOURCE_CONTRACT          COMPLETED         1 / 1         100.0% batches=1
2026-08-25T06:10:23.9554546-05:00 [PHASE4B]       [1.2] PART_REFERENCES          COMPLETED         1 / 1         100.0% batches=1
2026-08-25T06:10:23.9574536-05:00 [PHASE4B]       [1.3] COLOR_REFERENCES         COMPLETED         1 / 1         100.0% batches=1
2026-08-25T06:10:23.9584542-05:00 [PHASE4B]       [1.4] ELEMENT_IDENTIFIERS      COMPLETED         1 / 1         100.0% batches=1
2026-08-25T06:10:23.9594542-05:00 [PHASE4B] 
2026-08-25T06:10:23.9594542-05:00 [PHASE4B] [2/5] P4B_VARIANTS
2026-08-25T06:10:23.9604532-05:00 [PHASE4B]       [2.1] PART_COLOR_VARIANTS      COMPLETED   113,831 / 113,831   100.0% batches=23
2026-08-25T06:10:23.9614534-05:00 [PHASE4B] 
2026-08-25T06:10:23.9624544-05:00 [PHASE4B] [3/5] P4B_ELEMENTS
2026-08-25T06:10:23.9629569-05:00 [PHASE4B]       [3.1] LEGO_ELEMENTS            COMPLETED   113,831 / 113,831   100.0% batches=23
2026-08-25T06:10:23.9639610-05:00 [PHASE4B]       [3.2] EXTERNAL_IDENTIFIERS     COMPLETED   113,831 / 113,831   100.0% batches=23
2026-08-25T06:10:23.9649648-05:00 [PHASE4B] 
2026-08-25T06:10:23.9659662-05:00 [PHASE4B] [4/5] P4B_SOURCE_PRESENCE
2026-08-25T06:10:23.9659662-05:00 [PHASE4B]       [4.1] ELEMENTS                 COMPLETED         1 / 1         100.0% batches=1
2026-08-25T06:10:23.9669647-05:00 [PHASE4B] 
2026-08-25T06:10:23.9679656-05:00 [PHASE4B] [5/5] P4B_FINALIZE
2026-08-25T06:10:23.9689638-05:00 [PHASE4B]       [5.1] VERIFY_COUNTS            COMPLETED         1 / 1         100.0% batches=1
2026-08-25T06:10:23.9699659-05:00 [PHASE4B]       [5.2] COMPLETE_RUN             PENDING           0 / 1           0.0% batches=0
2026-08-25T06:10:23.9709643-05:00 [PHASE4B] 
2026-08-25T06:10:23.9709643-05:00 [PHASE4B] [RUN] [5.2] P4B_FINALIZE / COMPLETE_RUN 0/1 (  0.0%) batch=1
2026-08-25T06:10:23.9724696-05:00 [PHASE4B] [OK ] [5.2] COMPLETE_RUN: 1/1 (100.0%) batches=1 elapsed=0.01s
2026-08-25T06:10:23.9734742-05:00 [PHASE4B] 
2026-08-25T06:10:23.9734742-05:00 [PHASE4B] -------------------------------------------------------------------------------
2026-08-25T06:10:23.9744740-05:00 [PHASE4B]  Durable Phase 4B checkpoint status
2026-08-25T06:10:23.9754738-05:00 [PHASE4B] -------------------------------------------------------------------------------
2026-08-25T06:10:23.9764741-05:00 [PHASE4B] 
2026-08-25T06:10:23.9764741-05:00 [PHASE4B] [1/5] P4B_VALIDATE
2026-08-25T06:10:23.9779778-05:00 [PHASE4B]       [1.1] SOURCE_CONTRACT          COMPLETED         1 / 1         100.0% batches=1
2026-08-25T06:10:23.9789843-05:00 [PHASE4B]       [1.2] PART_REFERENCES          COMPLETED         1 / 1         100.0% batches=1
2026-08-25T06:10:23.9799830-05:00 [PHASE4B]       [1.3] COLOR_REFERENCES         COMPLETED         1 / 1         100.0% batches=1
2026-08-25T06:10:23.9809820-05:00 [PHASE4B]       [1.4] ELEMENT_IDENTIFIERS      COMPLETED         1 / 1         100.0% batches=1
2026-08-25T06:10:23.9809820-05:00 [PHASE4B] 
2026-08-25T06:10:23.9824868-05:00 [PHASE4B] [2/5] P4B_VARIANTS
2026-08-25T06:10:23.9834910-05:00 [PHASE4B]       [2.1] PART_COLOR_VARIANTS      COMPLETED   113,831 / 113,831   100.0% batches=23
2026-08-25T06:10:23.9834910-05:00 [PHASE4B] 
2026-08-25T06:10:23.9844910-05:00 [PHASE4B] [3/5] P4B_ELEMENTS
2026-08-25T06:10:23.9854915-05:00 [PHASE4B]       [3.1] LEGO_ELEMENTS            COMPLETED   113,831 / 113,831   100.0% batches=23
2026-08-25T06:10:23.9864934-05:00 [PHASE4B]       [3.2] EXTERNAL_IDENTIFIERS     COMPLETED   113,831 / 113,831   100.0% batches=23
2026-08-25T06:10:23.9874934-05:00 [PHASE4B] 
2026-08-25T06:10:23.9874934-05:00 [PHASE4B] [4/5] P4B_SOURCE_PRESENCE
2026-08-25T06:10:23.9884920-05:00 [PHASE4B]       [4.1] ELEMENTS                 COMPLETED         1 / 1         100.0% batches=1
2026-08-25T06:10:23.9894918-05:00 [PHASE4B] 
2026-08-25T06:10:23.9904921-05:00 [PHASE4B] [5/5] P4B_FINALIZE
2026-08-25T06:10:23.9904921-05:00 [PHASE4B]       [5.1] VERIFY_COUNTS            COMPLETED         1 / 1         100.0% batches=1
2026-08-25T06:10:23.9914915-05:00 [PHASE4B]       [5.2] COMPLETE_RUN             COMPLETED         1 / 1         100.0% batches=1
2026-08-25T06:10:23.9930002-05:00 [PHASE4B] 
2026-08-25T06:10:23.9940026-05:00 [PHASE4B] ==============================================================================
2026-08-25T06:10:23.9950012-05:00 [PHASE4B]  [PASS] Rebrickable Phase 4B checkpointed reconciliation completed
2026-08-25T06:10:23.9950012-05:00 [PHASE4B]  [INFO] Source run: 01a0389c-6476-7de8-8a15-739cd8fc386e
2026-08-25T06:10:23.9960017-05:00 [PHASE4B]  [INFO] Elapsed seconds: 50.41
2026-08-25T06:10:23.9970009-05:00 [PHASE4B] ==============================================================================
2026-08-25T06:10:23.9980031-05:00 [INFO] PHASE4B process exit code=0
2026-08-25T06:10:23.9990031-05:00 [PASS] PHASE4B completed
2026-08-25T06:10:24.0448554-05:00 [PASS] Lifecycle finalized source_run_id=01a0389c-6476-7de8-8a15-739cd8fc386e
2026-08-25T06:10:24.0458552-05:00 [INFO] START PHASE5A: import_rebrickable_phase5a_inventory.py --downloads-dir L:\var\www\Brk.Trkr\brk.trkr-db\import\runtime\snapshots\nightly_20260825_060850
2026-08-25T06:10:28.7491118-05:00 [PHASE5A] ==============================================================================
2026-08-25T06:10:28.7501117-05:00 [PHASE5A]  BrickTrackr Rebrickable Phase 5A - Inventory Staging v5.0.1
2026-08-25T06:10:28.7511099-05:00 [PHASE5A] ==============================================================================
2026-08-25T06:10:28.7511099-05:00 [PHASE5A] [INFO] Downloads:  L:\var\www\Brk.Trkr\brk.trkr-db\import\runtime\snapshots\nightly_20260825_060850
2026-08-25T06:10:28.7526137-05:00 [PHASE5A] [INFO] COPY batch: 50,000
2026-08-25T06:10:28.7536175-05:00 [PHASE5A] 
2026-08-25T06:10:28.7536175-05:00 [PHASE5A] [VALIDATE] Source contracts and cross-file inventory references
2026-08-25T06:10:28.7546194-05:00 [PHASE5A] [PASS] inventories          rows=    47,216 sha256=a5f9c085a32d6e433397502343425062fea3587cdb87d1b671e16d1f103d7deb
2026-08-25T06:10:28.7556196-05:00 [PHASE5A] [PASS] inventory_parts      rows= 1,551,426 sha256=a73e272f816826798973ec72b01bf2f8bca120571cd67cad8b3c2a5dc704f01c
2026-08-25T06:10:28.7566216-05:00 [PHASE5A] [PASS] inventory_sets       rows=     5,176 sha256=a260844f665f5fe64675184fc01a93f78488548e51fbd7b2cc9dfdd7b7e5798b
2026-08-25T06:10:28.7576179-05:00 [PHASE5A] [PASS] inventory_minifigs   rows=    25,738 sha256=805be4a494c16fc4277f27693c503e3d2b2cbc21847f483954b244bb05109670
2026-08-25T06:10:28.7586191-05:00 [PHASE5A] [PASS] Total source rows: 1,629,556
2026-08-25T06:10:28.7586191-05:00 [PHASE5A] 
2026-08-25T06:10:28.7596191-05:00 [PHASE5A] [RUN ] Source run: 01a0389d-4a1d-77a6-b037-da123a4cd5fb
2026-08-25T06:10:28.7606195-05:00 [PHASE5A] 
2026-08-25T06:10:28.7616188-05:00 [PHASE5A] [DATASET] inventories -> INVENTORY (47,216 rows)
2026-08-25T06:10:28.7626178-05:00 [PHASE5A] [STAGE] inventories          batch=  1     47,216/47,216 (100.0%)
2026-08-25T06:10:30.4259523-05:00 [PHASE5A] [PASS] inventories: 47,216 rows staged/validated
2026-08-25T06:10:30.4278455-05:00 [PHASE5A] 
2026-08-25T06:10:30.4288430-05:00 [PHASE5A] [DATASET] inventory_parts -> INVENTORY_PART (1,551,426 rows)
2026-08-25T06:10:30.4288430-05:00 [PHASE5A] [STAGE] inventory_parts      batch=  1     50,000/1,551,426 (  3.2%)
2026-08-25T06:10:31.9074947-05:00 [PHASE5A] [STAGE] inventory_parts      batch=  2    100,000/1,551,426 (  6.4%)
2026-08-25T06:10:33.2803825-05:00 [PHASE5A] [STAGE] inventory_parts      batch=  3    150,000/1,551,426 (  9.7%)
2026-08-25T06:10:34.9331756-05:00 [PHASE5A] [STAGE] inventory_parts      batch=  4    200,000/1,551,426 ( 12.9%)
2026-08-25T06:10:36.5211715-05:00 [PHASE5A] [STAGE] inventory_parts      batch=  5    250,000/1,551,426 ( 16.1%)
2026-08-25T06:10:38.2207642-05:00 [PHASE5A] [STAGE] inventory_parts      batch=  6    300,000/1,551,426 ( 19.3%)
2026-08-25T06:10:40.1595410-05:00 [PHASE5A] [STAGE] inventory_parts      batch=  7    350,000/1,551,426 ( 22.6%)
2026-08-25T06:10:42.0668725-05:00 [PHASE5A] [STAGE] inventory_parts      batch=  8    400,000/1,551,426 ( 25.8%)
2026-08-25T06:10:44.8956123-05:00 [PHASE5A] [STAGE] inventory_parts      batch=  9    450,000/1,551,426 ( 29.0%)
2026-08-25T06:10:52.6396066-05:00 [PHASE5A] [STAGE] inventory_parts      batch= 10    500,000/1,551,426 ( 32.2%)
2026-08-25T06:10:54.1538819-05:00 [PHASE5A] [STAGE] inventory_parts      batch= 11    550,000/1,551,426 ( 35.5%)
2026-08-25T06:11:02.8879665-05:00 [PHASE5A] [STAGE] inventory_parts      batch= 12    600,000/1,551,426 ( 38.7%)
2026-08-25T06:11:04.5598433-05:00 [PHASE5A] [STAGE] inventory_parts      batch= 13    650,000/1,551,426 ( 41.9%)
2026-08-25T06:11:06.0671844-05:00 [PHASE5A] [STAGE] inventory_parts      batch= 14    700,000/1,551,426 ( 45.1%)
2026-08-25T06:11:07.8500422-05:00 [PHASE5A] [STAGE] inventory_parts      batch= 15    750,000/1,551,426 ( 48.3%)
2026-08-25T06:11:09.6505110-05:00 [PHASE5A] [STAGE] inventory_parts      batch= 16    800,000/1,551,426 ( 51.6%)
2026-08-25T06:11:11.4013167-05:00 [PHASE5A] [STAGE] inventory_parts      batch= 17    850,000/1,551,426 ( 54.8%)
2026-08-25T06:11:13.3295364-05:00 [PHASE5A] [STAGE] inventory_parts      batch= 18    900,000/1,551,426 ( 58.0%)
2026-08-25T06:11:15.4508530-05:00 [PHASE5A] [STAGE] inventory_parts      batch= 19    950,000/1,551,426 ( 61.2%)
2026-08-25T06:11:17.1801307-05:00 [PHASE5A] [STAGE] inventory_parts      batch= 20  1,000,000/1,551,426 ( 64.5%)
2026-08-25T06:11:43.0991288-05:00 [PHASE5A] [STAGE] inventory_parts      batch= 21  1,050,000/1,551,426 ( 67.7%)
2026-08-25T06:11:48.5360793-05:00 [PHASE5A] [STAGE] inventory_parts      batch= 22  1,100,000/1,551,426 ( 70.9%)
2026-08-25T06:11:51.2365225-05:00 [PHASE5A] [STAGE] inventory_parts      batch= 23  1,150,000/1,551,426 ( 74.1%)
2026-08-25T06:11:53.4863650-05:00 [PHASE5A] [STAGE] inventory_parts      batch= 24  1,200,000/1,551,426 ( 77.3%)
2026-08-25T06:11:55.4833396-05:00 [PHASE5A] [STAGE] inventory_parts      batch= 25  1,250,000/1,551,426 ( 80.6%)
2026-08-25T06:11:57.4571304-05:00 [PHASE5A] [STAGE] inventory_parts      batch= 26  1,300,000/1,551,426 ( 83.8%)
2026-08-25T06:11:59.2632969-05:00 [PHASE5A] [STAGE] inventory_parts      batch= 27  1,350,000/1,551,426 ( 87.0%)
2026-08-25T06:12:01.1282491-05:00 [PHASE5A] [STAGE] inventory_parts      batch= 28  1,400,000/1,551,426 ( 90.2%)
2026-08-25T06:12:08.7360851-05:00 [PHASE5A] [STAGE] inventory_parts      batch= 29  1,450,000/1,551,426 ( 93.5%)
2026-08-25T06:12:11.0372360-05:00 [PHASE5A] [STAGE] inventory_parts      batch= 30  1,500,000/1,551,426 ( 96.7%)
2026-08-25T06:12:12.8606825-05:00 [PHASE5A] [STAGE] inventory_parts      batch= 31  1,550,000/1,551,426 ( 99.9%)
2026-08-25T06:12:12.9001497-05:00 [PHASE5A] [STAGE] inventory_parts      batch= 32  1,551,426/1,551,426 (100.0%)
2026-08-25T06:12:47.2235766-05:00 [PHASE5A] [PASS] inventory_parts: 1,551,426 rows staged/validated
2026-08-25T06:12:47.2245798-05:00 [PHASE5A] 
2026-08-25T06:12:47.2255809-05:00 [PHASE5A] [DATASET] inventory_sets -> INVENTORY_SET (5,176 rows)
2026-08-25T06:12:47.2265798-05:00 [PHASE5A] [STAGE] inventory_sets       batch=  1      5,176/5,176 (100.0%)
2026-08-25T06:12:50.0216474-05:00 [PHASE5A] [PASS] inventory_sets: 5,176 rows staged/validated
2026-08-25T06:12:50.0226537-05:00 [PHASE5A] 
2026-08-25T06:12:50.0236517-05:00 [PHASE5A] [DATASET] inventory_minifigs -> INVENTORY_MINIFIGURE (25,738 rows)
2026-08-25T06:12:50.0246520-05:00 [PHASE5A] [STAGE] inventory_minifigs   batch=  1     25,738/25,738 (100.0%)
2026-08-25T06:12:50.3407429-05:00 [PHASE5A] [PASS] inventory_minifigs: 25,738 rows staged/validated
2026-08-25T06:12:50.3417465-05:00 [PHASE5A] 
2026-08-25T06:12:50.3429637-05:00 [PHASE5A] ==============================================================================
2026-08-25T06:12:50.3439628-05:00 [PHASE5A]  [PASS] Rebrickable Phase 5A inventory staging completed
2026-08-25T06:12:50.3449642-05:00 [PHASE5A]  [INFO] Source run: 01a0389d-4a1d-77a6-b037-da123a4cd5fb
2026-08-25T06:12:50.3459638-05:00 [PHASE5A]  [INFO] Total rows: 1,629,556
2026-08-25T06:12:50.3469635-05:00 [PHASE5A]  [INFO] Elapsed seconds: 146.14
2026-08-25T06:12:50.3479640-05:00 [PHASE5A]  [INFO] Status: VALIDATING
2026-08-25T06:12:50.3489626-05:00 [PHASE5A] ==============================================================================
2026-08-25T06:12:50.3489626-05:00 [PHASE5A] 
2026-08-25T06:12:50.3499631-05:00 [PHASE5A] [NEXT] Phase 5B may reconcile this source run. No canonical definition/catalog DML was performed.
2026-08-25T06:12:50.3669334-05:00 [INFO] PHASE5A process exit code=0
2026-08-25T06:12:50.3679314-05:00 [PASS] PHASE5A completed
2026-08-25T06:12:50.8579068-05:00 [INFO] PHASE5A source_run_id=01a0389d-4a1d-77a6-b037-da123a4cd5fb
2026-08-25T06:12:50.9029005-05:00 [INFO] START PHASE5B: reconcile_rebrickable_phase5b_checkpointed.py --source-run-id 01a0389d-4a1d-77a6-b037-da123a4cd5fb
2026-08-25T06:12:51.7707624-05:00 [PHASE5B] ==============================================================================
2026-08-25T06:12:51.7717630-05:00 [PHASE5B]  BrickTrackr Rebrickable Phase 5B - Checkpointed Reconcile v5.1.2
2026-08-25T06:12:51.7728751-05:00 [PHASE5B] ==============================================================================
2026-08-25T06:12:51.7738767-05:00 [PHASE5B] [INFO] Mode:       RESUME
2026-08-25T06:12:51.7748746-05:00 [PHASE5B] [INFO] Source run: 01a0389d-4a1d-77a6-b037-da123a4cd5fb
2026-08-25T06:12:51.7748746-05:00 [PHASE5B] [INFO] Batch size: 5,000
2026-08-25T06:12:51.7758760-05:00 [PHASE5B] [+] Checkpoint ledger ready: inventories=47,216, parts=1,551,426, sets=5,176, minifigs=25,738
2026-08-25T06:12:51.7768747-05:00 [PHASE5B] 
2026-08-25T06:12:51.7778754-05:00 [PHASE5B] -------------------------------------------------------------------------------
2026-08-25T06:12:51.7788765-05:00 [PHASE5B]  Durable Phase 5B checkpoint status
2026-08-25T06:12:51.7798745-05:00 [PHASE5B] -------------------------------------------------------------------------------
2026-08-25T06:12:51.7798745-05:00 [PHASE5B] 
2026-08-25T06:12:51.7808757-05:00 [PHASE5B] [1/10] P5B_VALIDATE
2026-08-25T06:12:51.7818753-05:00 [PHASE5B]       [1.1] SOURCE_CONTRACT              PENDING            0 / 1            0.0% batches=0
2026-08-25T06:12:51.7831877-05:00 [PHASE5B]       [1.2] PARENT_CLASSIFICATION        PENDING            0 / 1            0.0% batches=0
2026-08-25T06:12:51.7841872-05:00 [PHASE5B]       [1.3] CATALOG_REFERENCES           PENDING            0 / 1            0.0% batches=0
2026-08-25T06:12:51.7841872-05:00 [PHASE5B]       [1.4] VERSION_KEYS                 PENDING            0 / 1            0.0% batches=0
2026-08-25T06:12:51.7851884-05:00 [PHASE5B] 
2026-08-25T06:12:51.7861877-05:00 [PHASE5B] [2/10] P5B_VARIANTS
2026-08-25T06:12:51.7871880-05:00 [PHASE5B]       [2.1] BASE_PART_COLOR_VARIANTS     PENDING            0 / 1,551,426    0.0% batches=0
2026-08-25T06:12:51.7871880-05:00 [PHASE5B] 
2026-08-25T06:12:51.7891880-05:00 [PHASE5B] [3/10] P5B_DEFINITIONS
2026-08-25T06:12:51.7901880-05:00 [PHASE5B]       [3.1] PARENT_DEFINITIONS           PENDING            0 / 47,216       0.0% batches=0
2026-08-25T06:12:51.7901880-05:00 [PHASE5B] 
2026-08-25T06:12:51.7916919-05:00 [PHASE5B] [4/10] P5B_VERSIONS
2026-08-25T06:12:51.7926972-05:00 [PHASE5B]       [4.1] SOURCE_VERSIONS              PENDING            0 / 47,216       0.0% batches=0
2026-08-25T06:12:51.7926972-05:00 [PHASE5B] 
2026-08-25T06:12:51.7936990-05:00 [PHASE5B] [5/10] P5B_SET_MEMBERS
2026-08-25T06:12:51.7946971-05:00 [PHASE5B]       [5.1] PARTS                        PENDING            0 / 1,551,426    0.0% batches=0
2026-08-25T06:12:51.7956968-05:00 [PHASE5B]       [5.2] SETS                         PENDING            0 / 5,176        0.0% batches=0
2026-08-25T06:12:51.7966973-05:00 [PHASE5B]       [5.3] MINIFIGURES                  PENDING            0 / 25,738       0.0% batches=0
2026-08-25T06:12:51.7976986-05:00 [PHASE5B] 
2026-08-25T06:12:51.7986970-05:00 [PHASE5B] [6/10] P5B_MINIFIG_MEMBERS
2026-08-25T06:12:51.7986970-05:00 [PHASE5B]       [6.1] PARTS                        PENDING            0 / 1,551,426    0.0% batches=0
2026-08-25T06:12:51.7996960-05:00 [PHASE5B] 
2026-08-25T06:12:51.8010597-05:00 [PHASE5B] [7/10] P5B_MINIFIG_ANCHORS
2026-08-25T06:12:51.8015627-05:00 [PHASE5B]       [7.1] COMPOSITIONS                 PENDING            0 / 47,216       0.0% batches=0
2026-08-25T06:12:51.8025658-05:00 [PHASE5B] 
2026-08-25T06:12:51.8035668-05:00 [PHASE5B] [8/10] P5B_FINALIZE_VERSIONS
2026-08-25T06:12:51.8035668-05:00 [PHASE5B]       [8.1] HASH_AND_FINALIZE            PENDING            0 / 47,216       0.0% batches=0
2026-08-25T06:12:51.8045669-05:00 [PHASE5B] 
2026-08-25T06:12:51.8055680-05:00 [PHASE5B] [9/10] P5B_AUTHORITY
2026-08-25T06:12:51.8065661-05:00 [PHASE5B]       [9.1] LATEST_SOURCE                PENDING            0 / 47,216       0.0% batches=0
2026-08-25T06:12:51.8065661-05:00 [PHASE5B] 
2026-08-25T06:12:51.8075676-05:00 [PHASE5B] [10/10] P5B_COMPLETE
2026-08-25T06:12:51.8085694-05:00 [PHASE5B]       [10.1] VERIFY                       PENDING            0 / 1            0.0% batches=0
2026-08-25T06:12:51.8095670-05:00 [PHASE5B]       [10.2] COMPLETE_RUN                 PENDING            0 / 1            0.0% batches=0
2026-08-25T06:12:51.8105665-05:00 [PHASE5B] 
2026-08-25T06:12:51.8115670-05:00 [PHASE5B] [RUN] [1.1] P5B_VALIDATE / SOURCE_CONTRACT 0/1 (  0.0%) batch=1
2026-08-25T06:12:51.8115670-05:00 [PHASE5B] [OK ] [1.1] SOURCE_CONTRACT: 1/1 (100.0%) batches=1 elapsed=0.01s
2026-08-25T06:12:51.8130541-05:00 [PHASE5B] 
2026-08-25T06:12:51.8140534-05:00 [PHASE5B] -------------------------------------------------------------------------------
2026-08-25T06:12:51.8140534-05:00 [PHASE5B]  Durable Phase 5B checkpoint status
2026-08-25T06:12:51.8150539-05:00 [PHASE5B] -------------------------------------------------------------------------------
2026-08-25T06:12:51.8165571-05:00 [PHASE5B] 
2026-08-25T06:12:51.8165571-05:00 [PHASE5B] [1/10] P5B_VALIDATE
2026-08-25T06:12:51.8175607-05:00 [PHASE5B]       [1.1] SOURCE_CONTRACT              COMPLETED          1 / 1          100.0% batches=1
2026-08-25T06:12:51.8185616-05:00 [PHASE5B]       [1.2] PARENT_CLASSIFICATION        PENDING            0 / 1            0.0% batches=0
2026-08-25T06:12:51.8195617-05:00 [PHASE5B]       [1.3] CATALOG_REFERENCES           PENDING            0 / 1            0.0% batches=0
2026-08-25T06:12:51.8195617-05:00 [PHASE5B]       [1.4] VERSION_KEYS                 PENDING            0 / 1            0.0% batches=0
2026-08-25T06:12:51.8205622-05:00 [PHASE5B] 
2026-08-25T06:12:51.8220656-05:00 [PHASE5B] [2/10] P5B_VARIANTS
2026-08-25T06:12:51.8220656-05:00 [PHASE5B]       [2.1] BASE_PART_COLOR_VARIANTS     PENDING            0 / 1,551,426    0.0% batches=0
2026-08-25T06:12:51.8230716-05:00 [PHASE5B] 
2026-08-25T06:12:51.8240710-05:00 [PHASE5B] [3/10] P5B_DEFINITIONS
2026-08-25T06:12:51.8250703-05:00 [PHASE5B]       [3.1] PARENT_DEFINITIONS           PENDING            0 / 47,216       0.0% batches=0
2026-08-25T06:12:51.8260706-05:00 [PHASE5B] 
2026-08-25T06:12:51.8270716-05:00 [PHASE5B] [4/10] P5B_VERSIONS
2026-08-25T06:12:51.8270716-05:00 [PHASE5B]       [4.1] SOURCE_VERSIONS              PENDING            0 / 47,216       0.0% batches=0
2026-08-25T06:12:51.8280699-05:00 [PHASE5B] 
2026-08-25T06:12:51.8290715-05:00 [PHASE5B] [5/10] P5B_SET_MEMBERS
2026-08-25T06:12:51.8300701-05:00 [PHASE5B]       [5.1] PARTS                        PENDING            0 / 1,551,426    0.0% batches=0
2026-08-25T06:12:51.8300701-05:00 [PHASE5B]       [5.2] SETS                         PENDING            0 / 5,176        0.0% batches=0
2026-08-25T06:12:51.8300701-05:00 [PHASE5B]       [5.3] MINIFIGURES                  PENDING            0 / 25,738       0.0% batches=0
2026-08-25T06:12:51.8315742-05:00 [PHASE5B] 
2026-08-25T06:12:51.8325789-05:00 [PHASE5B] [6/10] P5B_MINIFIG_MEMBERS
2026-08-25T06:12:51.8335793-05:00 [PHASE5B]       [6.1] PARTS                        PENDING            0 / 1,551,426    0.0% batches=0
2026-08-25T06:12:51.8345791-05:00 [PHASE5B] 
2026-08-25T06:12:51.8355783-05:00 [PHASE5B] [7/10] P5B_MINIFIG_ANCHORS
2026-08-25T06:12:51.8365787-05:00 [PHASE5B]       [7.1] COMPOSITIONS                 PENDING            0 / 47,216       0.0% batches=0
2026-08-25T06:12:51.8365787-05:00 [PHASE5B] 
2026-08-25T06:12:51.8375802-05:00 [PHASE5B] [8/10] P5B_FINALIZE_VERSIONS
2026-08-25T06:12:51.8385799-05:00 [PHASE5B]       [8.1] HASH_AND_FINALIZE            PENDING            0 / 47,216       0.0% batches=0
2026-08-25T06:12:51.8395796-05:00 [PHASE5B] 
2026-08-25T06:12:51.8395796-05:00 [PHASE5B] [9/10] P5B_AUTHORITY
2026-08-25T06:12:51.8405805-05:00 [PHASE5B]       [9.1] LATEST_SOURCE                PENDING            0 / 47,216       0.0% batches=0
2026-08-25T06:12:51.8415795-05:00 [PHASE5B] 
2026-08-25T06:12:51.8426473-05:00 [PHASE5B] [10/10] P5B_COMPLETE
2026-08-25T06:12:51.8436470-05:00 [PHASE5B]       [10.1] VERIFY                       PENDING            0 / 1            0.0% batches=0
2026-08-25T06:12:51.8436470-05:00 [PHASE5B]       [10.2] COMPLETE_RUN                 PENDING            0 / 1            0.0% batches=0
2026-08-25T06:12:51.8446481-05:00 [PHASE5B] 
2026-08-25T06:12:51.8456480-05:00 [PHASE5B] [RUN] [1.2] P5B_VALIDATE / PARENT_CLASSIFICATION 0/1 (  0.0%) batch=1
2026-08-25T06:12:52.0475500-05:00 [PHASE5B] [OK ] [1.2] PARENT_CLASSIFICATION: 1/1 (100.0%) batches=1 elapsed=0.27s
2026-08-25T06:12:52.0485550-05:00 [PHASE5B] 
2026-08-25T06:12:52.0495531-05:00 [PHASE5B] -------------------------------------------------------------------------------
2026-08-25T06:12:52.0505539-05:00 [PHASE5B]  Durable Phase 5B checkpoint status
2026-08-25T06:12:52.0515545-05:00 [PHASE5B] -------------------------------------------------------------------------------
2026-08-25T06:12:52.0515545-05:00 [PHASE5B] 
2026-08-25T06:12:52.0527064-05:00 [PHASE5B] [1/10] P5B_VALIDATE
2026-08-25T06:12:52.0547081-05:00 [PHASE5B]       [1.1] SOURCE_CONTRACT              COMPLETED          1 / 1          100.0% batches=1
2026-08-25T06:12:52.0557060-05:00 [PHASE5B]       [1.2] PARENT_CLASSIFICATION        COMPLETED          1 / 1          100.0% batches=1
2026-08-25T06:12:52.0557060-05:00 [PHASE5B]       [1.3] CATALOG_REFERENCES           PENDING            0 / 1            0.0% batches=0
2026-08-25T06:12:52.0567047-05:00 [PHASE5B]       [1.4] VERSION_KEYS                 PENDING            0 / 1            0.0% batches=0
2026-08-25T06:12:52.0577049-05:00 [PHASE5B] 
2026-08-25T06:12:52.0587048-05:00 [PHASE5B] [2/10] P5B_VARIANTS
2026-08-25T06:12:52.0597042-05:00 [PHASE5B]       [2.1] BASE_PART_COLOR_VARIANTS     PENDING            0 / 1,551,426    0.0% batches=0
2026-08-25T06:12:52.0607042-05:00 [PHASE5B] 
2026-08-25T06:12:52.0607042-05:00 [PHASE5B] [3/10] P5B_DEFINITIONS
2026-08-25T06:12:52.0622066-05:00 [PHASE5B]       [3.1] PARENT_DEFINITIONS           PENDING            0 / 47,216       0.0% batches=0
2026-08-25T06:12:52.0632089-05:00 [PHASE5B] 
2026-08-25T06:12:52.0642123-05:00 [PHASE5B] [4/10] P5B_VERSIONS
2026-08-25T06:12:52.0642123-05:00 [PHASE5B]       [4.1] SOURCE_VERSIONS              PENDING            0 / 47,216       0.0% batches=0
2026-08-25T06:12:52.0652122-05:00 [PHASE5B] 
2026-08-25T06:12:52.0662115-05:00 [PHASE5B] [5/10] P5B_SET_MEMBERS
2026-08-25T06:12:52.0672106-05:00 [PHASE5B]       [5.1] PARTS                        PENDING            0 / 1,551,426    0.0% batches=0
2026-08-25T06:12:52.0682107-05:00 [PHASE5B]       [5.2] SETS                         PENDING            0 / 5,176        0.0% batches=0
2026-08-25T06:12:52.0692107-05:00 [PHASE5B]       [5.3] MINIFIGURES                  PENDING            0 / 25,738       0.0% batches=0
2026-08-25T06:12:52.0692107-05:00 [PHASE5B] 
2026-08-25T06:12:52.0702107-05:00 [PHASE5B] [6/10] P5B_MINIFIG_MEMBERS
2026-08-25T06:12:52.0702107-05:00 [PHASE5B]       [6.1] PARTS                        PENDING            0 / 1,551,426    0.0% batches=0
2026-08-25T06:12:52.0717124-05:00 [PHASE5B] 
2026-08-25T06:12:52.0727149-05:00 [PHASE5B] [7/10] P5B_MINIFIG_ANCHORS
2026-08-25T06:12:52.0737153-05:00 [PHASE5B]       [7.1] COMPOSITIONS                 PENDING            0 / 47,216       0.0% batches=0
2026-08-25T06:12:52.0737153-05:00 [PHASE5B] 
2026-08-25T06:12:52.0747171-05:00 [PHASE5B] [8/10] P5B_FINALIZE_VERSIONS
2026-08-25T06:12:52.0757171-05:00 [PHASE5B]       [8.1] HASH_AND_FINALIZE            PENDING            0 / 47,216       0.0% batches=0
2026-08-25T06:12:52.0767180-05:00 [PHASE5B] 
2026-08-25T06:12:52.0777184-05:00 [PHASE5B] [9/10] P5B_AUTHORITY
2026-08-25T06:12:52.0787186-05:00 [PHASE5B]       [9.1] LATEST_SOURCE                PENDING            0 / 47,216       0.0% batches=0
2026-08-25T06:12:52.0797175-05:00 [PHASE5B] 
2026-08-25T06:12:52.0807171-05:00 [PHASE5B] [10/10] P5B_COMPLETE
2026-08-25T06:12:52.0807171-05:00 [PHASE5B]       [10.1] VERIFY                       PENDING            0 / 1            0.0% batches=0
2026-08-25T06:12:52.0822189-05:00 [PHASE5B]       [10.2] COMPLETE_RUN                 PENDING            0 / 1            0.0% batches=0
2026-08-25T06:12:52.0822189-05:00 [PHASE5B] 
2026-08-25T06:12:52.0832214-05:00 [PHASE5B] [RUN] [1.3] P5B_VALIDATE / CATALOG_REFERENCES 0/1 (  0.0%) batch=1
2026-08-25T06:13:06.7288064-05:00 [PHASE5B] [OK ] [1.3] CATALOG_REFERENCES: 1/1 (100.0%) batches=1 elapsed=14.68s
2026-08-25T06:13:06.7308075-05:00 [PHASE5B] 
2026-08-25T06:13:06.7318088-05:00 [PHASE5B] -------------------------------------------------------------------------------
2026-08-25T06:13:06.7328331-05:00 [PHASE5B]  Durable Phase 5B checkpoint status
2026-08-25T06:13:06.7338323-05:00 [PHASE5B] -------------------------------------------------------------------------------
2026-08-25T06:13:06.7348336-05:00 [PHASE5B] 
2026-08-25T06:13:06.7348336-05:00 [PHASE5B] [1/10] P5B_VALIDATE
2026-08-25T06:13:06.7358334-05:00 [PHASE5B]       [1.1] SOURCE_CONTRACT              COMPLETED          1 / 1          100.0% batches=1
2026-08-25T06:13:06.7368335-05:00 [PHASE5B]       [1.2] PARENT_CLASSIFICATION        COMPLETED          1 / 1          100.0% batches=1
2026-08-25T06:13:06.7378328-05:00 [PHASE5B]       [1.3] CATALOG_REFERENCES           COMPLETED          1 / 1          100.0% batches=1
2026-08-25T06:13:06.7388327-05:00 [PHASE5B]       [1.4] VERSION_KEYS                 PENDING            0 / 1            0.0% batches=0
2026-08-25T06:13:06.7388327-05:00 [PHASE5B] 
2026-08-25T06:13:06.7398338-05:00 [PHASE5B] [2/10] P5B_VARIANTS
2026-08-25T06:13:06.7408323-05:00 [PHASE5B]       [2.1] BASE_PART_COLOR_VARIANTS     PENDING            0 / 1,551,426    0.0% batches=0
2026-08-25T06:13:06.7418352-05:00 [PHASE5B] 
2026-08-25T06:13:06.7418352-05:00 [PHASE5B] [3/10] P5B_DEFINITIONS
2026-08-25T06:13:06.7429076-05:00 [PHASE5B]       [3.1] PARENT_DEFINITIONS           PENDING            0 / 47,216       0.0% batches=0
2026-08-25T06:13:06.7439075-05:00 [PHASE5B] 
2026-08-25T06:13:06.7449047-05:00 [PHASE5B] [4/10] P5B_VERSIONS
2026-08-25T06:13:06.7449047-05:00 [PHASE5B]       [4.1] SOURCE_VERSIONS              PENDING            0 / 47,216       0.0% batches=0
2026-08-25T06:13:06.7459069-05:00 [PHASE5B] 
2026-08-25T06:13:06.7469051-05:00 [PHASE5B] [5/10] P5B_SET_MEMBERS
2026-08-25T06:13:06.7479073-05:00 [PHASE5B]       [5.1] PARTS                        PENDING            0 / 1,551,426    0.0% batches=0
2026-08-25T06:13:06.7489052-05:00 [PHASE5B]       [5.2] SETS                         PENDING            0 / 5,176        0.0% batches=0
2026-08-25T06:13:06.7489052-05:00 [PHASE5B]       [5.3] MINIFIGURES                  PENDING            0 / 25,738       0.0% batches=0
2026-08-25T06:13:06.7499047-05:00 [PHASE5B] 
2026-08-25T06:13:06.7509046-05:00 [PHASE5B] [6/10] P5B_MINIFIG_MEMBERS
2026-08-25T06:13:06.7519050-05:00 [PHASE5B]       [6.1] PARTS                        PENDING            0 / 1,551,426    0.0% batches=0
2026-08-25T06:13:06.7529861-05:00 [PHASE5B] 
2026-08-25T06:13:06.7529861-05:00 [PHASE5B] [7/10] P5B_MINIFIG_ANCHORS
2026-08-25T06:13:06.7539860-05:00 [PHASE5B]       [7.1] COMPOSITIONS                 PENDING            0 / 47,216       0.0% batches=0
2026-08-25T06:13:06.7549883-05:00 [PHASE5B] 
2026-08-25T06:13:06.7559853-05:00 [PHASE5B] [8/10] P5B_FINALIZE_VERSIONS
2026-08-25T06:13:06.7569848-05:00 [PHASE5B]       [8.1] HASH_AND_FINALIZE            PENDING            0 / 47,216       0.0% batches=0
2026-08-25T06:13:06.7569848-05:00 [PHASE5B] 
2026-08-25T06:13:06.7579862-05:00 [PHASE5B] [9/10] P5B_AUTHORITY
2026-08-25T06:13:06.7589856-05:00 [PHASE5B]       [9.1] LATEST_SOURCE                PENDING            0 / 47,216       0.0% batches=0
2026-08-25T06:13:06.7599861-05:00 [PHASE5B] 
2026-08-25T06:13:06.7614891-05:00 [PHASE5B] [10/10] P5B_COMPLETE
2026-08-25T06:13:06.7624956-05:00 [PHASE5B]       [10.1] VERIFY                       PENDING            0 / 1            0.0% batches=0
2026-08-25T06:13:06.7634942-05:00 [PHASE5B]       [10.2] COMPLETE_RUN                 PENDING            0 / 1            0.0% batches=0
2026-08-25T06:13:06.7644936-05:00 [PHASE5B] 
2026-08-25T06:13:06.7654927-05:00 [PHASE5B] [RUN] [1.4] P5B_VALIDATE / VERSION_KEYS 0/1 (  0.0%) batch=1
2026-08-25T06:13:07.0895640-05:00 [PHASE5B] [OK ] [1.4] VERSION_KEYS: 1/1 (100.0%) batches=1 elapsed=0.36s
2026-08-25T06:13:07.0915682-05:00 [PHASE5B] 
2026-08-25T06:13:07.0926287-05:00 [PHASE5B] -------------------------------------------------------------------------------
2026-08-25T06:13:07.0936284-05:00 [PHASE5B]  Durable Phase 5B checkpoint status
2026-08-25T06:13:07.0936284-05:00 [PHASE5B] -------------------------------------------------------------------------------
2026-08-25T06:13:07.0946303-05:00 [PHASE5B] 
2026-08-25T06:13:07.0956278-05:00 [PHASE5B] [1/10] P5B_VALIDATE
2026-08-25T06:13:07.0966282-05:00 [PHASE5B]       [1.1] SOURCE_CONTRACT              COMPLETED          1 / 1          100.0% batches=1
2026-08-25T06:13:07.0966282-05:00 [PHASE5B]       [1.2] PARENT_CLASSIFICATION        COMPLETED          1 / 1          100.0% batches=1
2026-08-25T06:13:07.0976292-05:00 [PHASE5B]       [1.3] CATALOG_REFERENCES           COMPLETED          1 / 1          100.0% batches=1
2026-08-25T06:13:07.0986299-05:00 [PHASE5B]       [1.4] VERSION_KEYS                 COMPLETED          1 / 1          100.0% batches=1
2026-08-25T06:13:07.0996285-05:00 [PHASE5B] 
2026-08-25T06:13:07.1006299-05:00 [PHASE5B] [2/10] P5B_VARIANTS
2026-08-25T06:13:07.1006299-05:00 [PHASE5B]       [2.1] BASE_PART_COLOR_VARIANTS     PENDING            0 / 1,551,426    0.0% batches=0
2026-08-25T06:13:07.1016283-05:00 [PHASE5B] 
2026-08-25T06:13:07.1026861-05:00 [PHASE5B] [3/10] P5B_DEFINITIONS
2026-08-25T06:13:07.1036863-05:00 [PHASE5B]       [3.1] PARENT_DEFINITIONS           PENDING            0 / 47,216       0.0% batches=0
2026-08-25T06:13:07.1046853-05:00 [PHASE5B] 
2026-08-25T06:13:07.1046853-05:00 [PHASE5B] [4/10] P5B_VERSIONS
2026-08-25T06:13:07.1066859-05:00 [PHASE5B]       [4.1] SOURCE_VERSIONS              PENDING            0 / 47,216       0.0% batches=0
2026-08-25T06:13:07.1066859-05:00 [PHASE5B] 
2026-08-25T06:13:07.1076864-05:00 [PHASE5B] [5/10] P5B_SET_MEMBERS
2026-08-25T06:13:07.1086856-05:00 [PHASE5B]       [5.1] PARTS                        PENDING            0 / 1,551,426    0.0% batches=0
2026-08-25T06:13:07.1096867-05:00 [PHASE5B]       [5.2] SETS                         PENDING            0 / 5,176        0.0% batches=0
2026-08-25T06:13:07.1106854-05:00 [PHASE5B]       [5.3] MINIFIGURES                  PENDING            0 / 25,738       0.0% batches=0
2026-08-25T06:13:07.1116866-05:00 [PHASE5B] 
2026-08-25T06:13:07.1116866-05:00 [PHASE5B] [6/10] P5B_MINIFIG_MEMBERS
2026-08-25T06:13:07.1128831-05:00 [PHASE5B]       [6.1] PARTS                        PENDING            0 / 1,551,426    0.0% batches=0
2026-08-25T06:13:07.1138844-05:00 [PHASE5B] 
2026-08-25T06:13:07.1148827-05:00 [PHASE5B] [7/10] P5B_MINIFIG_ANCHORS
2026-08-25T06:13:07.1148827-05:00 [PHASE5B]       [7.1] COMPOSITIONS                 PENDING            0 / 47,216       0.0% batches=0
2026-08-25T06:13:07.1158839-05:00 [PHASE5B] 
2026-08-25T06:13:07.1168838-05:00 [PHASE5B] [8/10] P5B_FINALIZE_VERSIONS
2026-08-25T06:13:07.1178824-05:00 [PHASE5B]       [8.1] HASH_AND_FINALIZE            PENDING            0 / 47,216       0.0% batches=0
2026-08-25T06:13:07.1178824-05:00 [PHASE5B] 
2026-08-25T06:13:07.1188842-05:00 [PHASE5B] [9/10] P5B_AUTHORITY
2026-08-25T06:13:07.1198839-05:00 [PHASE5B]       [9.1] LATEST_SOURCE                PENDING            0 / 47,216       0.0% batches=0
2026-08-25T06:13:07.1208825-05:00 [PHASE5B] 
2026-08-25T06:13:07.1218826-05:00 [PHASE5B] [10/10] P5B_COMPLETE
2026-08-25T06:13:07.1230957-05:00 [PHASE5B]       [10.1] VERIFY                       PENDING            0 / 1            0.0% batches=0
2026-08-25T06:13:07.1230957-05:00 [PHASE5B]       [10.2] COMPLETE_RUN                 PENDING            0 / 1            0.0% batches=0
2026-08-25T06:13:07.1240961-05:00 [PHASE5B] 
2026-08-25T06:13:07.1250959-05:00 [PHASE5B] [RUN] [2.1] P5B_VARIANTS / BASE_PART_COLOR_VARIANTS 0/1,551,426 (  0.0%) batch=1
2026-08-25T06:14:02.4167666-05:00 [PHASE5B] [OK ] [2.1] BASE_PART_COLOR_VARIANTS: 5,000/1,551,426 (0.3%) batches=1 elapsed=55.33s
2026-08-25T06:14:02.4177657-05:00 [PHASE5B] [RUN] [2.1] P5B_VARIANTS / BASE_PART_COLOR_VARIANTS 5,000/1,551,426 (  0.3%) batch=2
2026-08-25T06:14:11.1462113-05:00 [PHASE5B] [OK ] [2.1] BASE_PART_COLOR_VARIANTS: 10,000/1,551,426 (0.6%) batches=2 elapsed=8.73s
2026-08-25T06:14:11.1473462-05:00 [PHASE5B] [RUN] [2.1] P5B_VARIANTS / BASE_PART_COLOR_VARIANTS 10,000/1,551,426 (  0.6%) batch=3
2026-08-25T06:14:19.7032650-05:00 [PHASE5B] [OK ] [2.1] BASE_PART_COLOR_VARIANTS: 15,000/1,551,426 (1.0%) batches=3 elapsed=8.56s
2026-08-25T06:14:19.7042652-05:00 [PHASE5B] [RUN] [2.1] P5B_VARIANTS / BASE_PART_COLOR_VARIANTS 15,000/1,551,426 (  1.0%) batch=4
2026-08-25T06:14:28.1925632-05:00 [PHASE5B] [OK ] [2.1] BASE_PART_COLOR_VARIANTS: 20,000/1,551,426 (1.3%) batches=4 elapsed=8.49s
2026-08-25T06:14:28.1945628-05:00 [PHASE5B] [RUN] [2.1] P5B_VARIANTS / BASE_PART_COLOR_VARIANTS 20,000/1,551,426 (  1.3%) batch=5
2026-08-25T06:14:36.6884332-05:00 [PHASE5B] [OK ] [2.1] BASE_PART_COLOR_VARIANTS: 25,000/1,551,426 (1.6%) batches=5 elapsed=8.50s
2026-08-25T06:14:36.6894341-05:00 [PHASE5B] [RUN] [2.1] P5B_VARIANTS / BASE_PART_COLOR_VARIANTS 25,000/1,551,426 (  1.6%) batch=6
2026-08-25T06:14:45.1549469-05:00 [PHASE5B] [OK ] [2.1] BASE_PART_COLOR_VARIANTS: 30,000/1,551,426 (1.9%) batches=6 elapsed=8.47s
2026-08-25T06:14:45.1559481-05:00 [PHASE5B] [RUN] [2.1] P5B_VARIANTS / BASE_PART_COLOR_VARIANTS 30,000/1,551,426 (  1.9%) batch=7
2026-08-25T06:14:53.5956740-05:00 [PHASE5B] [OK ] [2.1] BASE_PART_COLOR_VARIANTS: 35,000/1,551,426 (2.3%) batches=7 elapsed=8.44s
2026-08-25T06:14:53.5966753-05:00 [PHASE5B] [RUN] [2.1] P5B_VARIANTS / BASE_PART_COLOR_VARIANTS 35,000/1,551,426 (  2.3%) batch=8
2026-08-25T06:15:02.0168482-05:00 [PHASE5B] [OK ] [2.1] BASE_PART_COLOR_VARIANTS: 40,000/1,551,426 (2.6%) batches=8 elapsed=8.42s
2026-08-25T06:15:02.0188490-05:00 [PHASE5B] [RUN] [2.1] P5B_VARIANTS / BASE_PART_COLOR_VARIANTS 40,000/1,551,426 (  2.6%) batch=9
2026-08-25T06:15:10.4098204-05:00 [PHASE5B] [OK ] [2.1] BASE_PART_COLOR_VARIANTS: 45,000/1,551,426 (2.9%) batches=9 elapsed=8.39s
2026-08-25T06:15:10.4113248-05:00 [PHASE5B] [RUN] [2.1] P5B_VARIANTS / BASE_PART_COLOR_VARIANTS 45,000/1,551,426 (  2.9%) batch=10
2026-08-25T06:15:18.7628232-05:00 [PHASE5B] [OK ] [2.1] BASE_PART_COLOR_VARIANTS: 50,000/1,551,426 (3.2%) batches=10 elapsed=8.35s
2026-08-25T06:15:18.7648232-05:00 [PHASE5B] [RUN] [2.1] P5B_VARIANTS / BASE_PART_COLOR_VARIANTS 50,000/1,551,426 (  3.2%) batch=11
2026-08-25T06:15:27.0441081-05:00 [PHASE5B] [OK ] [2.1] BASE_PART_COLOR_VARIANTS: 55,000/1,551,426 (3.5%) batches=11 elapsed=8.28s
2026-08-25T06:15:27.0461086-05:00 [PHASE5B] [RUN] [2.1] P5B_VARIANTS / BASE_PART_COLOR_VARIANTS 55,000/1,551,426 (  3.5%) batch=12
2026-08-25T06:15:35.2849241-05:00 [PHASE5B] [OK ] [2.1] BASE_PART_COLOR_VARIANTS: 60,000/1,551,426 (3.9%) batches=12 elapsed=8.24s
2026-08-25T06:15:35.2869242-05:00 [PHASE5B] [RUN] [2.1] P5B_VARIANTS / BASE_PART_COLOR_VARIANTS 60,000/1,551,426 (  3.9%) batch=13
2026-08-25T06:15:43.5867851-05:00 [PHASE5B] [OK ] [2.1] BASE_PART_COLOR_VARIANTS: 65,000/1,551,426 (4.2%) batches=13 elapsed=8.30s
2026-08-25T06:15:43.5887860-05:00 [PHASE5B] [RUN] [2.1] P5B_VARIANTS / BASE_PART_COLOR_VARIANTS 65,000/1,551,426 (  4.2%) batch=14
2026-08-25T06:15:51.7926676-05:00 [PHASE5B] [OK ] [2.1] BASE_PART_COLOR_VARIANTS: 70,000/1,551,426 (4.5%) batches=14 elapsed=8.20s
2026-08-25T06:15:51.7936682-05:00 [PHASE5B] [RUN] [2.1] P5B_VARIANTS / BASE_PART_COLOR_VARIANTS 70,000/1,551,426 (  4.5%) batch=15
2026-08-25T06:16:00.0268899-05:00 [PHASE5B] [OK ] [2.1] BASE_PART_COLOR_VARIANTS: 75,000/1,551,426 (4.8%) batches=15 elapsed=8.23s
2026-08-25T06:16:00.0288881-05:00 [PHASE5B] [RUN] [2.1] P5B_VARIANTS / BASE_PART_COLOR_VARIANTS 75,000/1,551,426 (  4.8%) batch=16
2026-08-25T06:16:08.2347492-05:00 [PHASE5B] [OK ] [2.1] BASE_PART_COLOR_VARIANTS: 80,000/1,551,426 (5.2%) batches=16 elapsed=8.21s
2026-08-25T06:16:08.2357503-05:00 [PHASE5B] [RUN] [2.1] P5B_VARIANTS / BASE_PART_COLOR_VARIANTS 80,000/1,551,426 (  5.2%) batch=17
2026-08-25T06:16:16.3839918-05:00 [PHASE5B] [OK ] [2.1] BASE_PART_COLOR_VARIANTS: 85,000/1,551,426 (5.5%) batches=17 elapsed=8.15s
2026-08-25T06:16:16.3859931-05:00 [PHASE5B] [RUN] [2.1] P5B_VARIANTS / BASE_PART_COLOR_VARIANTS 85,000/1,551,426 (  5.5%) batch=18
2026-08-25T06:16:24.4595104-05:00 [PHASE5B] [OK ] [2.1] BASE_PART_COLOR_VARIANTS: 90,000/1,551,426 (5.8%) batches=18 elapsed=8.08s
2026-08-25T06:16:24.4607671-05:00 [PHASE5B] [RUN] [2.1] P5B_VARIANTS / BASE_PART_COLOR_VARIANTS 90,000/1,551,426 (  5.8%) batch=19
2026-08-25T06:16:32.5888902-05:00 [PHASE5B] [OK ] [2.1] BASE_PART_COLOR_VARIANTS: 95,000/1,551,426 (6.1%) batches=19 elapsed=8.13s
2026-08-25T06:16:32.5903945-05:00 [PHASE5B] [RUN] [2.1] P5B_VARIANTS / BASE_PART_COLOR_VARIANTS 95,000/1,551,426 (  6.1%) batch=20
2026-08-25T06:16:40.6296374-05:00 [PHASE5B] [OK ] [2.1] BASE_PART_COLOR_VARIANTS: 100,000/1,551,426 (6.4%) batches=20 elapsed=8.04s
2026-08-25T06:16:40.6306364-05:00 [PHASE5B] [RUN] [2.1] P5B_VARIANTS / BASE_PART_COLOR_VARIANTS 100,000/1,551,426 (  6.4%) batch=21
2026-08-25T06:16:48.7331031-05:00 [PHASE5B] [OK ] [2.1] BASE_PART_COLOR_VARIANTS: 105,000/1,551,426 (6.8%) batches=21 elapsed=8.10s
2026-08-25T06:16:48.7341028-05:00 [PHASE5B] [RUN] [2.1] P5B_VARIANTS / BASE_PART_COLOR_VARIANTS 105,000/1,551,426 (  6.8%) batch=22
2026-08-25T06:16:56.7406994-05:00 [PHASE5B] [OK ] [2.1] BASE_PART_COLOR_VARIANTS: 110,000/1,551,426 (7.1%) batches=22 elapsed=8.01s
2026-08-25T06:16:56.7417004-05:00 [PHASE5B] [RUN] [2.1] P5B_VARIANTS / BASE_PART_COLOR_VARIANTS 110,000/1,551,426 (  7.1%) batch=23
2026-08-25T06:17:04.7373998-05:00 [PHASE5B] [OK ] [2.1] BASE_PART_COLOR_VARIANTS: 115,000/1,551,426 (7.4%) batches=23 elapsed=8.00s
2026-08-25T06:17:04.7384019-05:00 [PHASE5B] [RUN] [2.1] P5B_VARIANTS / BASE_PART_COLOR_VARIANTS 115,000/1,551,426 (  7.4%) batch=24
2026-08-25T06:17:12.7630982-05:00 [PHASE5B] [OK ] [2.1] BASE_PART_COLOR_VARIANTS: 120,000/1,551,426 (7.7%) batches=24 elapsed=8.03s
2026-08-25T06:17:12.7650969-05:00 [PHASE5B] [RUN] [2.1] P5B_VARIANTS / BASE_PART_COLOR_VARIANTS 120,000/1,551,426 (  7.7%) batch=25
2026-08-25T06:17:20.7638338-05:00 [PHASE5B] [OK ] [2.1] BASE_PART_COLOR_VARIANTS: 125,000/1,551,426 (8.1%) batches=25 elapsed=8.00s
2026-08-25T06:17:20.7658342-05:00 [PHASE5B] [RUN] [2.1] P5B_VARIANTS / BASE_PART_COLOR_VARIANTS 125,000/1,551,426 (  8.1%) batch=26
2026-08-25T06:17:28.7444780-05:00 [PHASE5B] [OK ] [2.1] BASE_PART_COLOR_VARIANTS: 130,000/1,551,426 (8.4%) batches=26 elapsed=7.98s
2026-08-25T06:17:28.7454761-05:00 [PHASE5B] [RUN] [2.1] P5B_VARIANTS / BASE_PART_COLOR_VARIANTS 130,000/1,551,426 (  8.4%) batch=27
2026-08-25T06:17:36.6325068-05:00 [PHASE5B] [OK ] [2.1] BASE_PART_COLOR_VARIANTS: 135,000/1,551,426 (8.7%) batches=27 elapsed=7.89s
2026-08-25T06:17:36.6335069-05:00 [PHASE5B] [RUN] [2.1] P5B_VARIANTS / BASE_PART_COLOR_VARIANTS 135,000/1,551,426 (  8.7%) batch=28
2026-08-25T06:17:44.4671235-05:00 [PHASE5B] [OK ] [2.1] BASE_PART_COLOR_VARIANTS: 140,000/1,551,426 (9.0%) batches=28 elapsed=7.83s
2026-08-25T06:17:44.4681273-05:00 [PHASE5B] [RUN] [2.1] P5B_VARIANTS / BASE_PART_COLOR_VARIANTS 140,000/1,551,426 (  9.0%) batch=29
2026-08-25T06:17:52.3361551-05:00 [PHASE5B] [OK ] [2.1] BASE_PART_COLOR_VARIANTS: 145,000/1,551,426 (9.3%) batches=29 elapsed=7.87s
2026-08-25T06:17:52.3376616-05:00 [PHASE5B] [RUN] [2.1] P5B_VARIANTS / BASE_PART_COLOR_VARIANTS 145,000/1,551,426 (  9.3%) batch=30
2026-08-25T06:18:00.0542393-05:00 [PHASE5B] [OK ] [2.1] BASE_PART_COLOR_VARIANTS: 150,000/1,551,426 (9.7%) batches=30 elapsed=7.72s
2026-08-25T06:18:00.0552396-05:00 [PHASE5B] [RUN] [2.1] P5B_VARIANTS / BASE_PART_COLOR_VARIANTS 150,000/1,551,426 (  9.7%) batch=31
2026-08-25T06:18:07.7835289-05:00 [PHASE5B] [OK ] [2.1] BASE_PART_COLOR_VARIANTS: 155,000/1,551,426 (10.0%) batches=31 elapsed=7.73s
2026-08-25T06:18:07.7845324-05:00 [PHASE5B] [RUN] [2.1] P5B_VARIANTS / BASE_PART_COLOR_VARIANTS 155,000/1,551,426 ( 10.0%) batch=32
2026-08-25T06:18:15.6185225-05:00 [PHASE5B] [OK ] [2.1] BASE_PART_COLOR_VARIANTS: 160,000/1,551,426 (10.3%) batches=32 elapsed=7.83s
2026-08-25T06:18:15.6195235-05:00 [PHASE5B] [RUN] [2.1] P5B_VARIANTS / BASE_PART_COLOR_VARIANTS 160,000/1,551,426 ( 10.3%) batch=33
2026-08-25T06:18:23.4712415-05:00 [PHASE5B] [OK ] [2.1] BASE_PART_COLOR_VARIANTS: 165,000/1,551,426 (10.6%) batches=33 elapsed=7.85s
2026-08-25T06:18:23.4722422-05:00 [PHASE5B] [RUN] [2.1] P5B_VARIANTS / BASE_PART_COLOR_VARIANTS 165,000/1,551,426 ( 10.6%) batch=34
2026-08-25T06:18:31.2267660-05:00 [PHASE5B] [OK ] [2.1] BASE_PART_COLOR_VARIANTS: 170,000/1,551,426 (11.0%) batches=34 elapsed=7.76s
2026-08-25T06:18:31.2277702-05:00 [PHASE5B] [RUN] [2.1] P5B_VARIANTS / BASE_PART_COLOR_VARIANTS 170,000/1,551,426 ( 11.0%) batch=35
2026-08-25T06:18:38.8905605-05:00 [PHASE5B] [OK ] [2.1] BASE_PART_COLOR_VARIANTS: 175,000/1,551,426 (11.3%) batches=35 elapsed=7.66s
2026-08-25T06:18:38.8925592-05:00 [PHASE5B] [RUN] [2.1] P5B_VARIANTS / BASE_PART_COLOR_VARIANTS 175,000/1,551,426 ( 11.3%) batch=36
2026-08-25T06:18:46.4581563-05:00 [PHASE5B] [OK ] [2.1] BASE_PART_COLOR_VARIANTS: 180,000/1,551,426 (11.6%) batches=36 elapsed=7.57s
2026-08-25T06:18:46.4591584-05:00 [PHASE5B] [RUN] [2.1] P5B_VARIANTS / BASE_PART_COLOR_VARIANTS 180,000/1,551,426 ( 11.6%) batch=37
2026-08-25T06:18:54.1633691-05:00 [PHASE5B] [OK ] [2.1] BASE_PART_COLOR_VARIANTS: 185,000/1,551,426 (11.9%) batches=37 elapsed=7.70s
2026-08-25T06:18:54.1643702-05:00 [PHASE5B] [RUN] [2.1] P5B_VARIANTS / BASE_PART_COLOR_VARIANTS 185,000/1,551,426 ( 11.9%) batch=38
2026-08-25T06:19:01.7416248-05:00 [PHASE5B] [OK ] [2.1] BASE_PART_COLOR_VARIANTS: 190,000/1,551,426 (12.2%) batches=38 elapsed=7.58s
2026-08-25T06:19:01.7426216-05:00 [PHASE5B] [RUN] [2.1] P5B_VARIANTS / BASE_PART_COLOR_VARIANTS 190,000/1,551,426 ( 12.2%) batch=39
2026-08-25T06:19:09.2822007-05:00 [PHASE5B] [OK ] [2.1] BASE_PART_COLOR_VARIANTS: 195,000/1,551,426 (12.6%) batches=39 elapsed=7.54s
2026-08-25T06:19:09.2832009-05:00 [PHASE5B] [RUN] [2.1] P5B_VARIANTS / BASE_PART_COLOR_VARIANTS 195,000/1,551,426 ( 12.6%) batch=40
2026-08-25T06:19:16.9732446-05:00 [PHASE5B] [OK ] [2.1] BASE_PART_COLOR_VARIANTS: 200,000/1,551,426 (12.9%) batches=40 elapsed=7.69s
2026-08-25T06:19:16.9742426-05:00 [PHASE5B] [RUN] [2.1] P5B_VARIANTS / BASE_PART_COLOR_VARIANTS 200,000/1,551,426 ( 12.9%) batch=41
2026-08-25T06:19:24.4744414-05:00 [PHASE5B] [OK ] [2.1] BASE_PART_COLOR_VARIANTS: 205,000/1,551,426 (13.2%) batches=41 elapsed=7.50s
2026-08-25T06:19:24.4769510-05:00 [PHASE5B] [RUN] [2.1] P5B_VARIANTS / BASE_PART_COLOR_VARIANTS 205,000/1,551,426 ( 13.2%) batch=42
2026-08-25T06:19:32.0180802-05:00 [PHASE5B] [OK ] [2.1] BASE_PART_COLOR_VARIANTS: 210,000/1,551,426 (13.5%) batches=42 elapsed=7.54s
2026-08-25T06:19:32.0200797-05:00 [PHASE5B] [RUN] [2.1] P5B_VARIANTS / BASE_PART_COLOR_VARIANTS 210,000/1,551,426 ( 13.5%) batch=43
2026-08-25T06:19:39.4702983-05:00 [PHASE5B] [OK ] [2.1] BASE_PART_COLOR_VARIANTS: 215,000/1,551,426 (13.9%) batches=43 elapsed=7.45s
2026-08-25T06:19:39.4713008-05:00 [PHASE5B] [RUN] [2.1] P5B_VARIANTS / BASE_PART_COLOR_VARIANTS 215,000/1,551,426 ( 13.9%) batch=44
2026-08-25T06:19:46.8544934-05:00 [PHASE5B] [OK ] [2.1] BASE_PART_COLOR_VARIANTS: 220,000/1,551,426 (14.2%) batches=44 elapsed=7.38s
2026-08-25T06:19:46.8559980-05:00 [PHASE5B] [RUN] [2.1] P5B_VARIANTS / BASE_PART_COLOR_VARIANTS 220,000/1,551,426 ( 14.2%) batch=45
2026-08-25T06:19:54.3043349-05:00 [PHASE5B] [OK ] [2.1] BASE_PART_COLOR_VARIANTS: 225,000/1,551,426 (14.5%) batches=45 elapsed=7.45s
2026-08-25T06:19:54.3068408-05:00 [PHASE5B] [RUN] [2.1] P5B_VARIANTS / BASE_PART_COLOR_VARIANTS 225,000/1,551,426 ( 14.5%) batch=46
2026-08-25T06:20:01.6391858-05:00 [PHASE5B] [OK ] [2.1] BASE_PART_COLOR_VARIANTS: 230,000/1,551,426 (14.8%) batches=46 elapsed=7.33s
2026-08-25T06:20:01.6401858-05:00 [PHASE5B] [RUN] [2.1] P5B_VARIANTS / BASE_PART_COLOR_VARIANTS 230,000/1,551,426 ( 14.8%) batch=47
2026-08-25T06:20:08.9380721-05:00 [PHASE5B] [OK ] [2.1] BASE_PART_COLOR_VARIANTS: 235,000/1,551,426 (15.1%) batches=47 elapsed=7.30s
2026-08-25T06:20:08.9400723-05:00 [PHASE5B] [RUN] [2.1] P5B_VARIANTS / BASE_PART_COLOR_VARIANTS 235,000/1,551,426 ( 15.1%) batch=48
2026-08-25T06:20:16.3378349-05:00 [PHASE5B] [OK ] [2.1] BASE_PART_COLOR_VARIANTS: 240,000/1,551,426 (15.5%) batches=48 elapsed=7.40s
2026-08-25T06:20:16.3388348-05:00 [PHASE5B] [RUN] [2.1] P5B_VARIANTS / BASE_PART_COLOR_VARIANTS 240,000/1,551,426 ( 15.5%) batch=49
2026-08-25T06:20:23.6454761-05:00 [PHASE5B] [OK ] [2.1] BASE_PART_COLOR_VARIANTS: 245,000/1,551,426 (15.8%) batches=49 elapsed=7.31s
2026-08-25T06:20:23.6464794-05:00 [PHASE5B] [RUN] [2.1] P5B_VARIANTS / BASE_PART_COLOR_VARIANTS 245,000/1,551,426 ( 15.8%) batch=50
2026-08-25T06:20:30.8862761-05:00 [PHASE5B] [OK ] [2.1] BASE_PART_COLOR_VARIANTS: 250,000/1,551,426 (16.1%) batches=50 elapsed=7.24s
2026-08-25T06:20:30.8872765-05:00 [PHASE5B] [RUN] [2.1] P5B_VARIANTS / BASE_PART_COLOR_VARIANTS 250,000/1,551,426 ( 16.1%) batch=51
2026-08-25T06:20:38.1071339-05:00 [PHASE5B] [OK ] [2.1] BASE_PART_COLOR_VARIANTS: 255,000/1,551,426 (16.4%) batches=51 elapsed=7.22s
2026-08-25T06:20:38.1081338-05:00 [PHASE5B] [RUN] [2.1] P5B_VARIANTS / BASE_PART_COLOR_VARIANTS 255,000/1,551,426 ( 16.4%) batch=52
2026-08-25T06:20:45.2878457-05:00 [PHASE5B] [OK ] [2.1] BASE_PART_COLOR_VARIANTS: 260,000/1,551,426 (16.8%) batches=52 elapsed=7.18s
2026-08-25T06:20:45.2888447-05:00 [PHASE5B] [RUN] [2.1] P5B_VARIANTS / BASE_PART_COLOR_VARIANTS 260,000/1,551,426 ( 16.8%) batch=53
2026-08-25T06:20:52.4804799-05:00 [PHASE5B] [OK ] [2.1] BASE_PART_COLOR_VARIANTS: 265,000/1,551,426 (17.1%) batches=53 elapsed=7.19s
2026-08-25T06:20:52.4814792-05:00 [PHASE5B] [RUN] [2.1] P5B_VARIANTS / BASE_PART_COLOR_VARIANTS 265,000/1,551,426 ( 17.1%) batch=54
2026-08-25T06:20:59.5965066-05:00 [PHASE5B] [OK ] [2.1] BASE_PART_COLOR_VARIANTS: 270,000/1,551,426 (17.4%) batches=54 elapsed=7.12s
2026-08-25T06:20:59.5975049-05:00 [PHASE5B] [RUN] [2.1] P5B_VARIANTS / BASE_PART_COLOR_VARIANTS 270,000/1,551,426 ( 17.4%) batch=55
2026-08-25T06:21:06.7058821-05:00 [PHASE5B] [OK ] [2.1] BASE_PART_COLOR_VARIANTS: 275,000/1,551,426 (17.7%) batches=55 elapsed=7.11s
2026-08-25T06:21:06.7068860-05:00 [PHASE5B] [RUN] [2.1] P5B_VARIANTS / BASE_PART_COLOR_VARIANTS 275,000/1,551,426 ( 17.7%) batch=56
2026-08-25T06:21:13.9494463-05:00 [PHASE5B] [OK ] [2.1] BASE_PART_COLOR_VARIANTS: 280,000/1,551,426 (18.0%) batches=56 elapsed=7.24s
2026-08-25T06:21:13.9504462-05:00 [PHASE5B] [RUN] [2.1] P5B_VARIANTS / BASE_PART_COLOR_VARIANTS 280,000/1,551,426 ( 18.0%) batch=57
2026-08-25T06:21:21.1159840-05:00 [PHASE5B] [OK ] [2.1] BASE_PART_COLOR_VARIANTS: 285,000/1,551,426 (18.4%) batches=57 elapsed=7.17s
2026-08-25T06:21:21.1169837-05:00 [PHASE5B] [RUN] [2.1] P5B_VARIANTS / BASE_PART_COLOR_VARIANTS 285,000/1,551,426 ( 18.4%) batch=58
2026-08-25T06:21:28.2437626-05:00 [PHASE5B] [OK ] [2.1] BASE_PART_COLOR_VARIANTS: 290,000/1,551,426 (18.7%) batches=58 elapsed=7.13s
2026-08-25T06:21:28.2452665-05:00 [PHASE5B] [RUN] [2.1] P5B_VARIANTS / BASE_PART_COLOR_VARIANTS 290,000/1,551,426 ( 18.7%) batch=59
2026-08-25T06:21:35.2513424-05:00 [PHASE5B] [OK ] [2.1] BASE_PART_COLOR_VARIANTS: 295,000/1,551,426 (19.0%) batches=59 elapsed=7.01s
2026-08-25T06:21:35.2523431-05:00 [PHASE5B] [RUN] [2.1] P5B_VARIANTS / BASE_PART_COLOR_VARIANTS 295,000/1,551,426 ( 19.0%) batch=60
2026-08-25T06:21:42.2753158-05:00 [PHASE5B] [OK ] [2.1] BASE_PART_COLOR_VARIANTS: 300,000/1,551,426 (19.3%) batches=60 elapsed=7.02s
2026-08-25T06:21:42.2763192-05:00 [PHASE5B] [RUN] [2.1] P5B_VARIANTS / BASE_PART_COLOR_VARIANTS 300,000/1,551,426 ( 19.3%) batch=61
2026-08-25T06:21:49.4857685-05:00 [PHASE5B] [OK ] [2.1] BASE_PART_COLOR_VARIANTS: 305,000/1,551,426 (19.7%) batches=61 elapsed=7.21s
2026-08-25T06:21:49.4867680-05:00 [PHASE5B] [RUN] [2.1] P5B_VARIANTS / BASE_PART_COLOR_VARIANTS 305,000/1,551,426 ( 19.7%) batch=62
2026-08-25T06:21:56.5504529-05:00 [PHASE5B] [OK ] [2.1] BASE_PART_COLOR_VARIANTS: 310,000/1,551,426 (20.0%) batches=62 elapsed=7.06s
2026-08-25T06:21:56.5514524-05:00 [PHASE5B] [RUN] [2.1] P5B_VARIANTS / BASE_PART_COLOR_VARIANTS 310,000/1,551,426 ( 20.0%) batch=63
2026-08-25T06:22:03.5834517-05:00 [PHASE5B] [OK ] [2.1] BASE_PART_COLOR_VARIANTS: 315,000/1,551,426 (20.3%) batches=63 elapsed=7.03s
2026-08-25T06:22:03.5849563-05:00 [PHASE5B] [RUN] [2.1] P5B_VARIANTS / BASE_PART_COLOR_VARIANTS 315,000/1,551,426 ( 20.3%) batch=64
2026-08-25T06:22:10.4487594-05:00 [PHASE5B] [OK ] [2.1] BASE_PART_COLOR_VARIANTS: 320,000/1,551,426 (20.6%) batches=64 elapsed=6.86s
2026-08-25T06:22:10.4497579-05:00 [PHASE5B] [RUN] [2.1] P5B_VARIANTS / BASE_PART_COLOR_VARIANTS 320,000/1,551,426 ( 20.6%) batch=65
2026-08-25T06:22:17.3250667-05:00 [PHASE5B] [OK ] [2.1] BASE_PART_COLOR_VARIANTS: 325,000/1,551,426 (20.9%) batches=65 elapsed=6.88s
2026-08-25T06:22:17.3260707-05:00 [PHASE5B] [RUN] [2.1] P5B_VARIANTS / BASE_PART_COLOR_VARIANTS 325,000/1,551,426 ( 20.9%) batch=66
2026-08-25T06:22:24.2176039-05:00 [PHASE5B] [OK ] [2.1] BASE_PART_COLOR_VARIANTS: 330,000/1,551,426 (21.3%) batches=66 elapsed=6.89s
2026-08-25T06:22:24.2186054-05:00 [PHASE5B] [RUN] [2.1] P5B_VARIANTS / BASE_PART_COLOR_VARIANTS 330,000/1,551,426 ( 21.3%) batch=67
2026-08-25T06:22:31.1418962-05:00 [PHASE5B] [OK ] [2.1] BASE_PART_COLOR_VARIANTS: 335,000/1,551,426 (21.6%) batches=67 elapsed=6.92s
2026-08-25T06:22:31.1428985-05:00 [PHASE5B] [RUN] [2.1] P5B_VARIANTS / BASE_PART_COLOR_VARIANTS 335,000/1,551,426 ( 21.6%) batch=68
2026-08-25T06:22:37.9621645-05:00 [PHASE5B] [OK ] [2.1] BASE_PART_COLOR_VARIANTS: 340,000/1,551,426 (21.9%) batches=68 elapsed=6.82s
2026-08-25T06:22:37.9631633-05:00 [PHASE5B] [RUN] [2.1] P5B_VARIANTS / BASE_PART_COLOR_VARIANTS 340,000/1,551,426 ( 21.9%) batch=69
2026-08-25T06:22:44.8111760-05:00 [PHASE5B] [OK ] [2.1] BASE_PART_COLOR_VARIANTS: 345,000/1,551,426 (22.2%) batches=69 elapsed=6.85s
2026-08-25T06:22:44.8131799-05:00 [PHASE5B] [RUN] [2.1] P5B_VARIANTS / BASE_PART_COLOR_VARIANTS 345,000/1,551,426 ( 22.2%) batch=70
2026-08-25T06:22:51.6090845-05:00 [PHASE5B] [OK ] [2.1] BASE_PART_COLOR_VARIANTS: 350,000/1,551,426 (22.6%) batches=70 elapsed=6.80s
2026-08-25T06:22:51.6100824-05:00 [PHASE5B] [RUN] [2.1] P5B_VARIANTS / BASE_PART_COLOR_VARIANTS 350,000/1,551,426 ( 22.6%) batch=71
2026-08-25T06:22:58.4073864-05:00 [PHASE5B] [OK ] [2.1] BASE_PART_COLOR_VARIANTS: 355,000/1,551,426 (22.9%) batches=71 elapsed=6.80s
2026-08-25T06:22:58.4083818-05:00 [PHASE5B] [RUN] [2.1] P5B_VARIANTS / BASE_PART_COLOR_VARIANTS 355,000/1,551,426 ( 22.9%) batch=72
2026-08-25T06:23:05.1031949-05:00 [PHASE5B] [OK ] [2.1] BASE_PART_COLOR_VARIANTS: 360,000/1,551,426 (23.2%) batches=72 elapsed=6.70s
2026-08-25T06:23:05.1041960-05:00 [PHASE5B] [RUN] [2.1] P5B_VARIANTS / BASE_PART_COLOR_VARIANTS 360,000/1,551,426 ( 23.2%) batch=73
2026-08-25T06:23:11.9360771-05:00 [PHASE5B] [OK ] [2.1] BASE_PART_COLOR_VARIANTS: 365,000/1,551,426 (23.5%) batches=73 elapsed=6.83s
2026-08-25T06:23:11.9380833-05:00 [PHASE5B] [RUN] [2.1] P5B_VARIANTS / BASE_PART_COLOR_VARIANTS 365,000/1,551,426 ( 23.5%) batch=74
2026-08-25T06:23:18.6382714-05:00 [PHASE5B] [OK ] [2.1] BASE_PART_COLOR_VARIANTS: 370,000/1,551,426 (23.8%) batches=74 elapsed=6.70s
2026-08-25T06:23:18.6392711-05:00 [PHASE5B] [RUN] [2.1] P5B_VARIANTS / BASE_PART_COLOR_VARIANTS 370,000/1,551,426 ( 23.8%) batch=75
2026-08-25T06:23:25.3065617-05:00 [PHASE5B] [OK ] [2.1] BASE_PART_COLOR_VARIANTS: 375,000/1,551,426 (24.2%) batches=75 elapsed=6.67s
2026-08-25T06:23:25.3075604-05:00 [PHASE5B] [RUN] [2.1] P5B_VARIANTS / BASE_PART_COLOR_VARIANTS 375,000/1,551,426 ( 24.2%) batch=76
2026-08-25T06:23:31.9605468-05:00 [PHASE5B] [OK ] [2.1] BASE_PART_COLOR_VARIANTS: 380,000/1,551,426 (24.5%) batches=76 elapsed=6.65s
2026-08-25T06:23:31.9625494-05:00 [PHASE5B] [RUN] [2.1] P5B_VARIANTS / BASE_PART_COLOR_VARIANTS 380,000/1,551,426 ( 24.5%) batch=77
2026-08-25T06:23:38.4880951-05:00 [PHASE5B] [OK ] [2.1] BASE_PART_COLOR_VARIANTS: 385,000/1,551,426 (24.8%) batches=77 elapsed=6.53s
2026-08-25T06:23:38.4890937-05:00 [PHASE5B] [RUN] [2.1] P5B_VARIANTS / BASE_PART_COLOR_VARIANTS 385,000/1,551,426 ( 24.8%) batch=78
2026-08-25T06:23:45.1149849-05:00 [PHASE5B] [OK ] [2.1] BASE_PART_COLOR_VARIANTS: 390,000/1,551,426 (25.1%) batches=78 elapsed=6.63s
2026-08-25T06:23:45.1159858-05:00 [PHASE5B] [RUN] [2.1] P5B_VARIANTS / BASE_PART_COLOR_VARIANTS 390,000/1,551,426 ( 25.1%) batch=79
2026-08-25T06:23:51.6150833-05:00 [PHASE5B] [OK ] [2.1] BASE_PART_COLOR_VARIANTS: 395,000/1,551,426 (25.5%) batches=79 elapsed=6.50s
2026-08-25T06:23:51.6160830-05:00 [PHASE5B] [RUN] [2.1] P5B_VARIANTS / BASE_PART_COLOR_VARIANTS 395,000/1,551,426 ( 25.5%) batch=80
2026-08-25T06:23:58.3103633-05:00 [PHASE5B] [OK ] [2.1] BASE_PART_COLOR_VARIANTS: 400,000/1,551,426 (25.8%) batches=80 elapsed=6.70s
2026-08-25T06:23:58.3113627-05:00 [PHASE5B] [RUN] [2.1] P5B_VARIANTS / BASE_PART_COLOR_VARIANTS 400,000/1,551,426 ( 25.8%) batch=81
2026-08-25T06:24:04.9732563-05:00 [PHASE5B] [OK ] [2.1] BASE_PART_COLOR_VARIANTS: 405,000/1,551,426 (26.1%) batches=81 elapsed=6.66s
2026-08-25T06:24:04.9747611-05:00 [PHASE5B] [RUN] [2.1] P5B_VARIANTS / BASE_PART_COLOR_VARIANTS 405,000/1,551,426 ( 26.1%) batch=82
2026-08-25T06:24:11.4356924-05:00 [PHASE5B] [OK ] [2.1] BASE_PART_COLOR_VARIANTS: 410,000/1,551,426 (26.4%) batches=82 elapsed=6.46s
2026-08-25T06:24:11.4366930-05:00 [PHASE5B] [RUN] [2.1] P5B_VARIANTS / BASE_PART_COLOR_VARIANTS 410,000/1,551,426 ( 26.4%) batch=83
2026-08-25T06:24:17.7986834-05:00 [PHASE5B] [OK ] [2.1] BASE_PART_COLOR_VARIANTS: 415,000/1,551,426 (26.7%) batches=83 elapsed=6.36s
2026-08-25T06:24:17.7996840-05:00 [PHASE5B] [RUN] [2.1] P5B_VARIANTS / BASE_PART_COLOR_VARIANTS 415,000/1,551,426 ( 26.7%) batch=84
2026-08-25T06:24:24.0802082-05:00 [PHASE5B] [OK ] [2.1] BASE_PART_COLOR_VARIANTS: 420,000/1,551,426 (27.1%) batches=84 elapsed=6.28s
2026-08-25T06:24:24.0812078-05:00 [PHASE5B] [RUN] [2.1] P5B_VARIANTS / BASE_PART_COLOR_VARIANTS 420,000/1,551,426 ( 27.1%) batch=85
2026-08-25T06:24:30.5062076-05:00 [PHASE5B] [OK ] [2.1] BASE_PART_COLOR_VARIANTS: 425,000/1,551,426 (27.4%) batches=85 elapsed=6.43s
2026-08-25T06:24:30.5072079-05:00 [PHASE5B] [RUN] [2.1] P5B_VARIANTS / BASE_PART_COLOR_VARIANTS 425,000/1,551,426 ( 27.4%) batch=86
2026-08-25T06:24:36.9379506-05:00 [PHASE5B] [OK ] [2.1] BASE_PART_COLOR_VARIANTS: 430,000/1,551,426 (27.7%) batches=86 elapsed=6.43s
2026-08-25T06:24:36.9389532-05:00 [PHASE5B] [RUN] [2.1] P5B_VARIANTS / BASE_PART_COLOR_VARIANTS 430,000/1,551,426 ( 27.7%) batch=87
2026-08-25T06:24:43.4820650-05:00 [PHASE5B] [OK ] [2.1] BASE_PART_COLOR_VARIANTS: 435,000/1,551,426 (28.0%) batches=87 elapsed=6.54s
2026-08-25T06:24:43.4830645-05:00 [PHASE5B] [RUN] [2.1] P5B_VARIANTS / BASE_PART_COLOR_VARIANTS 435,000/1,551,426 ( 28.0%) batch=88
2026-08-25T06:24:49.8418727-05:00 [PHASE5B] [OK ] [2.1] BASE_PART_COLOR_VARIANTS: 440,000/1,551,426 (28.4%) batches=88 elapsed=6.36s
2026-08-25T06:24:49.8428722-05:00 [PHASE5B] [RUN] [2.1] P5B_VARIANTS / BASE_PART_COLOR_VARIANTS 440,000/1,551,426 ( 28.4%) batch=89
2026-08-25T06:24:56.1697189-05:00 [PHASE5B] [OK ] [2.1] BASE_PART_COLOR_VARIANTS: 445,000/1,551,426 (28.7%) batches=89 elapsed=6.33s
2026-08-25T06:24:56.1712227-05:00 [PHASE5B] [RUN] [2.1] P5B_VARIANTS / BASE_PART_COLOR_VARIANTS 445,000/1,551,426 ( 28.7%) batch=90
2026-08-25T06:25:02.5628222-05:00 [PHASE5B] [OK ] [2.1] BASE_PART_COLOR_VARIANTS: 450,000/1,551,426 (29.0%) batches=90 elapsed=6.39s
2026-08-25T06:25:02.5638217-05:00 [PHASE5B] [RUN] [2.1] P5B_VARIANTS / BASE_PART_COLOR_VARIANTS 450,000/1,551,426 ( 29.0%) batch=91
2026-08-25T06:25:08.8200510-05:00 [PHASE5B] [OK ] [2.1] BASE_PART_COLOR_VARIANTS: 455,000/1,551,426 (29.3%) batches=91 elapsed=6.26s
2026-08-25T06:25:08.8210500-05:00 [PHASE5B] [RUN] [2.1] P5B_VARIANTS / BASE_PART_COLOR_VARIANTS 455,000/1,551,426 ( 29.3%) batch=92
2026-08-25T06:25:15.2692633-05:00 [PHASE5B] [OK ] [2.1] BASE_PART_COLOR_VARIANTS: 460,000/1,551,426 (29.7%) batches=92 elapsed=6.45s
2026-08-25T06:25:15.2707667-05:00 [PHASE5B] [RUN] [2.1] P5B_VARIANTS / BASE_PART_COLOR_VARIANTS 460,000/1,551,426 ( 29.7%) batch=93
2026-08-25T06:25:21.5067098-05:00 [PHASE5B] [OK ] [2.1] BASE_PART_COLOR_VARIANTS: 465,000/1,551,426 (30.0%) batches=93 elapsed=6.24s
2026-08-25T06:25:21.5077116-05:00 [PHASE5B] [RUN] [2.1] P5B_VARIANTS / BASE_PART_COLOR_VARIANTS 465,000/1,551,426 ( 30.0%) batch=94
2026-08-25T06:25:27.8429752-05:00 [PHASE5B] [OK ] [2.1] BASE_PART_COLOR_VARIANTS: 470,000/1,551,426 (30.3%) batches=94 elapsed=6.34s
2026-08-25T06:25:27.8449773-05:00 [PHASE5B] [RUN] [2.1] P5B_VARIANTS / BASE_PART_COLOR_VARIANTS 470,000/1,551,426 ( 30.3%) batch=95
2026-08-25T06:25:34.0458675-05:00 [PHASE5B] [OK ] [2.1] BASE_PART_COLOR_VARIANTS: 475,000/1,551,426 (30.6%) batches=95 elapsed=6.20s
2026-08-25T06:25:34.0468687-05:00 [PHASE5B] [RUN] [2.1] P5B_VARIANTS / BASE_PART_COLOR_VARIANTS 475,000/1,551,426 ( 30.6%) batch=96
2026-08-25T06:25:40.1409339-05:00 [PHASE5B] [OK ] [2.1] BASE_PART_COLOR_VARIANTS: 480,000/1,551,426 (30.9%) batches=96 elapsed=6.09s
2026-08-25T06:25:40.1419385-05:00 [PHASE5B] [RUN] [2.1] P5B_VARIANTS / BASE_PART_COLOR_VARIANTS 480,000/1,551,426 ( 30.9%) batch=97
2026-08-25T06:25:46.3292121-05:00 [PHASE5B] [OK ] [2.1] BASE_PART_COLOR_VARIANTS: 485,000/1,551,426 (31.3%) batches=97 elapsed=6.19s
2026-08-25T06:25:46.3317172-05:00 [PHASE5B] [RUN] [2.1] P5B_VARIANTS / BASE_PART_COLOR_VARIANTS 485,000/1,551,426 ( 31.3%) batch=98
2026-08-25T06:25:52.3912196-05:00 [PHASE5B] [OK ] [2.1] BASE_PART_COLOR_VARIANTS: 490,000/1,551,426 (31.6%) batches=98 elapsed=6.06s
2026-08-25T06:25:52.3932219-05:00 [PHASE5B] [RUN] [2.1] P5B_VARIANTS / BASE_PART_COLOR_VARIANTS 490,000/1,551,426 ( 31.6%) batch=99
2026-08-25T06:25:58.6266951-05:00 [PHASE5B] [OK ] [2.1] BASE_PART_COLOR_VARIANTS: 495,000/1,551,426 (31.9%) batches=99 elapsed=6.24s
2026-08-25T06:25:58.6276965-05:00 [PHASE5B] [RUN] [2.1] P5B_VARIANTS / BASE_PART_COLOR_VARIANTS 495,000/1,551,426 ( 31.9%) batch=100
2026-08-25T06:26:04.6970047-05:00 [PHASE5B] [OK ] [2.1] BASE_PART_COLOR_VARIANTS: 500,000/1,551,426 (32.2%) batches=100 elapsed=6.07s
2026-08-25T06:26:04.6980048-05:00 [PHASE5B] [RUN] [2.1] P5B_VARIANTS / BASE_PART_COLOR_VARIANTS 500,000/1,551,426 ( 32.2%) batch=101
2026-08-25T06:26:10.8137674-05:00 [PHASE5B] [OK ] [2.1] BASE_PART_COLOR_VARIANTS: 505,000/1,551,426 (32.6%) batches=101 elapsed=6.12s
2026-08-25T06:26:10.8147670-05:00 [PHASE5B] [RUN] [2.1] P5B_VARIANTS / BASE_PART_COLOR_VARIANTS 505,000/1,551,426 ( 32.6%) batch=102
2026-08-25T06:26:16.9274252-05:00 [PHASE5B] [OK ] [2.1] BASE_PART_COLOR_VARIANTS: 510,000/1,551,426 (32.9%) batches=102 elapsed=6.11s
2026-08-25T06:26:16.9284260-05:00 [PHASE5B] [RUN] [2.1] P5B_VARIANTS / BASE_PART_COLOR_VARIANTS 510,000/1,551,426 ( 32.9%) batch=103
2026-08-25T06:26:22.9390668-05:00 [PHASE5B] [OK ] [2.1] BASE_PART_COLOR_VARIANTS: 515,000/1,551,426 (33.2%) batches=103 elapsed=6.01s
2026-08-25T06:26:22.9410515-05:00 [PHASE5B] [RUN] [2.1] P5B_VARIANTS / BASE_PART_COLOR_VARIANTS 515,000/1,551,426 ( 33.2%) batch=104
2026-08-25T06:26:28.9102409-05:00 [PHASE5B] [OK ] [2.1] BASE_PART_COLOR_VARIANTS: 520,000/1,551,426 (33.5%) batches=104 elapsed=5.97s
2026-08-25T06:26:28.9112466-05:00 [PHASE5B] [RUN] [2.1] P5B_VARIANTS / BASE_PART_COLOR_VARIANTS 520,000/1,551,426 ( 33.5%) batch=105
2026-08-25T06:26:34.8653103-05:00 [PHASE5B] [OK ] [2.1] BASE_PART_COLOR_VARIANTS: 525,000/1,551,426 (33.8%) batches=105 elapsed=5.95s
2026-08-25T06:26:34.8663122-05:00 [PHASE5B] [RUN] [2.1] P5B_VARIANTS / BASE_PART_COLOR_VARIANTS 525,000/1,551,426 ( 33.8%) batch=106
2026-08-25T06:26:40.8114787-05:00 [PHASE5B] [OK ] [2.1] BASE_PART_COLOR_VARIANTS: 530,000/1,551,426 (34.2%) batches=106 elapsed=5.95s
2026-08-25T06:26:40.8124790-05:00 [PHASE5B] [RUN] [2.1] P5B_VARIANTS / BASE_PART_COLOR_VARIANTS 530,000/1,551,426 ( 34.2%) batch=107
2026-08-25T06:26:46.7124362-05:00 [PHASE5B] [OK ] [2.1] BASE_PART_COLOR_VARIANTS: 535,000/1,551,426 (34.5%) batches=107 elapsed=5.90s
2026-08-25T06:26:46.7134355-05:00 [PHASE5B] [RUN] [2.1] P5B_VARIANTS / BASE_PART_COLOR_VARIANTS 535,000/1,551,426 ( 34.5%) batch=108
2026-08-25T06:26:52.5651418-05:00 [PHASE5B] [OK ] [2.1] BASE_PART_COLOR_VARIANTS: 540,000/1,551,426 (34.8%) batches=108 elapsed=5.85s
2026-08-25T06:26:52.5661410-05:00 [PHASE5B] [RUN] [2.1] P5B_VARIANTS / BASE_PART_COLOR_VARIANTS 540,000/1,551,426 ( 34.8%) batch=109
2026-08-25T06:26:58.4441685-05:00 [PHASE5B] [OK ] [2.1] BASE_PART_COLOR_VARIANTS: 545,000/1,551,426 (35.1%) batches=109 elapsed=5.88s
2026-08-25T06:26:58.4451700-05:00 [PHASE5B] [RUN] [2.1] P5B_VARIANTS / BASE_PART_COLOR_VARIANTS 545,000/1,551,426 ( 35.1%) batch=110
2026-08-25T06:27:04.3521143-05:00 [PHASE5B] [OK ] [2.1] BASE_PART_COLOR_VARIANTS: 550,000/1,551,426 (35.5%) batches=110 elapsed=5.91s
2026-08-25T06:27:04.3531145-05:00 [PHASE5B] [RUN] [2.1] P5B_VARIANTS / BASE_PART_COLOR_VARIANTS 550,000/1,551,426 ( 35.5%) batch=111
2026-08-25T06:27:10.1571818-05:00 [PHASE5B] [OK ] [2.1] BASE_PART_COLOR_VARIANTS: 555,000/1,551,426 (35.8%) batches=111 elapsed=5.81s
2026-08-25T06:27:10.1581830-05:00 [PHASE5B] [RUN] [2.1] P5B_VARIANTS / BASE_PART_COLOR_VARIANTS 555,000/1,551,426 ( 35.8%) batch=112
2026-08-25T06:27:16.0087630-05:00 [PHASE5B] [OK ] [2.1] BASE_PART_COLOR_VARIANTS: 560,000/1,551,426 (36.1%) batches=112 elapsed=5.85s
2026-08-25T06:27:16.0102679-05:00 [PHASE5B] [RUN] [2.1] P5B_VARIANTS / BASE_PART_COLOR_VARIANTS 560,000/1,551,426 ( 36.1%) batch=113
2026-08-25T06:27:21.7827582-05:00 [PHASE5B] [OK ] [2.1] BASE_PART_COLOR_VARIANTS: 565,000/1,551,426 (36.4%) batches=113 elapsed=5.77s
2026-08-25T06:27:21.7837582-05:00 [PHASE5B] [RUN] [2.1] P5B_VARIANTS / BASE_PART_COLOR_VARIANTS 565,000/1,551,426 ( 36.4%) batch=114
2026-08-25T06:27:27.5444061-05:00 [PHASE5B] [OK ] [2.1] BASE_PART_COLOR_VARIANTS: 570,000/1,551,426 (36.7%) batches=114 elapsed=5.76s
2026-08-25T06:27:27.5464037-05:00 [PHASE5B] [RUN] [2.1] P5B_VARIANTS / BASE_PART_COLOR_VARIANTS 570,000/1,551,426 ( 36.7%) batch=115
2026-08-25T06:27:33.3111808-05:00 [PHASE5B] [OK ] [2.1] BASE_PART_COLOR_VARIANTS: 575,000/1,551,426 (37.1%) batches=115 elapsed=5.77s
2026-08-25T06:27:33.3121790-05:00 [PHASE5B] [RUN] [2.1] P5B_VARIANTS / BASE_PART_COLOR_VARIANTS 575,000/1,551,426 ( 37.1%) batch=116
2026-08-25T06:27:39.0147010-05:00 [PHASE5B] [OK ] [2.1] BASE_PART_COLOR_VARIANTS: 580,000/1,551,426 (37.4%) batches=116 elapsed=5.70s
2026-08-25T06:27:39.0157020-05:00 [PHASE5B] [RUN] [2.1] P5B_VARIANTS / BASE_PART_COLOR_VARIANTS 580,000/1,551,426 ( 37.4%) batch=117
2026-08-25T06:27:44.5803171-05:00 [PHASE5B] [OK ] [2.1] BASE_PART_COLOR_VARIANTS: 585,000/1,551,426 (37.7%) batches=117 elapsed=5.57s
2026-08-25T06:27:44.5823231-05:00 [PHASE5B] [RUN] [2.1] P5B_VARIANTS / BASE_PART_COLOR_VARIANTS 585,000/1,551,426 ( 37.7%) batch=118
2026-08-25T06:27:50.2534530-05:00 [PHASE5B] [OK ] [2.1] BASE_PART_COLOR_VARIANTS: 590,000/1,551,426 (38.0%) batches=118 elapsed=5.67s
2026-08-25T06:27:50.2544519-05:00 [PHASE5B] [RUN] [2.1] P5B_VARIANTS / BASE_PART_COLOR_VARIANTS 590,000/1,551,426 ( 38.0%) batch=119
2026-08-25T06:27:55.8369449-05:00 [PHASE5B] [OK ] [2.1] BASE_PART_COLOR_VARIANTS: 595,000/1,551,426 (38.4%) batches=119 elapsed=5.58s
2026-08-25T06:27:55.8379439-05:00 [PHASE5B] [RUN] [2.1] P5B_VARIANTS / BASE_PART_COLOR_VARIANTS 595,000/1,551,426 ( 38.4%) batch=120
2026-08-25T06:28:01.4833054-05:00 [PHASE5B] [OK ] [2.1] BASE_PART_COLOR_VARIANTS: 600,000/1,551,426 (38.7%) batches=120 elapsed=5.65s
2026-08-25T06:28:01.4843056-05:00 [PHASE5B] [RUN] [2.1] P5B_VARIANTS / BASE_PART_COLOR_VARIANTS 600,000/1,551,426 ( 38.7%) batch=121
2026-08-25T06:28:07.0347842-05:00 [PHASE5B] [OK ] [2.1] BASE_PART_COLOR_VARIANTS: 605,000/1,551,426 (39.0%) batches=121 elapsed=5.55s
2026-08-25T06:28:07.0357848-05:00 [PHASE5B] [RUN] [2.1] P5B_VARIANTS / BASE_PART_COLOR_VARIANTS 605,000/1,551,426 ( 39.0%) batch=122
2026-08-25T06:28:12.6344916-05:00 [PHASE5B] [OK ] [2.1] BASE_PART_COLOR_VARIANTS: 610,000/1,551,426 (39.3%) batches=122 elapsed=5.60s
2026-08-25T06:28:12.6354918-05:00 [PHASE5B] [RUN] [2.1] P5B_VARIANTS / BASE_PART_COLOR_VARIANTS 610,000/1,551,426 ( 39.3%) batch=123
2026-08-25T06:28:18.1239588-05:00 [PHASE5B] [OK ] [2.1] BASE_PART_COLOR_VARIANTS: 615,000/1,551,426 (39.6%) batches=123 elapsed=5.49s
2026-08-25T06:28:18.1249570-05:00 [PHASE5B] [RUN] [2.1] P5B_VARIANTS / BASE_PART_COLOR_VARIANTS 615,000/1,551,426 ( 39.6%) batch=124
2026-08-25T06:28:23.6244696-05:00 [PHASE5B] [OK ] [2.1] BASE_PART_COLOR_VARIANTS: 620,000/1,551,426 (40.0%) batches=124 elapsed=5.50s
2026-08-25T06:28:23.6254735-05:00 [PHASE5B] [RUN] [2.1] P5B_VARIANTS / BASE_PART_COLOR_VARIANTS 620,000/1,551,426 ( 40.0%) batch=125
2026-08-25T06:28:29.1079456-05:00 [PHASE5B] [OK ] [2.1] BASE_PART_COLOR_VARIANTS: 625,000/1,551,426 (40.3%) batches=125 elapsed=5.48s
2026-08-25T06:28:29.1094493-05:00 [PHASE5B] [RUN] [2.1] P5B_VARIANTS / BASE_PART_COLOR_VARIANTS 625,000/1,551,426 ( 40.3%) batch=126
2026-08-25T06:28:34.5120226-05:00 [PHASE5B] [OK ] [2.1] BASE_PART_COLOR_VARIANTS: 630,000/1,551,426 (40.6%) batches=126 elapsed=5.40s
2026-08-25T06:28:34.5130234-05:00 [PHASE5B] [RUN] [2.1] P5B_VARIANTS / BASE_PART_COLOR_VARIANTS 630,000/1,551,426 ( 40.6%) batch=127
2026-08-25T06:28:39.9515612-05:00 [PHASE5B] [OK ] [2.1] BASE_PART_COLOR_VARIANTS: 635,000/1,551,426 (40.9%) batches=127 elapsed=5.44s
2026-08-25T06:28:39.9525622-05:00 [PHASE5B] [RUN] [2.1] P5B_VARIANTS / BASE_PART_COLOR_VARIANTS 635,000/1,551,426 ( 40.9%) batch=128
2026-08-25T06:28:45.3528282-05:00 [PHASE5B] [OK ] [2.1] BASE_PART_COLOR_VARIANTS: 640,000/1,551,426 (41.3%) batches=128 elapsed=5.40s
2026-08-25T06:28:45.3538295-05:00 [PHASE5B] [RUN] [2.1] P5B_VARIANTS / BASE_PART_COLOR_VARIANTS 640,000/1,551,426 ( 41.3%) batch=129
2026-08-25T06:28:50.6646136-05:00 [PHASE5B] [OK ] [2.1] BASE_PART_COLOR_VARIANTS: 645,000/1,551,426 (41.6%) batches=129 elapsed=5.31s
2026-08-25T06:28:50.6656163-05:00 [PHASE5B] [RUN] [2.1] P5B_VARIANTS / BASE_PART_COLOR_VARIANTS 645,000/1,551,426 ( 41.6%) batch=130
2026-08-25T06:28:55.9118759-05:00 [PHASE5B] [OK ] [2.1] BASE_PART_COLOR_VARIANTS: 650,000/1,551,426 (41.9%) batches=130 elapsed=5.25s
2026-08-25T06:28:55.9138765-05:00 [PHASE5B] [RUN] [2.1] P5B_VARIANTS / BASE_PART_COLOR_VARIANTS 650,000/1,551,426 ( 41.9%) batch=131
2026-08-25T06:29:01.2635102-05:00 [PHASE5B] [OK ] [2.1] BASE_PART_COLOR_VARIANTS: 655,000/1,551,426 (42.2%) batches=131 elapsed=5.35s
2026-08-25T06:29:01.2645096-05:00 [PHASE5B] [RUN] [2.1] P5B_VARIANTS / BASE_PART_COLOR_VARIANTS 655,000/1,551,426 ( 42.2%) batch=132
2026-08-25T06:29:06.5993053-05:00 [PHASE5B] [OK ] [2.1] BASE_PART_COLOR_VARIANTS: 660,000/1,551,426 (42.5%) batches=132 elapsed=5.34s
2026-08-25T06:29:06.6007483-05:00 [PHASE5B] [RUN] [2.1] P5B_VARIANTS / BASE_PART_COLOR_VARIANTS 660,000/1,551,426 ( 42.5%) batch=133
2026-08-25T06:29:11.9433255-05:00 [PHASE5B] [OK ] [2.1] BASE_PART_COLOR_VARIANTS: 665,000/1,551,426 (42.9%) batches=133 elapsed=5.34s
2026-08-25T06:29:11.9453275-05:00 [PHASE5B] [RUN] [2.1] P5B_VARIANTS / BASE_PART_COLOR_VARIANTS 665,000/1,551,426 ( 42.9%) batch=134
2026-08-25T06:29:17.2552106-05:00 [PHASE5B] [OK ] [2.1] BASE_PART_COLOR_VARIANTS: 670,000/1,551,426 (43.2%) batches=134 elapsed=5.31s
2026-08-25T06:29:17.2572125-05:00 [PHASE5B] [RUN] [2.1] P5B_VARIANTS / BASE_PART_COLOR_VARIANTS 670,000/1,551,426 ( 43.2%) batch=135
2026-08-25T06:29:22.3960991-05:00 [PHASE5B] [OK ] [2.1] BASE_PART_COLOR_VARIANTS: 675,000/1,551,426 (43.5%) batches=135 elapsed=5.14s
2026-08-25T06:29:22.3980994-05:00 [PHASE5B] [RUN] [2.1] P5B_VARIANTS / BASE_PART_COLOR_VARIANTS 675,000/1,551,426 ( 43.5%) batch=136
2026-08-25T06:29:27.5991409-05:00 [PHASE5B] [OK ] [2.1] BASE_PART_COLOR_VARIANTS: 680,000/1,551,426 (43.8%) batches=136 elapsed=5.20s
2026-08-25T06:29:27.6001438-05:00 [PHASE5B] [RUN] [2.1] P5B_VARIANTS / BASE_PART_COLOR_VARIANTS 680,000/1,551,426 ( 43.8%) batch=137
2026-08-25T06:29:32.7905360-05:00 [PHASE5B] [OK ] [2.1] BASE_PART_COLOR_VARIANTS: 685,000/1,551,426 (44.2%) batches=137 elapsed=5.19s
2026-08-25T06:29:32.7915352-05:00 [PHASE5B] [RUN] [2.1] P5B_VARIANTS / BASE_PART_COLOR_VARIANTS 685,000/1,551,426 ( 44.2%) batch=138
2026-08-25T06:29:37.8914134-05:00 [PHASE5B] [OK ] [2.1] BASE_PART_COLOR_VARIANTS: 690,000/1,551,426 (44.5%) batches=138 elapsed=5.10s
2026-08-25T06:29:37.8924144-05:00 [PHASE5B] [RUN] [2.1] P5B_VARIANTS / BASE_PART_COLOR_VARIANTS 690,000/1,551,426 ( 44.5%) batch=139
2026-08-25T06:29:43.0377779-05:00 [PHASE5B] [OK ] [2.1] BASE_PART_COLOR_VARIANTS: 695,000/1,551,426 (44.8%) batches=139 elapsed=5.15s
2026-08-25T06:29:43.0392837-05:00 [PHASE5B] [RUN] [2.1] P5B_VARIANTS / BASE_PART_COLOR_VARIANTS 695,000/1,551,426 ( 44.8%) batch=140
2026-08-25T06:29:48.1343260-05:00 [PHASE5B] [OK ] [2.1] BASE_PART_COLOR_VARIANTS: 700,000/1,551,426 (45.1%) batches=140 elapsed=5.10s
2026-08-25T06:29:48.1353277-05:00 [PHASE5B] [RUN] [2.1] P5B_VARIANTS / BASE_PART_COLOR_VARIANTS 700,000/1,551,426 ( 45.1%) batch=141
2026-08-25T06:29:53.1943447-05:00 [PHASE5B] [OK ] [2.1] BASE_PART_COLOR_VARIANTS: 705,000/1,551,426 (45.4%) batches=141 elapsed=5.06s
2026-08-25T06:29:53.1953462-05:00 [PHASE5B] [RUN] [2.1] P5B_VARIANTS / BASE_PART_COLOR_VARIANTS 705,000/1,551,426 ( 45.4%) batch=142
2026-08-25T06:29:58.2354838-05:00 [PHASE5B] [OK ] [2.1] BASE_PART_COLOR_VARIANTS: 710,000/1,551,426 (45.8%) batches=142 elapsed=5.04s
2026-08-25T06:29:58.2374843-05:00 [PHASE5B] [RUN] [2.1] P5B_VARIANTS / BASE_PART_COLOR_VARIANTS 710,000/1,551,426 ( 45.8%) batch=143
2026-08-25T06:30:03.2673846-05:00 [PHASE5B] [OK ] [2.1] BASE_PART_COLOR_VARIANTS: 715,000/1,551,426 (46.1%) batches=143 elapsed=5.03s
2026-08-25T06:30:03.2673846-05:00 [PHASE5B] [RUN] [2.1] P5B_VARIANTS / BASE_PART_COLOR_VARIANTS 715,000/1,551,426 ( 46.1%) batch=144
2026-08-25T06:30:08.2973578-05:00 [PHASE5B] [OK ] [2.1] BASE_PART_COLOR_VARIANTS: 720,000/1,551,426 (46.4%) batches=144 elapsed=5.03s
2026-08-25T06:30:08.2988618-05:00 [PHASE5B] [RUN] [2.1] P5B_VARIANTS / BASE_PART_COLOR_VARIANTS 720,000/1,551,426 ( 46.4%) batch=145
2026-08-25T06:30:13.3754590-05:00 [PHASE5B] [OK ] [2.1] BASE_PART_COLOR_VARIANTS: 725,000/1,551,426 (46.7%) batches=145 elapsed=5.08s
2026-08-25T06:30:13.3764572-05:00 [PHASE5B] [RUN] [2.1] P5B_VARIANTS / BASE_PART_COLOR_VARIANTS 725,000/1,551,426 ( 46.7%) batch=146
2026-08-25T06:30:18.3188266-05:00 [PHASE5B] [OK ] [2.1] BASE_PART_COLOR_VARIANTS: 730,000/1,551,426 (47.1%) batches=146 elapsed=4.94s
2026-08-25T06:30:18.3208308-05:00 [PHASE5B] [RUN] [2.1] P5B_VARIANTS / BASE_PART_COLOR_VARIANTS 730,000/1,551,426 ( 47.1%) batch=147
2026-08-25T06:30:23.2473467-05:00 [PHASE5B] [OK ] [2.1] BASE_PART_COLOR_VARIANTS: 735,000/1,551,426 (47.4%) batches=147 elapsed=4.93s
2026-08-25T06:30:23.2473467-05:00 [PHASE5B] [RUN] [2.1] P5B_VARIANTS / BASE_PART_COLOR_VARIANTS 735,000/1,551,426 ( 47.4%) batch=148
2026-08-25T06:30:28.1090073-05:00 [PHASE5B] [OK ] [2.1] BASE_PART_COLOR_VARIANTS: 740,000/1,551,426 (47.7%) batches=148 elapsed=4.86s
2026-08-25T06:30:28.1110130-05:00 [PHASE5B] [RUN] [2.1] P5B_VARIANTS / BASE_PART_COLOR_VARIANTS 740,000/1,551,426 ( 47.7%) batch=149
2026-08-25T06:30:33.0119498-05:00 [PHASE5B] [OK ] [2.1] BASE_PART_COLOR_VARIANTS: 745,000/1,551,426 (48.0%) batches=149 elapsed=4.90s
2026-08-25T06:30:33.0139476-05:00 [PHASE5B] [RUN] [2.1] P5B_VARIANTS / BASE_PART_COLOR_VARIANTS 745,000/1,551,426 ( 48.0%) batch=150
2026-08-25T06:30:38.0175703-05:00 [PHASE5B] [OK ] [2.1] BASE_PART_COLOR_VARIANTS: 750,000/1,551,426 (48.3%) batches=150 elapsed=5.00s
2026-08-25T06:30:38.0175703-05:00 [PHASE5B] [RUN] [2.1] P5B_VARIANTS / BASE_PART_COLOR_VARIANTS 750,000/1,551,426 ( 48.3%) batch=151
2026-08-25T06:30:42.8187257-05:00 [PHASE5B] [OK ] [2.1] BASE_PART_COLOR_VARIANTS: 755,000/1,551,426 (48.7%) batches=151 elapsed=4.80s
2026-08-25T06:30:42.8197305-05:00 [PHASE5B] [RUN] [2.1] P5B_VARIANTS / BASE_PART_COLOR_VARIANTS 755,000/1,551,426 ( 48.7%) batch=152
2026-08-25T06:30:47.6026380-05:00 [PHASE5B] [OK ] [2.1] BASE_PART_COLOR_VARIANTS: 760,000/1,551,426 (49.0%) batches=152 elapsed=4.78s
2026-08-25T06:30:47.6036385-05:00 [PHASE5B] [RUN] [2.1] P5B_VARIANTS / BASE_PART_COLOR_VARIANTS 760,000/1,551,426 ( 49.0%) batch=153
2026-08-25T06:30:52.3480338-05:00 [PHASE5B] [OK ] [2.1] BASE_PART_COLOR_VARIANTS: 765,000/1,551,426 (49.3%) batches=153 elapsed=4.74s
2026-08-25T06:30:52.3490354-05:00 [PHASE5B] [RUN] [2.1] P5B_VARIANTS / BASE_PART_COLOR_VARIANTS 765,000/1,551,426 ( 49.3%) batch=154
2026-08-25T06:30:57.0374411-05:00 [PHASE5B] [OK ] [2.1] BASE_PART_COLOR_VARIANTS: 770,000/1,551,426 (49.6%) batches=154 elapsed=4.69s
2026-08-25T06:30:57.0389467-05:00 [PHASE5B] [RUN] [2.1] P5B_VARIANTS / BASE_PART_COLOR_VARIANTS 770,000/1,551,426 ( 49.6%) batch=155
2026-08-25T06:31:01.7741408-05:00 [PHASE5B] [OK ] [2.1] BASE_PART_COLOR_VARIANTS: 775,000/1,551,426 (50.0%) batches=155 elapsed=4.74s
2026-08-25T06:31:01.7751414-05:00 [PHASE5B] [RUN] [2.1] P5B_VARIANTS / BASE_PART_COLOR_VARIANTS 775,000/1,551,426 ( 50.0%) batch=156
2026-08-25T06:31:06.5363478-05:00 [PHASE5B] [OK ] [2.1] BASE_PART_COLOR_VARIANTS: 780,000/1,551,426 (50.3%) batches=156 elapsed=4.76s
2026-08-25T06:31:06.5373508-05:00 [PHASE5B] [RUN] [2.1] P5B_VARIANTS / BASE_PART_COLOR_VARIANTS 780,000/1,551,426 ( 50.3%) batch=157
2026-08-25T06:31:11.2374936-05:00 [PHASE5B] [OK ] [2.1] BASE_PART_COLOR_VARIANTS: 785,000/1,551,426 (50.6%) batches=157 elapsed=4.70s
2026-08-25T06:31:11.2384916-05:00 [PHASE5B] [RUN] [2.1] P5B_VARIANTS / BASE_PART_COLOR_VARIANTS 785,000/1,551,426 ( 50.6%) batch=158
2026-08-25T06:31:15.9111000-05:00 [PHASE5B] [OK ] [2.1] BASE_PART_COLOR_VARIANTS: 790,000/1,551,426 (50.9%) batches=158 elapsed=4.67s
2026-08-25T06:31:15.9121000-05:00 [PHASE5B] [RUN] [2.1] P5B_VARIANTS / BASE_PART_COLOR_VARIANTS 790,000/1,551,426 ( 50.9%) batch=159
2026-08-25T06:31:20.4688333-05:00 [PHASE5B] [OK ] [2.1] BASE_PART_COLOR_VARIANTS: 795,000/1,551,426 (51.2%) batches=159 elapsed=4.56s
2026-08-25T06:31:20.4699098-05:00 [PHASE5B] [RUN] [2.1] P5B_VARIANTS / BASE_PART_COLOR_VARIANTS 795,000/1,551,426 ( 51.2%) batch=160
2026-08-25T06:31:25.0223492-05:00 [PHASE5B] [OK ] [2.1] BASE_PART_COLOR_VARIANTS: 800,000/1,551,426 (51.6%) batches=160 elapsed=4.55s
2026-08-25T06:31:25.0233505-05:00 [PHASE5B] [RUN] [2.1] P5B_VARIANTS / BASE_PART_COLOR_VARIANTS 800,000/1,551,426 ( 51.6%) batch=161
2026-08-25T06:31:29.7034762-05:00 [PHASE5B] [OK ] [2.1] BASE_PART_COLOR_VARIANTS: 805,000/1,551,426 (51.9%) batches=161 elapsed=4.68s
2026-08-25T06:31:29.7044790-05:00 [PHASE5B] [RUN] [2.1] P5B_VARIANTS / BASE_PART_COLOR_VARIANTS 805,000/1,551,426 ( 51.9%) batch=162
2026-08-25T06:31:34.2646763-05:00 [PHASE5B] [OK ] [2.1] BASE_PART_COLOR_VARIANTS: 810,000/1,551,426 (52.2%) batches=162 elapsed=4.56s
2026-08-25T06:31:34.2666755-05:00 [PHASE5B] [RUN] [2.1] P5B_VARIANTS / BASE_PART_COLOR_VARIANTS 810,000/1,551,426 ( 52.2%) batch=163
2026-08-25T06:31:38.7735156-05:00 [PHASE5B] [OK ] [2.1] BASE_PART_COLOR_VARIANTS: 815,000/1,551,426 (52.5%) batches=163 elapsed=4.51s
2026-08-25T06:31:38.7755167-05:00 [PHASE5B] [RUN] [2.1] P5B_VARIANTS / BASE_PART_COLOR_VARIANTS 815,000/1,551,426 ( 52.5%) batch=164
2026-08-25T06:31:43.2235037-05:00 [PHASE5B] [OK ] [2.1] BASE_PART_COLOR_VARIANTS: 820,000/1,551,426 (52.9%) batches=164 elapsed=4.45s
2026-08-25T06:31:43.2255030-05:00 [PHASE5B] [RUN] [2.1] P5B_VARIANTS / BASE_PART_COLOR_VARIANTS 820,000/1,551,426 ( 52.9%) batch=165
2026-08-25T06:31:47.6769433-05:00 [PHASE5B] [OK ] [2.1] BASE_PART_COLOR_VARIANTS: 825,000/1,551,426 (53.2%) batches=165 elapsed=4.45s
2026-08-25T06:31:47.6784476-05:00 [PHASE5B] [RUN] [2.1] P5B_VARIANTS / BASE_PART_COLOR_VARIANTS 825,000/1,551,426 ( 53.2%) batch=166
2026-08-25T06:31:52.0915500-05:00 [PHASE5B] [OK ] [2.1] BASE_PART_COLOR_VARIANTS: 830,000/1,551,426 (53.5%) batches=166 elapsed=4.41s
2026-08-25T06:31:52.0925520-05:00 [PHASE5B] [RUN] [2.1] P5B_VARIANTS / BASE_PART_COLOR_VARIANTS 830,000/1,551,426 ( 53.5%) batch=167
2026-08-25T06:31:56.4825813-05:00 [PHASE5B] [OK ] [2.1] BASE_PART_COLOR_VARIANTS: 835,000/1,551,426 (53.8%) batches=167 elapsed=4.39s
2026-08-25T06:31:56.4845804-05:00 [PHASE5B] [RUN] [2.1] P5B_VARIANTS / BASE_PART_COLOR_VARIANTS 835,000/1,551,426 ( 53.8%) batch=168
2026-08-25T06:32:00.9066799-05:00 [PHASE5B] [OK ] [2.1] BASE_PART_COLOR_VARIANTS: 840,000/1,551,426 (54.1%) batches=168 elapsed=4.42s
2026-08-25T06:32:00.9081860-05:00 [PHASE5B] [RUN] [2.1] P5B_VARIANTS / BASE_PART_COLOR_VARIANTS 840,000/1,551,426 ( 54.1%) batch=169
2026-08-25T06:32:05.2483106-05:00 [PHASE5B] [OK ] [2.1] BASE_PART_COLOR_VARIANTS: 845,000/1,551,426 (54.5%) batches=169 elapsed=4.34s
2026-08-25T06:32:05.2494154-05:00 [PHASE5B] [RUN] [2.1] P5B_VARIANTS / BASE_PART_COLOR_VARIANTS 845,000/1,551,426 ( 54.5%) batch=170
2026-08-25T06:32:09.6194872-05:00 [PHASE5B] [OK ] [2.1] BASE_PART_COLOR_VARIANTS: 850,000/1,551,426 (54.8%) batches=170 elapsed=4.37s
2026-08-25T06:32:09.6204878-05:00 [PHASE5B] [RUN] [2.1] P5B_VARIANTS / BASE_PART_COLOR_VARIANTS 850,000/1,551,426 ( 54.8%) batch=171
2026-08-25T06:32:14.0284844-05:00 [PHASE5B] [OK ] [2.1] BASE_PART_COLOR_VARIANTS: 855,000/1,551,426 (55.1%) batches=171 elapsed=4.41s
2026-08-25T06:32:14.0295128-05:00 [PHASE5B] [RUN] [2.1] P5B_VARIANTS / BASE_PART_COLOR_VARIANTS 855,000/1,551,426 ( 55.1%) batch=172
2026-08-25T06:32:18.6995569-05:00 [PHASE5B] [OK ] [2.1] BASE_PART_COLOR_VARIANTS: 860,000/1,551,426 (55.4%) batches=172 elapsed=4.67s
2026-08-25T06:32:18.7005572-05:00 [PHASE5B] [RUN] [2.1] P5B_VARIANTS / BASE_PART_COLOR_VARIANTS 860,000/1,551,426 ( 55.4%) batch=173
2026-08-25T06:32:23.0099551-05:00 [PHASE5B] [OK ] [2.1] BASE_PART_COLOR_VARIANTS: 865,000/1,551,426 (55.8%) batches=173 elapsed=4.31s
2026-08-25T06:32:23.0109558-05:00 [PHASE5B] [RUN] [2.1] P5B_VARIANTS / BASE_PART_COLOR_VARIANTS 865,000/1,551,426 ( 55.8%) batch=174
2026-08-25T06:32:27.3261189-05:00 [PHASE5B] [OK ] [2.1] BASE_PART_COLOR_VARIANTS: 870,000/1,551,426 (56.1%) batches=174 elapsed=4.32s
2026-08-25T06:32:27.3271200-05:00 [PHASE5B] [RUN] [2.1] P5B_VARIANTS / BASE_PART_COLOR_VARIANTS 870,000/1,551,426 ( 56.1%) batch=175
2026-08-25T06:32:31.5643552-05:00 [PHASE5B] [OK ] [2.1] BASE_PART_COLOR_VARIANTS: 875,000/1,551,426 (56.4%) batches=175 elapsed=4.24s
2026-08-25T06:32:31.5653569-05:00 [PHASE5B] [RUN] [2.1] P5B_VARIANTS / BASE_PART_COLOR_VARIANTS 875,000/1,551,426 ( 56.4%) batch=176
2026-08-25T06:32:35.7615611-05:00 [PHASE5B] [OK ] [2.1] BASE_PART_COLOR_VARIANTS: 880,000/1,551,426 (56.7%) batches=176 elapsed=4.20s
2026-08-25T06:32:35.7635607-05:00 [PHASE5B] [RUN] [2.1] P5B_VARIANTS / BASE_PART_COLOR_VARIANTS 880,000/1,551,426 ( 56.7%) batch=177
2026-08-25T06:32:39.9352177-05:00 [PHASE5B] [OK ] [2.1] BASE_PART_COLOR_VARIANTS: 885,000/1,551,426 (57.0%) batches=177 elapsed=4.17s
2026-08-25T06:32:39.9372180-05:00 [PHASE5B] [RUN] [2.1] P5B_VARIANTS / BASE_PART_COLOR_VARIANTS 885,000/1,551,426 ( 57.0%) batch=178
2026-08-25T06:32:44.1962439-05:00 [PHASE5B] [OK ] [2.1] BASE_PART_COLOR_VARIANTS: 890,000/1,551,426 (57.4%) batches=178 elapsed=4.26s
2026-08-25T06:32:44.1972439-05:00 [PHASE5B] [RUN] [2.1] P5B_VARIANTS / BASE_PART_COLOR_VARIANTS 890,000/1,551,426 ( 57.4%) batch=179
2026-08-25T06:32:48.3521604-05:00 [PHASE5B] [OK ] [2.1] BASE_PART_COLOR_VARIANTS: 895,000/1,551,426 (57.7%) batches=179 elapsed=4.16s
2026-08-25T06:32:48.3531607-05:00 [PHASE5B] [RUN] [2.1] P5B_VARIANTS / BASE_PART_COLOR_VARIANTS 895,000/1,551,426 ( 57.7%) batch=180
2026-08-25T06:32:52.4442242-05:00 [PHASE5B] [OK ] [2.1] BASE_PART_COLOR_VARIANTS: 900,000/1,551,426 (58.0%) batches=180 elapsed=4.09s
2026-08-25T06:32:52.4452255-05:00 [PHASE5B] [RUN] [2.1] P5B_VARIANTS / BASE_PART_COLOR_VARIANTS 900,000/1,551,426 ( 58.0%) batch=181
2026-08-25T06:32:56.5229696-05:00 [PHASE5B] [OK ] [2.1] BASE_PART_COLOR_VARIANTS: 905,000/1,551,426 (58.3%) batches=181 elapsed=4.08s
2026-08-25T06:32:56.5239672-05:00 [PHASE5B] [RUN] [2.1] P5B_VARIANTS / BASE_PART_COLOR_VARIANTS 905,000/1,551,426 ( 58.3%) batch=182
2026-08-25T06:33:00.6481002-05:00 [PHASE5B] [OK ] [2.1] BASE_PART_COLOR_VARIANTS: 910,000/1,551,426 (58.7%) batches=182 elapsed=4.12s
2026-08-25T06:33:00.6491051-05:00 [PHASE5B] [RUN] [2.1] P5B_VARIANTS / BASE_PART_COLOR_VARIANTS 910,000/1,551,426 ( 58.7%) batch=183
2026-08-25T06:33:04.6605981-05:00 [PHASE5B] [OK ] [2.1] BASE_PART_COLOR_VARIANTS: 915,000/1,551,426 (59.0%) batches=183 elapsed=4.01s
2026-08-25T06:33:04.6625971-05:00 [PHASE5B] [RUN] [2.1] P5B_VARIANTS / BASE_PART_COLOR_VARIANTS 915,000/1,551,426 ( 59.0%) batch=184
2026-08-25T06:33:08.7160771-05:00 [PHASE5B] [OK ] [2.1] BASE_PART_COLOR_VARIANTS: 920,000/1,551,426 (59.3%) batches=184 elapsed=4.06s
2026-08-25T06:33:08.7180780-05:00 [PHASE5B] [RUN] [2.1] P5B_VARIANTS / BASE_PART_COLOR_VARIANTS 920,000/1,551,426 ( 59.3%) batch=185
2026-08-25T06:33:12.8018017-05:00 [PHASE5B] [OK ] [2.1] BASE_PART_COLOR_VARIANTS: 925,000/1,551,426 (59.6%) batches=185 elapsed=4.08s
2026-08-25T06:33:12.8028020-05:00 [PHASE5B] [RUN] [2.1] P5B_VARIANTS / BASE_PART_COLOR_VARIANTS 925,000/1,551,426 ( 59.6%) batch=186
2026-08-25T06:33:16.8011223-05:00 [PHASE5B] [OK ] [2.1] BASE_PART_COLOR_VARIANTS: 930,000/1,551,426 (59.9%) batches=186 elapsed=4.00s
2026-08-25T06:33:16.8021234-05:00 [PHASE5B] [RUN] [2.1] P5B_VARIANTS / BASE_PART_COLOR_VARIANTS 930,000/1,551,426 ( 59.9%) batch=187
2026-08-25T06:33:20.6592403-05:00 [PHASE5B] [OK ] [2.1] BASE_PART_COLOR_VARIANTS: 935,000/1,551,426 (60.3%) batches=187 elapsed=3.86s
2026-08-25T06:33:20.6612405-05:00 [PHASE5B] [RUN] [2.1] P5B_VARIANTS / BASE_PART_COLOR_VARIANTS 935,000/1,551,426 ( 60.3%) batch=188
2026-08-25T06:33:24.5440874-05:00 [PHASE5B] [OK ] [2.1] BASE_PART_COLOR_VARIANTS: 940,000/1,551,426 (60.6%) batches=188 elapsed=3.88s
2026-08-25T06:33:24.5460887-05:00 [PHASE5B] [RUN] [2.1] P5B_VARIANTS / BASE_PART_COLOR_VARIANTS 940,000/1,551,426 ( 60.6%) batch=189
2026-08-25T06:33:28.4410802-05:00 [PHASE5B] [OK ] [2.1] BASE_PART_COLOR_VARIANTS: 945,000/1,551,426 (60.9%) batches=189 elapsed=3.90s
2026-08-25T06:33:28.4420790-05:00 [PHASE5B] [RUN] [2.1] P5B_VARIANTS / BASE_PART_COLOR_VARIANTS 945,000/1,551,426 ( 60.9%) batch=190
2026-08-25T06:33:32.4245365-05:00 [PHASE5B] [OK ] [2.1] BASE_PART_COLOR_VARIANTS: 950,000/1,551,426 (61.2%) batches=190 elapsed=3.98s
2026-08-25T06:33:32.4265413-05:00 [PHASE5B] [RUN] [2.1] P5B_VARIANTS / BASE_PART_COLOR_VARIANTS 950,000/1,551,426 ( 61.2%) batch=191
2026-08-25T06:33:36.5027699-05:00 [PHASE5B] [OK ] [2.1] BASE_PART_COLOR_VARIANTS: 955,000/1,551,426 (61.6%) batches=191 elapsed=4.08s
2026-08-25T06:33:36.5037673-05:00 [PHASE5B] [RUN] [2.1] P5B_VARIANTS / BASE_PART_COLOR_VARIANTS 955,000/1,551,426 ( 61.6%) batch=192
2026-08-25T06:33:40.3333380-05:00 [PHASE5B] [OK ] [2.1] BASE_PART_COLOR_VARIANTS: 960,000/1,551,426 (61.9%) batches=192 elapsed=3.83s
2026-08-25T06:33:40.3343376-05:00 [PHASE5B] [RUN] [2.1] P5B_VARIANTS / BASE_PART_COLOR_VARIANTS 960,000/1,551,426 ( 61.9%) batch=193
2026-08-25T06:33:44.1328711-05:00 [PHASE5B] [OK ] [2.1] BASE_PART_COLOR_VARIANTS: 965,000/1,551,426 (62.2%) batches=193 elapsed=3.80s
2026-08-25T06:33:44.1338698-05:00 [PHASE5B] [RUN] [2.1] P5B_VARIANTS / BASE_PART_COLOR_VARIANTS 965,000/1,551,426 ( 62.2%) batch=194
2026-08-25T06:33:47.9022414-05:00 [PHASE5B] [OK ] [2.1] BASE_PART_COLOR_VARIANTS: 970,000/1,551,426 (62.5%) batches=194 elapsed=3.77s
2026-08-25T06:33:47.9032417-05:00 [PHASE5B] [RUN] [2.1] P5B_VARIANTS / BASE_PART_COLOR_VARIANTS 970,000/1,551,426 ( 62.5%) batch=195
2026-08-25T06:33:51.6516620-05:00 [PHASE5B] [OK ] [2.1] BASE_PART_COLOR_VARIANTS: 975,000/1,551,426 (62.8%) batches=195 elapsed=3.75s
2026-08-25T06:33:51.6526630-05:00 [PHASE5B] [RUN] [2.1] P5B_VARIANTS / BASE_PART_COLOR_VARIANTS 975,000/1,551,426 ( 62.8%) batch=196
2026-08-25T06:33:55.3577710-05:00 [PHASE5B] [OK ] [2.1] BASE_PART_COLOR_VARIANTS: 980,000/1,551,426 (63.2%) batches=196 elapsed=3.71s
2026-08-25T06:33:55.3587775-05:00 [PHASE5B] [RUN] [2.1] P5B_VARIANTS / BASE_PART_COLOR_VARIANTS 980,000/1,551,426 ( 63.2%) batch=197
2026-08-25T06:33:59.0244384-05:00 [PHASE5B] [OK ] [2.1] BASE_PART_COLOR_VARIANTS: 985,000/1,551,426 (63.5%) batches=197 elapsed=3.67s
2026-08-25T06:33:59.0254385-05:00 [PHASE5B] [RUN] [2.1] P5B_VARIANTS / BASE_PART_COLOR_VARIANTS 985,000/1,551,426 ( 63.5%) batch=198
2026-08-25T06:34:02.6954222-05:00 [PHASE5B] [OK ] [2.1] BASE_PART_COLOR_VARIANTS: 990,000/1,551,426 (63.8%) batches=198 elapsed=3.67s
2026-08-25T06:34:02.6964226-05:00 [PHASE5B] [RUN] [2.1] P5B_VARIANTS / BASE_PART_COLOR_VARIANTS 990,000/1,551,426 ( 63.8%) batch=199
2026-08-25T06:34:06.3524626-05:00 [PHASE5B] [OK ] [2.1] BASE_PART_COLOR_VARIANTS: 995,000/1,551,426 (64.1%) batches=199 elapsed=3.66s
2026-08-25T06:34:06.3534644-05:00 [PHASE5B] [RUN] [2.1] P5B_VARIANTS / BASE_PART_COLOR_VARIANTS 995,000/1,551,426 ( 64.1%) batch=200
2026-08-25T06:34:10.0430238-05:00 [PHASE5B] [OK ] [2.1] BASE_PART_COLOR_VARIANTS: 1,000,000/1,551,426 (64.5%) batches=200 elapsed=3.69s
2026-08-25T06:34:10.0450270-05:00 [PHASE5B] [RUN] [2.1] P5B_VARIANTS / BASE_PART_COLOR_VARIANTS 1,000,000/1,551,426 ( 64.5%) batch=201
2026-08-25T06:34:13.7260142-05:00 [PHASE5B] [OK ] [2.1] BASE_PART_COLOR_VARIANTS: 1,005,000/1,551,426 (64.8%) batches=201 elapsed=3.68s
2026-08-25T06:34:13.7275194-05:00 [PHASE5B] [RUN] [2.1] P5B_VARIANTS / BASE_PART_COLOR_VARIANTS 1,005,000/1,551,426 ( 64.8%) batch=202
2026-08-25T06:34:17.3263018-05:00 [PHASE5B] [OK ] [2.1] BASE_PART_COLOR_VARIANTS: 1,010,000/1,551,426 (65.1%) batches=202 elapsed=3.60s
2026-08-25T06:34:17.3278104-05:00 [PHASE5B] [RUN] [2.1] P5B_VARIANTS / BASE_PART_COLOR_VARIANTS 1,010,000/1,551,426 ( 65.1%) batch=203
2026-08-25T06:34:20.8628422-05:00 [PHASE5B] [OK ] [2.1] BASE_PART_COLOR_VARIANTS: 1,015,000/1,551,426 (65.4%) batches=203 elapsed=3.54s
2026-08-25T06:34:20.8638430-05:00 [PHASE5B] [RUN] [2.1] P5B_VARIANTS / BASE_PART_COLOR_VARIANTS 1,015,000/1,551,426 ( 65.4%) batch=204
2026-08-25T06:34:24.4028376-05:00 [PHASE5B] [OK ] [2.1] BASE_PART_COLOR_VARIANTS: 1,020,000/1,551,426 (65.7%) batches=204 elapsed=3.54s
2026-08-25T06:34:24.4048380-05:00 [PHASE5B] [RUN] [2.1] P5B_VARIANTS / BASE_PART_COLOR_VARIANTS 1,020,000/1,551,426 ( 65.7%) batch=205
2026-08-25T06:34:27.9107125-05:00 [PHASE5B] [OK ] [2.1] BASE_PART_COLOR_VARIANTS: 1,025,000/1,551,426 (66.1%) batches=205 elapsed=3.51s
2026-08-25T06:34:27.9117101-05:00 [PHASE5B] [RUN] [2.1] P5B_VARIANTS / BASE_PART_COLOR_VARIANTS 1,025,000/1,551,426 ( 66.1%) batch=206
2026-08-25T06:34:31.5124787-05:00 [PHASE5B] [OK ] [2.1] BASE_PART_COLOR_VARIANTS: 1,030,000/1,551,426 (66.4%) batches=206 elapsed=3.60s
2026-08-25T06:34:31.5134786-05:00 [PHASE5B] [RUN] [2.1] P5B_VARIANTS / BASE_PART_COLOR_VARIANTS 1,030,000/1,551,426 ( 66.4%) batch=207
2026-08-25T06:34:34.9716804-05:00 [PHASE5B] [OK ] [2.1] BASE_PART_COLOR_VARIANTS: 1,035,000/1,551,426 (66.7%) batches=207 elapsed=3.46s
2026-08-25T06:34:34.9726814-05:00 [PHASE5B] [RUN] [2.1] P5B_VARIANTS / BASE_PART_COLOR_VARIANTS 1,035,000/1,551,426 ( 66.7%) batch=208
2026-08-25T06:34:38.4151974-05:00 [PHASE5B] [OK ] [2.1] BASE_PART_COLOR_VARIANTS: 1,040,000/1,551,426 (67.0%) batches=208 elapsed=3.44s
2026-08-25T06:34:38.4161995-05:00 [PHASE5B] [RUN] [2.1] P5B_VARIANTS / BASE_PART_COLOR_VARIANTS 1,040,000/1,551,426 ( 67.0%) batch=209
2026-08-25T06:34:41.8122694-05:00 [PHASE5B] [OK ] [2.1] BASE_PART_COLOR_VARIANTS: 1,045,000/1,551,426 (67.4%) batches=209 elapsed=3.40s
2026-08-25T06:34:41.8133151-05:00 [PHASE5B] [RUN] [2.1] P5B_VARIANTS / BASE_PART_COLOR_VARIANTS 1,045,000/1,551,426 ( 67.4%) batch=210
2026-08-25T06:34:45.1861492-05:00 [PHASE5B] [OK ] [2.1] BASE_PART_COLOR_VARIANTS: 1,050,000/1,551,426 (67.7%) batches=210 elapsed=3.37s
2026-08-25T06:34:45.1876507-05:00 [PHASE5B] [RUN] [2.1] P5B_VARIANTS / BASE_PART_COLOR_VARIANTS 1,050,000/1,551,426 ( 67.7%) batch=211
2026-08-25T06:34:48.5136125-05:00 [PHASE5B] [OK ] [2.1] BASE_PART_COLOR_VARIANTS: 1,055,000/1,551,426 (68.0%) batches=211 elapsed=3.33s
2026-08-25T06:34:48.5156116-05:00 [PHASE5B] [RUN] [2.1] P5B_VARIANTS / BASE_PART_COLOR_VARIANTS 1,055,000/1,551,426 ( 68.0%) batch=212
2026-08-25T06:34:51.8344549-05:00 [PHASE5B] [OK ] [2.1] BASE_PART_COLOR_VARIANTS: 1,060,000/1,551,426 (68.3%) batches=212 elapsed=3.32s
2026-08-25T06:34:51.8364546-05:00 [PHASE5B] [RUN] [2.1] P5B_VARIANTS / BASE_PART_COLOR_VARIANTS 1,060,000/1,551,426 ( 68.3%) batch=213
2026-08-25T06:34:55.1384613-05:00 [PHASE5B] [OK ] [2.1] BASE_PART_COLOR_VARIANTS: 1,065,000/1,551,426 (68.6%) batches=213 elapsed=3.30s
2026-08-25T06:34:55.1404616-05:00 [PHASE5B] [RUN] [2.1] P5B_VARIANTS / BASE_PART_COLOR_VARIANTS 1,065,000/1,551,426 ( 68.6%) batch=214
2026-08-25T06:34:58.3772687-05:00 [PHASE5B] [OK ] [2.1] BASE_PART_COLOR_VARIANTS: 1,070,000/1,551,426 (69.0%) batches=214 elapsed=3.24s
2026-08-25T06:34:58.3777759-05:00 [PHASE5B] [RUN] [2.1] P5B_VARIANTS / BASE_PART_COLOR_VARIANTS 1,070,000/1,551,426 ( 69.0%) batch=215
2026-08-25T06:35:01.6447793-05:00 [PHASE5B] [OK ] [2.1] BASE_PART_COLOR_VARIANTS: 1,075,000/1,551,426 (69.3%) batches=215 elapsed=3.27s
2026-08-25T06:35:01.6457786-05:00 [PHASE5B] [RUN] [2.1] P5B_VARIANTS / BASE_PART_COLOR_VARIANTS 1,075,000/1,551,426 ( 69.3%) batch=216
2026-08-25T06:35:04.8255086-05:00 [PHASE5B] [OK ] [2.1] BASE_PART_COLOR_VARIANTS: 1,080,000/1,551,426 (69.6%) batches=216 elapsed=3.18s
2026-08-25T06:35:04.8270117-05:00 [PHASE5B] [RUN] [2.1] P5B_VARIANTS / BASE_PART_COLOR_VARIANTS 1,080,000/1,551,426 ( 69.6%) batch=217
2026-08-25T06:35:07.9698224-05:00 [PHASE5B] [OK ] [2.1] BASE_PART_COLOR_VARIANTS: 1,085,000/1,551,426 (69.9%) batches=217 elapsed=3.14s
2026-08-25T06:35:07.9708233-05:00 [PHASE5B] [RUN] [2.1] P5B_VARIANTS / BASE_PART_COLOR_VARIANTS 1,085,000/1,551,426 ( 69.9%) batch=218
2026-08-25T06:35:11.3494204-05:00 [PHASE5B] [OK ] [2.1] BASE_PART_COLOR_VARIANTS: 1,090,000/1,551,426 (70.3%) batches=218 elapsed=3.38s
2026-08-25T06:35:11.3504210-05:00 [PHASE5B] [RUN] [2.1] P5B_VARIANTS / BASE_PART_COLOR_VARIANTS 1,090,000/1,551,426 ( 70.3%) batch=219
2026-08-25T06:35:14.5449005-05:00 [PHASE5B] [OK ] [2.1] BASE_PART_COLOR_VARIANTS: 1,095,000/1,551,426 (70.6%) batches=219 elapsed=3.20s
2026-08-25T06:35:14.5459006-05:00 [PHASE5B] [RUN] [2.1] P5B_VARIANTS / BASE_PART_COLOR_VARIANTS 1,095,000/1,551,426 ( 70.6%) batch=220
2026-08-25T06:35:17.6711956-05:00 [PHASE5B] [OK ] [2.1] BASE_PART_COLOR_VARIANTS: 1,100,000/1,551,426 (70.9%) batches=220 elapsed=3.13s
2026-08-25T06:35:17.6731953-05:00 [PHASE5B] [RUN] [2.1] P5B_VARIANTS / BASE_PART_COLOR_VARIANTS 1,100,000/1,551,426 ( 70.9%) batch=221
2026-08-25T06:35:20.7515567-05:00 [PHASE5B] [OK ] [2.1] BASE_PART_COLOR_VARIANTS: 1,105,000/1,551,426 (71.2%) batches=221 elapsed=3.08s
2026-08-25T06:35:20.7525596-05:00 [PHASE5B] [RUN] [2.1] P5B_VARIANTS / BASE_PART_COLOR_VARIANTS 1,105,000/1,551,426 ( 71.2%) batch=222
2026-08-25T06:35:23.8346198-05:00 [PHASE5B] [OK ] [2.1] BASE_PART_COLOR_VARIANTS: 1,110,000/1,551,426 (71.5%) batches=222 elapsed=3.08s
2026-08-25T06:35:23.8356223-05:00 [PHASE5B] [RUN] [2.1] P5B_VARIANTS / BASE_PART_COLOR_VARIANTS 1,110,000/1,551,426 ( 71.5%) batch=223
2026-08-25T06:35:26.8399917-05:00 [PHASE5B] [OK ] [2.1] BASE_PART_COLOR_VARIANTS: 1,115,000/1,551,426 (71.9%) batches=223 elapsed=3.01s
2026-08-25T06:35:26.8409956-05:00 [PHASE5B] [RUN] [2.1] P5B_VARIANTS / BASE_PART_COLOR_VARIANTS 1,115,000/1,551,426 ( 71.9%) batch=224
2026-08-25T06:35:29.8630358-05:00 [PHASE5B] [OK ] [2.1] BASE_PART_COLOR_VARIANTS: 1,120,000/1,551,426 (72.2%) batches=224 elapsed=3.02s
2026-08-25T06:35:29.8640344-05:00 [PHASE5B] [RUN] [2.1] P5B_VARIANTS / BASE_PART_COLOR_VARIANTS 1,120,000/1,551,426 ( 72.2%) batch=225
2026-08-25T06:35:32.8787469-05:00 [PHASE5B] [OK ] [2.1] BASE_PART_COLOR_VARIANTS: 1,125,000/1,551,426 (72.5%) batches=225 elapsed=3.02s
2026-08-25T06:35:32.8797469-05:00 [PHASE5B] [RUN] [2.1] P5B_VARIANTS / BASE_PART_COLOR_VARIANTS 1,125,000/1,551,426 ( 72.5%) batch=226
2026-08-25T06:35:35.8355828-05:00 [PHASE5B] [OK ] [2.1] BASE_PART_COLOR_VARIANTS: 1,130,000/1,551,426 (72.8%) batches=226 elapsed=2.96s
2026-08-25T06:35:35.8370877-05:00 [PHASE5B] [RUN] [2.1] P5B_VARIANTS / BASE_PART_COLOR_VARIANTS 1,130,000/1,551,426 ( 72.8%) batch=227
2026-08-25T06:35:38.7832972-05:00 [PHASE5B] [OK ] [2.1] BASE_PART_COLOR_VARIANTS: 1,135,000/1,551,426 (73.2%) batches=227 elapsed=2.95s
2026-08-25T06:35:38.7842946-05:00 [PHASE5B] [RUN] [2.1] P5B_VARIANTS / BASE_PART_COLOR_VARIANTS 1,135,000/1,551,426 ( 73.2%) batch=228
2026-08-25T06:35:41.6921179-05:00 [PHASE5B] [OK ] [2.1] BASE_PART_COLOR_VARIANTS: 1,140,000/1,551,426 (73.5%) batches=228 elapsed=2.91s
2026-08-25T06:35:41.6931147-05:00 [PHASE5B] [RUN] [2.1] P5B_VARIANTS / BASE_PART_COLOR_VARIANTS 1,140,000/1,551,426 ( 73.5%) batch=229
2026-08-25T06:35:44.5967732-05:00 [PHASE5B] [OK ] [2.1] BASE_PART_COLOR_VARIANTS: 1,145,000/1,551,426 (73.8%) batches=229 elapsed=2.90s
2026-08-25T06:35:44.5979259-05:00 [PHASE5B] [RUN] [2.1] P5B_VARIANTS / BASE_PART_COLOR_VARIANTS 1,145,000/1,551,426 ( 73.8%) batch=230
2026-08-25T06:35:47.4308762-05:00 [PHASE5B] [OK ] [2.1] BASE_PART_COLOR_VARIANTS: 1,150,000/1,551,426 (74.1%) batches=230 elapsed=2.83s
2026-08-25T06:35:47.4318753-05:00 [PHASE5B] [RUN] [2.1] P5B_VARIANTS / BASE_PART_COLOR_VARIANTS 1,150,000/1,551,426 ( 74.1%) batch=231
2026-08-25T06:35:50.3005052-05:00 [PHASE5B] [OK ] [2.1] BASE_PART_COLOR_VARIANTS: 1,155,000/1,551,426 (74.4%) batches=231 elapsed=2.87s
2026-08-25T06:35:50.3015032-05:00 [PHASE5B] [RUN] [2.1] P5B_VARIANTS / BASE_PART_COLOR_VARIANTS 1,155,000/1,551,426 ( 74.4%) batch=232
2026-08-25T06:35:53.0954395-05:00 [PHASE5B] [OK ] [2.1] BASE_PART_COLOR_VARIANTS: 1,160,000/1,551,426 (74.8%) batches=232 elapsed=2.79s
2026-08-25T06:35:53.0954395-05:00 [PHASE5B] [RUN] [2.1] P5B_VARIANTS / BASE_PART_COLOR_VARIANTS 1,160,000/1,551,426 ( 74.8%) batch=233
2026-08-25T06:35:55.9091464-05:00 [PHASE5B] [OK ] [2.1] BASE_PART_COLOR_VARIANTS: 1,165,000/1,551,426 (75.1%) batches=233 elapsed=2.81s
2026-08-25T06:35:55.9101468-05:00 [PHASE5B] [RUN] [2.1] P5B_VARIANTS / BASE_PART_COLOR_VARIANTS 1,165,000/1,551,426 ( 75.1%) batch=234
2026-08-25T06:35:58.6704716-05:00 [PHASE5B] [OK ] [2.1] BASE_PART_COLOR_VARIANTS: 1,170,000/1,551,426 (75.4%) batches=234 elapsed=2.76s
2026-08-25T06:35:58.6714697-05:00 [PHASE5B] [RUN] [2.1] P5B_VARIANTS / BASE_PART_COLOR_VARIANTS 1,170,000/1,551,426 ( 75.4%) batch=235
2026-08-25T06:36:01.4309666-05:00 [PHASE5B] [OK ] [2.1] BASE_PART_COLOR_VARIANTS: 1,175,000/1,551,426 (75.7%) batches=235 elapsed=2.76s
2026-08-25T06:36:01.4319664-05:00 [PHASE5B] [RUN] [2.1] P5B_VARIANTS / BASE_PART_COLOR_VARIANTS 1,175,000/1,551,426 ( 75.7%) batch=236
2026-08-25T06:36:04.1528838-05:00 [PHASE5B] [OK ] [2.1] BASE_PART_COLOR_VARIANTS: 1,180,000/1,551,426 (76.1%) batches=236 elapsed=2.72s
2026-08-25T06:36:04.1538850-05:00 [PHASE5B] [RUN] [2.1] P5B_VARIANTS / BASE_PART_COLOR_VARIANTS 1,180,000/1,551,426 ( 76.1%) batch=237
2026-08-25T06:36:06.8840626-05:00 [PHASE5B] [OK ] [2.1] BASE_PART_COLOR_VARIANTS: 1,185,000/1,551,426 (76.4%) batches=237 elapsed=2.73s
2026-08-25T06:36:06.8850634-05:00 [PHASE5B] [RUN] [2.1] P5B_VARIANTS / BASE_PART_COLOR_VARIANTS 1,185,000/1,551,426 ( 76.4%) batch=238
2026-08-25T06:36:09.5537323-05:00 [PHASE5B] [OK ] [2.1] BASE_PART_COLOR_VARIANTS: 1,190,000/1,551,426 (76.7%) batches=238 elapsed=2.67s
2026-08-25T06:36:09.5547369-05:00 [PHASE5B] [RUN] [2.1] P5B_VARIANTS / BASE_PART_COLOR_VARIANTS 1,190,000/1,551,426 ( 76.7%) batch=239
2026-08-25T06:36:12.3920147-05:00 [PHASE5B] [OK ] [2.1] BASE_PART_COLOR_VARIANTS: 1,195,000/1,551,426 (77.0%) batches=239 elapsed=2.84s
2026-08-25T06:36:12.3930153-05:00 [PHASE5B] [RUN] [2.1] P5B_VARIANTS / BASE_PART_COLOR_VARIANTS 1,195,000/1,551,426 ( 77.0%) batch=240
2026-08-25T06:36:15.1088042-05:00 [PHASE5B] [OK ] [2.1] BASE_PART_COLOR_VARIANTS: 1,200,000/1,551,426 (77.3%) batches=240 elapsed=2.72s
2026-08-25T06:36:15.1098036-05:00 [PHASE5B] [RUN] [2.1] P5B_VARIANTS / BASE_PART_COLOR_VARIANTS 1,200,000/1,551,426 ( 77.3%) batch=241
2026-08-25T06:36:17.7421488-05:00 [PHASE5B] [OK ] [2.1] BASE_PART_COLOR_VARIANTS: 1,205,000/1,551,426 (77.7%) batches=241 elapsed=2.63s
2026-08-25T06:36:17.7431493-05:00 [PHASE5B] [RUN] [2.1] P5B_VARIANTS / BASE_PART_COLOR_VARIANTS 1,205,000/1,551,426 ( 77.7%) batch=242
2026-08-25T06:36:20.2729503-05:00 [PHASE5B] [OK ] [2.1] BASE_PART_COLOR_VARIANTS: 1,210,000/1,551,426 (78.0%) batches=242 elapsed=2.53s
2026-08-25T06:36:20.2739515-05:00 [PHASE5B] [RUN] [2.1] P5B_VARIANTS / BASE_PART_COLOR_VARIANTS 1,210,000/1,551,426 ( 78.0%) batch=243
2026-08-25T06:36:22.8454549-05:00 [PHASE5B] [OK ] [2.1] BASE_PART_COLOR_VARIANTS: 1,215,000/1,551,426 (78.3%) batches=243 elapsed=2.57s
2026-08-25T06:36:22.8469578-05:00 [PHASE5B] [RUN] [2.1] P5B_VARIANTS / BASE_PART_COLOR_VARIANTS 1,215,000/1,551,426 ( 78.3%) batch=244
2026-08-25T06:36:25.3194448-05:00 [PHASE5B] [OK ] [2.1] BASE_PART_COLOR_VARIANTS: 1,220,000/1,551,426 (78.6%) batches=244 elapsed=2.47s
2026-08-25T06:36:25.3214459-05:00 [PHASE5B] [RUN] [2.1] P5B_VARIANTS / BASE_PART_COLOR_VARIANTS 1,220,000/1,551,426 ( 78.6%) batch=245
2026-08-25T06:36:27.8142997-05:00 [PHASE5B] [OK ] [2.1] BASE_PART_COLOR_VARIANTS: 1,225,000/1,551,426 (79.0%) batches=245 elapsed=2.49s
2026-08-25T06:36:27.8152992-05:00 [PHASE5B] [RUN] [2.1] P5B_VARIANTS / BASE_PART_COLOR_VARIANTS 1,225,000/1,551,426 ( 79.0%) batch=246
2026-08-25T06:36:30.3110152-05:00 [PHASE5B] [OK ] [2.1] BASE_PART_COLOR_VARIANTS: 1,230,000/1,551,426 (79.3%) batches=246 elapsed=2.50s
2026-08-25T06:36:30.3130160-05:00 [PHASE5B] [RUN] [2.1] P5B_VARIANTS / BASE_PART_COLOR_VARIANTS 1,230,000/1,551,426 ( 79.3%) batch=247
2026-08-25T06:36:32.8026789-05:00 [PHASE5B] [OK ] [2.1] BASE_PART_COLOR_VARIANTS: 1,235,000/1,551,426 (79.6%) batches=247 elapsed=2.49s
2026-08-25T06:36:32.8036789-05:00 [PHASE5B] [RUN] [2.1] P5B_VARIANTS / BASE_PART_COLOR_VARIANTS 1,235,000/1,551,426 ( 79.6%) batch=248
2026-08-25T06:36:35.2279025-05:00 [PHASE5B] [OK ] [2.1] BASE_PART_COLOR_VARIANTS: 1,240,000/1,551,426 (79.9%) batches=248 elapsed=2.42s
2026-08-25T06:36:35.2289015-05:00 [PHASE5B] [RUN] [2.1] P5B_VARIANTS / BASE_PART_COLOR_VARIANTS 1,240,000/1,551,426 ( 79.9%) batch=249
2026-08-25T06:36:37.6196105-05:00 [PHASE5B] [OK ] [2.1] BASE_PART_COLOR_VARIANTS: 1,245,000/1,551,426 (80.2%) batches=249 elapsed=2.39s
2026-08-25T06:36:37.6206090-05:00 [PHASE5B] [RUN] [2.1] P5B_VARIANTS / BASE_PART_COLOR_VARIANTS 1,245,000/1,551,426 ( 80.2%) batch=250
2026-08-25T06:36:40.0233200-05:00 [PHASE5B] [OK ] [2.1] BASE_PART_COLOR_VARIANTS: 1,250,000/1,551,426 (80.6%) batches=250 elapsed=2.40s
2026-08-25T06:36:40.0253185-05:00 [PHASE5B] [RUN] [2.1] P5B_VARIANTS / BASE_PART_COLOR_VARIANTS 1,250,000/1,551,426 ( 80.6%) batch=251
2026-08-25T06:36:42.3731613-05:00 [PHASE5B] [OK ] [2.1] BASE_PART_COLOR_VARIANTS: 1,255,000/1,551,426 (80.9%) batches=251 elapsed=2.35s
2026-08-25T06:36:42.3741645-05:00 [PHASE5B] [RUN] [2.1] P5B_VARIANTS / BASE_PART_COLOR_VARIANTS 1,255,000/1,551,426 ( 80.9%) batch=252
2026-08-25T06:36:44.7314329-05:00 [PHASE5B] [OK ] [2.1] BASE_PART_COLOR_VARIANTS: 1,260,000/1,551,426 (81.2%) batches=252 elapsed=2.36s
2026-08-25T06:36:44.7324310-05:00 [PHASE5B] [RUN] [2.1] P5B_VARIANTS / BASE_PART_COLOR_VARIANTS 1,260,000/1,551,426 ( 81.2%) batch=253
2026-08-25T06:36:47.0230968-05:00 [PHASE5B] [OK ] [2.1] BASE_PART_COLOR_VARIANTS: 1,265,000/1,551,426 (81.5%) batches=253 elapsed=2.29s
2026-08-25T06:36:47.0241005-05:00 [PHASE5B] [RUN] [2.1] P5B_VARIANTS / BASE_PART_COLOR_VARIANTS 1,265,000/1,551,426 ( 81.5%) batch=254
2026-08-25T06:36:49.3107904-05:00 [PHASE5B] [OK ] [2.1] BASE_PART_COLOR_VARIANTS: 1,270,000/1,551,426 (81.9%) batches=254 elapsed=2.29s
2026-08-25T06:36:49.3117933-05:00 [PHASE5B] [RUN] [2.1] P5B_VARIANTS / BASE_PART_COLOR_VARIANTS 1,270,000/1,551,426 ( 81.9%) batch=255
2026-08-25T06:36:51.5630067-05:00 [PHASE5B] [OK ] [2.1] BASE_PART_COLOR_VARIANTS: 1,275,000/1,551,426 (82.2%) batches=255 elapsed=2.25s
2026-08-25T06:36:51.5650043-05:00 [PHASE5B] [RUN] [2.1] P5B_VARIANTS / BASE_PART_COLOR_VARIANTS 1,275,000/1,551,426 ( 82.2%) batch=256
2026-08-25T06:36:53.7840432-05:00 [PHASE5B] [OK ] [2.1] BASE_PART_COLOR_VARIANTS: 1,280,000/1,551,426 (82.5%) batches=256 elapsed=2.22s
2026-08-25T06:36:53.7850420-05:00 [PHASE5B] [RUN] [2.1] P5B_VARIANTS / BASE_PART_COLOR_VARIANTS 1,280,000/1,551,426 ( 82.5%) batch=257
2026-08-25T06:36:55.9810882-05:00 [PHASE5B] [OK ] [2.1] BASE_PART_COLOR_VARIANTS: 1,285,000/1,551,426 (82.8%) batches=257 elapsed=2.20s
2026-08-25T06:36:55.9820874-05:00 [PHASE5B] [RUN] [2.1] P5B_VARIANTS / BASE_PART_COLOR_VARIANTS 1,285,000/1,551,426 ( 82.8%) batch=258
2026-08-25T06:36:58.1404628-05:00 [PHASE5B] [OK ] [2.1] BASE_PART_COLOR_VARIANTS: 1,290,000/1,551,426 (83.1%) batches=258 elapsed=2.16s
2026-08-25T06:36:58.1414643-05:00 [PHASE5B] [RUN] [2.1] P5B_VARIANTS / BASE_PART_COLOR_VARIANTS 1,290,000/1,551,426 ( 83.1%) batch=259
2026-08-25T06:37:00.3248994-05:00 [PHASE5B] [OK ] [2.1] BASE_PART_COLOR_VARIANTS: 1,295,000/1,551,426 (83.5%) batches=259 elapsed=2.18s
2026-08-25T06:37:00.3264025-05:00 [PHASE5B] [RUN] [2.1] P5B_VARIANTS / BASE_PART_COLOR_VARIANTS 1,295,000/1,551,426 ( 83.5%) batch=260
2026-08-25T06:37:02.4431881-05:00 [PHASE5B] [OK ] [2.1] BASE_PART_COLOR_VARIANTS: 1,300,000/1,551,426 (83.8%) batches=260 elapsed=2.12s
2026-08-25T06:37:02.4441906-05:00 [PHASE5B] [RUN] [2.1] P5B_VARIANTS / BASE_PART_COLOR_VARIANTS 1,300,000/1,551,426 ( 83.8%) batch=261
2026-08-25T06:37:04.5253438-05:00 [PHASE5B] [OK ] [2.1] BASE_PART_COLOR_VARIANTS: 1,305,000/1,551,426 (84.1%) batches=261 elapsed=2.08s
2026-08-25T06:37:04.5263455-05:00 [PHASE5B] [RUN] [2.1] P5B_VARIANTS / BASE_PART_COLOR_VARIANTS 1,305,000/1,551,426 ( 84.1%) batch=262
2026-08-25T06:37:06.6266286-05:00 [PHASE5B] [OK ] [2.1] BASE_PART_COLOR_VARIANTS: 1,310,000/1,551,426 (84.4%) batches=262 elapsed=2.10s
2026-08-25T06:37:06.6286319-05:00 [PHASE5B] [RUN] [2.1] P5B_VARIANTS / BASE_PART_COLOR_VARIANTS 1,310,000/1,551,426 ( 84.4%) batch=263
2026-08-25T06:37:08.6664480-05:00 [PHASE5B] [OK ] [2.1] BASE_PART_COLOR_VARIANTS: 1,315,000/1,551,426 (84.8%) batches=263 elapsed=2.04s
2026-08-25T06:37:08.6679556-05:00 [PHASE5B] [RUN] [2.1] P5B_VARIANTS / BASE_PART_COLOR_VARIANTS 1,315,000/1,551,426 ( 84.8%) batch=264
2026-08-25T06:37:10.7322215-05:00 [PHASE5B] [OK ] [2.1] BASE_PART_COLOR_VARIANTS: 1,320,000/1,551,426 (85.1%) batches=264 elapsed=2.07s
2026-08-25T06:37:10.7342230-05:00 [PHASE5B] [RUN] [2.1] P5B_VARIANTS / BASE_PART_COLOR_VARIANTS 1,320,000/1,551,426 ( 85.1%) batch=265
2026-08-25T06:37:12.8016155-05:00 [PHASE5B] [OK ] [2.1] BASE_PART_COLOR_VARIANTS: 1,325,000/1,551,426 (85.4%) batches=265 elapsed=2.07s
2026-08-25T06:37:12.8026146-05:00 [PHASE5B] [RUN] [2.1] P5B_VARIANTS / BASE_PART_COLOR_VARIANTS 1,325,000/1,551,426 ( 85.4%) batch=266
2026-08-25T06:37:14.8521215-05:00 [PHASE5B] [OK ] [2.1] BASE_PART_COLOR_VARIANTS: 1,330,000/1,551,426 (85.7%) batches=266 elapsed=2.05s
2026-08-25T06:37:14.8541227-05:00 [PHASE5B] [RUN] [2.1] P5B_VARIANTS / BASE_PART_COLOR_VARIANTS 1,330,000/1,551,426 ( 85.7%) batch=267
2026-08-25T06:37:16.8327787-05:00 [PHASE5B] [OK ] [2.1] BASE_PART_COLOR_VARIANTS: 1,335,000/1,551,426 (86.0%) batches=267 elapsed=1.98s
2026-08-25T06:37:16.8337791-05:00 [PHASE5B] [RUN] [2.1] P5B_VARIANTS / BASE_PART_COLOR_VARIANTS 1,335,000/1,551,426 ( 86.0%) batch=268
2026-08-25T06:37:18.7629300-05:00 [PHASE5B] [OK ] [2.1] BASE_PART_COLOR_VARIANTS: 1,340,000/1,551,426 (86.4%) batches=268 elapsed=1.93s
2026-08-25T06:37:18.7639277-05:00 [PHASE5B] [RUN] [2.1] P5B_VARIANTS / BASE_PART_COLOR_VARIANTS 1,340,000/1,551,426 ( 86.4%) batch=269
2026-08-25T06:37:20.6564637-05:00 [PHASE5B] [OK ] [2.1] BASE_PART_COLOR_VARIANTS: 1,345,000/1,551,426 (86.7%) batches=269 elapsed=1.89s
2026-08-25T06:37:20.6574682-05:00 [PHASE5B] [RUN] [2.1] P5B_VARIANTS / BASE_PART_COLOR_VARIANTS 1,345,000/1,551,426 ( 86.7%) batch=270
2026-08-25T06:37:22.5849637-05:00 [PHASE5B] [OK ] [2.1] BASE_PART_COLOR_VARIANTS: 1,350,000/1,551,426 (87.0%) batches=270 elapsed=1.93s
2026-08-25T06:37:22.5874726-05:00 [PHASE5B] [RUN] [2.1] P5B_VARIANTS / BASE_PART_COLOR_VARIANTS 1,350,000/1,551,426 ( 87.0%) batch=271
2026-08-25T06:37:24.4475324-05:00 [PHASE5B] [OK ] [2.1] BASE_PART_COLOR_VARIANTS: 1,355,000/1,551,426 (87.3%) batches=271 elapsed=1.86s
2026-08-25T06:37:24.4485334-05:00 [PHASE5B] [RUN] [2.1] P5B_VARIANTS / BASE_PART_COLOR_VARIANTS 1,355,000/1,551,426 ( 87.3%) batch=272
2026-08-25T06:37:26.2886075-05:00 [PHASE5B] [OK ] [2.1] BASE_PART_COLOR_VARIANTS: 1,360,000/1,551,426 (87.7%) batches=272 elapsed=1.84s
2026-08-25T06:37:26.2896125-05:00 [PHASE5B] [RUN] [2.1] P5B_VARIANTS / BASE_PART_COLOR_VARIANTS 1,360,000/1,551,426 ( 87.7%) batch=273
2026-08-25T06:37:28.1900790-05:00 [PHASE5B] [OK ] [2.1] BASE_PART_COLOR_VARIANTS: 1,365,000/1,551,426 (88.0%) batches=273 elapsed=1.90s
2026-08-25T06:37:28.1910801-05:00 [PHASE5B] [RUN] [2.1] P5B_VARIANTS / BASE_PART_COLOR_VARIANTS 1,365,000/1,551,426 ( 88.0%) batch=274
2026-08-25T06:37:29.9952320-05:00 [PHASE5B] [OK ] [2.1] BASE_PART_COLOR_VARIANTS: 1,370,000/1,551,426 (88.3%) batches=274 elapsed=1.81s
2026-08-25T06:37:29.9962328-05:00 [PHASE5B] [RUN] [2.1] P5B_VARIANTS / BASE_PART_COLOR_VARIANTS 1,370,000/1,551,426 ( 88.3%) batch=275
2026-08-25T06:37:31.7902740-05:00 [PHASE5B] [OK ] [2.1] BASE_PART_COLOR_VARIANTS: 1,375,000/1,551,426 (88.6%) batches=275 elapsed=1.79s
2026-08-25T06:37:31.7912766-05:00 [PHASE5B] [RUN] [2.1] P5B_VARIANTS / BASE_PART_COLOR_VARIANTS 1,375,000/1,551,426 ( 88.6%) batch=276
2026-08-25T06:37:33.5386551-05:00 [PHASE5B] [OK ] [2.1] BASE_PART_COLOR_VARIANTS: 1,380,000/1,551,426 (89.0%) batches=276 elapsed=1.75s
2026-08-25T06:37:33.5396573-05:00 [PHASE5B] [RUN] [2.1] P5B_VARIANTS / BASE_PART_COLOR_VARIANTS 1,380,000/1,551,426 ( 89.0%) batch=277
2026-08-25T06:37:35.2468509-05:00 [PHASE5B] [OK ] [2.1] BASE_PART_COLOR_VARIANTS: 1,385,000/1,551,426 (89.3%) batches=277 elapsed=1.71s
2026-08-25T06:37:35.2478528-05:00 [PHASE5B] [RUN] [2.1] P5B_VARIANTS / BASE_PART_COLOR_VARIANTS 1,385,000/1,551,426 ( 89.3%) batch=278
2026-08-25T06:37:36.9323500-05:00 [PHASE5B] [OK ] [2.1] BASE_PART_COLOR_VARIANTS: 1,390,000/1,551,426 (89.6%) batches=278 elapsed=1.69s
2026-08-25T06:37:36.9333531-05:00 [PHASE5B] [RUN] [2.1] P5B_VARIANTS / BASE_PART_COLOR_VARIANTS 1,390,000/1,551,426 ( 89.6%) batch=279
2026-08-25T06:37:38.6232824-05:00 [PHASE5B] [OK ] [2.1] BASE_PART_COLOR_VARIANTS: 1,395,000/1,551,426 (89.9%) batches=279 elapsed=1.69s
2026-08-25T06:37:38.6242825-05:00 [PHASE5B] [RUN] [2.1] P5B_VARIANTS / BASE_PART_COLOR_VARIANTS 1,395,000/1,551,426 ( 89.9%) batch=280
2026-08-25T06:37:40.2908507-05:00 [PHASE5B] [OK ] [2.1] BASE_PART_COLOR_VARIANTS: 1,400,000/1,551,426 (90.2%) batches=280 elapsed=1.67s
2026-08-25T06:37:40.2918495-05:00 [PHASE5B] [RUN] [2.1] P5B_VARIANTS / BASE_PART_COLOR_VARIANTS 1,400,000/1,551,426 ( 90.2%) batch=281
2026-08-25T06:37:41.9186158-05:00 [PHASE5B] [OK ] [2.1] BASE_PART_COLOR_VARIANTS: 1,405,000/1,551,426 (90.6%) batches=281 elapsed=1.63s
2026-08-25T06:37:41.9196156-05:00 [PHASE5B] [RUN] [2.1] P5B_VARIANTS / BASE_PART_COLOR_VARIANTS 1,405,000/1,551,426 ( 90.6%) batch=282
2026-08-25T06:37:43.5146238-05:00 [PHASE5B] [OK ] [2.1] BASE_PART_COLOR_VARIANTS: 1,410,000/1,551,426 (90.9%) batches=282 elapsed=1.60s
2026-08-25T06:37:43.5161269-05:00 [PHASE5B] [RUN] [2.1] P5B_VARIANTS / BASE_PART_COLOR_VARIANTS 1,410,000/1,551,426 ( 90.9%) batch=283
2026-08-25T06:37:45.1128397-05:00 [PHASE5B] [OK ] [2.1] BASE_PART_COLOR_VARIANTS: 1,415,000/1,551,426 (91.2%) batches=283 elapsed=1.60s
2026-08-25T06:37:45.1148442-05:00 [PHASE5B] [RUN] [2.1] P5B_VARIANTS / BASE_PART_COLOR_VARIANTS 1,415,000/1,551,426 ( 91.2%) batch=284
2026-08-25T06:37:46.6822883-05:00 [PHASE5B] [OK ] [2.1] BASE_PART_COLOR_VARIANTS: 1,420,000/1,551,426 (91.5%) batches=284 elapsed=1.57s
2026-08-25T06:37:46.6832907-05:00 [PHASE5B] [RUN] [2.1] P5B_VARIANTS / BASE_PART_COLOR_VARIANTS 1,420,000/1,551,426 ( 91.5%) batch=285
2026-08-25T06:37:48.2243142-05:00 [PHASE5B] [OK ] [2.1] BASE_PART_COLOR_VARIANTS: 1,425,000/1,551,426 (91.9%) batches=285 elapsed=1.54s
2026-08-25T06:37:48.2253158-05:00 [PHASE5B] [RUN] [2.1] P5B_VARIANTS / BASE_PART_COLOR_VARIANTS 1,425,000/1,551,426 ( 91.9%) batch=286
2026-08-25T06:37:49.7663735-05:00 [PHASE5B] [OK ] [2.1] BASE_PART_COLOR_VARIANTS: 1,430,000/1,551,426 (92.2%) batches=286 elapsed=1.54s
2026-08-25T06:37:49.7685553-05:00 [PHASE5B] [RUN] [2.1] P5B_VARIANTS / BASE_PART_COLOR_VARIANTS 1,430,000/1,551,426 ( 92.2%) batch=287
2026-08-25T06:37:51.2336290-05:00 [PHASE5B] [OK ] [2.1] BASE_PART_COLOR_VARIANTS: 1,435,000/1,551,426 (92.5%) batches=287 elapsed=1.47s
2026-08-25T06:37:51.2346272-05:00 [PHASE5B] [RUN] [2.1] P5B_VARIANTS / BASE_PART_COLOR_VARIANTS 1,435,000/1,551,426 ( 92.5%) batch=288
2026-08-25T06:37:52.6651538-05:00 [PHASE5B] [OK ] [2.1] BASE_PART_COLOR_VARIANTS: 1,440,000/1,551,426 (92.8%) batches=288 elapsed=1.43s
2026-08-25T06:37:52.6666606-05:00 [PHASE5B] [RUN] [2.1] P5B_VARIANTS / BASE_PART_COLOR_VARIANTS 1,440,000/1,551,426 ( 92.8%) batch=289
2026-08-25T06:37:54.1238090-05:00 [PHASE5B] [OK ] [2.1] BASE_PART_COLOR_VARIANTS: 1,445,000/1,551,426 (93.1%) batches=289 elapsed=1.46s
2026-08-25T06:37:54.1248090-05:00 [PHASE5B] [RUN] [2.1] P5B_VARIANTS / BASE_PART_COLOR_VARIANTS 1,445,000/1,551,426 ( 93.1%) batch=290
2026-08-25T06:37:55.5643979-05:00 [PHASE5B] [OK ] [2.1] BASE_PART_COLOR_VARIANTS: 1,450,000/1,551,426 (93.5%) batches=290 elapsed=1.44s
2026-08-25T06:37:55.5663976-05:00 [PHASE5B] [RUN] [2.1] P5B_VARIANTS / BASE_PART_COLOR_VARIANTS 1,450,000/1,551,426 ( 93.5%) batch=291
2026-08-25T06:37:56.9562903-05:00 [PHASE5B] [OK ] [2.1] BASE_PART_COLOR_VARIANTS: 1,455,000/1,551,426 (93.8%) batches=291 elapsed=1.39s
2026-08-25T06:37:56.9572945-05:00 [PHASE5B] [RUN] [2.1] P5B_VARIANTS / BASE_PART_COLOR_VARIANTS 1,455,000/1,551,426 ( 93.8%) batch=292
2026-08-25T06:37:58.3080745-05:00 [PHASE5B] [OK ] [2.1] BASE_PART_COLOR_VARIANTS: 1,460,000/1,551,426 (94.1%) batches=292 elapsed=1.35s
2026-08-25T06:37:58.3090709-05:00 [PHASE5B] [RUN] [2.1] P5B_VARIANTS / BASE_PART_COLOR_VARIANTS 1,460,000/1,551,426 ( 94.1%) batch=293
2026-08-25T06:37:59.6447510-05:00 [PHASE5B] [OK ] [2.1] BASE_PART_COLOR_VARIANTS: 1,465,000/1,551,426 (94.4%) batches=293 elapsed=1.34s
2026-08-25T06:37:59.6462577-05:00 [PHASE5B] [RUN] [2.1] P5B_VARIANTS / BASE_PART_COLOR_VARIANTS 1,465,000/1,551,426 ( 94.4%) batch=294
2026-08-25T06:38:00.9711734-05:00 [PHASE5B] [OK ] [2.1] BASE_PART_COLOR_VARIANTS: 1,470,000/1,551,426 (94.8%) batches=294 elapsed=1.33s
2026-08-25T06:38:00.9721759-05:00 [PHASE5B] [RUN] [2.1] P5B_VARIANTS / BASE_PART_COLOR_VARIANTS 1,470,000/1,551,426 ( 94.8%) batch=295
2026-08-25T06:38:02.2460512-05:00 [PHASE5B] [OK ] [2.1] BASE_PART_COLOR_VARIANTS: 1,475,000/1,551,426 (95.1%) batches=295 elapsed=1.27s
2026-08-25T06:38:02.2470556-05:00 [PHASE5B] [RUN] [2.1] P5B_VARIANTS / BASE_PART_COLOR_VARIANTS 1,475,000/1,551,426 ( 95.1%) batch=296
2026-08-25T06:38:06.8812391-05:00 [PHASE5B] [OK ] [2.1] BASE_PART_COLOR_VARIANTS: 1,480,000/1,551,426 (95.4%) batches=296 elapsed=4.64s
2026-08-25T06:38:06.8832377-05:00 [PHASE5B] [RUN] [2.1] P5B_VARIANTS / BASE_PART_COLOR_VARIANTS 1,480,000/1,551,426 ( 95.4%) batch=297
2026-08-25T06:38:11.0445121-05:00 [PHASE5B] [OK ] [2.1] BASE_PART_COLOR_VARIANTS: 1,485,000/1,551,426 (95.7%) batches=297 elapsed=4.16s
2026-08-25T06:38:11.0460153-05:00 [PHASE5B] [RUN] [2.1] P5B_VARIANTS / BASE_PART_COLOR_VARIANTS 1,485,000/1,551,426 ( 95.7%) batch=298
2026-08-25T06:38:15.0048494-05:00 [PHASE5B] [OK ] [2.1] BASE_PART_COLOR_VARIANTS: 1,490,000/1,551,426 (96.0%) batches=298 elapsed=3.96s
2026-08-25T06:38:15.0068791-05:00 [PHASE5B] [RUN] [2.1] P5B_VARIANTS / BASE_PART_COLOR_VARIANTS 1,490,000/1,551,426 ( 96.0%) batch=299
2026-08-25T06:38:18.6996751-05:00 [PHASE5B] [OK ] [2.1] BASE_PART_COLOR_VARIANTS: 1,495,000/1,551,426 (96.4%) batches=299 elapsed=3.69s
2026-08-25T06:38:18.7016751-05:00 [PHASE5B] [RUN] [2.1] P5B_VARIANTS / BASE_PART_COLOR_VARIANTS 1,495,000/1,551,426 ( 96.4%) batch=300
2026-08-25T06:38:22.1839492-05:00 [PHASE5B] [OK ] [2.1] BASE_PART_COLOR_VARIANTS: 1,500,000/1,551,426 (96.7%) batches=300 elapsed=3.48s
2026-08-25T06:38:22.1849486-05:00 [PHASE5B] [RUN] [2.1] P5B_VARIANTS / BASE_PART_COLOR_VARIANTS 1,500,000/1,551,426 ( 96.7%) batch=301
2026-08-25T06:38:25.3693262-05:00 [PHASE5B] [OK ] [2.1] BASE_PART_COLOR_VARIANTS: 1,505,000/1,551,426 (97.0%) batches=301 elapsed=3.18s
2026-08-25T06:38:25.3703233-05:00 [PHASE5B] [RUN] [2.1] P5B_VARIANTS / BASE_PART_COLOR_VARIANTS 1,505,000/1,551,426 ( 97.0%) batch=302
2026-08-25T06:38:28.2967187-05:00 [PHASE5B] [OK ] [2.1] BASE_PART_COLOR_VARIANTS: 1,510,000/1,551,426 (97.3%) batches=302 elapsed=2.93s
2026-08-25T06:38:28.2977164-05:00 [PHASE5B] [RUN] [2.1] P5B_VARIANTS / BASE_PART_COLOR_VARIANTS 1,510,000/1,551,426 ( 97.3%) batch=303
2026-08-25T06:38:31.0305593-05:00 [PHASE5B] [OK ] [2.1] BASE_PART_COLOR_VARIANTS: 1,515,000/1,551,426 (97.7%) batches=303 elapsed=2.73s
2026-08-25T06:38:31.0315595-05:00 [PHASE5B] [RUN] [2.1] P5B_VARIANTS / BASE_PART_COLOR_VARIANTS 1,515,000/1,551,426 ( 97.7%) batch=304
2026-08-25T06:38:33.4876798-05:00 [PHASE5B] [OK ] [2.1] BASE_PART_COLOR_VARIANTS: 1,520,000/1,551,426 (98.0%) batches=304 elapsed=2.46s
2026-08-25T06:38:33.4886786-05:00 [PHASE5B] [RUN] [2.1] P5B_VARIANTS / BASE_PART_COLOR_VARIANTS 1,520,000/1,551,426 ( 98.0%) batch=305
2026-08-25T06:38:35.7341086-05:00 [PHASE5B] [OK ] [2.1] BASE_PART_COLOR_VARIANTS: 1,525,000/1,551,426 (98.3%) batches=305 elapsed=2.25s
2026-08-25T06:38:35.7351092-05:00 [PHASE5B] [RUN] [2.1] P5B_VARIANTS / BASE_PART_COLOR_VARIANTS 1,525,000/1,551,426 ( 98.3%) batch=306
2026-08-25T06:38:37.7436291-05:00 [PHASE5B] [OK ] [2.1] BASE_PART_COLOR_VARIANTS: 1,530,000/1,551,426 (98.6%) batches=306 elapsed=2.01s
2026-08-25T06:38:37.7446292-05:00 [PHASE5B] [RUN] [2.1] P5B_VARIANTS / BASE_PART_COLOR_VARIANTS 1,530,000/1,551,426 ( 98.6%) batch=307
2026-08-25T06:38:39.3657938-05:00 [PHASE5B] [OK ] [2.1] BASE_PART_COLOR_VARIANTS: 1,535,000/1,551,426 (98.9%) batches=307 elapsed=1.62s
2026-08-25T06:38:39.3668196-05:00 [PHASE5B] [RUN] [2.1] P5B_VARIANTS / BASE_PART_COLOR_VARIANTS 1,535,000/1,551,426 ( 98.9%) batch=308
2026-08-25T06:38:40.8106062-05:00 [PHASE5B] [OK ] [2.1] BASE_PART_COLOR_VARIANTS: 1,540,000/1,551,426 (99.3%) batches=308 elapsed=1.44s
2026-08-25T06:38:40.8116062-05:00 [PHASE5B] [RUN] [2.1] P5B_VARIANTS / BASE_PART_COLOR_VARIANTS 1,540,000/1,551,426 ( 99.3%) batch=309
2026-08-25T06:38:42.0632040-05:00 [PHASE5B] [OK ] [2.1] BASE_PART_COLOR_VARIANTS: 1,545,000/1,551,426 (99.6%) batches=309 elapsed=1.25s
2026-08-25T06:38:42.0642038-05:00 [PHASE5B] [RUN] [2.1] P5B_VARIANTS / BASE_PART_COLOR_VARIANTS 1,545,000/1,551,426 ( 99.6%) batch=310
2026-08-25T06:38:43.2191287-05:00 [PHASE5B] [OK ] [2.1] BASE_PART_COLOR_VARIANTS: 1,550,000/1,551,426 (99.9%) batches=310 elapsed=1.16s
2026-08-25T06:38:43.2211279-05:00 [PHASE5B] [RUN] [2.1] P5B_VARIANTS / BASE_PART_COLOR_VARIANTS 1,550,000/1,551,426 ( 99.9%) batch=311
2026-08-25T06:38:43.3380212-05:00 [PHASE5B] [OK ] [2.1] BASE_PART_COLOR_VARIANTS: 1,551,426/1,551,426 (100.0%) batches=311 elapsed=0.12s
2026-08-25T06:38:43.3400228-05:00 [PHASE5B] 
2026-08-25T06:38:43.3410240-05:00 [PHASE5B] -------------------------------------------------------------------------------
2026-08-25T06:38:43.3420250-05:00 [PHASE5B]  Durable Phase 5B checkpoint status
2026-08-25T06:38:43.3430223-05:00 [PHASE5B] -------------------------------------------------------------------------------
2026-08-25T06:38:43.3440223-05:00 [PHASE5B] 
2026-08-25T06:38:43.3440223-05:00 [PHASE5B] [1/10] P5B_VALIDATE
2026-08-25T06:38:43.3450219-05:00 [PHASE5B]       [1.1] SOURCE_CONTRACT              COMPLETED          1 / 1          100.0% batches=1
2026-08-25T06:38:43.3460224-05:00 [PHASE5B]       [1.2] PARENT_CLASSIFICATION        COMPLETED          1 / 1          100.0% batches=1
2026-08-25T06:38:43.3472946-05:00 [PHASE5B]       [1.3] CATALOG_REFERENCES           COMPLETED          1 / 1          100.0% batches=1
2026-08-25T06:38:43.3482925-05:00 [PHASE5B]       [1.4] VERSION_KEYS                 COMPLETED          1 / 1          100.0% batches=1
2026-08-25T06:38:43.3492923-05:00 [PHASE5B] 
2026-08-25T06:38:43.3492923-05:00 [PHASE5B] [2/10] P5B_VARIANTS
2026-08-25T06:38:43.3502932-05:00 [PHASE5B]       [2.1] BASE_PART_COLOR_VARIANTS     COMPLETED  1,551,426 / 1,551,426  100.0% batches=311
2026-08-25T06:38:43.3512919-05:00 [PHASE5B] 
2026-08-25T06:38:43.3522917-05:00 [PHASE5B] [3/10] P5B_DEFINITIONS
2026-08-25T06:38:43.3532919-05:00 [PHASE5B]       [3.1] PARENT_DEFINITIONS           PENDING            0 / 47,216       0.0% batches=0
2026-08-25T06:38:43.3542916-05:00 [PHASE5B] 
2026-08-25T06:38:43.3542916-05:00 [PHASE5B] [4/10] P5B_VERSIONS
2026-08-25T06:38:43.3557939-05:00 [PHASE5B]       [4.1] SOURCE_VERSIONS              PENDING            0 / 47,216       0.0% batches=0
2026-08-25T06:38:43.3567979-05:00 [PHASE5B] 
2026-08-25T06:38:43.3567979-05:00 [PHASE5B] [5/10] P5B_SET_MEMBERS
2026-08-25T06:38:43.3577970-05:00 [PHASE5B]       [5.1] PARTS                        PENDING            0 / 1,551,426    0.0% batches=0
2026-08-25T06:38:43.3587970-05:00 [PHASE5B]       [5.2] SETS                         PENDING            0 / 5,176        0.0% batches=0
2026-08-25T06:38:43.3597970-05:00 [PHASE5B]       [5.3] MINIFIGURES                  PENDING            0 / 25,738       0.0% batches=0
2026-08-25T06:38:43.3607977-05:00 [PHASE5B] 
2026-08-25T06:38:43.3617971-05:00 [PHASE5B] [6/10] P5B_MINIFIG_MEMBERS
2026-08-25T06:38:43.3627968-05:00 [PHASE5B]       [6.1] PARTS                        PENDING            0 / 1,551,426    0.0% batches=0
2026-08-25T06:38:43.3637974-05:00 [PHASE5B] 
2026-08-25T06:38:43.3647968-05:00 [PHASE5B] [7/10] P5B_MINIFIG_ANCHORS
2026-08-25T06:38:43.3647968-05:00 [PHASE5B]       [7.1] COMPOSITIONS                 PENDING            0 / 47,216       0.0% batches=0
2026-08-25T06:38:43.3663010-05:00 [PHASE5B] 
2026-08-25T06:38:43.3673018-05:00 [PHASE5B] [8/10] P5B_FINALIZE_VERSIONS
2026-08-25T06:38:43.3683017-05:00 [PHASE5B]       [8.1] HASH_AND_FINALIZE            PENDING            0 / 47,216       0.0% batches=0
2026-08-25T06:38:43.3683017-05:00 [PHASE5B] 
2026-08-25T06:38:43.3693017-05:00 [PHASE5B] [9/10] P5B_AUTHORITY
2026-08-25T06:38:43.3703017-05:00 [PHASE5B]       [9.1] LATEST_SOURCE                PENDING            0 / 47,216       0.0% batches=0
2026-08-25T06:38:43.3713022-05:00 [PHASE5B] 
2026-08-25T06:38:43.3723029-05:00 [PHASE5B] [10/10] P5B_COMPLETE
2026-08-25T06:38:43.3723029-05:00 [PHASE5B]       [10.1] VERIFY                       PENDING            0 / 1            0.0% batches=0
2026-08-25T06:38:43.3733039-05:00 [PHASE5B]       [10.2] COMPLETE_RUN                 PENDING            0 / 1            0.0% batches=0
2026-08-25T06:38:43.3743041-05:00 [PHASE5B] 
2026-08-25T06:38:43.3743041-05:00 [PHASE5B] [RUN] [3.1] P5B_DEFINITIONS / PARENT_DEFINITIONS 0/47,216 (  0.0%) batch=1
2026-08-25T06:38:43.5759186-05:00 [PHASE5B] [OK ] [3.1] PARENT_DEFINITIONS: 5,000/47,216 (10.6%) batches=1 elapsed=0.24s
2026-08-25T06:38:43.5783201-05:00 [PHASE5B] [RUN] [3.1] P5B_DEFINITIONS / PARENT_DEFINITIONS 5,000/47,216 ( 10.6%) batch=2
2026-08-25T06:38:43.7330446-05:00 [PHASE5B] [OK ] [3.1] PARENT_DEFINITIONS: 10,000/47,216 (21.2%) batches=2 elapsed=0.16s
2026-08-25T06:38:43.7340455-05:00 [PHASE5B] [RUN] [3.1] P5B_DEFINITIONS / PARENT_DEFINITIONS 10,000/47,216 ( 21.2%) batch=3
2026-08-25T06:38:43.8740482-05:00 [PHASE5B] [OK ] [3.1] PARENT_DEFINITIONS: 15,000/47,216 (31.8%) batches=3 elapsed=0.14s
2026-08-25T06:38:43.8750487-05:00 [PHASE5B] [RUN] [3.1] P5B_DEFINITIONS / PARENT_DEFINITIONS 15,000/47,216 ( 31.8%) batch=4
2026-08-25T06:38:44.0158816-05:00 [PHASE5B] [OK ] [3.1] PARENT_DEFINITIONS: 20,000/47,216 (42.4%) batches=4 elapsed=0.14s
2026-08-25T06:38:44.0171944-05:00 [PHASE5B] [RUN] [3.1] P5B_DEFINITIONS / PARENT_DEFINITIONS 20,000/47,216 ( 42.4%) batch=5
2026-08-25T06:38:44.1336476-05:00 [PHASE5B] [OK ] [3.1] PARENT_DEFINITIONS: 25,000/47,216 (52.9%) batches=5 elapsed=0.12s
2026-08-25T06:38:44.1356439-05:00 [PHASE5B] [RUN] [3.1] P5B_DEFINITIONS / PARENT_DEFINITIONS 25,000/47,216 ( 52.9%) batch=6
2026-08-25T06:38:44.2299671-05:00 [PHASE5B] [OK ] [3.1] PARENT_DEFINITIONS: 30,000/47,216 (63.5%) batches=6 elapsed=0.10s
2026-08-25T06:38:44.2309697-05:00 [PHASE5B] [RUN] [3.1] P5B_DEFINITIONS / PARENT_DEFINITIONS 30,000/47,216 ( 63.5%) batch=7
2026-08-25T06:38:44.3127252-05:00 [PHASE5B] [OK ] [3.1] PARENT_DEFINITIONS: 35,000/47,216 (74.1%) batches=7 elapsed=0.08s
2026-08-25T06:38:44.3137257-05:00 [PHASE5B] [RUN] [3.1] P5B_DEFINITIONS / PARENT_DEFINITIONS 35,000/47,216 ( 74.1%) batch=8
2026-08-25T06:38:44.3827701-05:00 [PHASE5B] [OK ] [3.1] PARENT_DEFINITIONS: 40,000/47,216 (84.7%) batches=8 elapsed=0.07s
2026-08-25T06:38:44.3837709-05:00 [PHASE5B] [RUN] [3.1] P5B_DEFINITIONS / PARENT_DEFINITIONS 40,000/47,216 ( 84.7%) batch=9
2026-08-25T06:38:44.4426536-05:00 [PHASE5B] [OK ] [3.1] PARENT_DEFINITIONS: 45,000/47,216 (95.3%) batches=9 elapsed=0.06s
2026-08-25T06:38:44.4436549-05:00 [PHASE5B] [RUN] [3.1] P5B_DEFINITIONS / PARENT_DEFINITIONS 45,000/47,216 ( 95.3%) batch=10
2026-08-25T06:38:44.4792339-05:00 [PHASE5B] [OK ] [3.1] PARENT_DEFINITIONS: 47,216/47,216 (100.0%) batches=10 elapsed=0.04s
2026-08-25T06:38:44.4802372-05:00 [PHASE5B] 
2026-08-25T06:38:44.4822354-05:00 [PHASE5B] -------------------------------------------------------------------------------
2026-08-25T06:38:44.4832347-05:00 [PHASE5B]  Durable Phase 5B checkpoint status
2026-08-25T06:38:44.4832347-05:00 [PHASE5B] -------------------------------------------------------------------------------
2026-08-25T06:38:44.4842344-05:00 [PHASE5B] 
2026-08-25T06:38:44.4857386-05:00 [PHASE5B] [1/10] P5B_VALIDATE
2026-08-25T06:38:44.4867431-05:00 [PHASE5B]       [1.1] SOURCE_CONTRACT              COMPLETED          1 / 1          100.0% batches=1
2026-08-25T06:38:44.4867431-05:00 [PHASE5B]       [1.2] PARENT_CLASSIFICATION        COMPLETED          1 / 1          100.0% batches=1
2026-08-25T06:38:44.4877432-05:00 [PHASE5B]       [1.3] CATALOG_REFERENCES           COMPLETED          1 / 1          100.0% batches=1
2026-08-25T06:38:44.4887434-05:00 [PHASE5B]       [1.4] VERSION_KEYS                 COMPLETED          1 / 1          100.0% batches=1
2026-08-25T06:38:44.4897434-05:00 [PHASE5B] 
2026-08-25T06:38:44.4907464-05:00 [PHASE5B] [2/10] P5B_VARIANTS
2026-08-25T06:38:44.4917438-05:00 [PHASE5B]       [2.1] BASE_PART_COLOR_VARIANTS     COMPLETED  1,551,426 / 1,551,426  100.0% batches=311
2026-08-25T06:38:44.4917438-05:00 [PHASE5B] 
2026-08-25T06:38:44.4927445-05:00 [PHASE5B] [3/10] P5B_DEFINITIONS
2026-08-25T06:38:44.4937436-05:00 [PHASE5B]       [3.1] PARENT_DEFINITIONS           COMPLETED     47,216 / 47,216     100.0% batches=10
2026-08-25T06:38:44.4947427-05:00 [PHASE5B] 
2026-08-25T06:38:44.4957448-05:00 [PHASE5B] [4/10] P5B_VERSIONS
2026-08-25T06:38:44.4957448-05:00 [PHASE5B]       [4.1] SOURCE_VERSIONS              PENDING            0 / 47,216       0.0% batches=0
2026-08-25T06:38:44.4968496-05:00 [PHASE5B] 
2026-08-25T06:38:44.4978511-05:00 [PHASE5B] [5/10] P5B_SET_MEMBERS
2026-08-25T06:38:44.4988511-05:00 [PHASE5B]       [5.1] PARTS                        PENDING            0 / 1,551,426    0.0% batches=0
2026-08-25T06:38:44.4988511-05:00 [PHASE5B]       [5.2] SETS                         PENDING            0 / 5,176        0.0% batches=0
2026-08-25T06:38:44.4998497-05:00 [PHASE5B]       [5.3] MINIFIGURES                  PENDING            0 / 25,738       0.0% batches=0
2026-08-25T06:38:44.5013543-05:00 [PHASE5B] 
2026-08-25T06:38:44.5023604-05:00 [PHASE5B] [6/10] P5B_MINIFIG_MEMBERS
2026-08-25T06:38:44.5023604-05:00 [PHASE5B]       [6.1] PARTS                        PENDING            0 / 1,551,426    0.0% batches=0
2026-08-25T06:38:44.5033604-05:00 [PHASE5B] 
2026-08-25T06:38:44.5043603-05:00 [PHASE5B] [7/10] P5B_MINIFIG_ANCHORS
2026-08-25T06:38:44.5058637-05:00 [PHASE5B]       [7.1] COMPOSITIONS                 PENDING            0 / 47,216       0.0% batches=0
2026-08-25T06:38:44.5058637-05:00 [PHASE5B] 
2026-08-25T06:38:44.5068679-05:00 [PHASE5B] [8/10] P5B_FINALIZE_VERSIONS
2026-08-25T06:38:44.5078681-05:00 [PHASE5B]       [8.1] HASH_AND_FINALIZE            PENDING            0 / 47,216       0.0% batches=0
2026-08-25T06:38:44.5088681-05:00 [PHASE5B] 
2026-08-25T06:38:44.5098681-05:00 [PHASE5B] [9/10] P5B_AUTHORITY
2026-08-25T06:38:44.5108710-05:00 [PHASE5B]       [9.1] LATEST_SOURCE                PENDING            0 / 47,216       0.0% batches=0
2026-08-25T06:38:44.5108710-05:00 [PHASE5B] 
2026-08-25T06:38:44.5118682-05:00 [PHASE5B] [10/10] P5B_COMPLETE
2026-08-25T06:38:44.5128678-05:00 [PHASE5B]       [10.1] VERIFY                       PENDING            0 / 1            0.0% batches=0
2026-08-25T06:38:44.5138714-05:00 [PHASE5B]       [10.2] COMPLETE_RUN                 PENDING            0 / 1            0.0% batches=0
2026-08-25T06:38:44.5148695-05:00 [PHASE5B] 
2026-08-25T06:38:44.5158682-05:00 [PHASE5B] [RUN] [4.1] P5B_VERSIONS / SOURCE_VERSIONS 0/47,216 (  0.0%) batch=1
2026-08-25T06:38:47.8869358-05:00 [ERROR] [FAIL] Phase 5B: CheckViolation: Existing finalized inventory source version differs from current normalized source graph, or original staging is unavailable
2026-08-25T06:38:47.9021379-05:00 [ERROR] at Invoke-PythonPhase, L:\var\www\Brk.Trkr\brk.trkr-db\import\run_rebrickable_full_refresh.ps1: line 294
at <ScriptBlock>, L:\var\www\Brk.Trkr\brk.trkr-db\import\run_rebrickable_full_refresh.ps1: line 442
2026-08-25T06:38:47.9031432-05:00 [ERROR] Full refresh failed after 00:29:53
2026-08-25T06:38:47.9316345-05:00 [ERROR] Rebrickable full refresh failed with exit code 1.
2026-08-25T06:38:47.9336341-05:00 [ERROR] at <ScriptBlock>, L:\var\www\Brk.Trkr\brk.trkr-db\run_rebrickable_nightly.ps1: line 271
2026-08-25T06:38:47.9346373-05:00 [ERROR] Nightly Rebrickable refresh failed after 00:29:57.
